face_index,reference_original_class,corrected_ground_truth,known_original_error,model_A_class,model_A_confidence,model_A_prob_stock,model_A_prob_thread,model_A_prob_text,model_A_correct,model_B_class,model_B_confidence,model_B_prob_stock,model_B_prob_thread,model_B_prob_text,model_B_correct,model_C_class,model_C_confidence,model_C_prob_stock,model_C_prob_thread,model_C_prob_text,model_C_correct,model_D_class,model_D_confidence,model_D_prob_stock,model_D_prob_thread,model_D_prob_text,model_D_correct
0,Text,Text,0,Text,0.99874783,0.00123832,0.00001387,0.99874783,1,Text,0.99817121,0.00174911,0.00007969,0.99817121,1,Text,0.99935538,0.00064329,0.00000132,0.99935538,1,Text,0.99740404,0.00258395,0.00001195,0.99740404,1
1,Text,Text,0,Text,0.99874097,0.00122933,0.00002973,0.99874097,1,Text,0.99992466,0.00007470,0.00000059,0.99992466,1,Text,0.99968362,0.00031618,0.00000023,0.99968362,1,Text,0.99857116,0.00140005,0.00002878,0.99857116,1
2,Text,Text,0,Text,0.99941993,0.00054812,0.00003200,0.99941993,1,Text,0.99035102,0.00942697,0.00022199,0.99035102,1,Text,0.99642098,0.00357722,0.00000182,0.99642098,1,Text,0.99665785,0.00330615,0.00003601,0.99665785,1
3,Text,Text,0,Text,0.99874747,0.00123864,0.00001388,0.99874747,1,Text,0.99978453,0.00019437,0.00002108,0.99978453,1,Text,0.99924433,0.00075323,0.00000243,0.99924433,1,Text,0.99748212,0.00250644,0.00001144,0.99748212,1
4,Text,Text,0,Text,0.99923360,0.00074592,0.00002050,0.99923360,1,Text,0.99972826,0.00025628,0.00001544,0.99972826,1,Text,0.99973875,0.00026081,0.00000041,0.99973875,1,Text,0.99503988,0.00493735,0.00002278,0.99503988,1
5,Text,Text,0,Text,0.99939978,0.00051962,0.00008061,0.99939978,1,Text,0.99963379,0.00028923,0.00007696,0.99963379,1,Text,0.99929678,0.00070028,0.00000296,0.99929678,1,Text,0.99893290,0.00100080,0.00006633,0.99893290,1
6,Text,Text,0,Text,0.99916399,0.00081652,0.00001948,0.99916399,1,Text,0.99987090,0.00011090,0.00001824,0.99987090,1,Text,0.99991322,0.00008657,0.00000016,0.99991322,1,Text,0.99822754,0.00174914,0.00002329,0.99822754,1
7,Text,Text,0,Text,0.99924880,0.00064143,0.00010977,0.99924880,1,Text,0.99959010,0.00033336,0.00007654,0.99959010,1,Text,0.99958879,0.00040922,0.00000197,0.99958879,1,Text,0.99875915,0.00115490,0.00008599,0.99875915,1
8,Text,Text,0,Text,0.99928951,0.00060901,0.00010148,0.99928951,1,Text,0.99962127,0.00030981,0.00006888,0.99962127,1,Text,0.99952686,0.00047143,0.00000176,0.99952686,1,Text,0.99875998,0.00115408,0.00008594,0.99875998,1
9,Text,Text,0,Text,0.99916744,0.00081305,0.00001954,0.99916744,1,Text,0.99936754,0.00057535,0.00005717,0.99936754,1,Text,0.99989617,0.00010366,0.00000016,0.99989617,1,Text,0.99823439,0.00172012,0.00004544,0.99823439,1
10,Text,Text,0,Text,0.99937207,0.00054712,0.00008085,0.99937207,1,Text,0.99932325,0.00062023,0.00005658,0.99932325,1,Text,0.99900562,0.00099311,0.00000134,0.99900562,1,Text,0.99894291,0.00099163,0.00006546,0.99894291,1
11,Text,Text,0,Text,0.99852979,0.00145700,0.00001314,0.99852979,1,Text,0.99703997,0.00292666,0.00003339,0.99703997,1,Text,0.99973232,0.00026756,0.00000008,0.99973232,1,Text,0.99522877,0.00474861,0.00002268,0.99522877,1
12,Text,Text,0,Text,0.99749374,0.00248331,0.00002301,0.99749374,1,Stock,0.81634891,0.81634891,0.03697543,0.14667565,0,Text,0.90390015,0.09584272,0.00025712,0.90390015,1,Text,0.99124312,0.00875138,0.00000555,0.99124312,1
13,Text,Text,0,Text,0.97309744,0.02677236,0.00013013,0.97309744,1,Stock,0.97319847,0.97319847,0.00013458,0.02666689,0,Text,0.93734640,0.06263674,0.00001690,0.93734640,1,Text,0.86022812,0.13949797,0.00027398,0.86022812,1
14,Text,Text,0,Text,0.99760866,0.00234492,0.00004636,0.99760866,1,Stock,0.82785416,0.82785416,0.03703242,0.13511346,0,Text,0.81977993,0.18001005,0.00021006,0.81977993,1,Text,0.97989845,0.02005686,0.00004466,0.97989845,1
15,Text,Text,0,Text,0.99740356,0.00257950,0.00001696,0.99740356,1,Stock,0.64495265,0.64495265,0.10913032,0.24591693,0,Text,0.90593332,0.09371926,0.00034747,0.90593332,1,Text,0.99022663,0.00976766,0.00000574,0.99022663,1
16,Text,Text,0,Text,0.99733377,0.00262973,0.00003649,0.99733377,1,Text,0.48972812,0.46928740,0.04098453,0.48972812,1,Text,0.94580430,0.05415553,0.00004016,0.94580430,1,Text,0.98310983,0.01687060,0.00001958,0.98310983,1
17,Text,Text,0,Text,0.99674052,0.00324828,0.00001116,0.99674052,1,Stock,0.55147725,0.55147725,0.02560884,0.42291394,0,Text,0.94098061,0.05889343,0.00012598,0.94098061,1,Text,0.99038613,0.00960771,0.00000614,0.99038613,1
18,Text,Text,0,Text,0.99715221,0.00282110,0.00002671,0.99715221,1,Stock,0.92996985,0.92996985,0.00365495,0.06637518,0,Text,0.91454411,0.08539500,0.00006094,0.91454411,1,Text,0.99069172,0.00930209,0.00000615,0.99069172,1
19,Stock,Stock,0,Stock,0.90152317,0.90152317,0.00009415,0.09838276,1,Stock,0.99960428,0.99960428,0.00000139,0.00039436,1,Stock,0.99989319,0.99989319,0.00000029,0.00010660,1,Stock,0.99623495,0.99623495,0.00024575,0.00351938,1
20,Text,Text,0,Text,0.99835014,0.00150089,0.00014894,0.99835014,1,Text,0.99982554,0.00013511,0.00003942,0.99982554,1,Text,0.99985373,0.00014589,0.00000038,0.99985373,1,Text,0.99939454,0.00055028,0.00005519,0.99939454,1
21,Text,Text,0,Text,0.99832302,0.00152724,0.00014972,0.99832302,1,Text,0.99982280,0.00013718,0.00004006,0.99982280,1,Text,0.99985850,0.00014108,0.00000036,0.99985850,1,Text,0.99939454,0.00055028,0.00005519,0.99939454,1
22,Text,Text,0,Text,0.99889272,0.00099293,0.00011431,0.99889272,1,Text,0.99975413,0.00021844,0.00002743,0.99975413,1,Text,0.99995661,0.00004338,0.00000004,0.99995661,1,Text,0.99942732,0.00053803,0.00003467,0.99942732,1
23,Text,Text,0,Text,0.99895144,0.00102872,0.00001980,0.99895144,1,Text,0.99995792,0.00004163,0.00000043,0.99995792,1,Text,0.99970847,0.00029133,0.00000018,0.99970847,1,Text,0.99939728,0.00058985,0.00001291,0.99939728,1
24,Text,Text,0,Text,0.99937683,0.00054398,0.00007923,0.99937683,1,Text,0.99957091,0.00039317,0.00003597,0.99957091,1,Text,0.99932826,0.00067132,0.00000050,0.99932826,1,Text,0.99926168,0.00068330,0.00005500,0.99926168,1
25,Text,Text,0,Text,0.99934286,0.00059346,0.00006365,0.99934286,1,Text,0.99970347,0.00026811,0.00002836,0.99970347,1,Text,0.99978334,0.00021610,0.00000055,0.99978334,1,Text,0.99898332,0.00099358,0.00002310,0.99898332,1
26,Text,Text,0,Text,0.99937683,0.00054393,0.00007924,0.99937683,1,Text,0.99956173,0.00040006,0.00003817,0.99956173,1,Text,0.99936491,0.00063456,0.00000052,0.99936491,1,Text,0.99927574,0.00066929,0.00005496,0.99927574,1
27,Text,Text,0,Text,0.99934238,0.00059833,0.00005929,0.99934238,1,Text,0.99936956,0.00058539,0.00004508,0.99936956,1,Text,0.99978858,0.00021098,0.00000047,0.99978858,1,Text,0.99894863,0.00102005,0.00003140,0.99894863,1
28,Text,Text,0,Text,0.99937695,0.00054384,0.00007926,0.99937695,1,Text,0.99972516,0.00025263,0.00002223,0.99972516,1,Text,0.99921036,0.00078877,0.00000080,0.99921036,1,Text,0.99927741,0.00066751,0.00005504,0.99927741,1
29,Text,Text,0,Text,0.99933928,0.00059899,0.00006168,0.99933928,1,Text,0.99960893,0.00037155,0.00001958,0.99960893,1,Text,0.99974412,0.00025521,0.00000064,0.99974412,1,Text,0.99887127,0.00109647,0.00003228,0.99887127,1
30,Text,Text,0,Text,0.99937683,0.00054398,0.00007923,0.99937683,1,Text,0.99972516,0.00025257,0.00002222,0.99972516,1,Text,0.99922287,0.00077622,0.00000090,0.99922287,1,Text,0.99927479,0.00067015,0.00005506,0.99927479,1
31,Text,Text,0,Text,0.99933821,0.00060411,0.00005768,0.99933821,1,Text,0.99936944,0.00058546,0.00004509,0.99936944,1,Text,0.99977785,0.00022156,0.00000054,0.99977785,1,Text,0.99894911,0.00101955,0.00003140,0.99894911,1
32,Text,Text,0,Text,0.99900502,0.00096633,0.00002863,0.99900502,1,Text,0.99629116,0.00327693,0.00043194,0.99629116,1,Text,0.99977714,0.00022207,0.00000076,0.99977714,1,Text,0.99729806,0.00267464,0.00002727,0.99729806,1
33,Text,Text,0,Text,0.99655116,0.00342463,0.00002425,0.99655116,1,Text,0.99516428,0.00480809,0.00002762,0.99516428,1,Text,0.99895883,0.00104081,0.00000032,0.99895883,1,Text,0.97800171,0.02196983,0.00002850,0.97800171,1
34,Text,Text,0,Text,0.99910128,0.00077987,0.00011885,0.99910128,1,Text,0.99745053,0.00221986,0.00032953,0.99745053,1,Text,0.99797803,0.00201652,0.00000551,0.99797803,1,Text,0.99761331,0.00230784,0.00007888,0.99761331,1
35,Text,Text,0,Text,0.99902034,0.00095220,0.00002750,0.99902034,1,Text,0.99528652,0.00423647,0.00047699,0.99528652,1,Text,0.99959165,0.00040707,0.00000134,0.99959165,1,Text,0.99735045,0.00262747,0.00002207,0.99735045,1
36,Text,Text,0,Text,0.99927956,0.00060362,0.00011680,0.99927956,1,Text,0.99719256,0.00251995,0.00028750,0.99719256,1,Text,0.99676043,0.00322892,0.00001063,0.99676043,1,Text,0.99802679,0.00186856,0.00010457,0.99802679,1
37,Text,Text,0,Text,0.99901867,0.00095592,0.00002536,0.99901867,1,Text,0.99629337,0.00327489,0.00043171,0.99629337,1,Text,0.99982005,0.00017926,0.00000066,0.99982005,1,Text,0.99721670,0.00275632,0.00002692,0.99721670,1
38,Text,Text,0,Text,0.99928004,0.00060311,0.00011684,0.99928004,1,Text,0.99825090,0.00155718,0.00019192,0.99825090,1,Text,0.99958068,0.00041631,0.00000302,0.99958068,1,Text,0.99802715,0.00186828,0.00010457,0.99802715,1
39,Text,Text,0,Text,0.99925071,0.00063245,0.00011681,0.99925071,1,Text,0.99853778,0.00128418,0.00017803,0.99853778,1,Text,0.99924362,0.00075027,0.00000612,0.99924362,1,Text,0.99797338,0.00195006,0.00007661,0.99797338,1
40,Text,Text,0,Text,0.99939299,0.00052685,0.00008011,0.99939299,1,Text,0.99989438,0.00008283,0.00002278,0.99989438,1,Text,0.99877089,0.00122531,0.00000376,0.99877089,1,Text,0.99853861,0.00136326,0.00009808,0.99853861,1
41,Text,Text,0,Text,0.99893135,0.00104543,0.00002326,0.99893135,1,Text,0.99996006,0.00003928,0.00000071,0.99996006,1,Text,0.99883896,0.00116068,0.00000037,0.99883896,1,Text,0.99677187,0.00320924,0.00001890,0.99677187,1
42,Text,Text,0,Text,0.99930227,0.00067416,0.00002352,0.99930227,1,Text,0.99952173,0.00044681,0.00003146,0.99952173,1,Text,0.99927646,0.00072324,0.00000025,0.99927646,1,Text,0.99402690,0.00595122,0.00002187,0.99402690,1
43,Text,Text,0,Text,0.99902463,0.00096087,0.00001454,0.99902463,1,Text,0.99982917,0.00015579,0.00001500,0.99982917,1,Text,0.99966931,0.00032917,0.00000154,0.99966931,1,Text,0.99757165,0.00241829,0.00001001,0.99757165,1
44,Text,Text,0,Text,0.99929237,0.00066279,0.00004477,0.99929237,1,Text,0.99979573,0.00018190,0.00002239,0.99979573,1,Text,0.99892777,0.00106849,0.00000370,0.99892777,1,Text,0.99318451,0.00675112,0.00006437,0.99318451,1
45,Text,Text,0,Text,0.99942446,0.00049270,0.00008285,0.99942446,1,Text,0.99996173,0.00003157,0.00000665,0.99996173,1,Text,0.99962270,0.00037610,0.00000116,0.99962270,1,Text,0.99875200,0.00116584,0.00008213,0.99875200,1
46,Text,Text,0,Text,0.99939251,0.00052749,0.00007999,0.99939251,1,Text,0.99996328,0.00003008,0.00000669,0.99996328,1,Text,0.99921906,0.00077890,0.00000204,0.99921906,1,Text,0.99875939,0.00115461,0.00008597,0.99875939,1
47,Text,Text,0,Text,0.99938059,0.00053716,0.00008224,0.99938059,1,Text,0.99996781,0.00002624,0.00000596,0.99996781,1,Text,0.99917370,0.00082339,0.00000282,0.99917370,1,Text,0.99855059,0.00135204,0.00009737,0.99855059,1
48,Text,Text,0,Text,0.99929559,0.00060422,0.00010022,0.99929559,1,Text,0.99997365,0.00002085,0.00000548,0.99997365,1,Text,0.99953854,0.00045909,0.00000234,0.99953854,1,Text,0.99853873,0.00136318,0.00009807,0.99853873,1
49,Text,Text,0,Text,0.99930549,0.00065988,0.00003458,0.99930549,1,Text,0.99978763,0.00019543,0.00001698,0.99978763,1,Text,0.99982244,0.00017739,0.00000018,0.99982244,1,Text,0.99450135,0.00546021,0.00003843,0.99450135,1
50,Text,Text,0,Text,0.99903512,0.00095044,0.00001449,0.99903512,1,Text,0.99985468,0.00013029,0.00001505,0.99985468,1,Text,0.99975985,0.00023929,0.00000086,0.99975985,1,Text,0.99768591,0.00230379,0.00001029,0.99768591,1
51,Text,Text,0,Text,0.99931109,0.00064416,0.00004476,0.99931109,1,Text,0.99957579,0.00038218,0.00004198,0.99957579,1,Text,0.99770242,0.00228851,0.00000908,0.99770242,1,Text,0.99399215,0.00593996,0.00006791,0.99399215,1
52,Text,Text,0,Text,0.99937540,0.00054102,0.00008359,0.99937540,1,Text,0.99974781,0.00016511,0.00008708,0.99974781,1,Text,0.99856681,0.00141222,0.00002103,0.99856681,1,Text,0.99864668,0.00126367,0.00008972,0.99864668,1
53,Text,Text,0,Text,0.99939167,0.00052821,0.00008016,0.99939167,1,Text,0.99986398,0.00009991,0.00003605,0.99986398,1,Text,0.99903929,0.00095241,0.00000837,0.99903929,1,Text,0.99875998,0.00115409,0.00008594,0.99875998,1
54,Text,Text,0,Text,0.99695754,0.00300929,0.00003320,0.99695754,1,Text,0.99996507,0.00003439,0.00000052,0.99996507,1,Text,0.99954361,0.00045621,0.00000017,0.99954361,1,Text,0.99025679,0.00971391,0.00002923,0.99025679,1
55,Text,Text,0,Text,0.99877590,0.00114708,0.00007703,0.99877590,1,Text,0.99944502,0.00047528,0.00007963,0.99944502,1,Text,0.99744898,0.00254805,0.00000298,0.99744898,1,Text,0.98302037,0.01683854,0.00014106,0.98302037,1
56,Text,Text,0,Text,0.99857116,0.00140135,0.00002742,0.99857116,1,Text,0.99986768,0.00011651,0.00001577,0.99986768,1,Text,0.99989223,0.00010754,0.00000024,0.99989223,1,Text,0.99553925,0.00442911,0.00003166,0.99553925,1
57,Text,Text,0,Text,0.99921513,0.00067148,0.00011335,0.99921513,1,Text,0.99976641,0.00020333,0.00003027,0.99976641,1,Text,0.99930763,0.00069015,0.00000218,0.99930763,1,Text,0.99802691,0.00186846,0.00010458,0.99802691,1
58,Text,Text,0,Text,0.99867368,0.00130369,0.00002269,0.99867368,1,Text,0.99921799,0.00072978,0.00005222,0.99921799,1,Text,0.99989617,0.00010367,0.00000016,0.99989617,1,Text,0.99540234,0.00456571,0.00003197,0.99540234,1
59,Text,Text,0,Text,0.99834788,0.00163505,0.00001704,0.99834788,1,Text,0.99932241,0.00065034,0.00002722,0.99932241,1,Text,0.99805379,0.00194486,0.00000142,0.99805379,1,Text,0.99207264,0.00791887,0.00000848,0.99207264,1
60,Text,Text,0,Text,0.99857581,0.00140449,0.00001974,0.99857581,1,Text,0.99949551,0.00045093,0.00005349,0.99949551,1,Text,0.99991345,0.00008637,0.00000016,0.99991345,1,Text,0.99609143,0.00388072,0.00002786,0.99609143,1
61,Text,Text,0,Text,0.99921513,0.00067148,0.00011335,0.99921513,1,Text,0.99972945,0.00022186,0.00004865,0.99972945,1,Text,0.99935573,0.00064281,0.00000140,0.99935573,1,Text,0.99802691,0.00186844,0.00010458,0.99802691,1
62,Text,Text,0,Text,0.99857163,0.00140091,0.00002739,0.99857163,1,Text,0.99990594,0.00008173,0.00001235,0.99990594,1,Text,0.99991333,0.00008647,0.00000016,0.99991333,1,Text,0.99608994,0.00388062,0.00002946,0.99608994,1
63,Text,Text,0,Text,0.99943060,0.00048973,0.00007963,0.99943060,1,Text,0.99968565,0.00026965,0.00004473,0.99968565,1,Text,0.99929821,0.00070023,0.00000159,0.99929821,1,Text,0.99890208,0.00104635,0.00005150,0.99890208,1
64,Text,Text,0,Text,0.99902868,0.00094405,0.00002728,0.99902868,1,Text,0.99997485,0.00002477,0.00000041,0.99997485,1,Text,0.99951530,0.00048441,0.00000031,0.99951530,1,Text,0.99784303,0.00213023,0.00002670,0.99784303,1
65,Text,Text,0,Text,0.99923503,0.00074715,0.00001780,0.99923503,1,Text,0.99950814,0.00045041,0.00004150,0.99950814,1,Text,0.99985838,0.00014150,0.00000015,0.99985838,1,Text,0.99856347,0.00141899,0.00001754,0.99856347,1
66,Text,Text,0,Text,0.99943596,0.00048346,0.00008054,0.99943596,1,Text,0.99984980,0.00013273,0.00001749,0.99984980,1,Text,0.99975818,0.00024121,0.00000064,0.99975818,1,Text,0.99917358,0.00078161,0.00004476,0.99917358,1
67,Text,Text,0,Text,0.99943334,0.00048695,0.00007966,0.99943334,1,Text,0.99983180,0.00015390,0.00001430,0.99983180,1,Text,0.99980348,0.00019560,0.00000094,0.99980348,1,Text,0.99919647,0.00076095,0.00004263,0.99919647,1
68,Text,Text,0,Text,0.99938285,0.00059496,0.00002222,0.99938285,1,Text,0.99976116,0.00021085,0.00002800,0.99976116,1,Text,0.99990916,0.00009062,0.00000021,0.99990916,1,Text,0.99894947,0.00101913,0.00003141,0.99894947,1
69,Text,Text,0,Text,0.99944156,0.00047509,0.00008335,0.99944156,1,Text,0.99985325,0.00012862,0.00001808,0.99985325,1,Text,0.99977952,0.00021957,0.00000086,0.99977952,1,Text,0.99919862,0.00075901,0.00004244,0.99919862,1
70,Text,Text,0,Text,0.99943334,0.00048698,0.00007965,0.99943334,1,Text,0.99983799,0.00014396,0.00001804,0.99983799,1,Text,0.99979335,0.00020597,0.00000071,0.99979335,1,Text,0.99906617,0.00087899,0.00005483,0.99906617,1
71,Text,Text,0,Text,0.99927872,0.00070009,0.00002122,0.99927872,1,Text,0.99974960,0.00022166,0.00002876,0.99974960,1,Text,0.99991345,0.00008638,0.00000016,0.99991345,1,Text,0.99894947,0.00101919,0.00003141,0.99894947,1
72,Text,Text,0,Text,0.99943084,0.00048948,0.00007963,0.99943084,1,Text,0.99962997,0.00030252,0.00006746,0.99962997,1,Text,0.99964738,0.00035189,0.00000077,0.99964738,1,Text,0.99891877,0.00103089,0.00005035,0.99891877,1
73,Text,Text,0,Text,0.99935395,0.00062357,0.00002252,0.99935395,1,Text,0.99979502,0.00017715,0.00002787,0.99979502,1,Text,0.99991333,0.00008649,0.00000016,0.99991333,1,Text,0.99894947,0.00101913,0.00003141,0.99894947,1
74,Text,Text,0,Text,0.99943858,0.00047958,0.00008180,0.99943858,1,Text,0.99987090,0.00010985,0.00001921,0.99987090,1,Text,0.99982411,0.00017511,0.00000078,0.99982411,1,Text,0.99918729,0.00076725,0.00004548,0.99918729,1
75,Text,Text,0,Text,0.99943334,0.00048695,0.00007965,0.99943334,1,Text,0.99986553,0.00011537,0.00001903,0.99986553,1,Text,0.99981886,0.00018023,0.00000092,0.99981886,1,Text,0.99919695,0.00076050,0.00004258,0.99919695,1
76,Text,Text,0,Text,0.99920636,0.00077436,0.00001929,0.99920636,1,Text,0.99970740,0.00025907,0.00003355,0.99970740,1,Text,0.99986804,0.00013176,0.00000015,0.99986804,1,Text,0.99895215,0.00102806,0.00001979,0.99895215,1
77,Text,Text,0,Text,0.99831933,0.00166833,0.00001236,0.99831933,1,Text,0.98190618,0.01287461,0.00521926,0.98190618,1,Text,0.99259275,0.00739817,0.00000909,0.99259275,1,Text,0.98788667,0.01210431,0.00000897,0.98788667,1
78,Text,Text,0,Text,0.96511471,0.03474861,0.00013670,0.96511471,1,Text,0.90065974,0.09916393,0.00017627,0.90065974,1,Text,0.99476755,0.00523034,0.00000214,0.99476755,1,Text,0.88449425,0.11528657,0.00021922,0.88449425,1
79,Text,Text,0,Text,0.99928051,0.00060283,0.00011666,0.99928051,1,Text,0.97452962,0.01510537,0.01036502,0.97452962,1,Text,0.98559988,0.01435654,0.00004362,0.98559988,1,Text,0.99754852,0.00237785,0.00007362,0.99754852,1
80,Text,Text,0,Text,0.99762017,0.00235339,0.00002637,0.99762017,1,Text,0.96734983,0.01582654,0.01682367,0.96734983,1,Text,0.99371934,0.00627587,0.00000481,0.99371934,1,Text,0.98855585,0.01143598,0.00000814,0.98855585,1
81,Text,Text,0,Text,0.99745959,0.00249638,0.00004410,0.99745959,1,Text,0.96230280,0.03651199,0.00118527,0.96230280,1,Text,0.98958349,0.01041326,0.00000327,0.98958349,1,Text,0.98652309,0.01346732,0.00000955,0.98652309,1
82,Text,Text,0,Text,0.99753165,0.00244594,0.00002234,0.99753165,1,Text,0.93229610,0.06512859,0.00257538,0.93229610,1,Text,0.99350727,0.00648721,0.00000555,0.99350727,1,Text,0.98629159,0.01369908,0.00000941,0.98629159,1
83,Text,Text,0,Text,0.99710733,0.00282896,0.00006378,0.99710733,1,Text,0.93695104,0.05880857,0.00424041,0.93695104,1,Text,0.98674482,0.01324960,0.00000556,0.98674482,1,Text,0.96374851,0.03621854,0.00003298,0.96374851,1
84,Text,Text,0,Text,0.99882072,0.00109013,0.00008916,0.99882072,1,Text,0.99994004,0.00005607,0.00000390,0.99994004,1,Text,0.99990129,0.00009862,0.00000004,0.99990129,1,Text,0.99848133,0.00149516,0.00002347,0.99848133,1
85,Stock,Stock,0,Stock,0.99908948,0.99908948,0.00000060,0.00090991,1,Stock,0.99989057,0.99989057,0.00000002,0.00010948,1,Stock,0.99997008,0.99997008,0.00000000,0.00002996,1,Stock,0.99960989,0.99960989,0.00002984,0.00036031,1
86,Text,Text,0,Text,0.99908650,0.00082267,0.00009082,0.99908650,1,Text,0.99987185,0.00011193,0.00001617,0.99987185,1,Text,0.99994886,0.00005105,0.00000002,0.99994886,1,Text,0.99936348,0.00060507,0.00003146,0.99936348,1
87,Text,Text,0,Text,0.99916828,0.00067648,0.00015524,0.99916828,1,Text,0.99994111,0.00005243,0.00000644,0.99994111,1,Text,0.99993169,0.00006824,0.00000010,0.99993169,1,Text,0.99939454,0.00055028,0.00005519,0.99939454,1
88,Text,Text,0,Text,0.99919528,0.00077706,0.00002765,0.99919528,1,Text,0.99995232,0.00004700,0.00000073,0.99995232,1,Text,0.99870276,0.00129688,0.00000032,0.99870276,1,Text,0.99939811,0.00058900,0.00001291,0.99939811,1
89,Text,Text,0,Text,0.99920183,0.00072969,0.00006847,0.99920183,1,Text,0.99978358,0.00019270,0.00002374,0.99978358,1,Text,0.99971408,0.00028472,0.00000117,0.99971408,1,Text,0.99867308,0.00128388,0.00004306,0.99867308,1
90,Text,Text,0,Text,0.99937695,0.00054382,0.00007926,0.99937695,1,Text,0.99987698,0.00011329,0.00000975,0.99987698,1,Text,0.99930608,0.00069345,0.00000049,0.99930608,1,Text,0.99928004,0.00066495,0.00005506,0.99928004,1
91,Text,Text,0,Text,0.99920112,0.00073059,0.00006833,0.99920112,1,Text,0.99970019,0.00027559,0.00002426,0.99970019,1,Text,0.99973851,0.00026109,0.00000040,0.99973851,1,Text,0.99897039,0.00100267,0.00002700,0.99897039,1
92,Text,Text,0,Text,0.99902654,0.00095558,0.00001793,0.99902654,1,Text,0.99925393,0.00071394,0.00003212,0.99925393,1,Text,0.99935740,0.00064249,0.00000011,0.99935740,1,Text,0.99806291,0.00192884,0.00000824,0.99806291,1
93,Text,Text,0,Text,0.99919313,0.00075118,0.00005570,0.99919313,1,Text,0.99935812,0.00060038,0.00004147,0.99935812,1,Text,0.99869591,0.00130257,0.00000149,0.99869591,1,Text,0.99895751,0.00101556,0.00002696,0.99895751,1
94,Text,Text,0,Text,0.99902344,0.00095859,0.00001793,0.99902344,1,Text,0.99922681,0.00074024,0.00003294,0.99922681,1,Text,0.99929881,0.00070109,0.00000014,0.99929881,1,Text,0.99806601,0.00192574,0.00000831,0.99806601,1
95,Text,Text,0,Text,0.99920064,0.00073256,0.00006684,0.99920064,1,Text,0.99889129,0.00103075,0.00007800,0.99889129,1,Text,0.99886996,0.00112830,0.00000166,0.99886996,1,Text,0.99897015,0.00100283,0.00002700,0.99897015,1
96,Text,Text,0,Text,0.99910307,0.00087803,0.00001893,0.99910307,1,Text,0.99835098,0.00159128,0.00005771,0.99835098,1,Text,0.99862754,0.00137161,0.00000084,0.99862754,1,Text,0.99766219,0.00231105,0.00002677,0.99766219,1
97,Text,Text,0,Text,0.99919766,0.00074151,0.00006082,0.99919766,1,Text,0.99976271,0.00022036,0.00001690,0.99976271,1,Text,0.99871719,0.00128158,0.00000119,0.99871719,1,Text,0.99865025,0.00132387,0.00002588,0.99865025,1
98,Text,Text,0,Text,0.99918050,0.00077025,0.00004927,0.99918050,1,Text,0.99925166,0.00070478,0.00004353,0.99925166,1,Text,0.99825674,0.00174237,0.00000085,0.99825674,1,Text,0.99814284,0.00183751,0.00001961,0.99814284,1
99,Text,Stock,1,Text,0.74926805,0.24869442,0.00203751,0.74926805,0,Stock,0.99781263,0.99781263,0.00060863,0.00157870,1,Stock,0.99999607,0.99999607,0.00000266,0.00000126,1,Stock,0.95674747,0.95674747,0.00178034,0.04147217,1
100,Text,Stock,1,Text,0.67720157,0.32074660,0.00205182,0.67720157,0,Stock,0.99506819,0.99506819,0.00035800,0.00457378,1,Stock,0.99988008,0.99988008,0.00002634,0.00009359,1,Stock,0.78440535,0.78440535,0.00125489,0.21433975,1
101,Stock,Stock,0,Stock,0.97719258,0.97719258,0.00013913,0.02266829,1,Stock,0.99982196,0.99982196,0.00015813,0.00001996,1,Stock,0.99999988,0.99999988,0.00000009,0.00000000,1,Stock,0.99966383,0.99966383,0.00000188,0.00033423,1
102,Text,Stock,1,Text,0.71102571,0.28703010,0.00194419,0.71102571,0,Stock,0.98691529,0.98691529,0.00055869,0.01252600,1,Stock,0.99987459,0.99987459,0.00004042,0.00008499,1,Stock,0.98109871,0.98109871,0.00067882,0.01822244,1
103,Text,Stock,1,Text,0.57507581,0.42284828,0.00207596,0.57507581,0,Stock,0.99683160,0.99683160,0.00046558,0.00270287,1,Stock,0.99999857,0.99999857,0.00000117,0.00000023,1,Stock,0.97502500,0.97502500,0.00147078,0.02350424,1
104,Text,Stock,1,Text,0.61290604,0.38491634,0.00217765,0.61290604,0,Stock,0.99745935,0.99745935,0.00031680,0.00222391,1,Stock,0.99995780,0.99995780,0.00001620,0.00002599,1,Stock,0.96572745,0.96572745,0.00244143,0.03183110,1
105,Text,Text,0,Text,0.58579981,0.41320154,0.00099866,0.58579981,1,Stock,0.93297762,0.93297762,0.00220705,0.06481536,0,Stock,0.99954575,0.99954575,0.00007778,0.00037640,0,Stock,0.50324577,0.50324577,0.00114916,0.49560508,0
106,Stock,Stock,0,Stock,0.99975795,0.99975795,0.00000039,0.00024174,1,Stock,0.99955124,0.99955124,0.00020038,0.00024831,1,Stock,1.00000000,1.00000000,0.00000000,0.00000000,1,Stock,0.99920231,0.99920231,0.00001434,0.00078347,1
107,Text,Stock,1,Text,0.80192089,0.19706389,0.00101520,0.80192089,0,Stock,0.99974734,0.99974734,0.00015443,0.00009818,1,Stock,0.99999905,0.99999905,0.00000088,0.00000007,1,Stock,0.99981779,0.99981779,0.00000080,0.00018146,1
108,Stock,Stock,0,Stock,0.81356126,0.81356126,0.17160474,0.01483405,1,Thread,0.68735576,0.30617401,0.68735576,0.00647026,0,Stock,0.51906413,0.51906413,0.47960889,0.00132699,1,Stock,0.98408210,0.98408210,0.01394923,0.00196873,1
109,Stock,Stock,0,Stock,0.69458383,0.69458383,0.29537025,0.01004586,1,Thread,0.87759668,0.11783990,0.87759668,0.00456340,0,Thread,0.71562821,0.28322673,0.71562821,0.00114514,0,Stock,0.97985017,0.97985017,0.01869714,0.00145275,1
110,Stock,Stock,0,Stock,0.57269204,0.57269204,0.41667157,0.01063644,1,Thread,0.99475831,0.00488596,0.99475831,0.00035575,0,Thread,0.88596010,0.11317435,0.88596010,0.00086551,0,Stock,0.97904676,0.97904676,0.02004988,0.00090334,1
111,Stock,Stock,0,Stock,0.50567889,0.50567889,0.47842866,0.01589237,1,Thread,0.98460025,0.01420111,0.98460025,0.00119857,0,Thread,0.84898096,0.14996293,0.84898096,0.00105608,0,Stock,0.97419667,0.97419667,0.02448007,0.00132322,1
112,Stock,Stock,0,Stock,0.67630714,0.67630714,0.30424529,0.01944762,1,Thread,0.61872554,0.36787379,0.61872554,0.01340059,0,Stock,0.60794175,0.60794175,0.39013278,0.00192549,1,Stock,0.98826605,0.98826605,0.01023170,0.00150215,1
113,Thread,Thread,0,Thread,0.73983192,0.24860701,0.73983192,0.01156115,1,Thread,0.99893516,0.00103120,0.99893516,0.00003358,1,Thread,0.98456848,0.01511841,0.98456848,0.00031319,1,Stock,0.87950200,0.87950200,0.11820796,0.00229009,0
114,Thread,Thread,0,Thread,0.66843581,0.31800947,0.66843581,0.01355474,1,Thread,0.99932599,0.00065862,0.99932599,0.00001540,1,Thread,0.98129785,0.01834844,0.98129785,0.00035379,1,Stock,0.93487072,0.93487072,0.06343327,0.00169600,0
115,Thread,Thread,0,Thread,0.64436233,0.34333530,0.64436233,0.01230237,1,Thread,0.99900299,0.00096946,0.99900299,0.00002745,1,Thread,0.98663193,0.01314658,0.98663193,0.00022146,1,Stock,0.90244246,0.90244246,0.09495043,0.00260710,0
116,Thread,Thread,0,Thread,0.72858530,0.25911653,0.72858530,0.01229809,1,Thread,0.99893349,0.00103283,0.99893349,0.00003368,1,Thread,0.98175883,0.01788717,0.98175883,0.00035408,1,Stock,0.90651846,0.90651846,0.09227702,0.00120446,0
117,Thread,Thread,0,Thread,0.66789293,0.31814814,0.66789293,0.01395891,1,Thread,0.99932575,0.00065891,0.99932575,0.00001541,1,Thread,0.98128164,0.01836465,0.98128164,0.00035364,1,Stock,0.94385451,0.94385451,0.05433064,0.00181490,0
118,Thread,Thread,0,Thread,0.67980641,0.30769211,0.67980641,0.01250147,1,Thread,0.99671364,0.00309964,0.99671364,0.00018681,1,Thread,0.98134184,0.01830525,0.98134184,0.00035298,1,Stock,0.93558705,0.93558705,0.06283867,0.00157420,0
119,Thread,Thread,0,Thread,0.72858530,0.25911641,0.72858530,0.01229818,1,Thread,0.99893516,0.00103126,0.99893516,0.00003358,1,Thread,0.98456371,0.01512263,0.98456371,0.00031363,1,Stock,0.90428454,0.90428454,0.09446574,0.00124970,0
120,Thread,Thread,0,Thread,0.67640716,0.30951717,0.67640716,0.01407568,1,Thread,0.99932611,0.00065860,0.99932611,0.00001540,1,Thread,0.98531359,0.01443269,0.98531359,0.00025376,1,Stock,0.94368070,0.94368070,0.05450202,0.00181720,0
121,Thread,Thread,0,Thread,0.68037707,0.30731812,0.68037707,0.01230479,1,Thread,0.99732190,0.00254716,0.99732190,0.00013096,1,Thread,0.98158950,0.01806396,0.98158950,0.00034652,1,Stock,0.93561560,0.93561560,0.06281820,0.00156619,0
122,Thread,Thread,0,Thread,0.72858238,0.25911796,0.72858238,0.01229971,1,Thread,0.99893516,0.00103122,0.99893516,0.00003358,1,Thread,0.97799975,0.02157455,0.97799975,0.00042560,1,Stock,0.87457502,0.87457502,0.12405328,0.00137176,0
123,Thread,Thread,0,Thread,0.66865093,0.31522858,0.66865093,0.01612051,1,Thread,0.99932599,0.00065861,0.99932599,0.00001540,1,Thread,0.98296344,0.01672905,0.98296344,0.00030753,1,Stock,0.92563105,0.92563105,0.07291224,0.00145681,0
124,Thread,Thread,0,Thread,0.67758405,0.31019419,0.67758405,0.01222173,1,Thread,0.99906689,0.00090448,0.99906689,0.00002875,1,Thread,0.98482054,0.01492391,0.98482054,0.00025555,1,Stock,0.92354161,0.92354161,0.07508022,0.00137821,0
125,Thread,Thread,0,Thread,0.72858900,0.25911316,0.72858900,0.01229781,1,Thread,0.99893075,0.00103540,0.99893075,0.00003385,1,Thread,0.98149890,0.01814194,0.98149890,0.00035920,1,Stock,0.92206287,0.92206287,0.07697250,0.00096467,0
126,Thread,Thread,0,Thread,0.67042822,0.31344131,0.67042822,0.01613048,1,Thread,0.99932587,0.00065875,0.99932587,0.00001540,1,Thread,0.98128158,0.01836659,0.98128158,0.00035189,1,Stock,0.94168025,0.94168025,0.05645307,0.00186672,0
127,Thread,Thread,0,Thread,0.68041652,0.30737132,0.68041652,0.01221225,1,Thread,0.99664932,0.00315632,0.99664932,0.00019442,1,Thread,0.98131508,0.01833149,0.98131508,0.00035343,1,Stock,0.93655503,0.93655503,0.06192648,0.00151852,0
128,Thread,Thread,0,Thread,0.72861499,0.25909001,0.72861499,0.01229497,1,Thread,0.99892932,0.00103668,0.99892932,0.00003393,1,Thread,0.98118156,0.01845291,0.98118156,0.00036547,1,Stock,0.92327523,0.92327523,0.07576786,0.00095689,0
129,Thread,Thread,0,Thread,0.67647505,0.30776709,0.67647505,0.01575785,1,Thread,0.99932587,0.00065874,0.99932587,0.00001540,1,Thread,0.98128164,0.01836720,0.98128164,0.00035113,1,Stock,0.94004828,0.94004828,0.05806375,0.00188807,0
130,Thread,Thread,0,Thread,0.68026906,0.30761033,0.68026906,0.01212063,1,Thread,0.99665844,0.00314789,0.99665844,0.00019368,1,Thread,0.98130947,0.01833716,0.98130947,0.00035338,1,Stock,0.93633026,0.93633026,0.06217372,0.00149609,0
131,Thread,Thread,0,Thread,0.72861236,0.25909081,0.72861236,0.01229679,1,Thread,0.99893290,0.00103335,0.99893290,0.00003372,1,Thread,0.98176461,0.01788164,0.98176461,0.00035380,1,Stock,0.92019773,0.92019773,0.07884377,0.00095854,0
132,Thread,Thread,0,Thread,0.71142465,0.27421784,0.71142465,0.01435746,1,Thread,0.99932611,0.00065860,0.99932611,0.00001540,1,Thread,0.98166257,0.01799150,0.98166257,0.00034588,1,Stock,0.93783116,0.93783116,0.06040397,0.00176486,0
133,Thread,Thread,0,Thread,0.68004334,0.30796948,0.68004334,0.01198719,1,Thread,0.99708074,0.00276499,0.99708074,0.00015430,1,Thread,0.98134345,0.01830469,0.98134345,0.00035185,1,Stock,0.93491095,0.93491095,0.06363035,0.00145878,0
134,Thread,Thread,0,Thread,0.72890317,0.25881633,0.72890317,0.01228041,1,Thread,0.99893516,0.00103127,0.99893516,0.00003358,1,Thread,0.98456627,0.01512048,0.98456627,0.00031328,1,Stock,0.88534421,0.88534421,0.11338339,0.00127238,0
135,Thread,Thread,0,Thread,0.72823054,0.25666836,0.72823054,0.01510107,1,Thread,0.99932611,0.00065860,0.99932611,0.00001540,1,Thread,0.98786455,0.01192101,0.98786455,0.00021447,1,Stock,0.93770701,0.93770701,0.06057391,0.00171904,0
136,Thread,Thread,0,Thread,0.68994057,0.29775614,0.68994057,0.01230333,1,Thread,0.99901462,0.00095349,0.99901462,0.00003188,1,Thread,0.98509753,0.01464216,0.98509753,0.00026034,1,Stock,0.91984254,0.91984254,0.07884607,0.00131137,0
137,Thread,Thread,0,Thread,0.73439604,0.25326371,0.73439604,0.01234028,1,Thread,0.99893516,0.00103121,0.99893516,0.00003358,1,Thread,0.98456800,0.01511877,0.98456800,0.00031323,1,Stock,0.87581182,0.87581182,0.12282917,0.00135905,0
138,Thread,Thread,0,Thread,0.73476940,0.24976625,0.73476940,0.01546434,1,Thread,0.99932611,0.00065860,0.99932611,0.00001540,1,Thread,0.98814166,0.01164547,0.98814166,0.00021289,1,Stock,0.93410736,0.93410736,0.06429265,0.00160000,0
139,Thread,Thread,0,Thread,0.70758903,0.28119990,0.70758903,0.01121114,1,Thread,0.99901485,0.00095322,0.99901485,0.00003187,1,Thread,0.98812127,0.01166572,0.98812127,0.00021301,1,Stock,0.94098234,0.94098234,0.05780245,0.00121514,0
140,Thread,Thread,0,Thread,0.75584418,0.23131804,0.75584418,0.01283780,1,Thread,0.99893540,0.00103098,0.99893540,0.00003356,1,Thread,0.98451632,0.01516973,0.98451632,0.00031395,1,Stock,0.86317283,0.86317283,0.13528088,0.00154624,0
141,Thread,Thread,0,Thread,0.73221743,0.25247523,0.73221743,0.01530741,1,Thread,0.99932611,0.00065860,0.99932611,0.00001540,1,Thread,0.98810738,0.01167951,0.98810738,0.00021309,1,Stock,0.87143815,0.87143815,0.12674284,0.00181895,0
142,Thread,Thread,0,Thread,0.70889580,0.27990720,0.70889580,0.01119697,1,Thread,0.99901521,0.00095299,0.99901521,0.00003186,1,Thread,0.98785108,0.01193441,0.98785108,0.00021455,1,Stock,0.92299378,0.92299378,0.07572503,0.00128122,0
143,Thread,Thread,0,Thread,0.75472146,0.23333704,0.75472146,0.01194154,1,Thread,0.99893516,0.00103121,0.99893516,0.00003358,1,Thread,0.98456800,0.01511890,0.98456800,0.00031320,1,Stock,0.87334466,0.87334466,0.12526990,0.00138550,0
144,Thread,Thread,0,Thread,0.74224782,0.24161196,0.74224782,0.01614022,1,Thread,0.99932611,0.00065860,0.99932611,0.00001540,1,Thread,0.98810738,0.01167956,0.98810738,0.00021309,1,Stock,0.91967535,0.91967535,0.07887643,0.00144828,0
145,Thread,Thread,0,Thread,0.70827407,0.28037888,0.70827407,0.01134709,1,Thread,0.99901485,0.00095325,0.99901485,0.00003187,1,Thread,0.98805064,0.01173591,0.98805064,0.00021341,1,Stock,0.92323172,0.92323172,0.07548422,0.00128400,0
146,Thread,Thread,0,Thread,0.76007050,0.22806785,0.76007050,0.01186158,1,Thread,0.99893516,0.00103121,0.99893516,0.00003358,1,Thread,0.98455900,0.01512768,0.98455900,0.00031333,1,Stock,0.87276709,0.87276709,0.12583873,0.00139414,0
147,Thread,Thread,0,Thread,0.75182879,0.23101307,0.75182879,0.01715819,1,Thread,0.99932611,0.00065860,0.99932611,0.00001540,1,Thread,0.98805594,0.01173055,0.98805594,0.00021338,1,Stock,0.91008770,0.91008770,0.08839492,0.00151734,0
148,Thread,Thread,0,Thread,0.70491803,0.28337738,0.70491803,0.01170463,1,Thread,0.99901485,0.00095325,0.99901485,0.00003187,1,Thread,0.98798382,0.01180243,0.98798382,0.00021379,1,Stock,0.91844761,0.91844761,0.08023898,0.00131337,0
149,Thread,Thread,0,Thread,0.76176345,0.22663720,0.76176345,0.01159939,1,Thread,0.99893516,0.00103121,0.99893516,0.00003358,1,Thread,0.98316807,0.01649863,0.98316807,0.00033332,1,Stock,0.87175035,0.87175035,0.12683140,0.00141821,0
150,Thread,Thread,0,Thread,0.75448084,0.22802922,0.75448084,0.01748994,1,Thread,0.99932611,0.00065860,0.99932611,0.00001540,1,Thread,0.98795426,0.01183178,0.98795426,0.00021396,1,Stock,0.90303373,0.90303373,0.09533530,0.00163101,0
151,Thread,Thread,0,Thread,0.70010829,0.28788486,0.70010829,0.01200680,1,Thread,0.99901485,0.00095326,0.99901485,0.00003187,1,Thread,0.98785549,0.01192989,0.98785549,0.00021452,1,Stock,0.91648167,0.91648167,0.08219677,0.00132156,0
152,Thread,Thread,0,Thread,0.76142693,0.22749366,0.76142693,0.01107938,1,Thread,0.99893516,0.00103121,0.99893516,0.00003358,1,Thread,0.98181033,0.01783702,0.98181033,0.00035264,1,Stock,0.87068540,0.87068540,0.12777871,0.00153594,0
153,Thread,Thread,0,Thread,0.75452942,0.22793815,0.75452942,0.01753249,1,Thread,0.99932611,0.00065860,0.99932611,0.00001540,1,Thread,0.98777455,0.01201056,0.98777455,0.00021493,1,Stock,0.90025496,0.90025496,0.09805689,0.00168817,0
154,Thread,Thread,0,Thread,0.69515681,0.29254022,0.69515681,0.01230301,1,Thread,0.99901485,0.00095326,0.99901485,0.00003187,1,Thread,0.98765820,0.01212636,0.98765820,0.00021548,1,Stock,0.91406834,0.91406834,0.08460854,0.00132316,0
155,Thread,Thread,0,Thread,0.76024896,0.22907059,0.76024896,0.01068053,1,Thread,0.99893516,0.00103121,0.99893516,0.00003358,1,Thread,0.98180133,0.01784588,0.98180133,0.00035277,1,Stock,0.87383163,0.87383163,0.12431591,0.00185241,0
156,Thread,Thread,0,Thread,0.75145221,0.23113699,0.75145221,0.01741078,1,Thread,0.99932611,0.00065860,0.99932611,0.00001540,1,Thread,0.98750532,0.01227838,0.98750532,0.00021620,1,Stock,0.89955771,0.89955771,0.09873897,0.00170333,0
157,Thread,Thread,0,Thread,0.68225455,0.30492032,0.68225455,0.01282511,1,Thread,0.99901485,0.00095326,0.99901485,0.00003187,1,Thread,0.98740214,0.01238108,0.98740214,0.00021679,1,Stock,0.91110951,0.91110951,0.08754399,0.00134646,0
158,Thread,Thread,0,Thread,0.76009864,0.22933258,0.76009864,0.01056885,1,Thread,0.99893516,0.00103121,0.99893516,0.00003358,1,Thread,0.98180091,0.01784630,0.98180091,0.00035278,1,Stock,0.87441242,0.87441242,0.12327453,0.00231308,0
159,Thread,Thread,0,Thread,0.74030119,0.24267545,0.74030119,0.01702337,1,Thread,0.99932611,0.00065860,0.99932611,0.00001540,1,Thread,0.98714268,0.01263900,0.98714268,0.00021834,1,Stock,0.89932495,0.89932495,0.09896639,0.00170867,0
160,Thread,Thread,0,Thread,0.67439622,0.31275648,0.67439622,0.01284733,1,Thread,0.99901485,0.00095327,0.99901485,0.00003187,1,Thread,0.98708308,0.01269817,0.98708308,0.00021873,1,Stock,0.90715045,0.90715045,0.09145374,0.00139580,0
161,Thread,Thread,0,Thread,0.76025003,0.22919275,0.76025003,0.01055719,1,Thread,0.99893516,0.00103122,0.99893516,0.00003358,1,Thread,0.98179942,0.01784785,0.98179942,0.00035281,1,Stock,0.87427104,0.87427104,0.12312583,0.00260311,0
162,Thread,Thread,0,Thread,0.73030806,0.25311390,0.73030806,0.01657817,1,Thread,0.99932611,0.00065860,0.99932611,0.00001540,1,Thread,0.98686385,0.01291610,0.98686385,0.00022013,1,Stock,0.89924598,0.89924598,0.09904334,0.00171070,0
163,Thread,Thread,0,Thread,0.67100364,0.31612179,0.67100364,0.01287457,1,Thread,0.99901485,0.00095327,0.99901485,0.00003187,1,Thread,0.98683947,0.01294015,0.98683947,0.00022029,1,Stock,0.90315896,0.90315896,0.09536152,0.00147950,0
164,Thread,Thread,0,Thread,0.76050872,0.22891536,0.76050872,0.01057588,1,Thread,0.99893516,0.00103122,0.99893516,0.00003358,1,Thread,0.98179263,0.01785437,0.98179263,0.00035294,1,Stock,0.87387860,0.87387860,0.12339622,0.00272519,0
165,Thread,Thread,0,Thread,0.72813249,0.25540999,0.72813249,0.01645759,1,Thread,0.99932611,0.00065860,0.99932611,0.00001540,1,Thread,0.98672056,0.01305850,0.98672056,0.00022096,1,Stock,0.89924985,0.89924985,0.09903923,0.00171089,0
166,Thread,Thread,0,Thread,0.66988313,0.31723499,0.66988313,0.01288188,1,Thread,0.99901485,0.00095327,0.99901485,0.00003187,1,Thread,0.98672032,0.01305873,0.98672032,0.00022096,1,Stock,0.90200394,0.90200394,0.09646756,0.00152852,0
167,Thread,Thread,0,Thread,0.76092428,0.22848715,0.76092428,0.01058857,1,Thread,0.99893516,0.00103122,0.99893516,0.00003358,1,Thread,0.98176318,0.01788320,0.98176318,0.00035353,1,Stock,0.87344682,0.87344682,0.12376407,0.00278907,0
168,Thread,Thread,0,Thread,0.72689581,0.25678349,0.72689581,0.01632066,1,Thread,0.99932611,0.00065860,0.99932611,0.00001540,1,Thread,0.98666102,0.01311774,0.98666102,0.00022129,1,Stock,0.89927751,0.89927751,0.09901212,0.00171045,0
169,Thread,Thread,0,Thread,0.66959280,0.31752580,0.66959280,0.01288143,1,Thread,0.99901485,0.00095327,0.99901485,0.00003187,1,Thread,0.98666614,0.01311265,0.98666614,0.00022127,1,Stock,0.90181875,0.90181875,0.09662385,0.00155746,0
170,Thread,Thread,0,Thread,0.76111549,0.22828794,0.76111549,0.01059649,1,Thread,0.99893516,0.00103123,0.99893516,0.00003358,1,Thread,0.98161536,0.01802814,0.98161536,0.00035650,1,Stock,0.87366307,0.87366307,0.12355144,0.00278551,0
171,Thread,Thread,0,Thread,0.72340018,0.26100761,0.72340018,0.01559216,1,Thread,0.99932611,0.00065860,0.99932611,0.00001540,1,Thread,0.98664004,0.01313857,0.98664004,0.00022141,1,Stock,0.89938992,0.89938992,0.09890247,0.00170767,0
172,Thread,Thread,0,Thread,0.66946226,0.31765980,0.66946226,0.01287795,1,Thread,0.99901485,0.00095327,0.99901485,0.00003187,1,Thread,0.98664361,0.01313496,0.98664361,0.00022139,1,Stock,0.90197623,0.90197623,0.09644508,0.00157867,0
173,Thread,Thread,0,Thread,0.76016790,0.22925867,0.76016790,0.01057346,1,Thread,0.99893516,0.00103123,0.99893516,0.00003358,1,Thread,0.98084545,0.01878285,0.98084545,0.00037170,1,Stock,0.87447083,0.87447083,0.12279917,0.00273001,0
174,Thread,Thread,0,Thread,0.71752596,0.26929662,0.71752596,0.01317745,1,Thread,0.99932611,0.00065860,0.99932611,0.00001540,1,Thread,0.98663414,0.01314443,0.98663414,0.00022144,1,Stock,0.89980280,0.89980280,0.09850045,0.00169674,0
175,Thread,Thread,0,Thread,0.66880274,0.31835136,0.66880274,0.01284594,1,Thread,0.99901485,0.00095327,0.99901485,0.00003187,1,Thread,0.98663527,0.01314320,0.98663527,0.00022144,1,Stock,0.90353715,0.90353715,0.09490142,0.00156133,0
176,Thread,Thread,0,Thread,0.74417055,0.24553829,0.74417055,0.01029124,1,Thread,0.99893516,0.00103124,0.99893516,0.00003358,1,Thread,0.97873652,0.02085101,0.97873652,0.00041241,1,Stock,0.87552488,0.87552488,0.12181776,0.00265737,0
177,Thread,Thread,0,Thread,0.71240360,0.27538463,0.71240360,0.01221173,1,Thread,0.99932611,0.00065860,0.99932611,0.00001540,1,Thread,0.98663318,0.01314536,0.98663318,0.00022144,1,Stock,0.90104884,0.90104884,0.09728608,0.00166509,0
178,Thread,Thread,0,Thread,0.66282779,0.32462418,0.66282779,0.01254801,1,Thread,0.99901485,0.00095327,0.99901485,0.00003187,1,Thread,0.98663259,0.01314593,0.98663259,0.00022145,1,Stock,0.90570492,0.90570492,0.09277546,0.00151969,0
179,Thread,Thread,0,Thread,0.73734248,0.25243697,0.73734248,0.01022060,1,Thread,0.99893516,0.00103126,0.99893516,0.00003358,1,Thread,0.97791141,0.02166147,0.97791141,0.00042712,1,Stock,0.87705874,0.87705874,0.12040563,0.00253565,0
180,Thread,Thread,0,Thread,0.70854783,0.27951300,0.70854783,0.01193922,1,Thread,0.99932611,0.00065860,0.99932611,0.00001540,1,Thread,0.98663503,0.01314356,0.98663503,0.00022141,1,Stock,0.90666962,0.90666962,0.09179321,0.00153720,0
181,Thread,Thread,0,Thread,0.64826912,0.33984777,0.64826912,0.01188314,1,Thread,0.99901485,0.00095327,0.99901485,0.00003187,1,Thread,0.98663205,0.01314654,0.98663205,0.00022145,1,Stock,0.91002512,0.91002512,0.08854576,0.00142920,0
182,Thread,Thread,0,Thread,0.73703432,0.25273705,0.73703432,0.01022861,1,Thread,0.99893516,0.00103129,0.99893516,0.00003358,1,Thread,0.97777212,0.02179860,0.97777212,0.00042932,1,Stock,0.87866187,0.87866187,0.11893091,0.00240725,0
183,Thread,Thread,0,Thread,0.70674056,0.28144351,0.70674056,0.01181595,1,Thread,0.99932611,0.00065860,0.99932611,0.00001540,1,Thread,0.98664027,0.01313832,0.98664027,0.00022133,1,Stock,0.92621028,0.92621028,0.07252744,0.00126221,0
184,Thread,Thread,0,Thread,0.64355844,0.34492221,0.64355844,0.01151935,1,Thread,0.99901485,0.00095327,0.99901485,0.00003187,1,Thread,0.98663038,0.01314817,0.98663038,0.00022148,1,Stock,0.91773731,0.91773731,0.08093698,0.00132576,0
185,Thread,Thread,0,Thread,0.73670518,0.25306353,0.73670518,0.01023128,1,Thread,0.99893504,0.00103135,0.99893504,0.00003359,1,Thread,0.97749662,0.02206939,0.97749662,0.00043405,1,Stock,0.87983316,0.87983316,0.11790795,0.00225890,0
186,Thread,Thread,0,Thread,0.70681363,0.28143352,0.70681363,0.01175286,1,Thread,0.99932611,0.00065860,0.99932611,0.00001540,1,Thread,0.98665178,0.01312706,0.98665178,0.00022115,1,Stock,0.94022560,0.94022560,0.05865154,0.00112286,0
187,Thread,Thread,0,Thread,0.64286584,0.34566176,0.64286584,0.01147242,1,Thread,0.99901474,0.00095327,0.99901474,0.00003187,1,Thread,0.98653179,0.01324493,0.98653179,0.00022331,1,Stock,0.93194205,0.93194205,0.06688979,0.00116813,0
188,Thread,Thread,0,Thread,0.72315651,0.26717812,0.72315651,0.00966542,1,Thread,0.99893492,0.00103150,0.99893492,0.00003360,1,Thread,0.97568786,0.02384302,0.97568786,0.00046911,1,Stock,0.88526785,0.88526785,0.11293862,0.00179353,0
189,Thread,Thread,0,Thread,0.70739836,0.28088963,0.70739836,0.01171193,1,Thread,0.99932611,0.00065860,0.99932611,0.00001540,1,Thread,0.98673069,0.01304930,0.98673069,0.00021998,1,Stock,0.94300961,0.94300961,0.05584286,0.00114753,0
190,Thread,Thread,0,Thread,0.64277327,0.34576192,0.64277327,0.01146480,1,Thread,0.99901474,0.00095328,0.99901474,0.00003187,1,Thread,0.98439687,0.01533926,0.98439687,0.00026381,1,Stock,0.93982846,0.93982846,0.05908190,0.00108963,0
191,Thread,Thread,0,Thread,0.59514159,0.39509836,0.59514159,0.00976004,1,Thread,0.99844104,0.00150032,0.99844104,0.00005868,1,Thread,0.95166844,0.04774828,0.95166844,0.00058318,1,Stock,0.94026929,0.94026929,0.05845029,0.00128037,0
192,Stock,Stock,0,Stock,0.65235031,0.65235031,0.33506659,0.01258308,1,Thread,0.99517620,0.00454195,0.99517620,0.00028182,0,Thread,0.77947247,0.21978897,0.77947247,0.00073854,0,Stock,0.97278589,0.97278589,0.02565871,0.00155540,1
193,Thread,Thread,0,Thread,0.63569117,0.35305086,0.63569117,0.01125801,1,Thread,0.99901462,0.00095350,0.99901462,0.00003188,1,Thread,0.98185468,0.01784432,0.98185468,0.00030106,1,Stock,0.94307756,0.94307756,0.05578458,0.00113786,0
194,Thread,Thread,0,Thread,0.56573826,0.42220116,0.56573826,0.01206056,1,Thread,0.99932611,0.00065860,0.99932611,0.00001540,1,Thread,0.97141212,0.02814733,0.97141212,0.00044049,1,Stock,0.97672337,0.97672337,0.02136552,0.00191111,0
195,Thread,Thread,0,Thread,0.64417696,0.34146410,0.64417696,0.01435886,1,Thread,0.99932611,0.00065860,0.99932611,0.00001540,1,Thread,0.94534206,0.05392388,0.94534206,0.00073407,1,Stock,0.96799928,0.96799928,0.02976884,0.00223180,0
196,Thread,Thread,0,Thread,0.55510974,0.43254575,0.55510974,0.01234446,1,Thread,0.99932611,0.00065860,0.99932611,0.00001540,1,Thread,0.96794730,0.03152104,0.96794730,0.00053159,1,Stock,0.97204351,0.97204351,0.02588410,0.00207248,0
197,Thread,Thread,0,Thread,0.56798124,0.41999137,0.56798124,0.01202729,1,Thread,0.99932623,0.00065842,0.99932623,0.00001539,1,Thread,0.97141033,0.02814925,0.97141033,0.00044043,1,Stock,0.97054100,0.97054100,0.02758442,0.00187461,0
198,Thread,Thread,0,Thread,0.64409065,0.34155113,0.64409065,0.01435823,1,Thread,0.99932611,0.00065860,0.99932611,0.00001540,1,Thread,0.94184387,0.05743812,0.94184387,0.00071795,1,Stock,0.96831918,0.96831918,0.02948009,0.00220069,0
199,Thread,Thread,0,Thread,0.51029223,0.47752634,0.51029223,0.01218149,1,Thread,0.99932611,0.00065860,0.99932611,0.00001540,1,Thread,0.96292335,0.03651503,0.96292335,0.00056153,1,Stock,0.96501619,0.96501619,0.03310187,0.00188191,0
200,Thread,Thread,0,Thread,0.56573904,0.42220044,0.56573904,0.01206049,1,Thread,0.99932611,0.00065860,0.99932611,0.00001540,1,Thread,0.97141415,0.02814533,0.97141415,0.00044054,1,Stock,0.97826809,0.97826809,0.01982952,0.00190236,0
201,Thread,Thread,0,Thread,0.64396495,0.34167546,0.64396495,0.01435963,1,Thread,0.99932611,0.00065860,0.99932611,0.00001540,1,Thread,0.94944119,0.04985037,0.94944119,0.00070842,1,Stock,0.96867365,0.96867365,0.02914311,0.00218333,0
202,Thread,Thread,0,Thread,0.56109965,0.42653874,0.56109965,0.01236159,1,Thread,0.99932611,0.00065860,0.99932611,0.00001540,1,Thread,0.96956033,0.02993980,0.96956033,0.00049992,1,Stock,0.97192478,0.97192478,0.02600189,0.00207338,0
203,Thread,Thread,0,Thread,0.56988102,0.41811994,0.56988102,0.01199901,1,Thread,0.99932623,0.00065844,0.99932623,0.00001539,1,Thread,0.97141033,0.02814925,0.97141033,0.00044043,1,Stock,0.96952462,0.96952462,0.02857758,0.00189779,0
204,Thread,Thread,0,Thread,0.64299047,0.34263700,0.64299047,0.01437256,1,Thread,0.99932611,0.00065860,0.99932611,0.00001540,1,Thread,0.94331998,0.05594900,0.94331998,0.00073108,1,Stock,0.96907449,0.96907449,0.02877428,0.00215130,0
205,Thread,Thread,0,Thread,0.52862012,0.45909062,0.52862012,0.01228923,1,Thread,0.99932611,0.00065860,0.99932611,0.00001540,1,Thread,0.96409446,0.03536341,0.96409446,0.00054209,1,Stock,0.96448928,0.96448928,0.03368066,0.00183012,0
206,Thread,Thread,0,Thread,0.56587827,0.42206326,0.56587827,0.01205847,1,Thread,0.99932611,0.00065860,0.99932611,0.00001540,1,Thread,0.97142595,0.02813321,0.97142595,0.00044089,1,Stock,0.97865993,0.97865993,0.01944233,0.00189778,0
207,Thread,Thread,0,Thread,0.64208663,0.34352860,0.64208663,0.01438477,1,Thread,0.99932611,0.00065860,0.99932611,0.00001540,1,Thread,0.95245552,0.04686147,0.95245552,0.00068301,1,Stock,0.96947688,0.96947688,0.02838700,0.00213604,0
208,Thread,Thread,0,Thread,0.56648064,0.42111832,0.56648064,0.01240104,1,Thread,0.99932611,0.00065860,0.99932611,0.00001540,1,Thread,0.97322875,0.02632080,0.97322875,0.00045045,1,Stock,0.97173721,0.97173721,0.02618994,0.00207288,0
209,Thread,Thread,0,Thread,0.56596631,0.42197654,0.56596631,0.01205718,1,Thread,0.99932611,0.00065860,0.99932611,0.00001540,1,Thread,0.97144532,0.02811329,0.97144532,0.00044145,1,Stock,0.97876304,0.97876304,0.01934181,0.00189519,0
210,Thread,Thread,0,Thread,0.64032739,0.34526852,0.64032739,0.01440400,1,Thread,0.99932611,0.00065860,0.99932611,0.00001540,1,Thread,0.95330375,0.04601723,0.95330375,0.00067900,1,Stock,0.96990407,0.96990407,0.02797824,0.00211777,0
211,Thread,Thread,0,Thread,0.56891882,0.41865131,0.56891882,0.01242985,1,Thread,0.99932611,0.00065860,0.99932611,0.00001540,1,Thread,0.97360015,0.02595413,0.97360015,0.00044562,1,Stock,0.97167081,0.97167081,0.02625798,0.00207119,0
212,Thread,Thread,0,Thread,0.56617731,0.42176855,0.56617731,0.01205407,1,Thread,0.99932611,0.00065860,0.99932611,0.00001540,1,Thread,0.97148657,0.02807083,0.97148657,0.00044264,1,Stock,0.97880095,0.97880095,0.01930573,0.00189334,0
213,Thread,Thread,0,Thread,0.63788337,0.34768447,0.63788337,0.01443211,1,Thread,0.99932611,0.00065860,0.99932611,0.00001540,1,Thread,0.95497018,0.04435422,0.95497018,0.00067566,1,Stock,0.97030926,0.97030926,0.02759175,0.00209896,0
214,Thread,Thread,0,Thread,0.57250172,0.41500145,0.57250172,0.01249678,1,Thread,0.99932611,0.00065860,0.99932611,0.00001540,1,Thread,0.97370082,0.02585480,0.97370082,0.00044438,1,Stock,0.97163707,0.97163707,0.02629513,0.00206783,0
215,Thread,Thread,0,Thread,0.56658852,0.42136356,0.56658852,0.01204800,1,Thread,0.99932611,0.00065860,0.99932611,0.00001540,1,Thread,0.97156996,0.02798480,0.97156996,0.00044520,1,Stock,0.97879958,0.97879958,0.01930812,0.00189234,0
216,Thread,Thread,0,Thread,0.63574445,0.34980428,0.63574445,0.01445123,1,Thread,0.99932611,0.00065860,0.99932611,0.00001540,1,Thread,0.95737362,0.04195815,0.95737362,0.00066821,1,Stock,0.97072035,0.97072035,0.02719822,0.00208140,0
217,Thread,Thread,0,Thread,0.58051521,0.40686378,0.58051521,0.01262109,1,Thread,0.99932611,0.00065860,0.99932611,0.00001540,1,Thread,0.97372764,0.02582830,0.97372764,0.00044407,1,Stock,0.97173125,0.97173125,0.02620863,0.00206006,0
218,Thread,Thread,0,Thread,0.56798720,0.41998538,0.56798720,0.01202743,1,Thread,0.99932611,0.00065860,0.99932611,0.00001540,1,Thread,0.97172302,0.02782673,0.97172302,0.00045029,1,Stock,0.97861713,0.97861713,0.01948850,0.00189448,0
219,Thread,Thread,0,Thread,0.63598412,0.34958979,0.63598412,0.01442607,1,Thread,0.99932611,0.00065860,0.99932611,0.00001540,1,Thread,0.95827311,0.04106302,0.95827311,0.00066381,1,Stock,0.97110975,0.97110975,0.02682290,0.00206732,0
220,Thread,Thread,0,Thread,0.59664732,0.39046264,0.59664732,0.01289000,1,Thread,0.99932611,0.00065860,0.99932611,0.00001540,1,Thread,0.97373509,0.02582088,0.97373509,0.00044399,1,Stock,0.97185969,0.97185969,0.02608817,0.00205215,0
221,Thread,Thread,0,Thread,0.57376999,0.41428846,0.57376999,0.01194149,1,Thread,0.99932611,0.00065860,0.99932611,0.00001540,1,Thread,0.97196937,0.02757213,0.97196937,0.00045849,1,Stock,0.97779441,0.97779441,0.02030581,0.00189977,0
222,Thread,Thread,0,Thread,0.63793021,0.34770381,0.63793021,0.01436604,1,Thread,0.99932611,0.00065860,0.99932611,0.00001540,1,Thread,0.95841271,0.04092422,0.95841271,0.00066304,1,Stock,0.97148794,0.97148794,0.02645510,0.00205689,0
223,Thread,Thread,0,Thread,0.61552262,0.37118503,0.61552262,0.01329234,1,Thread,0.99932611,0.00065860,0.99932611,0.00001540,1,Thread,0.97373790,0.02581809,0.97373790,0.00044397,1,Stock,0.97189236,0.97189236,0.02605822,0.00204941,0
224,Thread,Thread,0,Thread,0.58844155,0.39982781,0.58844155,0.01173059,1,Thread,0.99932611,0.00065860,0.99932611,0.00001540,1,Thread,0.97226733,0.02726556,0.97226733,0.00046706,1,Stock,0.97541714,0.97541714,0.02268186,0.00190109,0
225,Thread,Thread,0,Thread,0.63990772,0.34581065,0.63990772,0.01428165,1,Thread,0.99932611,0.00065860,0.99932611,0.00001540,1,Thread,0.95843494,0.04090231,0.95843494,0.00066282,1,Stock,0.97190589,0.97190589,0.02604827,0.00204591,0
226,Thread,Thread,0,Thread,0.63038051,0.35585478,0.63038051,0.01376463,1,Thread,0.99932611,0.00065860,0.99932611,0.00001540,1,Thread,0.97374016,0.02581578,0.97374016,0.00044396,1,Stock,0.97172999,0.97172999,0.02621423,0.00205577,0
227,Thread,Thread,0,Thread,0.61617559,0.37212586,0.61617559,0.01169848,1,Thread,0.99932611,0.00065860,0.99932611,0.00001540,1,Thread,0.97265935,0.02687359,0.97265935,0.00046709,1,Stock,0.97180462,0.97180462,0.02629114,0.00190415,0
228,Thread,Thread,0,Thread,0.64133185,0.34443352,0.64133185,0.01423457,1,Thread,0.99932611,0.00065860,0.99932611,0.00001540,1,Thread,0.95844263,0.04089472,0.95844263,0.00066267,1,Stock,0.97229993,0.97229993,0.02566624,0.00203385,0
229,Thread,Thread,0,Thread,0.63685679,0.34915504,0.63685679,0.01398818,1,Thread,0.99932611,0.00065860,0.99932611,0.00001540,1,Thread,0.97374356,0.02581250,0.97374356,0.00044394,1,Stock,0.97113550,0.97113550,0.02678411,0.00208052,0
230,Thread,Thread,0,Thread,0.64503211,0.34333795,0.64503211,0.01162993,1,Thread,0.99932611,0.00065860,0.99932611,0.00001540,1,Thread,0.97376913,0.02578710,0.97376913,0.00044380,1,Stock,0.96771818,0.96771818,0.03030175,0.00198009,0
231,Thread,Thread,0,Thread,0.64158952,0.34419703,0.64158952,0.01421344,1,Thread,0.99932611,0.00065860,0.99932611,0.00001540,1,Thread,0.95845026,0.04088723,0.95845026,0.00066251,1,Stock,0.97252953,0.97252953,0.02544136,0.00202905,0
232,Thread,Thread,0,Thread,0.64029318,0.34555489,0.64029318,0.01415202,1,Thread,0.99932611,0.00065860,0.99932611,0.00001540,1,Thread,0.97374421,0.02581191,0.97374421,0.00044393,1,Stock,0.97009283,0.97009283,0.02778850,0.00211876,0
233,Thread,Thread,0,Thread,0.63805401,0.35021356,0.63805401,0.01173244,1,Thread,0.99932611,0.00065857,0.99932611,0.00001540,1,Thread,0.97148347,0.02807636,0.97148347,0.00044017,1,Stock,0.96244919,0.96244919,0.03554547,0.00200532,0
234,Thread,Thread,0,Thread,0.60983115,0.37767583,0.60983115,0.01249309,1,Thread,0.99932611,0.00065860,0.99932611,0.00001540,1,Thread,0.96280354,0.03665078,0.96280354,0.00054562,1,Stock,0.96519655,0.96519655,0.03305108,0.00175235,0
235,Thread,Thread,0,Thread,0.64084136,0.34498835,0.64084136,0.01417038,1,Thread,0.99932611,0.00065860,0.99932611,0.00001540,1,Thread,0.97374630,0.02580996,0.97374630,0.00044372,1,Stock,0.96895009,0.96895009,0.02888714,0.00216272,0
236,Thread,Thread,0,Thread,0.63521248,0.35347286,0.63521248,0.01131466,1,Thread,0.99932611,0.00065860,0.99932611,0.00001540,1,Thread,0.97496378,0.02462003,0.97496378,0.00041624,1,Stock,0.96393293,0.96393293,0.03403049,0.00203656,0
237,Thread,Thread,0,Thread,0.64203560,0.34372920,0.64203560,0.01423520,1,Thread,0.99932611,0.00065860,0.99932611,0.00001540,1,Thread,0.95878112,0.04056205,0.95878112,0.00065681,1,Stock,0.97243237,0.97243237,0.02552086,0.00204669,0
238,Thread,Thread,0,Thread,0.64321804,0.34247452,0.64321804,0.01430743,1,Thread,0.99932611,0.00065860,0.99932611,0.00001540,1,Thread,0.97376597,0.02579024,0.97376597,0.00044383,1,Stock,0.96824628,0.96824628,0.02954908,0.00220462,0
239,Thread,Thread,0,Thread,0.64300519,0.34523284,0.64300519,0.01176187,1,Thread,0.99932611,0.00065857,0.99932611,0.00001540,1,Thread,0.97384167,0.02575266,0.97384167,0.00040557,1,Stock,0.95450228,0.95450228,0.04324554,0.00225215,0
240,Thread,Thread,0,Thread,0.61374921,0.37360471,0.61374921,0.01264616,1,Thread,0.99932611,0.00065860,0.99932611,0.00001540,1,Thread,0.96322036,0.03623030,0.96322036,0.00054932,1,Stock,0.96470356,0.96470356,0.03340132,0.00189507,0
241,Thread,Thread,0,Thread,0.64337730,0.34230757,0.64337730,0.01431512,1,Thread,0.99932611,0.00065860,0.99932611,0.00001540,1,Thread,0.97376060,0.02579590,0.97376060,0.00044343,1,Stock,0.96769094,0.96769094,0.03007758,0.00223147,0
242,Thread,Thread,0,Thread,0.67735273,0.30952311,0.67735273,0.01312419,1,Thread,0.99932599,0.00065866,0.99932599,0.00001540,1,Thread,0.97497863,0.02460537,0.97497863,0.00041595,1,Stock,0.95231950,0.95231950,0.04532684,0.00235367,0
243,Thread,Thread,0,Thread,0.64250791,0.34322739,0.64250791,0.01426471,1,Thread,0.99932599,0.00065861,0.99932599,0.00001540,1,Thread,0.96404791,0.03538551,0.96404791,0.00056656,1,Stock,0.97221541,0.97221541,0.02572189,0.00206272,0
244,Thread,Thread,0,Thread,0.64399785,0.34165382,0.64399785,0.01434829,1,Thread,0.99932611,0.00065860,0.99932611,0.00001540,1,Thread,0.97391123,0.02564555,0.97391123,0.00044332,1,Stock,0.96747971,0.96747971,0.03026409,0.00225628,0
245,Thread,Thread,0,Thread,0.69927901,0.28717422,0.69927901,0.01354684,1,Thread,0.99932611,0.00065855,0.99932611,0.00001540,1,Thread,0.97486252,0.02472839,0.97486252,0.00040905,1,Stock,0.95042449,0.95042449,0.04722465,0.00235083,0
246,Thread,Thread,0,Thread,0.64101028,0.34482074,0.64101028,0.01416895,1,Thread,0.99932611,0.00065860,0.99932611,0.00001540,1,Thread,0.95938253,0.03997470,0.95938253,0.00064278,1,Stock,0.97121960,0.97121960,0.02668653,0.00209387,0
247,Thread,Thread,0,Thread,0.64188910,0.34388930,0.64188910,0.01422162,1,Thread,0.99932611,0.00065860,0.99932611,0.00001540,1,Thread,0.97975576,0.01990457,0.97975576,0.00033963,1,Stock,0.94385165,0.94385165,0.05330827,0.00284014,0
248,Thread,Thread,0,Thread,0.69923890,0.28721517,0.69923890,0.01354596,1,Thread,0.99931777,0.00066654,0.99931777,0.00001573,1,Thread,0.97496265,0.02461969,0.97496265,0.00041758,1,Stock,0.95042771,0.95042771,0.04718481,0.00238745,0
249,Thread,Thread,0,Thread,0.64122117,0.34459737,0.64122117,0.01418148,1,Thread,0.99932587,0.00065883,0.99932587,0.00001541,1,Thread,0.96468914,0.03475513,0.96468914,0.00055562,1,Stock,0.97018236,0.97018236,0.02769410,0.00212355,0
250,Thread,Thread,0,Thread,0.64434880,0.34130266,0.64434880,0.01434856,1,Thread,0.99932599,0.00065861,0.99932599,0.00001540,1,Thread,0.97047901,0.02899298,0.97047901,0.00052804,1,Stock,0.96225852,0.96225852,0.03550031,0.00224125,0
251,Thread,Thread,0,Thread,0.70426488,0.28210568,0.70426488,0.01362952,1,Thread,0.99914420,0.00083260,0.99914420,0.00002319,1,Thread,0.97478080,0.02478689,0.97478080,0.00043226,1,Stock,0.94794661,0.94794661,0.04963042,0.00242297,0
252,Thread,Thread,0,Thread,0.64473510,0.34092030,0.64473510,0.01434465,1,Thread,0.99907577,0.00089963,0.99907577,0.00002451,1,Thread,0.95263320,0.04668482,0.95263320,0.00068191,1,Stock,0.96461660,0.96461660,0.03327879,0.00210459,0
253,Thread,Thread,0,Thread,0.64442688,0.34122524,0.64442688,0.01434783,1,Thread,0.99932599,0.00065863,0.99932599,0.00001540,1,Thread,0.97089350,0.02858040,0.97089350,0.00052616,1,Stock,0.96028322,0.96028322,0.03742077,0.00229597,0
254,Thread,Thread,0,Thread,0.70484346,0.28151748,0.70484346,0.01363903,1,Thread,0.99908650,0.00088771,0.99908650,0.00002590,1,Thread,0.97473347,0.02483049,0.97473347,0.00043608,1,Stock,0.94662231,0.94662231,0.05094421,0.00243357,0
255,Thread,Thread,0,Thread,0.64522606,0.34044284,0.64522606,0.01433112,1,Thread,0.99903166,0.00094202,0.99903166,0.00002628,1,Thread,0.95399868,0.04532382,0.95399868,0.00067750,1,Stock,0.95956475,0.95956475,0.03815728,0.00227797,0
256,Thread,Thread,0,Thread,0.64481401,0.34084669,0.64481401,0.01433932,1,Thread,0.99932599,0.00065866,0.99932599,0.00001540,1,Thread,0.97136748,0.02810833,0.97136748,0.00052425,1,Stock,0.95475680,0.95475680,0.04274651,0.00249671,0
257,Thread,Thread,0,Thread,0.70489377,0.28146622,0.70489377,0.01364008,1,Thread,0.99894553,0.00102154,0.99894553,0.00003302,1,Thread,0.97466385,0.02489703,0.97466385,0.00043915,1,Stock,0.94580984,0.94580984,0.05174809,0.00244203,0
258,Thread,Thread,0,Thread,0.64547551,0.34020022,0.64547551,0.01432433,1,Thread,0.99901438,0.00095854,0.99901438,0.00002699,1,Thread,0.95641285,0.04291499,0.95641285,0.00067227,1,Stock,0.95669460,0.95669460,0.04092350,0.00238191,0
259,Thread,Thread,0,Thread,0.67873114,0.30762890,0.67873114,0.01363999,1,Thread,0.99903250,0.00094154,0.99903250,0.00002593,1,Thread,0.97074687,0.02870586,0.97074687,0.00054730,1,Stock,0.95065540,0.95065540,0.04667623,0.00266834,0
260,Thread,Thread,0,Thread,0.70489711,0.28146201,0.70489711,0.01364088,1,Thread,0.99893552,0.00103091,0.99893552,0.00003356,1,Thread,0.97465342,0.02490695,0.97465342,0.00043961,1,Stock,0.94570464,0.94570464,0.05182686,0.00246851,0
261,Thread,Thread,0,Thread,0.67899555,0.30743471,0.67899555,0.01356966,1,Thread,0.99865758,0.00130164,0.99865758,0.00004073,1,Thread,0.94447523,0.05478242,0.94447523,0.00074235,1,Stock,0.95723516,0.95723516,0.04038936,0.00237548,0
262,Thread,Thread,0,Thread,0.67926681,0.30698434,0.67926681,0.01374886,1,Thread,0.99899536,0.00097721,0.99899536,0.00002735,1,Thread,0.97151607,0.02795821,0.97151607,0.00052571,1,Stock,0.95046228,0.95046228,0.04677587,0.00276193,0
263,Thread,Thread,0,Thread,0.70491028,0.28144458,0.70491028,0.01364518,1,Thread,0.99893528,0.00103108,0.99893528,0.00003357,1,Thread,0.97465271,0.02490761,0.97465271,0.00043965,1,Stock,0.94575846,0.94575846,0.05168656,0.00255498,0
264,Thread,Thread,0,Thread,0.67906255,0.30736130,0.67906255,0.01357621,1,Thread,0.99853456,0.00141899,0.99853456,0.00004642,1,Thread,0.94701064,0.05225720,0.94701064,0.00073214,1,Stock,0.95676547,0.95676547,0.04075420,0.00248025,0
265,Thread,Thread,0,Thread,0.68093085,0.30494788,0.68093085,0.01412119,1,Thread,0.99894553,0.00102496,0.99894553,0.00002954,1,Thread,0.97160304,0.02787339,0.97160304,0.00052349,1,Stock,0.95030165,0.95030165,0.04665003,0.00304842,0
266,Thread,Thread,0,Thread,0.70496237,0.28137508,0.70496237,0.01366256,1,Thread,0.99894923,0.00101796,0.99894923,0.00003281,1,Thread,0.97477007,0.02479772,0.97477007,0.00043225,1,Stock,0.94487739,0.94487739,0.05270965,0.00241290,0
267,Thread,Thread,0,Thread,0.68266344,0.30361214,0.68266344,0.01372439,1,Thread,0.99801302,0.00192243,0.99801302,0.00006449,1,Thread,0.95067769,0.04868913,0.95067769,0.00063320,1,Stock,0.95064056,0.95064056,0.04695498,0.00240458,0
268,Thread,Thread,0,Thread,0.68240190,0.30304208,0.68240190,0.01455603,1,Thread,0.99908745,0.00088877,0.99908745,0.00002379,1,Thread,0.96855885,0.03084660,0.96855885,0.00059450,1,Stock,0.95010984,0.95010984,0.04666594,0.00322428,0
269,Thread,Thread,0,Thread,0.55745304,0.42372239,0.55745304,0.01882457,1,Thread,0.99202418,0.00738113,0.99202418,0.00059478,1,Thread,0.92919821,0.07023679,0.92919821,0.00056499,1,Stock,0.97816032,0.97816032,0.01929388,0.00254590,0
270,Thread,Thread,0,Thread,0.64226288,0.34335035,0.64226288,0.01438679,1,Thread,0.99148929,0.00781664,0.99148929,0.00069407,1,Thread,0.91801852,0.08123631,0.91801852,0.00074513,1,Stock,0.96298540,0.96298540,0.03418646,0.00282811,0
271,Stock,Stock,0,Stock,0.64151031,0.64151031,0.33732945,0.02116029,1,Thread,0.58398241,0.40801117,0.58398241,0.00800633,0,Stock,0.57249987,0.57249987,0.42598721,0.00151283,1,Stock,0.98771602,0.98771602,0.00946939,0.00281463,1
272,Stock,Stock,0,Stock,0.56173736,0.56173736,0.41827914,0.01998349,1,Thread,0.91688967,0.07934956,0.91688967,0.00376074,0,Thread,0.51586652,0.48250362,0.51586652,0.00162980,0,Stock,0.98366356,0.98366356,0.01326053,0.00307591,1
273,Thread,Thread,0,Thread,0.60253507,0.37853813,0.60253507,0.01892683,1,Thread,0.99569392,0.00398849,0.99569392,0.00031751,1,Thread,0.74062234,0.25845942,0.74062234,0.00091823,1,Stock,0.96721464,0.96721464,0.03008019,0.00270524,0
274,Stock,Stock,0,Stock,0.51641256,0.51641256,0.46650639,0.01708107,1,Thread,0.96436912,0.03327946,0.96436912,0.00235147,0,Thread,0.57759213,0.42095882,0.57759213,0.00144907,0,Stock,0.96124607,0.96124607,0.03436822,0.00438568,1
275,Stock,Stock,0,Stock,0.57369179,0.57369179,0.41749421,0.00881399,1,Thread,0.99850094,0.00143935,0.99850094,0.00005973,0,Thread,0.96196365,0.03747124,0.96196365,0.00056510,0,Stock,0.97687644,0.97687644,0.02179345,0.00133014,1
276,Stock,Stock,0,Stock,0.52940089,0.52940089,0.45963752,0.01096164,1,Thread,0.99867791,0.00128416,0.99867791,0.00003790,0,Thread,0.93640852,0.06271880,0.93640852,0.00087270,0,Stock,0.97716409,0.97716409,0.02150515,0.00133077,1
277,Stock,Stock,0,Stock,0.51582074,0.51582074,0.47338733,0.01079195,1,Thread,0.99840778,0.00154447,0.99840778,0.00004778,0,Thread,0.93551368,0.06361286,0.93551368,0.00087341,0,Stock,0.97208571,0.97208571,0.02676954,0.00114468,1
278,Stock,Stock,0,Stock,0.57215625,0.57215625,0.41909477,0.00874890,1,Thread,0.99849904,0.00144108,0.99849904,0.00005987,0,Thread,0.95891744,0.04042684,0.95891744,0.00065571,0,Stock,0.97767639,0.97767639,0.02096837,0.00135521,1
279,Stock,Stock,0,Stock,0.54725468,0.54725468,0.44187298,0.01087231,1,Thread,0.99860233,0.00135719,0.99860233,0.00004048,0,Thread,0.93678576,0.06234226,0.93678576,0.00087210,0,Stock,0.97872549,0.97872549,0.01987916,0.00139540,1
280,Stock,Stock,0,Stock,0.56441194,0.56441194,0.42545819,0.01012986,1,Thread,0.99706799,0.00280770,0.99706799,0.00012431,0,Thread,0.93551463,0.06361195,0.93551463,0.00087341,0,Stock,0.97614872,0.97614872,0.02255583,0.00129550,1
281,Stock,Stock,0,Stock,0.57311970,0.57311970,0.41813216,0.00874820,1,Thread,0.99849880,0.00144139,0.99849880,0.00005989,0,Thread,0.95902950,0.04031645,0.95902950,0.00065401,0,Stock,0.97839546,0.97839546,0.02022314,0.00138145,1
282,Stock,Stock,0,Stock,0.55663520,0.55663520,0.43268818,0.01067671,1,Thread,0.99854136,0.00141597,0.99854136,0.00004271,0,Thread,0.93696254,0.06216570,0.93696254,0.00087181,0,Stock,0.97937804,0.97937804,0.01919567,0.00142618,1
283,Stock,Stock,0,Stock,0.57839382,0.57839382,0.41200405,0.00960218,1,Thread,0.99663430,0.00320947,0.99663430,0.00015621,0,Thread,0.93551421,0.06361232,0.93551421,0.00087342,0,Stock,0.97679591,0.97679591,0.02189111,0.00131301,1
284,Stock,Stock,0,Stock,0.57324392,0.57324392,0.41800749,0.00874863,1,Thread,0.99850035,0.00143991,0.99850035,0.00005979,0,Thread,0.96554714,0.03389887,0.96554714,0.00055404,0,Stock,0.97946519,0.97946519,0.01910160,0.00143323,1
285,Stock,Stock,0,Stock,0.56342530,0.56342530,0.42650533,0.01006946,1,Thread,0.99940026,0.00058744,0.99940026,0.00001221,0,Thread,0.95468718,0.04459059,0.95468718,0.00072224,0,Stock,0.97975200,0.97975200,0.01880980,0.00143817,1
286,Stock,Stock,0,Stock,0.58282793,0.58282793,0.40777099,0.00940108,1,Thread,0.99761343,0.00229492,0.99761343,0.00009170,0,Thread,0.93553644,0.06359039,0.93553644,0.00087324,0,Stock,0.97768676,0.97768676,0.02096613,0.00134706,1
287,Stock,Stock,0,Stock,0.57397318,0.57397318,0.41727379,0.00875309,1,Thread,0.99849975,0.00144033,0.99849975,0.00005982,0,Thread,0.96498823,0.03445188,0.96498823,0.00055993,0,Stock,0.97967440,0.97967440,0.01888115,0.00144445,1
288,Stock,Stock,0,Stock,0.56351775,0.56351775,0.42627975,0.01020249,1,Thread,0.99857450,0.00138444,0.99857450,0.00004111,0,Thread,0.94167334,0.05746099,0.94167334,0.00086556,0,Stock,0.97977442,0.97977442,0.01877837,0.00144729,1
289,Stock,Stock,0,Stock,0.59104341,0.59104341,0.39982548,0.00913113,1,Thread,0.99874145,0.00120678,0.99874145,0.00005179,0,Thread,0.94461775,0.05453737,0.94461775,0.00084493,0,Stock,0.97925860,0.97925860,0.01936005,0.00138140,1
290,Stock,Stock,0,Stock,0.57716167,0.57716167,0.41404533,0.00879296,1,Thread,0.99851698,0.00142434,0.99851698,0.00005873,0,Thread,0.97143370,0.02808557,0.97143370,0.00048075,0,Stock,0.97983950,0.97983950,0.01870818,0.00145224,1
291,Stock,Stock,0,Stock,0.59837925,0.59837925,0.39264941,0.00897133,1,Thread,0.99941671,0.00057150,0.99941671,0.00001179,0,Thread,0.97204316,0.02749899,0.97204316,0.00045783,0,Stock,0.97975206,0.97975206,0.01885067,0.00139718,1
292,Stock,Stock,0,Stock,0.58794504,0.58794504,0.40289697,0.00915804,1,Thread,0.99751854,0.00236862,0.99751854,0.00011290,0,Thread,0.93622583,0.06290659,0.93622583,0.00086751,0,Stock,0.97909296,0.97909296,0.01949810,0.00140885,1
293,Stock,Stock,0,Stock,0.57886487,0.57886487,0.41231969,0.00881543,1,Thread,0.99901783,0.00095278,0.99901783,0.00002937,0,Thread,0.97251588,0.02702335,0.97251588,0.00046070,0,Stock,0.97984934,0.97984934,0.01869792,0.00145269,1
294,Stock,Stock,0,Stock,0.59412551,0.59412551,0.39683560,0.00903892,1,Thread,0.99941790,0.00057038,0.99941790,0.00001175,0,Thread,0.97570020,0.02391330,0.97570020,0.00038648,0,Stock,0.97977072,0.97977072,0.01882155,0.00140778,1
295,Stock,Stock,0,Stock,0.63391316,0.63391316,0.35758495,0.00850184,1,Thread,0.99918026,0.00079261,0.99918026,0.00002717,0,Thread,0.97164392,0.02787443,0.97164392,0.00048157,0,Stock,0.97955567,0.97955567,0.01913275,0.00131162,1
296,Stock,Stock,0,Stock,0.59310693,0.59310693,0.39795142,0.00894173,1,Thread,0.99901545,0.00095505,0.99901545,0.00002949,0,Thread,0.97032446,0.02918558,0.97032446,0.00048994,0,Stock,0.97793305,0.97793305,0.02070434,0.00136259,1
297,Stock,Stock,0,Stock,0.50179386,0.50179386,0.48708028,0.01112588,1,Thread,0.99933177,0.00065302,0.99933177,0.00001514,0,Thread,0.94837916,0.05083045,0.94837916,0.00079032,0,Stock,0.97729754,0.97729754,0.02136660,0.00133587,1
298,Stock,Stock,0,Stock,0.62909508,0.62909508,0.36243644,0.00846850,1,Thread,0.99917394,0.00079867,0.99917394,0.00002738,0,Thread,0.96163231,0.03777421,0.96163231,0.00059351,0,Stock,0.97948682,0.97948682,0.01921085,0.00130234,1
299,Stock,Stock,0,Stock,0.70572215,0.70572215,0.28699630,0.00728160,1,Thread,0.99934000,0.00064529,0.99934000,0.00001461,0,Thread,0.97000074,0.02946778,0.97000074,0.00053148,0,Stock,0.97980589,0.97980589,0.01873485,0.00145936,1
300,Stock,Stock,0,Stock,0.61647993,0.61647993,0.37340993,0.01011013,1,Thread,0.99941790,0.00057035,0.99941790,0.00001175,0,Thread,0.98526406,0.01450371,0.98526406,0.00023216,0,Stock,0.97984946,0.97984946,0.01869803,0.00145255,1
301,Stock,Stock,0,Stock,0.57395065,0.57395065,0.41652814,0.00952124,1,Thread,0.99941742,0.00057081,0.99941742,0.00001177,0,Thread,0.98663020,0.01314839,0.98663020,0.00022148,0,Stock,0.97851938,0.97851938,0.02009444,0.00138615,1
302,Stock,Stock,0,Stock,0.70301914,0.70301914,0.28967690,0.00730399,1,Thread,0.99879837,0.00116095,0.99879837,0.00004055,0,Thread,0.96991843,0.02954889,0.96991843,0.00053268,0,Stock,0.97984397,0.97984397,0.01870167,0.00145440,1
303,Stock,Stock,0,Stock,0.61695164,0.61695164,0.37297735,0.01007105,1,Thread,0.99941778,0.00057049,0.99941778,0.00001175,0,Thread,0.98484510,0.01491965,0.98484510,0.00023530,0,Stock,0.97984958,0.97984958,0.01869773,0.00145256,1
304,Stock,Stock,0,Stock,0.67541146,0.67541146,0.31502396,0.00956468,1,Thread,0.99941790,0.00057029,0.99941790,0.00001175,0,Thread,0.98663086,0.01314769,0.98663086,0.00022146,0,Stock,0.97984672,0.97984672,0.01870201,0.00145122,1
305,Stock,Stock,0,Stock,0.70344496,0.70344496,0.28925890,0.00729616,1,Thread,0.99926001,0.00072220,0.99926001,0.00001781,0,Thread,0.97734559,0.02219872,0.97734559,0.00045561,0,Stock,0.97985005,0.97985005,0.01869719,0.00145274,1
306,Stock,Stock,0,Stock,0.61540419,0.61540419,0.37450013,0.01009568,1,Thread,0.99941778,0.00057039,0.99941778,0.00001175,0,Thread,0.98485339,0.01491127,0.98485339,0.00023524,0,Stock,0.97984928,0.97984928,0.01869839,0.00145233,1
307,Stock,Stock,0,Stock,0.68957657,0.68957657,0.30165642,0.00876698,1,Thread,0.99941790,0.00057035,0.99941790,0.00001175,0,Thread,0.98662359,0.01315490,0.98662359,0.00022157,0,Stock,0.97866404,0.97866404,0.02003546,0.00130053,1
308,Stock,Stock,0,Stock,0.69742924,0.69742924,0.29510924,0.00746152,1,Thread,0.99888569,0.00107844,0.99888569,0.00003589,0,Thread,0.97125602,0.02823414,0.97125602,0.00050985,0,Stock,0.97984993,0.97984993,0.01869737,0.00145278,1
309,Stock,Stock,0,Stock,0.58987397,0.58987397,0.40069342,0.00943266,1,Thread,0.99941742,0.00057075,0.99941742,0.00001176,0,Thread,0.98484647,0.01491829,0.98484647,0.00023529,0,Stock,0.97984833,0.97984833,0.01869977,0.00145187,1
310,Stock,Stock,0,Stock,0.62445569,0.62445569,0.36558333,0.00996094,1,Thread,0.99941790,0.00057034,0.99941790,0.00001175,0,Thread,0.98588711,0.01387777,0.98588711,0.00023500,0,Stock,0.97984809,0.97984809,0.01870012,0.00145177,1
311,Stock,Stock,0,Stock,0.69520700,0.69520700,0.29725611,0.00753693,1,Thread,0.99894804,0.00101934,0.99894804,0.00003262,0,Thread,0.97270638,0.02680563,0.97270638,0.00048805,0,Stock,0.97985005,0.97985005,0.01869722,0.00145275,1
312,Stock,Stock,0,Stock,0.57843679,0.57843679,0.41247582,0.00908746,1,Thread,0.99941409,0.00057399,0.99941409,0.00001189,0,Thread,0.98512357,0.01464325,0.98512357,0.00023322,0,Stock,0.97984523,0.97984523,0.01870405,0.00145079,1
313,Stock,Stock,0,Stock,0.61710548,0.61710548,0.37290835,0.00998622,1,Thread,0.99941790,0.00057031,0.99941790,0.00001175,0,Thread,0.98632950,0.01344362,0.98632950,0.00022695,0,Stock,0.97984642,0.97984642,0.01870280,0.00145088,1
314,Stock,Stock,0,Stock,0.69053626,0.69053626,0.30180237,0.00766137,1,Thread,0.99868387,0.00126883,0.99868387,0.00004728,0,Thread,0.96706098,0.03238844,0.96706098,0.00055061,0,Stock,0.97985005,0.97985005,0.01869718,0.00145274,1
315,Stock,Stock,0,Stock,0.55231518,0.55231518,0.43779352,0.00989123,1,Thread,0.99941790,0.00057030,0.99941790,0.00001175,0,Thread,0.98245758,0.01725230,0.98245758,0.00029010,0,Stock,0.97984058,0.97984058,0.01870999,0.00144944,1
316,Stock,Stock,0,Stock,0.57961786,0.57961786,0.41130567,0.00907652,1,Thread,0.99941790,0.00057029,0.99941790,0.00001175,0,Thread,0.98394817,0.01577926,0.98394817,0.00027257,0,Stock,0.97982454,0.97982454,0.01872783,0.00144773,1
317,Stock,Stock,0,Stock,0.66871864,0.66871864,0.32306305,0.00821831,1,Thread,0.99866843,0.00128335,0.99866843,0.00004818,0,Thread,0.96622556,0.03321245,0.96622556,0.00056200,0,Stock,0.97984993,0.97984993,0.01869729,0.00145273,1
318,Stock,Stock,0,Stock,0.57865745,0.57865745,0.41223046,0.00911215,1,Thread,0.99941790,0.00057029,0.99941790,0.00001175,0,Thread,0.98283941,0.01688160,0.98283941,0.00027898,0,Stock,0.97984236,0.97984236,0.01870858,0.00144897,1
319,Stock,Stock,0,Stock,0.57888889,0.57888889,0.41196924,0.00914179,1,Thread,0.99941790,0.00057030,0.99941790,0.00001175,0,Thread,0.98497194,0.01476573,0.98497194,0.00026235,0,Stock,0.97970951,0.97970951,0.01884914,0.00144136,1
320,Stock,Stock,0,Stock,0.63696373,0.63696373,0.35449898,0.00853728,1,Thread,0.99867541,0.00127685,0.99867541,0.00004777,0,Thread,0.96629947,0.03313761,0.96629947,0.00056295,0,Stock,0.97984993,0.97984993,0.01869738,0.00145273,1
321,Stock,Stock,0,Stock,0.54216337,0.54216337,0.44747862,0.01035801,1,Thread,0.99941790,0.00057031,0.99941790,0.00001175,0,Thread,0.98133034,0.01836567,0.98133034,0.00030404,0,Stock,0.97980106,0.97980106,0.01876935,0.00142952,1
322,Stock,Stock,0,Stock,0.57939762,0.57939762,0.41152602,0.00907636,1,Thread,0.99941790,0.00057029,0.99941790,0.00001175,0,Thread,0.98447478,0.01525159,0.98447478,0.00027373,0,Stock,0.97984320,0.97984320,0.01870735,0.00144940,1
323,Stock,Stock,0,Stock,0.57912123,0.57912123,0.41199884,0.00887989,1,Thread,0.99867046,0.00128152,0.99867046,0.00004806,0,Thread,0.96962297,0.02986751,0.96962297,0.00050950,0,Stock,0.97984958,0.97984958,0.01869768,0.00145271,1
324,Stock,Stock,0,Stock,0.54705828,0.54705828,0.44288546,0.01005628,1,Thread,0.99941790,0.00057029,0.99941790,0.00001175,0,Thread,0.98169589,0.01800852,0.98169589,0.00029561,0,Stock,0.97973746,0.97973746,0.01886832,0.00139431,1
325,Stock,Stock,0,Stock,0.57844520,0.57844520,0.41241562,0.00913922,1,Thread,0.99941790,0.00057029,0.99941790,0.00001175,0,Thread,0.98503023,0.01470847,0.98503023,0.00026130,0,Stock,0.97974807,0.97974807,0.01881845,0.00143348,1
326,Stock,Stock,0,Stock,0.55295980,0.55295980,0.43727130,0.00976891,1,Thread,0.99872273,0.00123225,0.99872273,0.00004504,0,Thread,0.97308010,0.02645277,0.97308010,0.00046717,0,Stock,0.97984743,0.97984743,0.01870001,0.00145259,1
327,Stock,Stock,0,Stock,0.51321900,0.51321900,0.47631162,0.01046931,1,Thread,0.99941790,0.00057030,0.99941790,0.00001175,0,Thread,0.98483986,0.01492473,0.98483986,0.00023534,0,Stock,0.97908598,0.97908598,0.01958004,0.00133394,1
328,Stock,Stock,0,Stock,0.57933462,0.57933462,0.41158602,0.00907929,1,Thread,0.99941790,0.00057029,0.99941790,0.00001175,0,Thread,0.98481029,0.01492316,0.98481029,0.00026657,0,Stock,0.97977370,0.97977370,0.01880228,0.00142402,1
329,Stock,Stock,0,Stock,0.55000180,0.55000180,0.44010878,0.00988937,1,Thread,0.99890673,0.00105851,0.99890673,0.00003483,0,Thread,0.97424299,0.02529215,0.97424299,0.00046486,0,Stock,0.97984731,0.97984731,0.01870012,0.00145258,1
330,Stock,Stock,0,Stock,0.50280255,0.50280255,0.48664737,0.01055008,1,Thread,0.99941790,0.00057030,0.99941790,0.00001175,0,Thread,0.98484331,0.01492143,0.98484331,0.00023532,0,Stock,0.97851801,0.97851801,0.02019681,0.00128517,1
331,Stock,Stock,0,Stock,0.57814854,0.57814854,0.41271600,0.00913547,1,Thread,0.99941790,0.00057031,0.99941790,0.00001175,0,Thread,0.98278588,0.01691976,0.98278588,0.00029436,0,Stock,0.97824222,0.97824222,0.02049099,0.00126681,1
332,Stock,Stock,0,Stock,0.55519772,0.55519772,0.43515596,0.00964636,1,Thread,0.99915624,0.00082153,0.99915624,0.00002230,0,Thread,0.97417384,0.02535735,0.97417384,0.00046883,0,Stock,0.97984993,0.97984993,0.01869737,0.00145273,1
333,Stock,Stock,0,Stock,0.54388624,0.54388624,0.44587287,0.01024095,1,Thread,0.99933261,0.00065220,0.99933261,0.00001512,0,Thread,0.98641056,0.01336637,0.98641056,0.00022312,0,Stock,0.97954696,0.97954696,0.01911685,0.00133624,1
334,Stock,Stock,0,Stock,0.57909817,0.57909817,0.41181022,0.00909163,1,Thread,0.99941790,0.00057030,0.99941790,0.00001175,0,Thread,0.98393536,0.01579208,0.98393536,0.00027261,0,Stock,0.97801697,0.97801697,0.02074308,0.00123991,1
335,Stock,Stock,0,Stock,0.55923754,0.55923754,0.43106860,0.00969380,1,Thread,0.99914730,0.00082998,0.99914730,0.00002272,0,Thread,0.97451156,0.02501535,0.97451156,0.00047312,0,Stock,0.97985005,0.97985005,0.01869720,0.00145274,1
336,Stock,Stock,0,Stock,0.54688472,0.54688472,0.44313306,0.00998219,1,Thread,0.99933064,0.00065416,0.99933064,0.00001520,0,Thread,0.98648989,0.01328759,0.98648989,0.00022254,0,Stock,0.97943866,0.97943866,0.01925593,0.00130550,1
337,Stock,Stock,0,Stock,0.58052433,0.58052433,0.41044012,0.00903551,1,Thread,0.99941778,0.00057048,0.99941778,0.00001175,0,Thread,0.98663145,0.01314710,0.98663145,0.00022146,0,Stock,0.97918886,0.97918886,0.01950211,0.00130910,1
338,Stock,Stock,0,Stock,0.55061007,0.55061007,0.43939903,0.00999089,1,Thread,0.99912733,0.00084901,0.99912733,0.00002366,0,Thread,0.97424001,0.02529068,0.97424001,0.00046930,0,Stock,0.97984982,0.97984982,0.01869748,0.00145276,1
339,Stock,Stock,0,Stock,0.54274446,0.54274446,0.44682029,0.01043525,1,Thread,0.99941790,0.00057030,0.99941790,0.00001175,0,Thread,0.98493212,0.01483319,0.98493212,0.00023465,0,Stock,0.97817880,0.97817880,0.02058692,0.00123428,1
340,Stock,Stock,0,Stock,0.58222061,0.58222061,0.40879703,0.00898238,1,Thread,0.99941778,0.00057048,0.99941778,0.00001176,0,Thread,0.98663145,0.01314710,0.98663145,0.00022146,0,Stock,0.97904372,0.97904372,0.01967411,0.00128224,1
341,Stock,Stock,0,Stock,0.57157695,0.57157695,0.41966468,0.00875837,1,Thread,0.99941528,0.00057294,0.99941528,0.00001184,0,Thread,0.97738546,0.02219549,0.97738546,0.00041911,0,Stock,0.97984844,0.97984844,0.01869906,0.00145252,1
342,Stock,Stock,0,Stock,0.54719311,0.54719311,0.44218495,0.01062195,1,Thread,0.99941540,0.00057277,0.99941540,0.00001185,0,Thread,0.98929590,0.01049360,0.98929590,0.00021051,0,Stock,0.97008610,0.97008610,0.02867084,0.00124300,1
343,Stock,Stock,0,Stock,0.57948333,0.57948333,0.41143957,0.00907709,1,Thread,0.99941790,0.00057032,0.99941790,0.00001175,0,Thread,0.98663133,0.01314718,0.98663133,0.00022146,0,Stock,0.97694832,0.97694832,0.02184793,0.00120378,1
344,Stock,Stock,0,Stock,0.56796986,0.56796986,0.42366800,0.00836209,1,Thread,0.99941790,0.00057038,0.99941790,0.00001175,0,Thread,0.98027396,0.01929469,0.98027396,0.00043131,0,Stock,0.97946906,0.97946906,0.01922687,0.00130410,1
345,Stock,Stock,0,Stock,0.58424389,0.58424389,0.40685007,0.00890604,1,Thread,0.99932814,0.00065652,0.99932814,0.00001531,0,Thread,0.98122555,0.01847348,0.98122555,0.00030094,0,Stock,0.97782224,0.97782224,0.02086229,0.00131543,1
346,Stock,Stock,0,Stock,0.57798302,0.57798302,0.41294464,0.00907235,1,Thread,0.99941790,0.00057029,0.99941790,0.00001175,0,Thread,0.98937315,0.01041689,0.98937315,0.00020996,0,Stock,0.96881884,0.96881884,0.02998867,0.00119242,1
347,Stock,Stock,0,Stock,0.56728029,0.56728029,0.42438450,0.00833520,1,Thread,0.99902117,0.00094961,0.99902117,0.00002920,0,Thread,0.97531295,0.02424138,0.97531295,0.00044560,0,Stock,0.97679180,0.97679180,0.02200460,0.00120355,1
348,Stock,Stock,0,Stock,0.55985761,0.55985761,0.43007809,0.01006431,1,Thread,0.99941766,0.00057058,0.99941766,0.00001176,0,Thread,0.98016971,0.01951672,0.98016971,0.00031364,0,Stock,0.97554207,0.97554207,0.02318919,0.00126874,1
349,Stock,Stock,0,Stock,0.57923055,0.57923055,0.41178232,0.00898709,1,Thread,0.99918300,0.00078994,0.99918300,0.00002708,0,Thread,0.98105031,0.01865160,0.98105031,0.00029810,0,Stock,0.97301006,0.97301006,0.02576638,0.00122350,1
350,Stock,Stock,0,Stock,0.56790847,0.56790847,0.42373070,0.00836087,1,Thread,0.99902177,0.00094905,0.99902177,0.00002916,0,Thread,0.97463870,0.02492150,0.97463870,0.00043978,0,Stock,0.97678715,0.97678715,0.02199694,0.00121585,1
351,Stock,Stock,0,Stock,0.55967742,0.55967742,0.43005106,0.01027158,1,Thread,0.99932611,0.00065855,0.99932611,0.00001540,0,Thread,0.96573156,0.03369409,0.96573156,0.00057438,0,Stock,0.97728354,0.97728354,0.02142986,0.00128669,1
352,Stock,Stock,0,Stock,0.57986712,0.57986712,0.41111234,0.00902051,1,Thread,0.99918288,0.00079004,0.99918288,0.00002709,0,Thread,0.98071152,0.01898806,0.98071152,0.00030049,0,Stock,0.97281748,0.97281748,0.02596022,0.00122230,1
353,Stock,Stock,0,Stock,0.78260291,0.78260291,0.21091798,0.00647906,1,Thread,0.99620557,0.00355153,0.99620557,0.00024284,0,Thread,0.62240112,0.37606597,0.62240112,0.00153290,0,Stock,0.98046941,0.98046941,0.01770852,0.00182209,1
354,Stock,Stock,0,Stock,0.71614701,0.71614701,0.27424750,0.00960549,1,Thread,0.99436533,0.00529894,0.99436533,0.00033570,0,Stock,0.61508489,0.61508489,0.38270715,0.00220795,1,Stock,0.98055512,0.98055512,0.01695641,0.00248849,1
355,Stock,Stock,0,Stock,0.83021915,0.83021915,0.16384917,0.00593169,1,Thread,0.98955894,0.00969505,0.98955894,0.00074598,0,Thread,0.68043929,0.31801662,0.68043929,0.00154409,0,Stock,0.97866255,0.97866255,0.01943774,0.00189970,1
356,Stock,Stock,0,Stock,0.84713817,0.84713817,0.14644417,0.00641762,1,Thread,0.99502605,0.00457681,0.99502605,0.00039712,0,Thread,0.91558838,0.08367495,0.91558838,0.00073667,0,Stock,0.97985017,0.97985017,0.01869712,0.00145275,1
357,Stock,Stock,0,Stock,0.62408131,0.62408131,0.36324769,0.01267104,1,Thread,0.99270308,0.00678857,0.99270308,0.00050839,0,Thread,0.91948634,0.07966485,0.91948634,0.00084880,0,Stock,0.97993326,0.97993326,0.01864136,0.00142543,1
358,Stock,Stock,0,Stock,0.93479186,0.93479186,0.05826788,0.00694021,1,Thread,0.62561411,0.36707333,0.62561411,0.00731260,0,Stock,0.63900280,0.63900280,0.35900468,0.00199246,1,Stock,0.98792726,0.98792726,0.01036957,0.00170322,1
359,Stock,Stock,0,Stock,0.80185324,0.80185324,0.19062497,0.00752179,1,Thread,0.99225414,0.00720525,0.99225414,0.00054061,0,Thread,0.55183935,0.44655758,0.55183935,0.00160302,0,Stock,0.97966570,0.97966570,0.01889037,0.00144398,1
360,Stock,Stock,0,Stock,0.79984194,0.79984194,0.18410106,0.01605701,1,Thread,0.95717120,0.04044107,0.95717120,0.00238774,0,Stock,0.51490951,0.51490951,0.48304853,0.00204194,1,Stock,0.98309672,0.98309672,0.01550137,0.00140185,1
361,Stock,Stock,0,Stock,0.75480890,0.75480890,0.23588066,0.00931046,1,Thread,0.99196821,0.00728852,0.99196821,0.00074320,0,Stock,0.54774946,0.54774946,0.45057002,0.00168045,1,Stock,0.98360401,0.98360401,0.01480139,0.00159452,1
362,Thread,Thread,0,Thread,0.49750111,0.49044111,0.49750111,0.01205778,1,Thread,0.99932611,0.00065860,0.99932611,0.00001540,1,Thread,0.96326083,0.03619000,0.96326083,0.00054913,1,Stock,0.96527827,0.96527827,0.03292834,0.00179336,0
363,Thread,Thread,0,Thread,0.52094150,0.46760425,0.52094150,0.01145432,1,Thread,0.99932611,0.00065860,0.99932611,0.00001540,1,Thread,0.96348101,0.03607954,0.96348101,0.00043942,1,Stock,0.97881168,0.97881168,0.01928824,0.00190007,0
364,Thread,Thread,0,Thread,0.49494320,0.49068353,0.49494320,0.01437330,1,Thread,0.99847585,0.00145764,0.99847585,0.00006656,1,Thread,0.83036298,0.16857938,0.83036298,0.00105770,1,Stock,0.97859359,0.97859359,0.01880299,0.00260346,0
365,Stock,Stock,0,Stock,0.99355596,0.99355596,0.00021344,0.00623058,1,Stock,0.99984479,0.99984479,0.00012997,0.00002527,1,Stock,1.00000000,1.00000000,0.00000000,0.00000000,1,Stock,0.99293655,0.99293655,0.00023108,0.00683245,1
366,Thread,Stock,1,Thread,0.53856546,0.44442397,0.53856546,0.01701049,0,Thread,0.79514849,0.19336826,0.79514849,0.01148335,0,Stock,0.97005916,0.97005916,0.02953963,0.00040119,1,Stock,0.97757226,0.97757226,0.01807514,0.00435263,1
367,Thread,Stock,1,Thread,0.67575794,0.30441746,0.67575794,0.01982458,0,Thread,0.90647191,0.08831555,0.90647191,0.00521248,0,Stock,0.99459487,0.99459487,0.00515378,0.00025140,1,Stock,0.94640911,0.94640911,0.04904594,0.00454498,1
368,Thread,Stock,1,Thread,0.62023276,0.36131266,0.62023276,0.01845463,0,Thread,0.84837002,0.14614101,0.84837002,0.00548900,0,Stock,0.99877912,0.99877912,0.00104886,0.00017203,1,Stock,0.95716667,0.95716667,0.03856397,0.00426932,1
369,Stock,Stock,0,Stock,0.67711061,0.67711061,0.30134603,0.02154332,1,Stock,0.65805256,0.65805256,0.33002362,0.01192382,1,Stock,0.99141628,0.99141628,0.00834558,0.00023813,1,Stock,0.98978770,0.98978770,0.00780639,0.00240594,1
370,Stock,Stock,0,Stock,0.49307889,0.49307889,0.49156031,0.01536081,1,Thread,0.71616566,0.27472430,0.71616566,0.00911003,0,Stock,0.99983919,0.99983919,0.00007671,0.00008409,1,Stock,0.97979844,0.97979844,0.01810809,0.00209348,1
371,Thread,Stock,1,Thread,0.66404915,0.31882331,0.66404915,0.01712757,0,Stock,0.53923750,0.53923750,0.44590089,0.01486160,1,Stock,0.99919659,0.99919659,0.00064123,0.00016221,1,Stock,0.95907521,0.95907521,0.03563001,0.00529476,1
372,Thread,Stock,1,Thread,0.58873838,0.39849889,0.58873838,0.01276283,0,Stock,0.68129730,0.68129730,0.30246276,0.01623992,1,Stock,0.99977213,0.99977213,0.00013537,0.00009243,1,Stock,0.97993809,0.97993809,0.01600466,0.00405728,1
373,Stock,Stock,0,Stock,0.68450820,0.68450820,0.30430272,0.01118903,1,Stock,0.50521016,0.50521016,0.47817883,0.01661100,1,Stock,0.95209098,0.95209098,0.04759172,0.00031734,1,Stock,0.98105729,0.98105729,0.01428192,0.00466074,1
374,Stock,Stock,0,Stock,0.56758529,0.56758529,0.42147982,0.01093492,1,Thread,0.90343696,0.09100838,0.90343696,0.00555465,0,Stock,0.99967098,0.99967098,0.00023806,0.00009095,1,Stock,0.97569025,0.97569025,0.02269417,0.00161553,1
375,Stock,Stock,0,Stock,0.70006931,0.70006931,0.28647199,0.01345866,1,Thread,0.93190539,0.06351356,0.93190539,0.00458093,0,Stock,0.86127090,0.86127090,0.13808072,0.00064836,1,Stock,0.98199940,0.98199940,0.01524293,0.00275768,1
376,Stock,Stock,0,Stock,0.84921968,0.84921968,0.13097939,0.01980092,1,Stock,0.96194702,0.96194702,0.03500396,0.00304907,1,Stock,0.99926037,0.99926037,0.00039535,0.00034427,1,Stock,0.98953313,0.98953313,0.00539323,0.00507361,1
377,Stock,Stock,0,Stock,0.56780940,0.56780940,0.42124450,0.01094606,1,Thread,0.87243950,0.12193725,0.87243950,0.00562319,0,Stock,0.99981552,0.99981552,0.00008543,0.00009902,1,Stock,0.97517610,0.97517610,0.02341025,0.00141377,1
378,Stock,Stock,0,Stock,0.66144425,0.66144425,0.32325059,0.01530513,1,Thread,0.74515063,0.24275310,0.74515063,0.01209620,0,Stock,0.99248064,0.99248064,0.00725482,0.00026459,1,Stock,0.96811301,0.96811301,0.02901060,0.00287642,1
379,Stock,Stock,0,Stock,0.74462819,0.74462819,0.09790184,0.15746999,1,Thread,0.68832558,0.30004832,0.68832558,0.01162613,0,Stock,0.99937373,0.99937373,0.00041052,0.00021571,1,Stock,0.98990434,0.98990434,0.00569962,0.00439612,1
380,Stock,Stock,0,Stock,0.99966216,0.99966216,0.00000282,0.00033504,1,Stock,0.99978703,0.99978703,0.00007085,0.00014213,1,Stock,1.00000000,1.00000000,0.00000001,0.00000001,1,Stock,0.99967539,0.99967539,0.00000490,0.00031969,1
381,Stock,Stock,0,Stock,0.99965954,0.99965954,0.00000279,0.00033775,1,Stock,0.99978703,0.99978703,0.00007085,0.00014213,1,Stock,1.00000000,1.00000000,0.00000001,0.00000001,1,Stock,0.99967539,0.99967539,0.00000490,0.00031969,1
382,Stock,Stock,0,Stock,0.99964762,0.99964762,0.00000272,0.00034968,1,Stock,0.99978703,0.99978703,0.00007085,0.00014213,1,Stock,1.00000000,1.00000000,0.00000001,0.00000001,1,Stock,0.99967539,0.99967539,0.00000490,0.00031969,1
383,Stock,Stock,0,Stock,0.99964392,0.99964392,0.00000271,0.00035334,1,Stock,0.99978703,0.99978703,0.00007085,0.00014213,1,Stock,1.00000000,1.00000000,0.00000001,0.00000001,1,Stock,0.99967539,0.99967539,0.00000490,0.00031969,1
384,Stock,Stock,0,Stock,0.99964321,0.99964321,0.00000275,0.00035402,1,Stock,0.99978703,0.99978703,0.00007085,0.00014213,1,Stock,1.00000000,1.00000000,0.00000001,0.00000000,1,Stock,0.99967539,0.99967539,0.00000490,0.00031969,1
385,Stock,Stock,0,Stock,0.99964035,0.99964035,0.00000301,0.00035663,1,Stock,0.99978703,0.99978703,0.00007085,0.00014213,1,Stock,1.00000000,1.00000000,0.00000000,0.00000000,1,Stock,0.99967539,0.99967539,0.00000490,0.00031969,1
386,Stock,Stock,0,Stock,0.99963200,0.99963200,0.00000402,0.00036394,1,Stock,0.99978703,0.99978703,0.00007085,0.00014213,1,Stock,1.00000000,1.00000000,0.00000000,0.00000000,1,Stock,0.99967539,0.99967539,0.00000490,0.00031969,1
387,Stock,Stock,0,Stock,0.99962223,0.99962223,0.00000493,0.00037281,1,Stock,0.99978703,0.99978703,0.00007085,0.00014213,1,Stock,1.00000000,1.00000000,0.00000000,0.00000000,1,Stock,0.99967539,0.99967539,0.00000490,0.00031969,1
388,Stock,Stock,0,Stock,0.99961746,0.99961746,0.00000518,0.00037741,1,Stock,0.99978703,0.99978703,0.00007085,0.00014213,1,Stock,1.00000000,1.00000000,0.00000000,0.00000000,1,Stock,0.99967539,0.99967539,0.00000490,0.00031969,1
389,Stock,Stock,0,Stock,0.99952316,0.99952316,0.00000636,0.00047059,1,Stock,0.99978703,0.99978703,0.00007085,0.00014213,1,Stock,1.00000000,1.00000000,0.00000000,0.00000000,1,Stock,0.99967539,0.99967539,0.00000490,0.00031969,1
390,Stock,Stock,0,Stock,0.99932444,0.99932444,0.00000891,0.00066659,1,Stock,0.99978703,0.99978703,0.00007085,0.00014213,1,Stock,1.00000000,1.00000000,0.00000000,0.00000000,1,Stock,0.99967539,0.99967539,0.00000490,0.00031969,1
391,Stock,Stock,0,Stock,0.99927551,0.99927551,0.00000982,0.00071476,1,Stock,0.99978703,0.99978703,0.00007085,0.00014213,1,Stock,1.00000000,1.00000000,0.00000000,0.00000000,1,Stock,0.99967539,0.99967539,0.00000490,0.00031969,1
392,Stock,Stock,0,Stock,0.99911660,0.99911660,0.00001276,0.00087070,1,Stock,0.99978703,0.99978703,0.00007085,0.00014213,1,Stock,1.00000000,1.00000000,0.00000000,0.00000000,1,Stock,0.99967539,0.99967539,0.00000490,0.00031969,1
393,Stock,Stock,0,Stock,0.99907070,0.99907070,0.00001391,0.00091536,1,Stock,0.99978703,0.99978703,0.00007085,0.00014213,1,Stock,1.00000000,1.00000000,0.00000000,0.00000000,1,Stock,0.99967539,0.99967539,0.00000490,0.00031969,1
394,Stock,Stock,0,Stock,0.99905938,0.99905938,0.00001464,0.00092593,1,Stock,0.99978703,0.99978703,0.00007085,0.00014213,1,Stock,1.00000000,1.00000000,0.00000000,0.00000000,1,Stock,0.99967527,0.99967527,0.00000491,0.00031985,1
395,Stock,Stock,0,Stock,0.99900848,0.99900848,0.00001655,0.00097505,1,Stock,0.99978703,0.99978703,0.00007085,0.00014213,1,Stock,1.00000000,1.00000000,0.00000000,0.00000000,1,Stock,0.99967086,0.99967086,0.00000499,0.00032411,1
396,Stock,Stock,0,Stock,0.99891567,0.99891567,0.00001972,0.00106456,1,Stock,0.99978703,0.99978703,0.00007085,0.00014213,1,Stock,1.00000000,1.00000000,0.00000000,0.00000000,1,Stock,0.99962080,0.99962080,0.00000614,0.00037295,1
397,Stock,Stock,0,Stock,0.99884439,0.99884439,0.00002299,0.00113264,1,Stock,0.99978703,0.99978703,0.00007085,0.00014213,1,Stock,1.00000000,1.00000000,0.00000000,0.00000000,1,Stock,0.99957472,0.99957472,0.00000743,0.00041794,1
398,Stock,Stock,0,Stock,0.99835277,0.99835277,0.00003918,0.00160815,1,Stock,0.99978703,0.99978703,0.00007085,0.00014213,1,Stock,1.00000000,1.00000000,0.00000000,0.00000000,1,Stock,0.99956781,0.99956781,0.00000763,0.00042453,1
399,Stock,Stock,0,Stock,0.99957973,0.99957973,0.00000576,0.00041450,1,Stock,0.99969494,0.99969494,0.00007858,0.00022660,1,Stock,0.99999976,0.99999976,0.00000019,0.00000005,1,Stock,0.99960166,0.99960166,0.00000664,0.00039168,1
400,Stock,Stock,0,Stock,0.99756706,0.99756706,0.00005360,0.00237928,1,Stock,0.99938893,0.99938893,0.00012747,0.00048360,1,Stock,0.99999726,0.99999726,0.00000181,0.00000096,1,Stock,0.99941027,0.99941027,0.00001122,0.00057859,1
401,Stock,Stock,0,Stock,0.99756706,0.99756706,0.00005361,0.00237929,1,Stock,0.99939001,0.99939001,0.00012672,0.00048321,1,Stock,0.99999726,0.99999726,0.00000181,0.00000096,1,Stock,0.99941015,0.99941015,0.00001121,0.00057867,1
402,Stock,Stock,0,Stock,0.99756706,0.99756706,0.00005361,0.00237931,1,Stock,0.99939299,0.99939299,0.00012597,0.00048112,1,Stock,0.99999726,0.99999726,0.00000181,0.00000096,1,Stock,0.99941003,0.99941003,0.00001121,0.00057874,1
403,Stock,Stock,0,Stock,0.99586785,0.99586785,0.00012211,0.00401003,1,Stock,0.99978679,0.99978679,0.00007078,0.00014242,1,Stock,1.00000000,1.00000000,0.00000001,0.00000000,1,Stock,0.99932933,0.99932933,0.00000996,0.00066067,1
404,Stock,Stock,0,Stock,0.99756694,0.99756694,0.00005361,0.00237941,1,Stock,0.99939001,0.99939001,0.00012633,0.00048369,1,Stock,0.99999726,0.99999726,0.00000181,0.00000096,1,Stock,0.99940979,0.99940979,0.00001120,0.00057899,1
405,Stock,Stock,0,Stock,0.99756706,0.99756706,0.00005361,0.00237937,1,Stock,0.99938881,0.99938881,0.00012663,0.00048453,1,Stock,0.99999726,0.99999726,0.00000181,0.00000096,1,Stock,0.99940991,0.99940991,0.00001121,0.00057889,1
406,Stock,Stock,0,Stock,0.99767369,0.99767369,0.00003455,0.00229180,1,Stock,0.99979120,0.99979120,0.00008452,0.00012427,1,Stock,1.00000000,1.00000000,0.00000000,0.00000000,1,Stock,0.99976546,0.99976546,0.00000382,0.00023068,1
407,Stock,Stock,0,Stock,0.99639183,0.99639183,0.00010742,0.00350078,1,Stock,0.99980408,0.99980408,0.00006637,0.00012956,1,Stock,1.00000000,1.00000000,0.00000000,0.00000000,1,Stock,0.99950230,0.99950230,0.00000887,0.00048892,1
408,Stock,Stock,0,Stock,0.99635762,0.99635762,0.00010853,0.00353382,1,Stock,0.99983907,0.99983907,0.00005762,0.00010329,1,Stock,1.00000000,1.00000000,0.00000000,0.00000000,1,Stock,0.99950230,0.99950230,0.00000887,0.00048892,1
409,Stock,Stock,0,Stock,0.99635530,0.99635530,0.00010861,0.00353621,1,Stock,0.99984956,0.99984956,0.00005548,0.00009483,1,Stock,1.00000000,1.00000000,0.00000000,0.00000000,1,Stock,0.99950230,0.99950230,0.00000887,0.00048892,1
410,Stock,Stock,0,Stock,0.99632806,0.99632806,0.00011011,0.00356178,1,Stock,0.99984980,0.99984980,0.00005547,0.00009477,1,Stock,1.00000000,1.00000000,0.00000000,0.00000000,1,Stock,0.99950230,0.99950230,0.00000887,0.00048892,1
411,Stock,Stock,0,Stock,0.99632746,0.99632746,0.00010987,0.00356264,1,Stock,0.99984980,0.99984980,0.00005546,0.00009475,1,Stock,1.00000000,1.00000000,0.00000000,0.00000000,1,Stock,0.99950230,0.99950230,0.00000887,0.00048892,1
412,Stock,Stock,0,Stock,0.99628770,0.99628770,0.00011273,0.00359953,1,Stock,0.99984980,0.99984980,0.00005546,0.00009475,1,Stock,1.00000000,1.00000000,0.00000000,0.00000000,1,Stock,0.99950230,0.99950230,0.00000887,0.00048892,1
413,Stock,Stock,0,Stock,0.99623740,0.99623740,0.00011531,0.00364728,1,Stock,0.99984980,0.99984980,0.00005546,0.00009475,1,Stock,1.00000000,1.00000000,0.00000000,0.00000000,1,Stock,0.99950230,0.99950230,0.00000887,0.00048892,1
414,Stock,Stock,0,Stock,0.99615854,0.99615854,0.00011835,0.00372307,1,Stock,0.99984980,0.99984980,0.00005546,0.00009475,1,Stock,1.00000000,1.00000000,0.00000000,0.00000000,1,Stock,0.99950230,0.99950230,0.00000887,0.00048892,1
415,Stock,Stock,0,Stock,0.99625850,0.99625850,0.00011491,0.00362650,1,Stock,0.99984980,0.99984980,0.00005546,0.00009475,1,Stock,1.00000000,1.00000000,0.00000000,0.00000000,1,Stock,0.99950230,0.99950230,0.00000887,0.00048892,1
416,Stock,Stock,0,Stock,0.99631506,0.99631506,0.00011173,0.00357317,1,Stock,0.99984980,0.99984980,0.00005546,0.00009475,1,Stock,1.00000000,1.00000000,0.00000000,0.00000000,1,Stock,0.99950230,0.99950230,0.00000887,0.00048891,1
417,Stock,Stock,0,Stock,0.99634296,0.99634296,0.00010973,0.00354726,1,Stock,0.99984980,0.99984980,0.00005546,0.00009475,1,Stock,1.00000000,1.00000000,0.00000000,0.00000000,1,Stock,0.99950230,0.99950230,0.00000887,0.00048890,1
418,Stock,Stock,0,Stock,0.99635494,0.99635494,0.00010878,0.00353629,1,Stock,0.99984980,0.99984980,0.00005546,0.00009475,1,Stock,1.00000000,1.00000000,0.00000000,0.00000000,1,Stock,0.99950230,0.99950230,0.00000887,0.00048890,1
419,Stock,Stock,0,Stock,0.99637008,0.99637008,0.00010809,0.00352185,1,Stock,0.99984980,0.99984980,0.00005546,0.00009475,1,Stock,1.00000000,1.00000000,0.00000000,0.00000000,1,Stock,0.99950230,0.99950230,0.00000887,0.00048890,1
420,Stock,Stock,0,Stock,0.99665028,0.99665028,0.00010043,0.00324939,1,Stock,0.99984980,0.99984980,0.00005546,0.00009475,1,Stock,1.00000000,1.00000000,0.00000000,0.00000000,1,Stock,0.99950230,0.99950230,0.00000887,0.00048891,1
421,Stock,Stock,0,Stock,0.99686253,0.99686253,0.00009511,0.00304246,1,Stock,0.99984980,0.99984980,0.00005546,0.00009475,1,Stock,1.00000000,1.00000000,0.00000000,0.00000000,1,Stock,0.99950230,0.99950230,0.00000887,0.00048891,1
422,Stock,Stock,0,Stock,0.99687433,0.99687433,0.00009482,0.00303085,1,Stock,0.99984980,0.99984980,0.00005546,0.00009475,1,Stock,1.00000000,1.00000000,0.00000000,0.00000000,1,Stock,0.99950230,0.99950230,0.00000887,0.00048892,1
423,Stock,Stock,0,Stock,0.99687445,0.99687445,0.00009481,0.00303072,1,Stock,0.99984992,0.99984992,0.00005539,0.00009460,1,Stock,1.00000000,1.00000000,0.00000000,0.00000000,1,Stock,0.99950230,0.99950230,0.00000887,0.00048892,1
424,Stock,Stock,0,Stock,0.99687445,0.99687445,0.00009481,0.00303071,1,Stock,0.99989021,0.99989021,0.00004340,0.00006639,1,Stock,1.00000000,1.00000000,0.00000000,0.00000000,1,Stock,0.99950230,0.99950230,0.00000887,0.00048892,1
425,Stock,Stock,0,Stock,0.99687445,0.99687445,0.00009481,0.00303070,1,Stock,0.99990952,0.99990952,0.00003703,0.00005345,1,Stock,1.00000000,1.00000000,0.00000000,0.00000000,1,Stock,0.99950230,0.99950230,0.00000887,0.00048890,1
426,Stock,Stock,0,Stock,0.99687445,0.99687445,0.00009481,0.00303070,1,Stock,0.99980026,0.99980026,0.00005511,0.00014473,1,Stock,1.00000000,1.00000000,0.00000004,0.00000001,1,Stock,0.99950612,0.99950612,0.00000895,0.00048496,1
427,Stock,Stock,0,Stock,0.99687445,0.99687445,0.00009481,0.00303070,1,Stock,0.99980158,0.99980158,0.00005480,0.00014358,1,Stock,1.00000000,1.00000000,0.00000003,0.00000000,1,Stock,0.99950516,0.99950516,0.00000898,0.00048591,1
428,Stock,Stock,0,Stock,0.99687445,0.99687445,0.00009481,0.00303070,1,Stock,0.99984312,0.99984312,0.00004648,0.00011041,1,Stock,1.00000000,1.00000000,0.00000001,0.00000000,1,Stock,0.99950492,0.99950492,0.00000898,0.00048612,1
429,Stock,Stock,0,Stock,0.99654049,0.99654049,0.00011392,0.00334558,1,Stock,0.99986410,0.99986410,0.00004959,0.00008630,1,Stock,0.99998891,0.99998891,0.00000763,0.00000342,1,Stock,0.99863738,0.99863738,0.00005136,0.00131130,1
430,Stock,Stock,0,Stock,0.99654120,0.99654120,0.00011386,0.00334500,1,Stock,0.99986136,0.99986136,0.00004976,0.00008881,1,Stock,0.99998891,0.99998891,0.00000762,0.00000341,1,Stock,0.99862158,0.99862158,0.00005093,0.00132743,1
431,Stock,Stock,0,Stock,0.99654049,0.99654049,0.00011378,0.00334564,1,Stock,0.99985147,0.99985147,0.00005003,0.00009842,1,Stock,0.99998903,0.99998903,0.00000761,0.00000340,1,Stock,0.99859029,0.99859029,0.00005007,0.00135956,1
432,Stock,Stock,0,Stock,0.99653876,0.99653876,0.00011375,0.00334748,1,Stock,0.99987173,0.99987173,0.00004716,0.00008106,1,Stock,0.99998891,0.99998891,0.00000763,0.00000342,1,Stock,0.99850297,0.99850297,0.00004852,0.00144844,1
433,Stock,Stock,0,Stock,0.99964142,0.99964142,0.00000542,0.00035320,1,Stock,0.99980325,0.99980325,0.00006688,0.00012992,1,Stock,0.99998140,0.99998140,0.00001069,0.00000788,1,Stock,0.99967539,0.99967539,0.00000490,0.00031969,1
434,Stock,Stock,0,Stock,0.99964213,0.99964213,0.00000541,0.00035250,1,Stock,0.99981195,0.99981195,0.00006501,0.00012311,1,Stock,0.99998116,0.99998116,0.00001084,0.00000802,1,Stock,0.99967539,0.99967539,0.00000490,0.00031969,1
435,Stock,Stock,0,Stock,0.99993503,0.99993503,0.00000006,0.00006493,1,Stock,0.99981588,0.99981588,0.00003092,0.00015325,1,Stock,1.00000000,1.00000000,0.00000000,0.00000000,1,Stock,0.99996614,0.99996614,0.00000000,0.00003383,1
436,Stock,Stock,0,Stock,0.99991786,0.99991786,0.00000016,0.00008199,1,Stock,0.99981362,0.99981362,0.00006653,0.00011994,1,Stock,0.99998808,0.99998808,0.00000712,0.00000473,1,Stock,0.99986112,0.99986112,0.00000054,0.00013834,1
437,Stock,Stock,0,Stock,0.99907243,0.99907243,0.00001270,0.00091483,1,Stock,0.99970573,0.99970573,0.00009752,0.00019673,1,Stock,0.99999607,0.99999607,0.00000282,0.00000106,1,Stock,0.99968100,0.99968100,0.00000668,0.00031230,1
438,Stock,Stock,0,Stock,0.99900049,0.99900049,0.00001369,0.00098578,1,Stock,0.99970573,0.99970573,0.00009751,0.00019671,1,Stock,0.99999595,0.99999595,0.00000291,0.00000114,1,Stock,0.99968588,0.99968588,0.00000661,0.00030761,1
439,Stock,Stock,0,Stock,0.99968863,0.99968863,0.00000049,0.00031095,1,Stock,0.99950504,0.99950504,0.00017061,0.00032434,1,Stock,0.99999499,0.99999499,0.00000383,0.00000119,1,Stock,0.99982649,0.99982649,0.00000188,0.00017158,1
440,Stock,Stock,0,Stock,0.99968493,0.99968493,0.00000049,0.00031460,1,Stock,0.99950099,0.99950099,0.00017242,0.00032655,1,Stock,0.99999559,0.99999559,0.00000345,0.00000098,1,Stock,0.99982965,0.99982965,0.00000226,0.00016804,1
441,Stock,Stock,0,Stock,0.99941504,0.99941504,0.00000451,0.00058048,1,Stock,0.99971730,0.99971730,0.00011747,0.00016522,1,Stock,0.99998128,0.99998128,0.00001145,0.00000727,1,Stock,0.99976236,0.99976236,0.00000523,0.00023237,1
442,Stock,Stock,0,Stock,0.99798179,0.99798179,0.00003681,0.00198141,1,Stock,0.99981266,0.99981266,0.00005907,0.00012830,1,Stock,0.99999988,0.99999988,0.00000012,0.00000001,1,Stock,0.99966049,0.99966049,0.00001651,0.00032291,1
443,Stock,Stock,0,Stock,0.99807477,0.99807477,0.00002716,0.00189803,1,Stock,0.99972636,0.99972636,0.00014221,0.00013141,1,Stock,0.99998093,0.99998093,0.00001162,0.00000748,1,Stock,0.99972719,0.99972719,0.00000485,0.00026794,1
444,Stock,Stock,0,Stock,0.99722373,0.99722373,0.00006484,0.00271149,1,Stock,0.99981219,0.99981219,0.00005894,0.00012890,1,Stock,0.99999988,0.99999988,0.00000015,0.00000001,1,Stock,0.99964607,0.99964607,0.00001627,0.00033758,1
445,Stock,Stock,0,Stock,0.99867672,0.99867672,0.00001919,0.00130413,1,Stock,0.99987924,0.99987924,0.00003897,0.00008172,1,Stock,1.00000000,1.00000000,0.00000002,0.00000000,1,Stock,0.99961424,0.99961424,0.00001017,0.00037561,1
446,Stock,Stock,0,Stock,0.99815041,0.99815041,0.00002423,0.00182532,1,Stock,0.99973899,0.99973899,0.00013072,0.00013032,1,Stock,0.99999249,0.99999249,0.00000634,0.00000120,1,Stock,0.99972612,0.99972612,0.00000383,0.00027001,1
447,Stock,Stock,0,Stock,0.99813312,0.99813312,0.00002450,0.00184243,1,Stock,0.99974102,0.99974102,0.00013034,0.00012857,1,Stock,0.99999225,0.99999225,0.00000650,0.00000124,1,Stock,0.99972612,0.99972612,0.00000383,0.00027001,1
448,Stock,Stock,0,Stock,0.99805236,0.99805236,0.00002569,0.00192201,1,Stock,0.99974316,0.99974316,0.00012996,0.00012694,1,Stock,0.99999177,0.99999177,0.00000688,0.00000135,1,Stock,0.99972612,0.99972612,0.00000383,0.00027001,1
449,Stock,Stock,0,Stock,0.99907768,0.99907768,0.00001157,0.00091078,1,Stock,0.99988139,0.99988139,0.00004933,0.00006922,1,Stock,1.00000000,1.00000000,0.00000003,0.00000000,1,Stock,0.99969709,0.99969709,0.00000647,0.00029648,1
450,Stock,Stock,0,Stock,0.99745268,0.99745268,0.00001753,0.00252981,1,Stock,0.99982208,0.99982208,0.00006322,0.00011478,1,Stock,0.99999940,0.99999940,0.00000053,0.00000011,1,Stock,0.99884987,0.99884987,0.00003388,0.00111624,1
451,Stock,Stock,0,Stock,0.99964607,0.99964607,0.00000534,0.00034853,1,Stock,0.99979872,0.99979872,0.00006627,0.00013501,1,Stock,0.99997628,0.99997628,0.00001293,0.00001082,1,Stock,0.99967539,0.99967539,0.00000490,0.00031969,1
452,Stock,Stock,0,Stock,0.99964333,0.99964333,0.00000539,0.00035130,1,Stock,0.99979776,0.99979776,0.00006646,0.00013571,1,Stock,0.99997628,0.99997628,0.00001293,0.00001082,1,Stock,0.99967539,0.99967539,0.00000490,0.00031969,1
453,Stock,Stock,0,Stock,0.99806148,0.99806148,0.00004668,0.00189182,1,Stock,0.99940312,0.99940312,0.00011655,0.00048034,1,Stock,0.99994230,0.99994230,0.00002510,0.00003257,1,Stock,0.99927336,0.99927336,0.00001926,0.00070739,1
454,Stock,Stock,0,Stock,0.99916494,0.99916494,0.00001938,0.00081561,1,Stock,0.99967039,0.99967039,0.00009906,0.00023062,1,Stock,0.99994373,0.99994373,0.00002454,0.00003173,1,Stock,0.99961543,0.99961543,0.00000600,0.00037855,1
455,Stock,Stock,0,Stock,0.99808121,0.99808121,0.00004709,0.00187165,1,Stock,0.99940288,0.99940288,0.00011690,0.00048028,1,Stock,0.99994230,0.99994230,0.00002510,0.00003257,1,Stock,0.99926692,0.99926692,0.00002151,0.00071153,1
456,Stock,Stock,0,Stock,0.99808526,0.99808526,0.00004724,0.00186758,1,Stock,0.99940205,0.99940205,0.00011788,0.00048009,1,Stock,0.99994230,0.99994230,0.00002510,0.00003257,1,Stock,0.99926502,0.99926502,0.00002228,0.00071272,1
457,Stock,Stock,0,Stock,0.99808586,0.99808586,0.00004727,0.00186693,1,Stock,0.99940038,0.99940038,0.00011984,0.00047972,1,Stock,0.99994230,0.99994230,0.00002510,0.00003257,1,Stock,0.99926513,0.99926513,0.00002213,0.00071276,1
458,Stock,Stock,0,Stock,0.99807608,0.99807608,0.00004696,0.00187693,1,Stock,0.99938858,0.99938858,0.00013424,0.00047719,1,Stock,0.99994230,0.99994230,0.00002510,0.00003257,1,Stock,0.99927503,0.99927503,0.00001933,0.00070566,1
459,Stock,Stock,0,Stock,0.99471503,0.99471503,0.00040511,0.00487993,1,Stock,0.99943036,0.99943036,0.00015768,0.00041197,1,Stock,0.99996114,0.99996114,0.00001151,0.00002731,1,Stock,0.99442601,0.99442601,0.00059652,0.00497746,1
460,Stock,Stock,0,Stock,0.95758921,0.95758921,0.02788997,0.01452081,1,Stock,0.99849701,0.99849701,0.00057235,0.00093066,1,Stock,0.99957114,0.99957114,0.00024847,0.00018041,1,Stock,0.99538088,0.99538088,0.00210063,0.00251848,1
461,Stock,Stock,0,Stock,0.97410482,0.97410482,0.01810135,0.00779373,1,Stock,0.99911124,0.99911124,0.00017385,0.00071491,1,Stock,0.99983215,0.99983215,0.00006947,0.00009836,1,Stock,0.99506527,0.99506527,0.00126010,0.00367463,1
462,Stock,Stock,0,Stock,0.80542934,0.80542934,0.14743042,0.04714017,1,Thread,0.94522148,0.05022154,0.94522148,0.00455692,0,Stock,0.55754894,0.55754894,0.44078356,0.00166740,1,Stock,0.98270756,0.98270756,0.01369273,0.00359978,1
463,Stock,Stock,0,Stock,0.99494815,0.99494815,0.00021792,0.00483391,1,Stock,0.99895394,0.99895394,0.00030824,0.00073785,1,Stock,0.99987090,0.99987090,0.00004482,0.00008422,1,Stock,0.99523491,0.99523491,0.00082539,0.00393973,1
464,Stock,Stock,0,Stock,0.91990989,0.91990989,0.06977030,0.01031972,1,Stock,0.99764061,0.99764061,0.00135748,0.00100194,1,Stock,0.99971265,0.99971265,0.00013775,0.00014954,1,Stock,0.99189138,0.99189138,0.00401820,0.00409031,1
465,Stock,Stock,0,Stock,0.83433187,0.83433187,0.14333126,0.02233685,1,Thread,0.98136318,0.01635575,0.98136318,0.00228102,0,Thread,0.59022903,0.40836191,0.59022903,0.00140905,0,Stock,0.98441005,0.98441005,0.01243065,0.00315935,1
466,Stock,Stock,0,Stock,0.96834910,0.96834910,0.01473829,0.01691252,1,Stock,0.99881494,0.99881494,0.00037240,0.00081263,1,Stock,0.99980670,0.99980670,0.00006435,0.00012897,1,Stock,0.99238867,0.99238867,0.00248522,0.00512609,1
467,Stock,Stock,0,Stock,0.95299298,0.95299298,0.03457786,0.01242913,1,Stock,0.99917245,0.99917245,0.00022325,0.00060435,1,Stock,0.99990249,0.99990249,0.00003989,0.00005754,1,Stock,0.99123096,0.99123096,0.00209728,0.00667180,1
468,Stock,Stock,0,Stock,0.82547808,0.82547808,0.15233880,0.02218317,1,Thread,0.98413128,0.01404148,0.98413128,0.00182718,0,Thread,0.74232084,0.25663966,0.74232084,0.00103951,0,Stock,0.98799676,0.98799676,0.00904611,0.00295716,1
469,Stock,Stock,0,Stock,0.86374354,0.86374354,0.12241882,0.01383767,1,Thread,0.75436187,0.22822392,0.75436187,0.01741417,0,Thread,0.62161392,0.37711754,0.62161392,0.00126853,0,Stock,0.98533440,0.98533440,0.01050042,0.00416519,1
470,Stock,Stock,0,Stock,0.98012996,0.98012996,0.00928257,0.01058749,1,Stock,0.99836951,0.99836951,0.00054858,0.00108194,1,Stock,0.99983561,0.99983561,0.00006446,0.00009992,1,Stock,0.99411964,0.99411964,0.00194112,0.00393927,1
471,Stock,Stock,0,Stock,0.96419740,0.96419740,0.01556022,0.02024248,1,Stock,0.99869812,0.99869812,0.00023894,0.00106290,1,Stock,0.99991298,0.99991298,0.00003006,0.00005698,1,Stock,0.99846435,0.99846435,0.00013998,0.00139573,1
472,Stock,Stock,0,Stock,0.98566520,0.98566520,0.00035954,0.01397529,1,Stock,0.99897504,0.99897504,0.00044090,0.00058408,1,Stock,0.99996662,0.99996662,0.00001133,0.00002211,1,Stock,0.99624193,0.99624193,0.00023881,0.00351926,1
473,Stock,Stock,0,Stock,0.80682725,0.80682725,0.14276762,0.05040511,1,Thread,0.98212081,0.01566016,0.98212081,0.00221906,0,Thread,0.79679465,0.20229211,0.79679465,0.00091321,0,Stock,0.98441088,0.98441088,0.01200549,0.00358365,1
474,Stock,Stock,0,Stock,0.82687181,0.82687181,0.10429821,0.06882999,1,Thread,0.89070708,0.10025965,0.89070708,0.00903334,0,Thread,0.59450281,0.40420577,0.59450281,0.00129140,0,Stock,0.96345729,0.96345729,0.02470363,0.01183905,1
475,Stock,Stock,0,Stock,0.99660730,0.99660730,0.00014493,0.00324782,1,Stock,0.99838781,0.99838781,0.00034294,0.00126928,1,Stock,0.99993145,0.99993145,0.00002178,0.00004673,1,Stock,0.99453485,0.99453485,0.00042917,0.00503601,1
476,Stock,Stock,0,Stock,0.97392231,0.97392231,0.01926146,0.00681630,1,Stock,0.99746192,0.99746192,0.00088014,0.00165797,1,Stock,0.99973434,0.99973434,0.00011988,0.00014577,1,Stock,0.99228680,0.99228680,0.00387867,0.00383447,1
477,Stock,Stock,0,Stock,0.86175537,0.86175537,0.00034112,0.13790347,1,Stock,0.98722202,0.98722202,0.00089676,0.01188126,1,Stock,0.99981004,0.99981004,0.00003810,0.00015179,1,Stock,0.96226108,0.96226108,0.00074893,0.03698994,1
478,Stock,Stock,0,Stock,0.50530577,0.50530577,0.00141615,0.49327806,1,Stock,0.98617715,0.98617715,0.00113605,0.01268690,1,Stock,0.99997044,0.99997044,0.00001033,0.00001922,1,Stock,0.75070035,0.75070035,0.00148214,0.24781746,1
479,Stock,Stock,0,Stock,0.60785836,0.60785836,0.00123749,0.39090413,1,Stock,0.98569310,0.98569310,0.00059789,0.01370909,1,Stock,0.99981016,0.99981016,0.00003810,0.00015178,1,Stock,0.80125540,0.80125540,0.00084705,0.19789755,1
480,Stock,Stock,0,Stock,0.98888761,0.98888761,0.00103731,0.01007517,1,Stock,0.99917334,0.99917334,0.00022282,0.00060380,1,Stock,0.99993217,0.99993217,0.00002376,0.00004411,1,Stock,0.99194896,0.99194896,0.00080086,0.00725014,1
481,Stock,Stock,0,Stock,0.99654442,0.99654442,0.00030296,0.00315263,1,Stock,0.99973696,0.99973696,0.00010076,0.00016238,1,Stock,0.99999952,0.99999952,0.00000044,0.00000003,1,Stock,0.99908328,0.99908328,0.00008979,0.00082686,1
482,Stock,Stock,0,Stock,0.99908888,0.99908888,0.00001249,0.00089859,1,Stock,0.99951756,0.99951756,0.00021340,0.00026907,1,Stock,1.00000000,1.00000000,0.00000000,0.00000000,1,Stock,0.99969864,0.99969864,0.00000642,0.00029497,1
483,Stock,Stock,0,Stock,0.99747723,0.99747723,0.00006172,0.00246108,1,Stock,0.99961925,0.99961925,0.00011499,0.00026573,1,Stock,1.00000000,1.00000000,0.00000000,0.00000000,1,Stock,0.99957401,0.99957401,0.00001213,0.00041387,1
484,Stock,Stock,0,Stock,0.99744558,0.99744558,0.00006215,0.00249229,1,Stock,0.99962044,0.99962044,0.00011281,0.00026671,1,Stock,1.00000000,1.00000000,0.00000000,0.00000000,1,Stock,0.99957401,0.99957401,0.00001213,0.00041387,1
485,Stock,Stock,0,Stock,0.99742031,0.99742031,0.00006269,0.00251702,1,Stock,0.99961925,0.99961925,0.00011387,0.00026683,1,Stock,1.00000000,1.00000000,0.00000000,0.00000000,1,Stock,0.99957401,0.99957401,0.00001213,0.00041386,1
486,Stock,Stock,0,Stock,0.99893826,0.99893826,0.00001572,0.00104601,1,Stock,0.99918312,0.99918312,0.00030212,0.00051483,1,Stock,1.00000000,1.00000000,0.00000000,0.00000000,1,Stock,0.99957401,0.99957401,0.00001213,0.00041386,1
487,Stock,Stock,0,Stock,0.99565268,0.99565268,0.00009696,0.00425028,1,Stock,0.99911755,0.99911755,0.00034571,0.00053674,1,Stock,1.00000000,1.00000000,0.00000004,0.00000001,1,Stock,0.99966121,0.99966121,0.00001802,0.00032080,1
488,Stock,Stock,0,Stock,0.99617851,0.99617851,0.00011207,0.00370942,1,Stock,0.99968183,0.99968183,0.00008537,0.00023287,1,Stock,0.99999988,0.99999988,0.00000007,0.00000004,1,Stock,0.99966145,0.99966145,0.00001802,0.00032060,1
489,Stock,Stock,0,Stock,0.99569845,0.99569845,0.00009656,0.00420508,1,Stock,0.99897385,0.99897385,0.00041103,0.00061510,1,Stock,1.00000000,1.00000000,0.00000002,0.00000001,1,Stock,0.99966121,0.99966121,0.00001802,0.00032078,1
490,Stock,Stock,0,Stock,0.99805319,0.99805319,0.00005521,0.00189167,1,Stock,0.99967384,0.99967384,0.00009019,0.00023598,1,Stock,1.00000000,1.00000000,0.00000001,0.00000000,1,Stock,0.99974090,0.99974090,0.00001835,0.00024079,1
491,Stock,Stock,0,Stock,0.99905175,0.99905175,0.00001673,0.00093161,1,Stock,0.99972051,0.99972051,0.00006302,0.00021642,1,Stock,1.00000000,1.00000000,0.00000000,0.00000000,1,Stock,0.99982232,0.99982232,0.00000799,0.00016978,1
492,Stock,Stock,0,Stock,0.99905294,0.99905294,0.00001669,0.00093044,1,Stock,0.99972409,0.99972409,0.00006230,0.00021361,1,Stock,1.00000000,1.00000000,0.00000000,0.00000000,1,Stock,0.99982053,0.99982053,0.00000810,0.00017137,1
493,Stock,Stock,0,Stock,0.99922168,0.99922168,0.00001621,0.00076212,1,Stock,0.99971813,0.99971813,0.00008414,0.00019769,1,Stock,1.00000000,1.00000000,0.00000000,0.00000000,1,Stock,0.99973887,0.99973887,0.00001837,0.00024282,1
494,Stock,Stock,0,Stock,0.99925679,0.99925679,0.00001642,0.00072673,1,Stock,0.99971861,0.99971861,0.00008400,0.00019732,1,Stock,1.00000000,1.00000000,0.00000000,0.00000000,1,Stock,0.99974006,0.99974006,0.00001838,0.00024161,1
495,Stock,Stock,0,Stock,0.99966633,0.99966633,0.00000480,0.00032894,1,Stock,0.99979728,0.99979728,0.00008211,0.00012056,1,Stock,1.00000000,1.00000000,0.00000000,0.00000000,1,Stock,0.99982005,0.99982005,0.00000671,0.00017329,1
496,Stock,Stock,0,Stock,0.99972123,0.99972123,0.00000129,0.00027740,1,Stock,0.99988186,0.99988186,0.00008227,0.00003587,1,Stock,1.00000000,1.00000000,0.00000000,0.00000000,1,Stock,0.99983776,0.99983776,0.00000325,0.00015897,1
497,Stock,Stock,0,Stock,0.62586969,0.62586969,0.08171552,0.29241481,1,Stock,0.58348507,0.58348507,0.40353149,0.01298340,1,Stock,0.99975246,0.99975246,0.00011946,0.00012814,1,Stock,0.99156815,0.99156815,0.00461515,0.00381673,1
498,Text,Stock,1,Text,0.84183532,0.15775689,0.00040781,0.84183532,0,Stock,0.99975938,0.99975938,0.00012508,0.00011561,1,Stock,0.99999928,0.99999928,0.00000077,0.00000002,1,Stock,0.99932098,0.99932098,0.00000441,0.00067457,1
499,Stock,Stock,0,Stock,0.99988067,0.99988067,0.00000113,0.00011830,1,Stock,0.99392772,0.99392772,0.00017396,0.00589835,1,Stock,1.00000000,1.00000000,0.00000000,0.00000000,1,Stock,0.99971968,0.99971968,0.00000065,0.00027970,1
500,Text,Stock,1,Text,0.90690166,0.09289489,0.00020346,0.90690166,0,Stock,0.96485585,0.96485585,0.00232615,0.03281801,1,Stock,0.99974257,0.99974257,0.00002429,0.00023310,1,Text,0.57323635,0.42561835,0.00114529,0.57323635,0
501,Stock,Stock,0,Stock,0.99928063,0.99928063,0.00000097,0.00071844,1,Stock,0.99977773,0.99977773,0.00008056,0.00014166,1,Stock,0.99999964,0.99999964,0.00000042,0.00000001,1,Stock,0.99989820,0.99989820,0.00000013,0.00010163,1
