# stem	face_off	edge_off	pair_off
2357644	12363760	17209691	00000000	00000001	00000002	00000003	00000004	00000005	00000006	00000007	00000008	00000009	00000010	00000011	00000012	00000013	00000014	00000015	00000016	00000017	00000018	00000019	00000020	00000021	00000022	00000023	00000024	00000025	00000026	00000027	00000028	00000029	00000030	00000031	00000032	00000033	00000034	00000035	00000036	00000037	00000038	00000039	00000040	00000041	00000042	00000043	00000044	00000045	00000046	00000047	00000048	00000049	00000050	00000051	00000052	00000053	00000054	00000055	00000056	00000057	00000058	00000059	00000060	00000061	00000062	00000063	00000064	00000065	00000066	00000067	00000068	00000069	00000070	00000071	00000072	00000073	00000074	00000075	00000076	00000077	00000078	00000079	00000080	00000081	00000082	00000083	00000084	00000085	00000086	00000087	00000088	00000089	00000090	00000091	00000092	00000093	00000094	00000095	00000096	00000097	00000098	00000099	00000100	00000101	00000102	00000103	00000104	00000105	00000106	00000107	00000108	00000109	00000110	00000111	00000112	00000113	00000114	00000115	00000116	00000117	00000118	00000119	00000120	00000121	00000122	00000123	00000124	00000125	00000126	00000127	00000128	00000129	00000130	00000131	00000132	00000133	00000134	00000135	00000136	00000137	00000138	00000139	00000140	00000141	00000142	00000143	00000144	00000145	00000146	00000147	00000148	00000149	00000150	00000151	00000152	00000153	00000154	00000155	00000156	00000157	00000158	00000159	00000160	00000161	00000162	00000163	00000164	00000165	00000166	00000167	00000168	00000169	00000170	00000171	00000172	00000173	00000174	00000175	00000176	00000177	00000178	00000179	00000180	00000181	00000182	00000183	00000184	00000185	00000186	00000187	00000188	00000189	00000190	00000191	00000192	00000193	00000195	00000196	00000197	00000198	00000199	00000200
4684490	24639032	34110440	00000201	00000202	00000203	00000204	00000205	00000206	00000207	00000208	00000209	00000210	00000211	00000212	00000213	00000214	00000215	00000216	00000217	00000218	00000219	00000220	00000221	00000222	00000223	00000224	00000225	00000226	00000227	00000228	00000229	00000230	00000231	00000232	00000233	00000234	00000235	00000236	00000237	00000238	00000239	00000240	00000241	00000242	00000243	00000244	00000245	00000246	00000247	00000248	00000249	00000250	00000251	00000252	00000253	00000254	00000255	00000256	00000257	00000258	00000259	00000260	00000261	00000262	00000263	00000264	00000265	00000266	00000267	00000268	00000269	00000270	00000271	00000272	00000273	00000274	00000275	00000276	00000277	00000278	00000279	00000280	00000281	00000282	00000283	00000284	00000285	00000286	00000287	00000288	00000289	00000290	00000291	00000292	00000293	00000294	00000295	00000296	00000297	00000298	00000299	00000300	00000301	00000302	00000303	00000304	00000305	00000306	00000307	00000308	00000309	00000310	00000311	00000312	00000313	00000314	00000315	00000316	00000317	00000318	00000319	00000320	00000321	00000322	00000323	00000324	00000325	00000326	00000327	00000328	00000329	00000330	00000331	00000332	00000333	00000334	00000335	00000336	00000337	00000338	00000339	00000340	00000341	00000342	00000343	00000344	00000345	00000346	00000347	00000348	00000349	00000350	00000351	00000352	00000353	00000354	00000355	00000356	00000357	00000358	00000359	00000360	00000361	00000362	00000363	00000364	00000365	00000366	00000367	00000368	00000369	00000370	00000371	00000372	00000373	00000374	00000375	00000376	00000377	00000378	00000379	00000380	00000381	00000382	00000383	00000384	00000385	00000386	00000387	00000388	00000389	00000390	00000391	00000392	00000393	00000394	00000395	00000396	00000397	00000398	00000399	00000400
7059257	37191574	52167941	00000401	00000402	00000403	00000404	00000405	00000406	00000407	00000408	00000409	00000410	00000411	00000412	00000413	00000414	00000415	00000416	00000417	00000418	00000419	00000420	00000421	00000422	00000423	00000424	00000425	00000426	00000427	00000428	00000429	00000430	00000431	00000432	00000433	00000434	00000435	00000436	00000437	00000438	00000439	00000440	00000441	00000442	00000443	00000444	00000445	00000446	00000447	00000448	00000449	00000450	00000451	00000452	00000453	00000454	00000455	00000456	00000457	00000458	00000459	00000460	00000461	00000462	00000463	00000464	00000465	00000466	00000467	00000468	00000469	00000470	00000471	00000472	00000473	00000474	00000475	00000476	00000477	00000478	00000479	00000480	00000481	00000482	00000483	00000484	00000485	00000486	00000487	00000488	00000489	00000490	00000491	00000492	00000493	00000494	00000495	00000496	00000497	00000498	00000499	00000500	00000501	00000502	00000503	00000504	00000505	00000506	00000507	00000508	00000509	00000510	00000511	00000512	00000513	00000514	00000515	00000516	00000517	00000518	00000519	00000520	00000521	00000522	00000523	00000524	00000525	00000526	00000527	00000528	00000529	00000530	00000531	00000532	00000533	00000534	00000535	00000536	00000537	00000538	00000539	00000540	00000541	00000542	00000543	00000544	00000545	00000546	00000547	00000548	00000549	00000550	00000551	00000552	00000553	00000554	00000555	00000556	00000557	00000558	00000559	00000560	00000561	00000562	00000563	00000564	00000565	00000566	00000567	00000568	00000569	00000570	00000571	00000572	00000573	00000574	00000575	00000576	00000577	00000578	00000579	00000580	00000581	00000582	00000583	00000584	00000585	00000586	00000587	00000588	00000589	00000590	00000591	00000592	00000593	00000594	00000595	00000596	00000597	00000598	00000599	00000600
9406469	49710438	69227656	00000601	00000602	00000603	00000604	00000605	00000606	00000607	00000608	00000609	00000610	00000611	00000612	00000613	00000614	00000615	00000616	00000617	00000618	00000619	00000620	00000621	00000622	00000623	00000624	00000625	00000626	00000627	00000628	00000629	00000630	00000631	00000632	00000633	00000634	00000635	00000636	00000637	00000638	00000639	00000640	00000641	00000642	00000643	00000644	00000645	00000646	00000647	00000648	00000649	00000650	00000651	00000652	00000653	00000654	00000655	00000656	00000657	00000658	00000659	00000660	00000661	00000662	00000663	00000664	00000665	00000666	00000667	00000668	00000669	00000670	00000671	00000672	00000673	00000674	00000675	00000676	00000677	00000678	00000679	00000680	00000681	00000682	00000683	00000684	00000685	00000686	00000687	00000688	00000689	00000690	00000691	00000692	00000693	00000694	00000695	00000696	00000697	00000698	00000699	00000700	00000701	00000702	00000703	00000704	00000705	00000706	00000707	00000708	00000709	00000710	00000711	00000712	00000713	00000714	00000715	00000716	00000717	00000718	00000719	00000720	00000721	00000722	00000723	00000724	00000725	00000726	00000727	00000728	00000729	00000730	00000731	00000732	00000733	00000734	00000735	00000736	00000737	00000738	00000739	00000740	00000741	00000742	00000743	00000744	00000745	00000746	00000747	00000748	00000749	00000750	00000751	00000752	00000753	00000754	00000755	00000756	00000757	00000758	00000759	00000760	00000761	00000762	00000763	00000764	00000765	00000766	00000767	00000768	00000769	00000770	00000771	00000772	00000773	00000774	00000775	00000776	00000777	00000778	00000779	00000780	00000781	00000782	00000783	00000784	00000785	00000786	00000787	00000788	00000789	00000790	00000791	00000792	00000793	00000794	00000795	00000796	00000797	00000798	00000799	00000800
11802019	62389022	86634995	00000801	00000802	00000803	00000804	00000805	00000806	00000807	00000808	00000809	00000810	00000811	00000812	00000813	00000814	00000815	00000816	00000817	00000818	00000819	00000820	00000821	00000822	00000823	00000824	00000825	00000826	00000827	00000828	00000829	00000830	00000831	00000832	00000833	00000834	00000835	00000836	00000837	00000838	00000839	00000840	00000841	00000842	00000843	00000844	00000845	00000846	00000847	00000848	00000849	00000850	00000851	00000852	00000853	00000854	00000855	00000856	00000857	00000858	00000859	00000860	00000861	00000862	00000863	00000864	00000865	00000866	00000867	00000868	00000869	00000870	00000871	00000872	00000873	00000874	00000875	00000876	00000877	00000878	00000879	00000880	00000881	00000882	00000883	00000884	00000885	00000886	00000887	00000888	00000889	00000890	00000891	00000892	00000893	00000894	00000895	00000896	00000897	00000898	00000899	00000900	00000901	00000902	00000903	00000904	00000905	00000906	00000907	00000908	00000909	00000910	00000911	00000912	00000913	00000914	00000915	00000916	00000917	00000918	00000919	00000920	00000921	00000922	00000923	00000924	00000925	00000926	00000927	00000928	00000929	00000930	00000931	00000932	00000933	00000934	00000935	00000936	00000937	00000938	00000939	00000940	00000941	00000942	00000943	00000944	00000945	00000946	00000947	00000948	00000949	00000950	00000951	00000952	00000953	00000954	00000955	00000956	00000957	00000958	00000959	00000960	00000961	00000962	00000963	00000964	00000965	00000966	00000967	00000968	00000969	00000970	00000971	00000972	00000973	00000974	00000975	00000976	00000977	00000978	00000979	00000980	00000981	00000982	00000983	00000984	00000985	00000986	00000987	00000988	00000989	00000990	00000991	00000992	00000993	00000994	00000995	00000996	00000997	00000998	00000999	00001000
14128659	74700186	103458520	00001001	00001002	00001003	00001004	00001005	00001006	00001007	00001008	00001009	00001010	00001011	00001012	00001013	00001014	00001015	00001016	00001017	00001018	00001019	00001020	00001021	00001022	00001023	00001024	00001025	00001026	00001027	00001028	00001029	00001030	00001031	00001032	00001033	00001034	00001035	00001036	00001037	00001038	00001039	00001040	00001041	00001042	00001043	00001044	00001045	00001046	00001047	00001048	00001049	00001050	00001051	00001052	00001053	00001054	00001055	00001056	00001057	00001058	00001059	00001060	00001061	00001062	00001063	00001064	00001065	00001066	00001067	00001068	00001069	00001070	00001071	00001072	00001073	00001074	00001075	00001076	00001077	00001078	00001079	00001080	00001081	00001082	00001083	00001084	00001085	00001086	00001087	00001088	00001089	00001090	00001091	00001092	00001093	00001094	00001095	00001096	00001097	00001098	00001099	00001100	00001101	00001102	00001103	00001104	00001105	00001106	00001107	00001108	00001109	00001110	00001111	00001112	00001113	00001114	00001115	00001116	00001117	00001118	00001119	00001120	00001121	00001122	00001123	00001124	00001125	00001126	00001127	00001128	00001129	00001130	00001131	00001132	00001133	00001134	00001135	00001136	00001137	00001138	00001139	00001140	00001141	00001142	00001143	00001144	00001145	00001146	00001147	00001148	00001149	00001150	00001151	00001152	00001153	00001154	00001155	00001156	00001157	00001158	00001159	00001160	00001161	00001162	00001163	00001164	00001165	00001166	00001167	00001168	00001169	00001170	00001171	00001172	00001173	00001174	00001175	00001176	00001177	00001178	00001179	00001180	00001181	00001182	00001183	00001184	00001185	00001186	00001187	00001188	00001189	00001190	00001191	00001192	00001193	00001194	00001195	00001196	00001197	00001198	00001199	00001200
16506565	87327226	121089590	00001201	00001202	00001203	00001204	00001205	00001206	00001207	00001208	00001209	00001210	00001211	00001212	00001213	00001214	00001215	00001216	00001217	00001218	00001219	00001220	00001221	00001222	00001223	00001224	00001225	00001226	00001227	00001228	00001229	00001230	00001231	00001232	00001233	00001234	00001235	00001236	00001237	00001238	00001239	00001240	00001241	00001242	00001243	00001244	00001245	00001246	00001247	00001248	00001249	00001250	00001251	00001252	00001253	00001254	00001255	00001256	00001257	00001258	00001259	00001260	00001261	00001262	00001263	00001264	00001265	00001266	00001267	00001268	00001269	00001270	00001271	00001272	00001273	00001274	00001275	00001276	00001277	00001278	00001279	00001280	00001281	00001282	00001283	00001284	00001285	00001286	00001287	00001288	00001289	00001290	00001291	00001292	00001293	00001294	00001295	00001296	00001297	00001298	00001299	00001300	00001301	00001302	00001303	00001304	00001305	00001306	00001307	00001308	00001309	00001310	00001311	00001312	00001313	00001314	00001315	00001316	00001317	00001318	00001319	00001320	00001321	00001322	00001323	00001324	00001325	00001326	00001327	00001328	00001329	00001330	00001331	00001332	00001333	00001334	00001335	00001336	00001337	00001338	00001339	00001340	00001341	00001342	00001343	00001344	00001345	00001346	00001347	00001348	00001349	00001350	00001351	00001352	00001353	00001354	00001355	00001356	00001357	00001358	00001359	00001360	00001361	00001362	00001363	00001364	00001365	00001366	00001367	00001368	00001369	00001370	00001371	00001372	00001373	00001374	00001375	00001376	00001377	00001378	00001379	00001380	00001381	00001382	00001383	00001384	00001385	00001386	00001387	00001388	00001389	00001390	00001391	00001392	00001393	00001394	00001395	00001396	00001397	00001398	00001399	00001400
18800729	99489314	137975303	00001401	00001402	00001403	00001404	00001405	00001406	00001407	00001408	00001409	00001410	00001411	00001412	00001413	00001414	00001415	00001416	00001417	00001418	00001419	00001420	00001421	00001422	00001423	00001424	00001425	00001426	00001427	00001428	00001429	00001430	00001431	00001432	00001433	00001434	00001435	00001436	00001437	00001438	00001439	00001440	00001441	00001442	00001443	00001444	00001445	00001446	00001447	00001448	00001449	00001450	00001451	00001452	00001453	00001454	00001455	00001456	00001457	00001458	00001459	00001460	00001461	00001462	00001463	00001464	00001465	00001466	00001467	00001468	00001469	00001470	00001471	00001472	00001473	00001474	00001475	00001476	00001477	00001478	00001479	00001480	00001481	00001482	00001483	00001484	00001485	00001486	00001487	00001488	00001489	00001490	00001491	00001492	00001493	00001494	00001495	00001496	00001497	00001498	00001499	00001500	00001501	00001502	00001503	00001504	00001505	00001506	00001507	00001508	00001509	00001510	00001511	00001512	00001513	00001514	00001515	00001516	00001517	00001518	00001519	00001520	00001521	00001522	00001523	00001524	00001525	00001526	00001527	00001528	00001529	00001530	00001531	00001532	00001533	00001534	00001535	00001536	00001537	00001538	00001539	00001540	00001541	00001542	00001543	00001544	00001545	00001546	00001547	00001548	00001549	00001550	00001551	00001552	00001553	00001554	00001555	00001556	00001557	00001558	00001559	00001560	00001561	00001562	00001563	00001564	00001565	00001566	00001567	00001568	00001569	00001570	00001571	00001572	00001573	00001574	00001575	00001576	00001577	00001578	00001579	00001580	00001581	00001582	00001583	00001584	00001585	00001586	00001587	00001588	00001589	00001590	00001591	00001592	00001593	00001594	00001595	00001596	00001597	00001598	00001599	00001600
21165708	112077828	155398494	00001601	00001602	00001603	00001604	00001605	00001606	00001607	00001608	00001609	00001610	00001611	00001612	00001613	00001614	00001615	00001616	00001617	00001618	00001619	00001620	00001621	00001622	00001623	00001624	00001625	00001626	00001627	00001628	00001629	00001630	00001631	00001632	00001633	00001634	00001635	00001636	00001637	00001638	00001639	00001640	00001641	00001642	00001643	00001644	00001645	00001646	00001647	00001648	00001649	00001650	00001651	00001652	00001653	00001654	00001655	00001656	00001657	00001658	00001659	00001660	00001661	00001662	00001663	00001664	00001665	00001666	00001667	00001668	00001669	00001670	00001671	00001672	00001673	00001674	00001675	00001676	00001677	00001678	00001679	00001680	00001681	00001682	00001683	00001684	00001685	00001686	00001687	00001688	00001689	00001690	00001691	00001692	00001693	00001694	00001695	00001696	00001697	00001698	00001699	00001700	00001701	00001702	00001703	00001704	00001705	00001706	00001707	00001708	00001709	00001710	00001711	00001712	00001713	00001714	00001715	00001716	00001717	00001718	00001719	00001720	00001721	00001722	00001723	00001724	00001725	00001726	00001727	00001728	00001729	00001730	00001731	00001732	00001733	00001734	00001735	00001736	00001737	00001738	00001739	00001740	00001741	00001742	00001743	00001744	00001745	00001746	00001747	00001748	00001749	00001750	00001751	00001752	00001753	00001754	00001755	00001756	00001757	00001758	00001759	00001760	00001761	00001762	00001763	00001764	00001765	00001766	00001767	00001768	00001769	00001770	00001771	00001772	00001773	00001774	00001775	00001776	00001777	00001778	00001779	00001780	00001781	00001782	00001783	00001784	00001785	00001786	00001787	00001788	00001789	00001790	00001791	00001792	00001793	00001794	00001795	00001796	00001797	00001798	00001799	00001800
23520041	124487510	172906507	00001801	00001802	00001803	00001804	00001805	00001806	00001807	00001808	00001809	00001810	00001811	00001812	00001813	00001814	00001815	00001816	00001817	00001818	00001819	00001820	00001821	00001822	00001823	00001824	00001825	00001826	00001827	00001828	00001829	00001830	00001831	00001832	00001833	00001834	00001835	00001836	00001837	00001838	00001839	00001840	00001841	00001842	00001843	00001844	00001845	00001846	00001847	00001848	00001849	00001850	00001851	00001852	00001853	00001854	00001855	00001856	00001857	00001858	00001859	00001860	00001861	00001862	00001863	00001864	00001865	00001866	00001867	00001868	00001869	00001870	00001871	00001872	00001873	00001874	00001875	00001876	00001877	00001878	00001879	00001880	00001881	00001882	00001883	00001884	00001885	00001886	00001887	00001888	00001889	00001890	00001891	00001892	00001893	00001894	00001895	00001896	00001897	00001898	00001899	00001900	00001901	00001902	00001903	00001904	00001905	00001906	00001907	00001908	00001909	00001910	00001911	00001912	00001913	00001914	00001915	00001916	00001917	00001918	00001919	00001920	00001921	00001922	00001923	00001924	00001925	00001926	00001927	00001928	00001929	00001930	00001931	00001932	00001933	00001934	00001935	00001936	00001937	00001938	00001939	00001940	00001941	00001942	00001943	00001944	00001945	00001946	00001947	00001948	00001949	00001950	00001951	00001952	00001953	00001954	00001955	00001956	00001957	00001958	00001959	00001960	00001961	00001962	00001963	00001964	00001965	00001966	00001967	00001968	00001969	00001970	00001971	00001972	00001973	00001974	00001975	00001976	00001977	00001978	00001979	00001980	00001981	00001982	00001983	00001984	00001985	00001986	00001987	00001988	00001989	00001990	00001991	00001992	00001993	00001994	00001995	00001996	00001997	00001998	00001999	00002000
25904290	137019592	190413287	00002001	00002002	00002003	00002004	00002005	00002006	00002007	00002008	00002009	00002010	00002011	00002012	00002013	00002014	00002015	00002016	00002017	00002018	00002019	00002020	00002021	00002022	00002023	00002024	00002025	00002026	00002027	00002028	00002029	00002030	00002031	00002032	00002033	00002034	00002035	00002036	00002037	00002038	00002039	00002040	00002041	00002042	00002043	00002044	00002045	00002046	00002047	00002048	00002049	00002050	00002051	00002052	00002053	00002054	00002055	00002056	00002057	00002058	00002059	00002060	00002061	00002062	00002063	00002064	00002065	00002066	00002067	00002068	00002069	00002070	00002071	00002072	00002073	00002074	00002075	00002076	00002077	00002078	00002079	00002080	00002081	00002082	00002083	00002084	00002085	00002086	00002087	00002088	00002089	00002090	00002091	00002092	00002093	00002094	00002095	00002096	00002097	00002098	00002099	00002100	00002101	00002102	00002103	00002104	00002105	00002106	00002107	00002108	00002109	00002110	00002111	00002112	00002113	00002114	00002115	00002116	00002117	00002118	00002119	00002120	00002121	00002122	00002123	00002124	00002125	00002126	00002127	00002128	00002129	00002130	00002131	00002132	00002133	00002134	00002135	00002136	00002137	00002138	00002139	00002140	00002141	00002142	00002143	00002144	00002145	00002146	00002147	00002148	00002149	00002150	00002151	00002152	00002153	00002154	00002155	00002156	00002157	00002158	00002159	00002160	00002161	00002162	00002163	00002164	00002165	00002166	00002167	00002168	00002169	00002170	00002171	00002172	00002173	00002174	00002175	00002176	00002177	00002178	00002179	00002180	00002181	00002182	00002183	00002184	00002185	00002186	00002187	00002188	00002189	00002190	00002191	00002192	00002193	00002194	00002195	00002196	00002197	00002198	00002199	00002200
28324878	149612408	208300066	00002201	00002202	00002203	00002204	00002205	00002206	00002207	00002208	00002209	00002210	00002211	00002212	00002213	00002214	00002215	00002216	00002217	00002218	00002219	00002220	00002221	00002222	00002223	00002224	00002225	00002226	00002227	00002228	00002229	00002230	00002231	00002232	00002233	00002234	00002235	00002236	00002237	00002238	00002239	00002240	00002241	00002242	00002243	00002244	00002245	00002246	00002247	00002248	00002249	00002250	00002251	00002252	00002253	00002254	00002255	00002256	00002257	00002258	00002259	00002260	00002261	00002262	00002263	00002264	00002265	00002266	00002267	00002268	00002269	00002270	00002271	00002272	00002273	00002274	00002275	00002276	00002277	00002278	00002279	00002280	00002281	00002282	00002283	00002284	00002285	00002286	00002287	00002288	00002289	00002290	00002291	00002292	00002293	00002294	00002295	00002296	00002297	00002298	00002299	00002300	00002301	00002302	00002303	00002304	00002305	00002306	00002307	00002308	00002309	00002310	00002311	00002312	00002313	00002314	00002315	00002316	00002317	00002318	00002319	00002320	00002321	00002322	00002323	00002324	00002325	00002326	00002327	00002328	00002329	00002330	00002331	00002332	00002333	00002334	00002335	00002336	00002337	00002338	00002339	00002340	00002341	00002342	00002343	00002344	00002345	00002346	00002347	00002348	00002349	00002350	00002351	00002352	00002353	00002354	00002355	00002356	00002358	00002359	00002360	00002361	00002362	00002363	00002364	00002365	00002366	00002367	00002368	00002369	00002370	00002371	00002372	00002373	00002374	00002375	00002376	00002377	00002378	00002379	00002380	00002381	00002382	00002383	00002384	00002385	00002386	00002387	00002388	00002389	00002390	00002391	00002392	00002393	00002394	00002395	00002396	00002397	00002398	00002399	00002400	00002401
30566305	161430496	224159911	00002402	00002403	00002404	00002405	00002406	00002407	00002408	00002409	00002410	00002411	00002412	00002413	00002414	00002415	00002416	00002417	00002418	00002419	00002420	00002421	00002422	00002423	00002424	00002425	00002426	00002427	00002428	00002429	00002430	00002431	00002432	00002433	00002434	00002435	00002436	00002437	00002438	00002439	00002440	00002441	00002442	00002443	00002444	00002445	00002446	00002447	00002448	00002449	00002450	00002451	00002452	00002453	00002454	00002455	00002456	00002457	00002458	00002459	00002460	00002461	00002462	00002463	00002464	00002465	00002466	00002467	00002468	00002469	00002470	00002471	00002472	00002473	00002474	00002475	00002476	00002477	00002478	00002479	00002480	00002481	00002482	00002483	00002484	00002485	00002486	00002487	00002488	00002489	00002490	00002491	00002492	00002493	00002494	00002495	00002496	00002497	00002498	00002499	00002500	00002501	00002502	00002503	00002504	00002505	00002506	00002507	00002508	00002509	00002510	00002511	00002512	00002513	00002514	00002515	00002516	00002517	00002518	00002519	00002520	00002521	00002522	00002523	00002524	00002525	00002526	00002527	00002528	00002529	00002530	00002531	00002532	00002533	00002534	00002535	00002536	00002537	00002538	00002539	00002540	00002541	00002542	00002543	00002544	00002545	00002546	00002547	00002548	00002549	00002550	00002551	00002552	00002553	00002554	00002555	00002556	00002557	00002558	00002559	00002560	00002561	00002562	00002563	00002564	00002565	00002566	00002567	00002568	00002569	00002570	00002571	00002572	00002573	00002574	00002575	00002576	00002577	00002578	00002579	00002580	00002581	00002582	00002583	00002584	00002585	00002586	00002587	00002588	00002589	00002590	00002591	00002592	00002593	00002594	00002595	00002596	00002597	00002598	00002599	00002600	00002601
33006450	174389912	242434407	00002602	00002603	00002604	00002605	00002606	00002607	00002608	00002609	00002610	00002611	00002612	00002613	00002614	00002615	00002616	00002617	00002618	00002619	00002620	00002621	00002622	00002623	00002624	00002625	00002626	00002627	00002628	00002629	00002630	00002631	00002632	00002633	00002634	00002635	00002636	00002637	00002638	00002639	00002640	00002641	00002642	00002643	00002644	00002645	00002646	00002647	00002648	00002649	00002650	00002651	00002652	00002653	00002654	00002655	00002656	00002657	00002658	00002659	00002660	00002661	00002662	00002663	00002664	00002665	00002666	00002667	00002668	00002669	00002670	00002671	00002672	00002673	00002674	00002675	00002676	00002677	00002678	00002679	00002680	00002681	00002682	00002683	00002684	00002685	00002686	00002687	00002688	00002689	00002690	00002691	00002692	00002693	00002694	00002695	00002696	00002697	00002698	00002699	00002700	00002701	00002702	00002703	00002704	00002705	00002706	00002707	00002708	00002709	00002710	00002711	00002712	00002713	00002714	00002715	00002716	00002717	00002718	00002719	00002720	00002721	00002722	00002723	00002724	00002725	00002726	00002727	00002728	00002729	00002730	00002731	00002732	00002733	00002734	00002735	00002736	00002737	00002738	00002739	00002740	00002741	00002742	00002743	00002744	00002745	00002746	00002747	00002748	00002749	00002750	00002751	00002752	00002753	00002754	00002755	00002756	00002757	00002758	00002759	00002760	00002761	00002762	00002763	00002764	00002765	00002766	00002767	00002768	00002769	00002770	00002771	00002772	00002773	00002774	00002775	00002776	00002777	00002778	00002779	00002780	00002781	00002782	00002783	00002784	00002785	00002786	00002787	00002788	00002789	00002790	00002791	00002792	00002793	00002794	00002795	00002796	00002797	00002798	00002799	00002800	00002801
35329077	186579320	259346255	00002802	00002803	00002804	00002805	00002806	00002807	00002808	00002809	00002810	00002811	00002812	00002813	00002814	00002815	00002816	00002817	00002818	00002819	00002820	00002821	00002822	00002823	00002824	00002825	00002826	00002827	00002828	00002829	00002830	00002831	00002832	00002833	00002834	00002835	00002836	00002837	00002838	00002839	00002840	00002841	00002842	00002843	00002844	00002845	00002846	00002847	00002848	00002849	00002850	00002851	00002852	00002853	00002854	00002855	00002856	00002857	00002858	00002859	00002860	00002861	00002862	00002863	00002864	00002865	00002866	00002867	00002868	00002869	00002870	00002871	00002872	00002873	00002874	00002875	00002876	00002877	00002878	00002879	00002880	00002881	00002882	00002883	00002884	00002885	00002886	00002887	00002889	00002890	00002891	00002892	00002893	00002894	00002895	00002896	00002897	00002898	00002899	00002900	00002901	00002902	00002903	00002904	00002905	00002906	00002907	00002908	00002909	00002910	00002911	00002912	00002913	00002914	00002915	00002916	00002917	00002918	00002919	00002920	00002921	00002922	00002923	00002924	00002925	00002926	00002927	00002928	00002929	00002930	00002931	00002932	00002933	00002934	00002935	00002936	00002937	00002938	00002939	00002940	00002941	00002942	00002943	00002944	00002945	00002946	00002947	00002948	00002949	00002950	00002951	00002952	00002953	00002954	00002955	00002956	00002957	00002958	00002959	00002960	00002961	00002962	00002963	00002964	00002965	00002966	00002967	00002968	00002969	00002970	00002971	00002972	00002973	00002974	00002975	00002976	00002977	00002978	00002979	00002980	00002981	00002982	00002983	00002984	00002985	00002986	00002987	00002988	00002989	00002990	00002991	00002992	00002993	00002994	00002995	00002996	00002997	00002998	00002999	00003000	00003001	00003002
37594191	198475104	275426610	00003003	00003004	00003005	00003006	00003007	00003008	00003009	00003010	00003011	00003012	00003013	00003014	00003015	00003016	00003017	00003018	00003019	00003020	00003021	00003022	00003023	00003024	00003025	00003026	00003027	00003028	00003029	00003030	00003031	00003032	00003033	00003034	00003035	00003036	00003037	00003038	00003039	00003040	00003041	00003042	00003043	00003044	00003045	00003046	00003047	00003048	00003049	00003050	00003051	00003052	00003053	00003054	00003055	00003056	00003057	00003058	00003059	00003060	00003061	00003062	00003063	00003064	00003065	00003066	00003067	00003068	00003069	00003070	00003071	00003072	00003073	00003074	00003075	00003076	00003077	00003078	00003079	00003080	00003081	00003082	00003083	00003084	00003085	00003086	00003087	00003088	00003089	00003090	00003091	00003092	00003093	00003094	00003095	00003096	00003097	00003098	00003099	00003100	00003101	00003102	00003103	00003104	00003105	00003106	00003107	00003108	00003109	00003110	00003111	00003112	00003113	00003114	00003115	00003116	00003117	00003118	00003119	00003120	00003121	00003122	00003123	00003124	00003125	00003126	00003127	00003128	00003129	00003130	00003131	00003132	00003133	00003134	00003135	00003136	00003137	00003138	00003139	00003140	00003141	00003142	00003143	00003144	00003145	00003146	00003147	00003148	00003149	00003150	00003151	00003152	00003153	00003154	00003155	00003156	00003157	00003158	00003159	00003160	00003161	00003162	00003163	00003164	00003165	00003166	00003167	00003168	00003169	00003170	00003171	00003172	00003173	00003174	00003175	00003176	00003177	00003178	00003179	00003180	00003181	00003182	00003183	00003184	00003185	00003186	00003187	00003188	00003189	00003190	00003191	00003192	00003193	00003194	00003195	00003196	00003197	00003198	00003199	00003200	00003201	00003202
39938679	210946872	293126514	00003203	00003204	00003205	00003206	00003207	00003208	00003209	00003210	00003211	00003212	00003213	00003214	00003215	00003216	00003217	00003218	00003219	00003220	00003221	00003222	00003223	00003224	00003225	00003226	00003227	00003228	00003229	00003230	00003231	00003232	00003233	00003234	00003235	00003236	00003237	00003238	00003239	00003240	00003241	00003242	00003243	00003244	00003245	00003246	00003247	00003248	00003249	00003250	00003251	00003252	00003253	00003254	00003255	00003256	00003257	00003258	00003259	00003260	00003261	00003262	00003263	00003264	00003265	00003266	00003267	00003268	00003269	00003270	00003271	00003272	00003273	00003274	00003275	00003276	00003277	00003278	00003279	00003280	00003281	00003282	00003283	00003284	00003285	00003286	00003287	00003288	00003289	00003290	00003291	00003292	00003293	00003294	00003295	00003296	00003297	00003298	00003299	00003300	00003301	00003302	00003303	00003304	00003305	00003306	00003307	00003308	00003309	00003310	00003311	00003312	00003313	00003314	00003315	00003316	00003317	00003318	00003319	00003320	00003321	00003322	00003323	00003324	00003325	00003326	00003327	00003328	00003329	00003330	00003331	00003332	00003333	00003334	00003335	00003336	00003337	00003338	00003339	00003340	00003341	00003342	00003343	00003344	00003345	00003346	00003347	00003348	00003349	00003350	00003351	00003352	00003353	00003354	00003355	00003356	00003357	00003358	00003359	00003360	00003361	00003362	00003363	00003364	00003365	00003366	00003367	00003368	00003369	00003370	00003371	00003372	00003373	00003374	00003375	00003376	00003377	00003378	00003379	00003380	00003381	00003382	00003383	00003384	00003385	00003386	00003387	00003388	00003389	00003390	00003391	00003392	00003393	00003394	00003395	00003396	00003397	00003398	00003399	00003400	00003401	00003402
42275795	223294466	310730275	00003403	00003404	00003405	00003406	00003407	00003408	00003409	00003410	00003411	00003412	00003413	00003414	00003415	00003416	00003417	00003418	00003419	00003420	00003421	00003422	00003423	00003424	00003425	00003426	00003427	00003428	00003429	00003430	00003431	00003432	00003433	00003434	00003435	00003436	00003437	00003438	00003439	00003440	00003441	00003442	00003443	00003444	00003445	00003446	00003447	00003448	00003449	00003450	00003451	00003452	00003453	00003454	00003455	00003456	00003457	00003458	00003459	00003460	00003461	00003462	00003463	00003464	00003465	00003466	00003467	00003468	00003469	00003470	00003471	00003472	00003473	00003474	00003475	00003476	00003477	00003478	00003479	00003480	00003481	00003482	00003483	00003484	00003485	00003486	00003487	00003488	00003489	00003490	00003491	00003492	00003493	00003494	00003495	00003496	00003497	00003498	00003499	00003500	00003501	00003502	00003503	00003504	00003505	00003506	00003507	00003508	00003509	00003510	00003511	00003512	00003513	00003514	00003515	00003516	00003517	00003518	00003519	00003520	00003521	00003522	00003523	00003524	00003525	00003526	00003527	00003528	00003529	00003530	00003531	00003532	00003533	00003534	00003535	00003536	00003537	00003538	00003539	00003540	00003541	00003542	00003543	00003544	00003545	00003546	00003547	00003548	00003549	00003550	00003551	00003552	00003553	00003554	00003555	00003556	00003557	00003558	00003559	00003560	00003561	00003562	00003563	00003564	00003565	00003566	00003567	00003568	00003569	00003570	00003571	00003572	00003573	00003574	00003575	00003576	00003577	00003578	00003579	00003580	00003581	00003582	00003583	00003584	00003585	00003586	00003587	00003588	00003589	00003590	00003591	00003592	00003593	00003594	00003595	00003596	00003597	00003598	00003599	00003600	00003601	00003602
44597795	235584314	327504149	00003603	00003604	00003605	00003606	00003607	00003608	00003609	00003610	00003611	00003612	00003613	00003614	00003615	00003616	00003617	00003618	00003619	00003620	00003621	00003622	00003623	00003624	00003625	00003626	00003627	00003628	00003629	00003630	00003631	00003632	00003633	00003634	00003635	00003636	00003637	00003638	00003639	00003640	00003641	00003642	00003643	00003644	00003645	00003646	00003647	00003648	00003649	00003650	00003651	00003652	00003653	00003654	00003655	00003656	00003657	00003658	00003659	00003660	00003661	00003662	00003663	00003664	00003665	00003666	00003667	00003668	00003669	00003670	00003671	00003672	00003673	00003674	00003675	00003676	00003677	00003678	00003679	00003680	00003681	00003682	00003683	00003684	00003685	00003686	00003687	00003688	00003689	00003690	00003691	00003692	00003693	00003694	00003695	00003696	00003697	00003698	00003699	00003700	00003701	00003702	00003703	00003704	00003705	00003706	00003707	00003708	00003709	00003710	00003711	00003712	00003713	00003714	00003715	00003716	00003717	00003718	00003719	00003720	00003721	00003722	00003723	00003724	00003725	00003726	00003727	00003728	00003729	00003730	00003731	00003732	00003733	00003734	00003735	00003736	00003737	00003738	00003739	00003740	00003741	00003742	00003743	00003744	00003745	00003746	00003747	00003748	00003749	00003750	00003751	00003752	00003753	00003754	00003755	00003756	00003757	00003758	00003759	00003760	00003761	00003762	00003763	00003764	00003765	00003766	00003767	00003768	00003769	00003770	00003771	00003772	00003773	00003774	00003775	00003776	00003777	00003778	00003779	00003780	00003781	00003782	00003783	00003784	00003785	00003786	00003787	00003788	00003789	00003790	00003791	00003792	00003793	00003794	00003795	00003796	00003797	00003798	00003799	00003800	00003801	00003802
46977265	248196034	345010952	00003803	00003804	00003805	00003806	00003807	00003808	00003809	00003810	00003811	00003812	00003813	00003814	00003815	00003816	00003817	00003818	00003819	00003820	00003821	00003822	00003823	00003824	00003825	00003826	00003827	00003828	00003829	00003830	00003831	00003832	00003833	00003834	00003835	00003836	00003837	00003839	00003840	00003841	00003842	00003843	00003844	00003845	00003846	00003847	00003848	00003849	00003850	00003851	00003852	00003853	00003854	00003855	00003856	00003857	00003858	00003859	00003860	00003861	00003862	00003863	00003864	00003865	00003866	00003867	00003868	00003869	00003870	00003871	00003872	00003873	00003874	00003875	00003876	00003877	00003878	00003879	00003880	00003881	00003882	00003883	00003884	00003885	00003886	00003887	00003888	00003889	00003890	00003891	00003892	00003893	00003894	00003895	00003896	00003897	00003898	00003899	00003900	00003901	00003902	00003903	00003904	00003905	00003906	00003907	00003908	00003909	00003910	00003911	00003912	00003913	00003914	00003915	00003916	00003917	00003918	00003919	00003920	00003921	00003922	00003923	00003924	00003925	00003926	00003927	00003928	00003929	00003930	00003931	00003932	00003933	00003934	00003935	00003936	00003937	00003938	00003939	00003940	00003941	00003942	00003943	00003944	00003945	00003946	00003947	00003948	00003949	00003950	00003951	00003952	00003953	00003954	00003955	00003956	00003957	00003958	00003959	00003960	00003961	00003962	00003963	00003964	00003965	00003966	00003967	00003968	00003969	00003970	00003971	00003972	00003973	00003974	00003975	00003976	00003977	00003978	00003979	00003980	00003981	00003982	00003983	00003984	00003985	00003986	00003987	00003988	00003989	00003990	00003991	00003992	00003993	00003994	00003995	00003996	00003997	00003998	00003999	00004000	00004001	00004002	00004003
49267887	260323900	361260389	00004004	00004005	00004006	00004007	00004008	00004009	00004010	00004011	00004012	00004013	00004014	00004015	00004016	00004017	00004018	00004019	00004020	00004021	00004022	00004023	00004024	00004025	00004026	00004027	00004028	00004029	00004030	00004031	00004032	00004033	00004034	00004035	00004036	00004037	00004038	00004039	00004040	00004041	00004042	00004043	00004044	00004045	00004046	00004047	00004048	00004049	00004050	00004051	00004052	00004053	00004054	00004055	00004056	00004057	00004058	00004059	00004060	00004061	00004062	00004063	00004064	00004065	00004066	00004067	00004068	00004069	00004070	00004071	00004072	00004073	00004074	00004075	00004076	00004077	00004078	00004079	00004080	00004081	00004082	00004083	00004084	00004085	00004086	00004087	00004088	00004089	00004090	00004091	00004092	00004093	00004094	00004095	00004096	00004097	00004098	00004099	00004100	00004101	00004102	00004103	00004104	00004105	00004106	00004107	00004108	00004109	00004110	00004111	00004112	00004113	00004114	00004115	00004116	00004117	00004118	00004119	00004120	00004121	00004122	00004123	00004124	00004125	00004126	00004127	00004128	00004129	00004130	00004131	00004132	00004133	00004134	00004135	00004136	00004137	00004138	00004139	00004140	00004141	00004142	00004143	00004144	00004145	00004146	00004147	00004148	00004149	00004150	00004151	00004152	00004153	00004154	00004155	00004156	00004157	00004158	00004159	00004160	00004161	00004162	00004163	00004164	00004165	00004166	00004167	00004168	00004169	00004170	00004171	00004172	00004173	00004174	00004175	00004176	00004177	00004178	00004179	00004180	00004181	00004182	00004183	00004184	00004185	00004186	00004187	00004188	00004189	00004190	00004191	00004192	00004193	00004194	00004195	00004196	00004197	00004198	00004199	00004200	00004201	00004202	00004203
51591125	272591404	378681028	00004204	00004205	00004206	00004207	00004208	00004209	00004210	00004211	00004212	00004213	00004214	00004215	00004216	00004217	00004218	00004219	00004220	00004221	00004222	00004223	00004224	00004225	00004226	00004227	00004228	00004229	00004230	00004231	00004232	00004233	00004234	00004235	00004236	00004237	00004238	00004239	00004240	00004241	00004242	00004243	00004244	00004245	00004246	00004247	00004248	00004249	00004250	00004251	00004252	00004253	00004254	00004255	00004256	00004257	00004258	00004259	00004260	00004261	00004262	00004263	00004264	00004265	00004266	00004267	00004268	00004269	00004270	00004271	00004272	00004273	00004274	00004275	00004276	00004277	00004278	00004279	00004280	00004281	00004282	00004283	00004284	00004285	00004286	00004287	00004288	00004289	00004290	00004291	00004292	00004293	00004294	00004295	00004296	00004297	00004298	00004299	00004300	00004301	00004302	00004303	00004304	00004305	00004306	00004307	00004308	00004309	00004310	00004311	00004312	00004313	00004314	00004315	00004316	00004317	00004318	00004319	00004320	00004321	00004322	00004323	00004324	00004325	00004326	00004327	00004328	00004329	00004330	00004331	00004332	00004333	00004334	00004335	00004336	00004337	00004338	00004339	00004340	00004341	00004342	00004343	00004344	00004345	00004346	00004347	00004348	00004349	00004350	00004351	00004352	00004353	00004354	00004355	00004356	00004357	00004358	00004359	00004360	00004361	00004362	00004363	00004364	00004365	00004366	00004367	00004368	00004369	00004370	00004371	00004372	00004373	00004374	00004375	00004376	00004377	00004378	00004379	00004380	00004381	00004382	00004383	00004384	00004385	00004386	00004387	00004388	00004389	00004390	00004391	00004392	00004393	00004394	00004395	00004396	00004397	00004398	00004399	00004400	00004401	00004402	00004403
53893933	284769032	395517990	00004404	00004405	00004406	00004407	00004408	00004409	00004410	00004411	00004412	00004413	00004414	00004415	00004416	00004417	00004418	00004419	00004420	00004421	00004422	00004423	00004424	00004425	00004426	00004427	00004428	00004429	00004430	00004431	00004432	00004433	00004434	00004435	00004436	00004437	00004438	00004439	00004440	00004441	00004442	00004443	00004444	00004445	00004446	00004447	00004448	00004449	00004450	00004451	00004452	00004453	00004454	00004455	00004456	00004457	00004458	00004459	00004460	00004461	00004462	00004463	00004464	00004465	00004466	00004467	00004468	00004469	00004470	00004471	00004472	00004473	00004474	00004475	00004476	00004477	00004478	00004479	00004480	00004481	00004482	00004483	00004484	00004485	00004486	00004487	00004488	00004489	00004490	00004491	00004492	00004493	00004494	00004495	00004496	00004497	00004498	00004499	00004500	00004501	00004502	00004503	00004504	00004505	00004506	00004507	00004508	00004509	00004510	00004511	00004512	00004513	00004514	00004515	00004516	00004517	00004518	00004519	00004520	00004521	00004522	00004523	00004524	00004525	00004526	00004527	00004528	00004529	00004530	00004531	00004532	00004533	00004534	00004535	00004536	00004537	00004538	00004539	00004540	00004541	00004542	00004543	00004544	00004545	00004546	00004547	00004548	00004549	00004550	00004551	00004552	00004553	00004554	00004555	00004556	00004557	00004558	00004559	00004560	00004561	00004562	00004563	00004564	00004565	00004566	00004567	00004568	00004569	00004570	00004571	00004572	00004573	00004574	00004575	00004576	00004577	00004578	00004579	00004580	00004581	00004582	00004583	00004584	00004585	00004586	00004587	00004588	00004589	00004590	00004591	00004592	00004593	00004594	00004595	00004596	00004597	00004598	00004599	00004600	00004601	00004602	00004603
56307105	297465104	413342741	00004604	00004605	00004606	00004607	00004608	00004609	00004610	00004611	00004612	00004613	00004614	00004615	00004616	00004617	00004618	00004619	00004620	00004621	00004622	00004623	00004624	00004625	00004626	00004627	00004628	00004630	00004631	00004632	00004633	00004634	00004635	00004636	00004637	00004638	00004639	00004640	00004641	00004642	00004643	00004644	00004645	00004646	00004647	00004648	00004649	00004650	00004651	00004652	00004653	00004654	00004655	00004656	00004657	00004658	00004659	00004660	00004661	00004662	00004663	00004664	00004665	00004666	00004667	00004668	00004669	00004670	00004671	00004672	00004673	00004674	00004675	00004676	00004677	00004678	00004679	00004680	00004681	00004682	00004683	00004684	00004685	00004686	00004687	00004688	00004689	00004690	00004691	00004692	00004693	00004694	00004695	00004696	00004697	00004698	00004699	00004700	00004701	00004702	00004703	00004704	00004705	00004706	00004707	00004708	00004709	00004710	00004711	00004712	00004713	00004714	00004715	00004716	00004717	00004718	00004719	00004720	00004721	00004722	00004723	00004724	00004725	00004726	00004727	00004728	00004729	00004730	00004731	00004732	00004733	00004734	00004735	00004736	00004737	00004738	00004739	00004740	00004741	00004742	00004743	00004744	00004745	00004746	00004747	00004748	00004749	00004750	00004751	00004752	00004753	00004754	00004755	00004756	00004757	00004758	00004759	00004760	00004761	00004762	00004763	00004764	00004765	00004766	00004767	00004768	00004769	00004770	00004771	00004772	00004773	00004774	00004775	00004776	00004777	00004778	00004779	00004780	00004781	00004782	00004783	00004784	00004785	00004786	00004787	00004788	00004789	00004790	00004791	00004792	00004793	00004794	00004795	00004796	00004797	00004798	00004799	00004800	00004801	00004802	00004803	00004804
58691459	310117576	431023624	00004805	00004806	00004807	00004808	00004809	00004810	00004811	00004812	00004813	00004814	00004815	00004816	00004817	00004818	00004819	00004820	00004821	00004822	00004823	00004824	00004825	00004826	00004827	00004828	00004829	00004830	00004831	00004832	00004833	00004834	00004835	00004836	00004837	00004838	00004839	00004840	00004841	00004842	00004843	00004844	00004845	00004846	00004847	00004848	00004849	00004850	00004851	00004852	00004853	00004854	00004855	00004856	00004857	00004858	00004859	00004860	00004861	00004862	00004863	00004864	00004865	00004866	00004867	00004868	00004869	00004870	00004871	00004872	00004873	00004874	00004875	00004876	00004877	00004878	00004879	00004880	00004881	00004882	00004883	00004884	00004885	00004886	00004887	00004888	00004889	00004890	00004891	00004892	00004893	00004894	00004895	00004896	00004897	00004898	00004899	00004900	00004901	00004902	00004903	00004904	00004905	00004906	00004907	00004908	00004909	00004910	00004911	00004912	00004913	00004914	00004915	00004916	00004917	00004918	00004919	00004920	00004921	00004922	00004923	00004924	00004925	00004926	00004927	00004928	00004929	00004930	00004931	00004932	00004933	00004934	00004935	00004936	00004937	00004938	00004939	00004940	00004941	00004942	00004943	00004944	00004945	00004946	00004947	00004948	00004949	00004950	00004951	00004952	00004953	00004954	00004955	00004956	00004957	00004958	00004959	00004960	00004961	00004962	00004963	00004964	00004965	00004966	00004967	00004968	00004969	00004970	00004971	00004972	00004973	00004974	00004975	00004976	00004977	00004978	00004979	00004980	00004981	00004982	00004983	00004984	00004985	00004986	00004987	00004988	00004989	00004990	00004991	00004992	00004993	00004994	00004995	00004996	00004997	00004998	00004999	00005000	00005001	00005002	00005003	00005004
60954952	322079666	447364224	00005005	00005006	00005007	00005008	00005009	00005010	00005011	00005012	00005013	00005014	00005015	00005016	00005017	00005018	00005019	00005020	00005021	00005022	00005023	00005024	00005025	00005026	00005027	00005028	00005029	00005030	00005031	00005032	00005033	00005034	00005035	00005036	00005037	00005038	00005039	00005040	00005041	00005042	00005043	00005044	00005045	00005046	00005047	00005048	00005049	00005050	00005051	00005052	00005053	00005054	00005055	00005056	00005057	00005058	00005059	00005060	00005061	00005062	00005063	00005064	00005065	00005066	00005067	00005068	00005069	00005070	00005071	00005072	00005073	00005074	00005075	00005076	00005077	00005078	00005079	00005080	00005081	00005082	00005083	00005084	00005085	00005086	00005087	00005088	00005089	00005090	00005091	00005092	00005093	00005094	00005095	00005096	00005097	00005098	00005099	00005100	00005101	00005102	00005103	00005104	00005105	00005106	00005107	00005108	00005109	00005110	00005111	00005112	00005113	00005114	00005115	00005116	00005117	00005118	00005119	00005120	00005121	00005122	00005123	00005124	00005125	00005126	00005127	00005128	00005129	00005130	00005131	00005132	00005133	00005134	00005135	00005136	00005137	00005138	00005139	00005140	00005141	00005142	00005143	00005144	00005145	00005146	00005147	00005148	00005149	00005150	00005151	00005152	00005153	00005154	00005155	00005156	00005157	00005158	00005159	00005160	00005161	00005162	00005163	00005164	00005165	00005166	00005167	00005168	00005169	00005170	00005171	00005172	00005173	00005174	00005175	00005176	00005177	00005178	00005179	00005180	00005181	00005182	00005183	00005184	00005185	00005186	00005187	00005188	00005189	00005190	00005191	00005192	00005193	00005194	00005195	00005196	00005197	00005198	00005199	00005200	00005201	00005202	00005203	00005204
63359410	334818336	465184457	00005205	00005206	00005207	00005208	00005209	00005210	00005211	00005212	00005213	00005214	00005215	00005216	00005217	00005218	00005219	00005220	00005221	00005222	00005223	00005224	00005225	00005226	00005227	00005228	00005229	00005230	00005231	00005232	00005233	00005234	00005235	00005236	00005237	00005238	00005239	00005240	00005241	00005242	00005243	00005244	00005245	00005246	00005247	00005248	00005249	00005250	00005251	00005252	00005253	00005254	00005255	00005256	00005257	00005258	00005259	00005260	00005261	00005262	00005263	00005264	00005265	00005266	00005267	00005268	00005269	00005270	00005271	00005272	00005273	00005274	00005275	00005276	00005277	00005278	00005279	00005280	00005281	00005282	00005283	00005284	00005285	00005286	00005287	00005288	00005289	00005290	00005291	00005292	00005293	00005294	00005295	00005296	00005297	00005298	00005299	00005300	00005301	00005302	00005303	00005304	00005305	00005306	00005307	00005308	00005309	00005310	00005311	00005312	00005313	00005314	00005315	00005316	00005317	00005318	00005319	00005320	00005321	00005322	00005323	00005324	00005325	00005326	00005327	00005328	00005329	00005330	00005331	00005332	00005333	00005334	00005335	00005336	00005337	00005338	00005339	00005340	00005341	00005342	00005343	00005344	00005345	00005346	00005347	00005348	00005349	00005350	00005351	00005352	00005353	00005354	00005355	00005356	00005357	00005358	00005359	00005360	00005361	00005362	00005363	00005364	00005365	00005366	00005367	00005368	00005369	00005370	00005371	00005372	00005373	00005374	00005375	00005376	00005377	00005378	00005379	00005380	00005381	00005382	00005383	00005384	00005385	00005386	00005387	00005388	00005389	00005390	00005391	00005392	00005393	00005394	00005395	00005396	00005397	00005398	00005399	00005400	00005401	00005402	00005403	00005404
65683033	347032876	482461599	00005405	00005406	00005407	00005408	00005409	00005410	00005411	00005412	00005413	00005414	00005415	00005416	00005417	00005418	00005419	00005420	00005421	00005422	00005423	00005424	00005425	00005426	00005427	00005428	00005429	00005430	00005431	00005432	00005433	00005434	00005435	00005436	00005437	00005438	00005439	00005440	00005441	00005442	00005443	00005444	00005445	00005446	00005447	00005448	00005449	00005450	00005451	00005452	00005453	00005454	00005455	00005456	00005457	00005458	00005459	00005460	00005461	00005462	00005463	00005464	00005465	00005466	00005467	00005468	00005469	00005470	00005471	00005472	00005473	00005474	00005475	00005476	00005477	00005478	00005479	00005480	00005481	00005482	00005483	00005484	00005485	00005486	00005487	00005488	00005489	00005490	00005491	00005492	00005493	00005494	00005495	00005496	00005497	00005498	00005499	00005500	00005501	00005502	00005503	00005504	00005505	00005506	00005507	00005508	00005509	00005510	00005511	00005512	00005513	00005514	00005515	00005516	00005517	00005518	00005519	00005520	00005521	00005522	00005523	00005524	00005525	00005526	00005527	00005528	00005529	00005530	00005531	00005532	00005533	00005534	00005535	00005536	00005537	00005538	00005539	00005540	00005541	00005542	00005543	00005544	00005545	00005546	00005547	00005548	00005549	00005550	00005551	00005552	00005553	00005554	00005555	00005556	00005557	00005558	00005559	00005560	00005561	00005562	00005563	00005564	00005565	00005566	00005567	00005568	00005569	00005570	00005571	00005572	00005573	00005574	00005575	00005576	00005577	00005578	00005579	00005580	00005581	00005582	00005583	00005584	00005585	00005586	00005587	00005588	00005589	00005590	00005591	00005592	00005593	00005594	00005595	00005596	00005597	00005598	00005599	00005600	00005601	00005602	00005603	00005604
68081367	359684146	500418297	00005605	00005606	00005607	00005608	00005609	00005610	00005611	00005612	00005613	00005614	00005615	00005616	00005617	00005618	00005619	00005620	00005621	00005622	00005623	00005624	00005625	00005626	00005627	00005628	00005629	00005630	00005631	00005632	00005633	00005634	00005635	00005636	00005637	00005638	00005639	00005640	00005641	00005642	00005643	00005644	00005645	00005646	00005647	00005648	00005649	00005650	00005651	00005652	00005653	00005654	00005655	00005656	00005657	00005658	00005659	00005660	00005661	00005662	00005663	00005664	00005665	00005666	00005667	00005668	00005669	00005670	00005671	00005672	00005673	00005674	00005675	00005676	00005677	00005678	00005679	00005680	00005681	00005682	00005683	00005684	00005685	00005686	00005687	00005688	00005689	00005690	00005691	00005692	00005693	00005694	00005695	00005696	00005697	00005698	00005699	00005700	00005701	00005702	00005703	00005704	00005705	00005706	00005707	00005708	00005709	00005710	00005711	00005712	00005713	00005714	00005715	00005716	00005717	00005718	00005719	00005720	00005721	00005722	00005723	00005724	00005725	00005726	00005727	00005728	00005729	00005730	00005731	00005732	00005733	00005734	00005735	00005736	00005737	00005738	00005739	00005740	00005741	00005742	00005743	00005744	00005745	00005746	00005747	00005748	00005749	00005750	00005751	00005752	00005753	00005754	00005755	00005756	00005757	00005758	00005759	00005760	00005761	00005762	00005763	00005764	00005765	00005766	00005767	00005768	00005769	00005770	00005771	00005772	00005773	00005774	00005775	00005776	00005777	00005778	00005779	00005780	00005781	00005782	00005783	00005784	00005785	00005786	00005787	00005788	00005789	00005790	00005791	00005792	00005793	00005794	00005795	00005796	00005797	00005798	00005799	00005800	00005801	00005802	00005803	00005804
70456280	372252180	518260258	00005805	00005806	00005807	00005808	00005809	00005810	00005811	00005812	00005813	00005814	00005815	00005816	00005817	00005818	00005819	00005820	00005821	00005822	00005823	00005824	00005825	00005826	00005827	00005828	00005829	00005830	00005831	00005832	00005833	00005834	00005835	00005836	00005837	00005838	00005839	00005840	00005841	00005842	00005843	00005844	00005845	00005846	00005847	00005848	00005849	00005850	00005851	00005852	00005853	00005854	00005855	00005856	00005857	00005858	00005859	00005860	00005861	00005862	00005863	00005864	00005865	00005866	00005867	00005868	00005869	00005870	00005871	00005872	00005873	00005874	00005875	00005876	00005877	00005878	00005879	00005880	00005881	00005882	00005883	00005884	00005885	00005886	00005887	00005888	00005889	00005890	00005891	00005892	00005893	00005894	00005895	00005896	00005897	00005898	00005899	00005900	00005901	00005902	00005903	00005904	00005905	00005906	00005907	00005908	00005909	00005910	00005911	00005912	00005913	00005914	00005915	00005916	00005917	00005918	00005919	00005920	00005921	00005922	00005923	00005924	00005925	00005926	00005927	00005928	00005929	00005930	00005931	00005932	00005933	00005934	00005935	00005936	00005937	00005938	00005939	00005940	00005941	00005942	00005943	00005944	00005945	00005946	00005947	00005948	00005949	00005950	00005951	00005952	00005953	00005954	00005955	00005956	00005957	00005958	00005959	00005960	00005961	00005962	00005963	00005964	00005965	00005966	00005967	00005968	00005969	00005970	00005971	00005972	00005973	00005974	00005975	00005976	00005977	00005978	00005979	00005980	00005981	00005982	00005983	00005984	00005985	00005986	00005987	00005988	00005989	00005990	00005991	00005992	00005993	00005994	00005995	00005996	00005997	00005998	00005999	00006000	00006001	00006002	00006003	00006004
72748666	384246504	534916862	00006005	00006006	00006007	00006008	00006009	00006010	00006011	00006012	00006013	00006014	00006015	00006016	00006017	00006018	00006019	00006020	00006021	00006022	00006023	00006024	00006025	00006026	00006027	00006028	00006029	00006030	00006031	00006032	00006033	00006034	00006035	00006036	00006037	00006038	00006039	00006040	00006041	00006042	00006043	00006044	00006045	00006046	00006047	00006048	00006049	00006050	00006051	00006052	00006053	00006054	00006055	00006056	00006057	00006058	00006059	00006060	00006061	00006062	00006063	00006064	00006065	00006066	00006067	00006068	00006069	00006070	00006071	00006072	00006073	00006074	00006075	00006076	00006077	00006078	00006079	00006080	00006081	00006082	00006083	00006084	00006085	00006086	00006087	00006088	00006089	00006090	00006091	00006092	00006093	00006094	00006095	00006096	00006097	00006098	00006099	00006100	00006101	00006102	00006103	00006104	00006105	00006106	00006107	00006108	00006109	00006110	00006111	00006112	00006113	00006114	00006115	00006117	00006118	00006119	00006120	00006121	00006122	00006123	00006124	00006125	00006126	00006127	00006128	00006129	00006130	00006131	00006132	00006133	00006134	00006135	00006136	00006137	00006138	00006139	00006140	00006141	00006142	00006143	00006144	00006145	00006146	00006147	00006148	00006149	00006150	00006151	00006152	00006153	00006154	00006155	00006156	00006157	00006158	00006159	00006160	00006161	00006162	00006163	00006164	00006165	00006166	00006167	00006168	00006169	00006170	00006171	00006172	00006173	00006174	00006175	00006176	00006177	00006178	00006179	00006180	00006181	00006182	00006183	00006184	00006185	00006186	00006187	00006188	00006189	00006190	00006191	00006192	00006193	00006194	00006195	00006196	00006197	00006198	00006199	00006200	00006201	00006202	00006203	00006204	00006205
75045913	396247702	551580411	00006206	00006207	00006208	00006209	00006210	00006211	00006212	00006213	00006214	00006215	00006216	00006217	00006218	00006219	00006220	00006221	00006222	00006223	00006224	00006225	00006226	00006227	00006228	00006229	00006230	00006231	00006232	00006233	00006234	00006235	00006236	00006237	00006238	00006239	00006240	00006241	00006242	00006243	00006244	00006245	00006246	00006247	00006248	00006249	00006250	00006251	00006252	00006253	00006254	00006255	00006256	00006257	00006258	00006259	00006260	00006261	00006262	00006263	00006264	00006265	00006266	00006267	00006268	00006269	00006270	00006271	00006272	00006273	00006274	00006275	00006276	00006277	00006278	00006279	00006280	00006281	00006282	00006283	00006284	00006285	00006286	00006287	00006288	00006289	00006290	00006291	00006292	00006293	00006294	00006295	00006296	00006297	00006298	00006299	00006300	00006301	00006302	00006303	00006304	00006305	00006306	00006307	00006308	00006309	00006310	00006311	00006312	00006313	00006314	00006315	00006316	00006317	00006318	00006319	00006320	00006321	00006322	00006323	00006324	00006325	00006326	00006327	00006328	00006329	00006330	00006331	00006332	00006333	00006334	00006335	00006336	00006337	00006338	00006339	00006340	00006341	00006342	00006343	00006344	00006345	00006346	00006347	00006348	00006349	00006350	00006351	00006352	00006353	00006354	00006355	00006356	00006357	00006358	00006359	00006360	00006361	00006362	00006363	00006364	00006365	00006366	00006367	00006368	00006369	00006370	00006371	00006372	00006373	00006374	00006375	00006376	00006377	00006378	00006379	00006380	00006381	00006382	00006383	00006384	00006385	00006386	00006387	00006388	00006389	00006390	00006391	00006392	00006393	00006394	00006395	00006396	00006397	00006398	00006399	00006400	00006401	00006402	00006403	00006404	00006405
77377480	408554158	568915988	00006406	00006407	00006408	00006409	00006410	00006411	00006412	00006413	00006414	00006415	00006416	00006417	00006418	00006419	00006420	00006421	00006422	00006423	00006424	00006425	00006426	00006427	00006428	00006429	00006430	00006431	00006432	00006433	00006434	00006435	00006436	00006437	00006438	00006439	00006440	00006441	00006442	00006443	00006444	00006445	00006446	00006447	00006448	00006449	00006450	00006451	00006452	00006453	00006454	00006455	00006456	00006457	00006458	00006459	00006460	00006461	00006462	00006463	00006464	00006465	00006466	00006467	00006468	00006469	00006470	00006471	00006472	00006473	00006474	00006475	00006476	00006477	00006478	00006479	00006480	00006481	00006482	00006483	00006484	00006485	00006486	00006487	00006488	00006489	00006490	00006491	00006492	00006494	00006495	00006496	00006497	00006498	00006499	00006500	00006501	00006502	00006503	00006504	00006505	00006506	00006507	00006508	00006509	00006510	00006511	00006512	00006513	00006514	00006515	00006516	00006517	00006518	00006519	00006520	00006521	00006522	00006523	00006524	00006525	00006526	00006527	00006528	00006529	00006530	00006531	00006532	00006533	00006534	00006535	00006536	00006537	00006538	00006539	00006540	00006541	00006542	00006543	00006544	00006545	00006546	00006547	00006548	00006549	00006550	00006551	00006552	00006553	00006554	00006555	00006556	00006557	00006558	00006559	00006560	00006561	00006562	00006563	00006564	00006565	00006566	00006567	00006568	00006569	00006570	00006571	00006572	00006573	00006574	00006575	00006576	00006577	00006578	00006579	00006580	00006581	00006582	00006583	00006584	00006585	00006586	00006587	00006588	00006589	00006590	00006591	00006592	00006593	00006594	00006595	00006596	00006597	00006598	00006599	00006600	00006601	00006602	00006603	00006604	00006605	00006606
79720384	420970864	586423658	00006607	00006608	00006609	00006610	00006611	00006612	00006613	00006614	00006615	00006616	00006617	00006618	00006619	00006620	00006621	00006622	00006623	00006624	00006625	00006626	00006627	00006628	00006629	00006630	00006631	00006632	00006633	00006634	00006635	00006636	00006637	00006638	00006639	00006640	00006641	00006642	00006643	00006644	00006645	00006646	00006647	00006648	00006649	00006650	00006651	00006652	00006653	00006654	00006655	00006656	00006657	00006658	00006659	00006660	00006661	00006662	00006663	00006664	00006665	00006666	00006667	00006668	00006669	00006670	00006671	00006672	00006674	00006675	00006676	00006677	00006678	00006679	00006680	00006681	00006682	00006683	00006684	00006685	00006686	00006687	00006688	00006689	00006690	00006691	00006692	00006693	00006694	00006695	00006696	00006697	00006698	00006699	00006700	00006701	00006702	00006703	00006704	00006705	00006706	00006707	00006708	00006709	00006710	00006711	00006712	00006713	00006714	00006715	00006716	00006717	00006718	00006719	00006720	00006721	00006722	00006723	00006724	00006725	00006726	00006727	00006728	00006729	00006730	00006731	00006732	00006733	00006734	00006735	00006736	00006737	00006738	00006739	00006740	00006741	00006742	00006743	00006744	00006745	00006746	00006747	00006748	00006749	00006750	00006751	00006752	00006753	00006754	00006755	00006756	00006757	00006758	00006759	00006760	00006761	00006762	00006763	00006764	00006765	00006766	00006767	00006768	00006769	00006770	00006771	00006772	00006773	00006774	00006775	00006776	00006777	00006778	00006779	00006780	00006781	00006782	00006783	00006784	00006785	00006786	00006787	00006788	00006789	00006790	00006791	00006792	00006793	00006794	00006795	00006796	00006797	00006798	00006799	00006800	00006801	00006802	00006803	00006804	00006805	00006806	00006807
82053041	433379742	603569477	00006808	00006809	00006810	00006811	00006812	00006813	00006814	00006815	00006816	00006817	00006818	00006819	00006820	00006821	00006822	00006823	00006824	00006825	00006826	00006827	00006828	00006829	00006830	00006831	00006832	00006833	00006834	00006835	00006836	00006837	00006838	00006839	00006840	00006841	00006842	00006843	00006844	00006845	00006846	00006847	00006848	00006849	00006850	00006851	00006852	00006853	00006854	00006855	00006856	00006857	00006858	00006859	00006860	00006861	00006862	00006863	00006864	00006865	00006866	00006867	00006868	00006869	00006870	00006871	00006872	00006873	00006874	00006875	00006876	00006877	00006878	00006879	00006880	00006881	00006882	00006883	00006884	00006885	00006886	00006887	00006888	00006889	00006890	00006891	00006892	00006893	00006894	00006895	00006896	00006897	00006898	00006899	00006900	00006901	00006902	00006903	00006904	00006905	00006906	00006907	00006908	00006909	00006910	00006911	00006912	00006913	00006914	00006915	00006916	00006917	00006918	00006919	00006920	00006921	00006922	00006923	00006924	00006925	00006926	00006927	00006928	00006929	00006930	00006931	00006932	00006933	00006934	00006935	00006936	00006937	00006938	00006939	00006940	00006941	00006942	00006943	00006944	00006945	00006946	00006947	00006948	00006949	00006950	00006951	00006952	00006953	00006954	00006955	00006956	00006957	00006958	00006959	00006960	00006961	00006962	00006963	00006964	00006965	00006966	00006967	00006968	00006969	00006970	00006971	00006972	00006973	00006974	00006975	00006976	00006977	00006978	00006979	00006980	00006981	00006982	00006983	00006984	00006985	00006986	00006987	00006988	00006989	00006990	00006991	00006992	00006993	00006994	00006995	00006996	00006997	00006998	00006999	00007000	00007001	00007002	00007003	00007004	00007005	00007006	00007007
84328526	445228100	619479458	00007008	00007009	00007010	00007011	00007012	00007013	00007014	00007015	00007016	00007017	00007018	00007019	00007020	00007021	00007022	00007023	00007024	00007025	00007026	00007027	00007028	00007029	00007030	00007031	00007032	00007033	00007034	00007035	00007036	00007037	00007038	00007039	00007040	00007041	00007042	00007043	00007044	00007045	00007046	00007047	00007048	00007049	00007050	00007051	00007052	00007053	00007054	00007055	00007056	00007057	00007058	00007059	00007060	00007061	00007062	00007063	00007064	00007065	00007066	00007067	00007068	00007069	00007070	00007071	00007072	00007073	00007074	00007075	00007076	00007077	00007078	00007079	00007080	00007081	00007082	00007083	00007084	00007085	00007086	00007087	00007088	00007089	00007090	00007091	00007092	00007093	00007094	00007095	00007096	00007097	00007098	00007099	00007100	00007101	00007102	00007103	00007104	00007105	00007106	00007107	00007108	00007109	00007110	00007111	00007112	00007113	00007114	00007115	00007116	00007117	00007118	00007119	00007120	00007121	00007122	00007123	00007124	00007125	00007126	00007127	00007128	00007129	00007130	00007131	00007132	00007133	00007134	00007135	00007136	00007137	00007138	00007139	00007140	00007141	00007142	00007143	00007144	00007145	00007146	00007147	00007148	00007149	00007150	00007151	00007152	00007153	00007154	00007155	00007156	00007157	00007158	00007159	00007160	00007161	00007162	00007163	00007164	00007165	00007166	00007167	00007168	00007169	00007170	00007171	00007172	00007173	00007174	00007175	00007176	00007177	00007178	00007179	00007180	00007181	00007182	00007183	00007184	00007185	00007186	00007187	00007188	00007189	00007190	00007191	00007192	00007193	00007194	00007195	00007196	00007197	00007198	00007199	00007200	00007201	00007202	00007203	00007204	00007205	00007206	00007207
86617697	457325320	636011298	00007208	00007209	00007210	00007211	00007212	00007213	00007214	00007215	00007216	00007217	00007218	00007219	00007220	00007221	00007222	00007223	00007224	00007225	00007226	00007227	00007228	00007229	00007230	00007231	00007232	00007233	00007234	00007235	00007236	00007237	00007238	00007239	00007240	00007241	00007242	00007243	00007244	00007245	00007246	00007247	00007248	00007249	00007250	00007251	00007252	00007253	00007254	00007255	00007256	00007257	00007258	00007259	00007260	00007261	00007262	00007263	00007264	00007265	00007266	00007267	00007268	00007269	00007270	00007271	00007272	00007273	00007274	00007275	00007276	00007277	00007278	00007279	00007280	00007281	00007282	00007283	00007284	00007285	00007286	00007287	00007288	00007289	00007290	00007291	00007292	00007293	00007294	00007295	00007296	00007297	00007298	00007299	00007300	00007301	00007302	00007303	00007304	00007305	00007306	00007307	00007308	00007309	00007310	00007311	00007312	00007313	00007314	00007315	00007316	00007317	00007318	00007319	00007320	00007321	00007322	00007323	00007324	00007325	00007326	00007327	00007328	00007329	00007330	00007331	00007332	00007333	00007334	00007335	00007336	00007337	00007338	00007339	00007340	00007341	00007342	00007343	00007344	00007345	00007346	00007347	00007348	00007349	00007350	00007351	00007352	00007353	00007354	00007355	00007356	00007357	00007358	00007359	00007360	00007361	00007362	00007363	00007364	00007365	00007366	00007367	00007368	00007369	00007370	00007371	00007372	00007373	00007374	00007375	00007376	00007377	00007378	00007379	00007380	00007381	00007382	00007383	00007384	00007385	00007386	00007387	00007388	00007389	00007390	00007391	00007392	00007393	00007394	00007395	00007396	00007397	00007398	00007399	00007400	00007401	00007402	00007403	00007404	00007405	00007406	00007407
89013056	470013172	653979579	00007408	00007409	00007410	00007411	00007412	00007413	00007414	00007415	00007416	00007417	00007418	00007419	00007420	00007421	00007422	00007423	00007424	00007425	00007426	00007427	00007428	00007429	00007430	00007431	00007432	00007433	00007434	00007435	00007436	00007437	00007438	00007439	00007440	00007441	00007442	00007443	00007444	00007445	00007446	00007447	00007448	00007449	00007450	00007451	00007452	00007453	00007454	00007455	00007456	00007457	00007458	00007459	00007460	00007461	00007462	00007463	00007464	00007465	00007466	00007467	00007468	00007469	00007470	00007471	00007472	00007473	00007474	00007475	00007476	00007477	00007478	00007479	00007480	00007481	00007482	00007483	00007484	00007485	00007486	00007487	00007488	00007489	00007490	00007491	00007492	00007493	00007494	00007495	00007496	00007497	00007498	00007499	00007500	00007501	00007502	00007503	00007504	00007505	00007506	00007507	00007508	00007509	00007510	00007511	00007512	00007513	00007514	00007515	00007516	00007517	00007518	00007519	00007520	00007521	00007522	00007523	00007524	00007525	00007526	00007527	00007528	00007529	00007530	00007531	00007532	00007533	00007534	00007535	00007536	00007537	00007538	00007539	00007540	00007541	00007542	00007543	00007544	00007545	00007546	00007547	00007548	00007549	00007550	00007551	00007552	00007553	00007554	00007555	00007556	00007557	00007558	00007559	00007560	00007561	00007562	00007563	00007564	00007565	00007566	00007567	00007568	00007569	00007570	00007571	00007572	00007573	00007574	00007575	00007576	00007577	00007578	00007579	00007580	00007581	00007582	00007583	00007584	00007585	00007586	00007587	00007588	00007589	00007590	00007591	00007592	00007593	00007594	00007595	00007596	00007597	00007598	00007599	00007600	00007601	00007602	00007603	00007604	00007605	00007606	00007607
91290923	482090294	670917538	00007608	00007609	00007610	00007611	00007612	00007613	00007614	00007615	00007616	00007617	00007618	00007619	00007620	00007621	00007622	00007623	00007624	00007625	00007626	00007627	00007628	00007629	00007630	00007631	00007632	00007633	00007634	00007635	00007636	00007637	00007638	00007639	00007640	00007641	00007642	00007643	00007644	00007645	00007646	00007647	00007648	00007649	00007650	00007651	00007652	00007653	00007654	00007655	00007656	00007657	00007658	00007659	00007660	00007661	00007662	00007663	00007664	00007665	00007666	00007667	00007668	00007669	00007670	00007671	00007672	00007673	00007674	00007675	00007676	00007677	00007678	00007679	00007680	00007681	00007682	00007683	00007684	00007685	00007686	00007687	00007688	00007689	00007690	00007691	00007692	00007693	00007694	00007695	00007696	00007697	00007698	00007699	00007700	00007701	00007702	00007703	00007704	00007705	00007706	00007707	00007708	00007709	00007710	00007711	00007712	00007713	00007714	00007715	00007716	00007717	00007718	00007719	00007720	00007721	00007722	00007723	00007724	00007725	00007726	00007727	00007728	00007729	00007730	00007731	00007732	00007733	00007734	00007735	00007736	00007737	00007738	00007739	00007740	00007741	00007742	00007743	00007744	00007745	00007746	00007747	00007748	00007749	00007750	00007751	00007752	00007753	00007754	00007755	00007756	00007757	00007758	00007759	00007760	00007761	00007762	00007763	00007764	00007765	00007766	00007767	00007768	00007769	00007770	00007771	00007772	00007773	00007774	00007775	00007776	00007777	00007778	00007779	00007780	00007781	00007782	00007783	00007784	00007785	00007786	00007787	00007788	00007789	00007790	00007791	00007792	00007793	00007794	00007795	00007796	00007797	00007798	00007799	00007800	00007801	00007802	00007803	00007804	00007805	00007806	00007807
93617700	494438042	687849880	00007808	00007809	00007810	00007811	00007812	00007813	00007814	00007815	00007816	00007817	00007818	00007819	00007820	00007821	00007822	00007823	00007824	00007825	00007826	00007827	00007828	00007829	00007830	00007831	00007832	00007833	00007834	00007835	00007836	00007837	00007838	00007839	00007840	00007841	00007842	00007843	00007844	00007845	00007846	00007847	00007848	00007849	00007850	00007851	00007852	00007853	00007854	00007855	00007856	00007857	00007858	00007859	00007860	00007861	00007862	00007863	00007864	00007865	00007866	00007867	00007868	00007869	00007870	00007871	00007872	00007873	00007874	00007875	00007876	00007877	00007878	00007879	00007880	00007881	00007882	00007883	00007884	00007885	00007886	00007887	00007888	00007889	00007890	00007891	00007892	00007893	00007894	00007895	00007896	00007897	00007898	00007899	00007900	00007901	00007902	00007903	00007904	00007905	00007906	00007907	00007908	00007909	00007910	00007911	00007912	00007913	00007914	00007915	00007916	00007917	00007918	00007919	00007920	00007921	00007922	00007923	00007924	00007925	00007926	00007927	00007928	00007929	00007930	00007931	00007932	00007933	00007934	00007935	00007936	00007937	00007938	00007939	00007940	00007941	00007942	00007943	00007944	00007945	00007946	00007947	00007948	00007949	00007950	00007951	00007952	00007953	00007954	00007955	00007956	00007957	00007958	00007959	00007960	00007961	00007962	00007963	00007964	00007965	00007966	00007967	00007968	00007969	00007970	00007971	00007972	00007973	00007974	00007975	00007976	00007977	00007978	00007979	00007980	00007981	00007982	00007983	00007984	00007985	00007986	00007987	00007988	00007989	00007990	00007991	00007992	00007993	00007994	00007995	00007996	00007997	00007998	00007999	00008000	00008001	00008002	00008003	00008004	00008005	00008006	00008007
95936565	506730312	704874050	00008008	00008009	00008010	00008011	00008012	00008013	00008014	00008015	00008016	00008017	00008018	00008019	00008020	00008021	00008022	00008023	00008025	00008026	00008027	00008028	00008029	00008030	00008031	00008032	00008033	00008034	00008035	00008036	00008037	00008038	00008039	00008040	00008041	00008042	00008043	00008044	00008045	00008046	00008047	00008048	00008049	00008050	00008051	00008052	00008053	00008054	00008055	00008056	00008057	00008058	00008059	00008060	00008061	00008062	00008063	00008064	00008065	00008066	00008067	00008068	00008069	00008070	00008071	00008072	00008073	00008074	00008075	00008076	00008077	00008078	00008079	00008080	00008081	00008082	00008083	00008084	00008085	00008086	00008087	00008088	00008089	00008090	00008091	00008092	00008093	00008094	00008095	00008096	00008097	00008098	00008099	00008100	00008101	00008102	00008103	00008104	00008105	00008106	00008107	00008108	00008109	00008110	00008111	00008112	00008113	00008114	00008115	00008116	00008117	00008118	00008119	00008120	00008121	00008122	00008123	00008124	00008125	00008126	00008127	00008128	00008129	00008130	00008131	00008132	00008133	00008134	00008135	00008136	00008137	00008138	00008139	00008140	00008141	00008142	00008143	00008144	00008145	00008146	00008147	00008148	00008149	00008150	00008151	00008152	00008153	00008154	00008155	00008156	00008157	00008158	00008159	00008160	00008161	00008162	00008163	00008164	00008165	00008166	00008167	00008168	00008169	00008170	00008171	00008172	00008173	00008174	00008175	00008176	00008177	00008178	00008179	00008180	00008181	00008182	00008183	00008184	00008185	00008186	00008187	00008188	00008189	00008190	00008191	00008192	00008193	00008194	00008195	00008196	00008197	00008198	00008199	00008200	00008201	00008202	00008203	00008204	00008205	00008206	00008207	00008208
98359407	519483496	722485442	00008209	00008210	00008211	00008212	00008213	00008214	00008215	00008216	00008217	00008218	00008219	00008220	00008221	00008222	00008223	00008224	00008225	00008226	00008227	00008228	00008229	00008230	00008231	00008232	00008233	00008234	00008235	00008236	00008237	00008238	00008239	00008240	00008241	00008242	00008243	00008244	00008245	00008246	00008247	00008248	00008249	00008250	00008251	00008252	00008253	00008254	00008255	00008256	00008257	00008258	00008259	00008260	00008261	00008262	00008263	00008264	00008265	00008266	00008267	00008268	00008269	00008270	00008271	00008272	00008273	00008274	00008275	00008276	00008277	00008278	00008279	00008280	00008281	00008282	00008283	00008284	00008285	00008286	00008287	00008288	00008289	00008290	00008291	00008292	00008293	00008294	00008295	00008296	00008297	00008298	00008299	00008300	00008301	00008302	00008303	00008304	00008305	00008306	00008307	00008308	00008309	00008310	00008311	00008312	00008313	00008314	00008315	00008316	00008317	00008318	00008319	00008320	00008321	00008322	00008323	00008324	00008325	00008326	00008327	00008328	00008329	00008330	00008331	00008332	00008333	00008334	00008335	00008336	00008337	00008338	00008339	00008340	00008341	00008342	00008343	00008344	00008345	00008346	00008347	00008348	00008349	00008350	00008351	00008352	00008353	00008354	00008355	00008356	00008357	00008358	00008359	00008360	00008361	00008362	00008363	00008364	00008365	00008366	00008367	00008368	00008369	00008370	00008371	00008372	00008373	00008374	00008375	00008376	00008377	00008378	00008379	00008380	00008381	00008382	00008383	00008384	00008385	00008386	00008387	00008388	00008389	00008390	00008391	00008392	00008393	00008394	00008395	00008396	00008397	00008398	00008399	00008400	00008401	00008402	00008403	00008404	00008405	00008406	00008407	00008408
100628172	531464614	738922180	00008409	00008410	00008411	00008412	00008413	00008414	00008415	00008416	00008417	00008418	00008419	00008420	00008421	00008422	00008423	00008424	00008425	00008426	00008427	00008428	00008429	00008430	00008431	00008432	00008433	00008434	00008435	00008436	00008437	00008438	00008439	00008440	00008441	00008442	00008443	00008444	00008445	00008446	00008447	00008448	00008449	00008450	00008451	00008452	00008453	00008454	00008455	00008456	00008457	00008458	00008459	00008460	00008461	00008462	00008463	00008464	00008465	00008466	00008467	00008468	00008469	00008470	00008471	00008472	00008473	00008474	00008475	00008476	00008477	00008478	00008479	00008480	00008481	00008482	00008483	00008484	00008485	00008486	00008487	00008488	00008489	00008490	00008491	00008492	00008493	00008494	00008495	00008496	00008497	00008498	00008499	00008500	00008501	00008502	00008503	00008504	00008505	00008506	00008507	00008508	00008509	00008510	00008511	00008512	00008513	00008514	00008515	00008516	00008517	00008518	00008519	00008520	00008521	00008522	00008523	00008524	00008525	00008526	00008527	00008528	00008529	00008530	00008531	00008532	00008533	00008534	00008535	00008536	00008537	00008538	00008539	00008540	00008541	00008542	00008543	00008544	00008545	00008546	00008547	00008548	00008549	00008550	00008551	00008552	00008553	00008554	00008555	00008556	00008557	00008558	00008559	00008560	00008561	00008562	00008563	00008564	00008565	00008566	00008567	00008568	00008569	00008570	00008571	00008572	00008573	00008574	00008575	00008576	00008577	00008578	00008579	00008580	00008581	00008582	00008583	00008584	00008585	00008586	00008587	00008588	00008589	00008590	00008591	00008592	00008593	00008594	00008595	00008596	00008597	00008598	00008599	00008600	00008601	00008602	00008603	00008604	00008605	00008606	00008607	00008608
102925061	543605412	755985261	00008609	00008610	00008611	00008612	00008613	00008614	00008615	00008616	00008617	00008618	00008619	00008620	00008621	00008622	00008623	00008624	00008625	00008626	00008627	00008628	00008629	00008630	00008631	00008632	00008633	00008634	00008635	00008636	00008637	00008638	00008639	00008640	00008641	00008642	00008643	00008644	00008645	00008646	00008647	00008648	00008649	00008650	00008651	00008652	00008653	00008654	00008655	00008656	00008657	00008658	00008659	00008660	00008661	00008662	00008663	00008664	00008665	00008666	00008667	00008668	00008669	00008670	00008671	00008672	00008673	00008674	00008675	00008676	00008677	00008678	00008679	00008680	00008681	00008682	00008683	00008684	00008685	00008686	00008687	00008688	00008689	00008690	00008691	00008692	00008693	00008694	00008695	00008696	00008697	00008698	00008699	00008700	00008701	00008702	00008703	00008704	00008705	00008706	00008707	00008708	00008709	00008710	00008711	00008712	00008713	00008714	00008715	00008716	00008717	00008718	00008719	00008720	00008721	00008722	00008723	00008724	00008725	00008726	00008727	00008728	00008729	00008730	00008731	00008732	00008733	00008734	00008735	00008736	00008737	00008738	00008739	00008740	00008741	00008742	00008743	00008744	00008745	00008746	00008747	00008748	00008749	00008750	00008751	00008752	00008753	00008754	00008755	00008756	00008757	00008758	00008759	00008760	00008761	00008762	00008763	00008764	00008765	00008766	00008767	00008768	00008769	00008770	00008771	00008772	00008773	00008774	00008775	00008776	00008777	00008778	00008779	00008780	00008781	00008782	00008783	00008784	00008785	00008786	00008787	00008788	00008789	00008790	00008791	00008792	00008793	00008794	00008795	00008796	00008797	00008798	00008799	00008800	00008801	00008802	00008803	00008804	00008805	00008806	00008807	00008808
105353288	556459018	774665377	00008809	00008810	00008811	00008812	00008813	00008814	00008815	00008816	00008817	00008818	00008819	00008820	00008821	00008822	00008823	00008824	00008825	00008826	00008827	00008828	00008829	00008830	00008831	00008832	00008833	00008834	00008835	00008836	00008837	00008838	00008839	00008840	00008841	00008842	00008843	00008844	00008845	00008846	00008847	00008848	00008849	00008850	00008851	00008852	00008853	00008854	00008855	00008856	00008857	00008858	00008859	00008860	00008861	00008862	00008863	00008864	00008865	00008866	00008867	00008868	00008869	00008870	00008871	00008872	00008873	00008874	00008875	00008876	00008877	00008878	00008879	00008880	00008881	00008882	00008883	00008884	00008885	00008886	00008887	00008888	00008889	00008890	00008891	00008892	00008893	00008894	00008895	00008896	00008897	00008898	00008899	00008900	00008901	00008902	00008903	00008904	00008905	00008906	00008907	00008908	00008909	00008910	00008911	00008912	00008913	00008914	00008915	00008916	00008917	00008918	00008919	00008920	00008921	00008922	00008923	00008924	00008925	00008926	00008927	00008928	00008929	00008930	00008931	00008932	00008933	00008934	00008935	00008936	00008937	00008938	00008939	00008940	00008941	00008942	00008943	00008944	00008945	00008946	00008947	00008948	00008949	00008950	00008951	00008952	00008953	00008954	00008955	00008956	00008957	00008958	00008959	00008960	00008961	00008962	00008963	00008964	00008965	00008966	00008967	00008968	00008969	00008970	00008971	00008972	00008973	00008974	00008975	00008976	00008977	00008978	00008979	00008980	00008981	00008982	00008983	00008984	00008985	00008986	00008987	00008988	00008989	00008990	00008991	00008992	00008993	00008994	00008995	00008996	00008997	00008998	00008999	00009000	00009001	00009002	00009003	00009004	00009005	00009006	00009007	00009008
107763610	569298782	793137901	00009009	00009010	00009011	00009012	00009013	00009014	00009015	00009016	00009017	00009018	00009019	00009020	00009021	00009022	00009023	00009024	00009025	00009026	00009027	00009028	00009029	00009030	00009031	00009032	00009033	00009034	00009035	00009036	00009037	00009038	00009039	00009040	00009041	00009042	00009043	00009044	00009045	00009046	00009047	00009048	00009049	00009050	00009051	00009052	00009053	00009054	00009055	00009056	00009057	00009058	00009059	00009060	00009061	00009062	00009063	00009064	00009065	00009066	00009067	00009068	00009069	00009070	00009071	00009072	00009073	00009074	00009075	00009076	00009077	00009078	00009079	00009080	00009081	00009082	00009083	00009084	00009085	00009086	00009087	00009088	00009089	00009090	00009091	00009092	00009093	00009094	00009095	00009096	00009097	00009098	00009099	00009100	00009101	00009102	00009103	00009104	00009105	00009106	00009107	00009108	00009109	00009110	00009111	00009112	00009113	00009114	00009115	00009116	00009117	00009118	00009119	00009120	00009121	00009122	00009123	00009124	00009125	00009126	00009127	00009128	00009129	00009130	00009131	00009132	00009133	00009134	00009135	00009136	00009137	00009138	00009139	00009140	00009141	00009142	00009143	00009144	00009145	00009146	00009147	00009148	00009149	00009150	00009151	00009152	00009153	00009154	00009155	00009156	00009157	00009158	00009159	00009160	00009161	00009162	00009163	00009164	00009165	00009166	00009167	00009168	00009169	00009170	00009171	00009172	00009173	00009174	00009175	00009176	00009177	00009178	00009179	00009180	00009181	00009182	00009183	00009184	00009185	00009186	00009187	00009188	00009189	00009190	00009191	00009192	00009193	00009194	00009195	00009196	00009197	00009198	00009199	00009200	00009201	00009202	00009203	00009204	00009205	00009206	00009207	00009208
110244514	582521694	812152094	00009209	00009210	00009211	00009212	00009213	00009214	00009215	00009216	00009217	00009218	00009219	00009220	00009221	00009222	00009223	00009224	00009225	00009226	00009227	00009228	00009229	00009230	00009231	00009232	00009233	00009234	00009235	00009236	00009237	00009238	00009239	00009240	00009241	00009242	00009243	00009244	00009245	00009246	00009247	00009248	00009249	00009250	00009251	00009252	00009253	00009254	00009255	00009256	00009257	00009258	00009259	00009260	00009261	00009262	00009263	00009264	00009265	00009266	00009267	00009268	00009269	00009270	00009271	00009272	00009273	00009274	00009275	00009276	00009277	00009278	00009279	00009280	00009281	00009282	00009283	00009284	00009285	00009286	00009287	00009288	00009289	00009290	00009291	00009292	00009293	00009294	00009295	00009296	00009297	00009298	00009299	00009300	00009301	00009302	00009303	00009304	00009305	00009306	00009307	00009308	00009309	00009310	00009311	00009312	00009313	00009314	00009315	00009316	00009317	00009318	00009319	00009320	00009321	00009322	00009323	00009324	00009325	00009326	00009327	00009328	00009329	00009330	00009331	00009332	00009333	00009334	00009335	00009336	00009337	00009338	00009339	00009340	00009341	00009342	00009343	00009344	00009345	00009346	00009347	00009348	00009349	00009350	00009351	00009352	00009353	00009354	00009355	00009356	00009357	00009358	00009359	00009360	00009361	00009362	00009363	00009364	00009365	00009366	00009367	00009368	00009369	00009370	00009371	00009372	00009373	00009374	00009375	00009376	00009377	00009378	00009379	00009380	00009381	00009382	00009383	00009384	00009385	00009386	00009387	00009388	00009389	00009390	00009391	00009392	00009393	00009394	00009395	00009396	00009397	00009398	00009399	00009400	00009401	00009402	00009403	00009404	00009405	00009406	00009407	00009408
112605221	594943622	829480065	00009409	00009410	00009411	00009412	00009413	00009414	00009415	00009416	00009417	00009418	00009419	00009420	00009421	00009422	00009423	00009424	00009425	00009426	00009427	00009428	00009429	00009430	00009431	00009432	00009433	00009434	00009435	00009436	00009437	00009438	00009439	00009440	00009441	00009442	00009443	00009444	00009445	00009446	00009447	00009448	00009449	00009450	00009451	00009452	00009453	00009454	00009455	00009456	00009457	00009458	00009459	00009460	00009461	00009462	00009463	00009464	00009465	00009466	00009467	00009468	00009469	00009470	00009471	00009472	00009473	00009474	00009475	00009476	00009477	00009478	00009479	00009480	00009481	00009482	00009483	00009484	00009485	00009486	00009487	00009488	00009489	00009490	00009491	00009492	00009493	00009494	00009495	00009496	00009497	00009498	00009499	00009500	00009501	00009502	00009503	00009504	00009505	00009506	00009507	00009508	00009509	00009510	00009511	00009512	00009513	00009514	00009515	00009516	00009517	00009518	00009519	00009520	00009521	00009522	00009523	00009524	00009525	00009526	00009527	00009528	00009529	00009530	00009531	00009532	00009533	00009534	00009535	00009536	00009537	00009538	00009539	00009540	00009541	00009542	00009543	00009544	00009545	00009546	00009547	00009548	00009549	00009550	00009551	00009552	00009553	00009554	00009555	00009556	00009557	00009558	00009559	00009560	00009561	00009562	00009563	00009564	00009565	00009566	00009567	00009568	00009569	00009570	00009571	00009572	00009573	00009574	00009575	00009576	00009577	00009578	00009579	00009580	00009581	00009582	00009583	00009584	00009585	00009586	00009587	00009588	00009589	00009590	00009591	00009592	00009593	00009594	00009595	00009596	00009597	00009598	00009599	00009600	00009601	00009602	00009603	00009604	00009605	00009606	00009607	00009608
114971434	607445550	847051252	00009609	00009610	00009611	00009612	00009613	00009614	00009615	00009616	00009617	00009618	00009619	00009620	00009621	00009622	00009623	00009624	00009625	00009626	00009627	00009628	00009629	00009630	00009631	00009632	00009633	00009634	00009635	00009636	00009637	00009638	00009639	00009640	00009641	00009642	00009643	00009644	00009645	00009646	00009647	00009648	00009649	00009650	00009651	00009652	00009653	00009654	00009655	00009656	00009657	00009658	00009659	00009660	00009661	00009662	00009663	00009664	00009665	00009666	00009667	00009668	00009669	00009670	00009671	00009672	00009673	00009674	00009675	00009676	00009677	00009678	00009679	00009680	00009681	00009682	00009683	00009684	00009685	00009686	00009687	00009688	00009689	00009690	00009691	00009692	00009693	00009694	00009695	00009696	00009697	00009698	00009699	00009700	00009701	00009702	00009703	00009704	00009705	00009706	00009707	00009708	00009709	00009710	00009711	00009712	00009713	00009714	00009715	00009716	00009717	00009718	00009719	00009720	00009721	00009722	00009723	00009724	00009725	00009726	00009727	00009728	00009729	00009730	00009731	00009732	00009733	00009734	00009735	00009736	00009737	00009738	00009739	00009740	00009741	00009742	00009743	00009744	00009745	00009746	00009747	00009748	00009749	00009750	00009751	00009752	00009753	00009754	00009755	00009757	00009758	00009759	00009760	00009761	00009762	00009763	00009764	00009765	00009766	00009767	00009768	00009769	00009770	00009771	00009772	00009773	00009774	00009775	00009776	00009777	00009778	00009779	00009780	00009781	00009782	00009783	00009784	00009785	00009786	00009787	00009788	00009789	00009790	00009791	00009792	00009793	00009794	00009795	00009796	00009797	00009798	00009799	00009800	00009801	00009802	00009803	00009804	00009805	00009806	00009807	00009808	00009809
117298826	619659388	863952573	00009810	00009811	00009812	00009813	00009814	00009815	00009816	00009817	00009818	00009819	00009820	00009821	00009822	00009823	00009824	00009825	00009826	00009827	00009828	00009829	00009830	00009831	00009832	00009833	00009834	00009835	00009836	00009837	00009838	00009839	00009840	00009841	00009842	00009843	00009844	00009845	00009846	00009847	00009848	00009849	00009850	00009851	00009852	00009853	00009854	00009855	00009856	00009857	00009858	00009859	00009860	00009861	00009862	00009863	00009864	00009865	00009866	00009867	00009868	00009869	00009870	00009871	00009872	00009873	00009874	00009875	00009876	00009877	00009878	00009879	00009880	00009881	00009882	00009883	00009884	00009885	00009886	00009887	00009888	00009889	00009890	00009891	00009892	00009893	00009894	00009895	00009896	00009897	00009898	00009899	00009900	00009901	00009902	00009903	00009904	00009905	00009906	00009907	00009908	00009909	00009910	00009911	00009912	00009913	00009914	00009915	00009916	00009917	00009918	00009919	00009920	00009921	00009922	00009923	00009924	00009925	00009926	00009927	00009928	00009929	00009930	00009931	00009932	00009933	00009934	00009935	00009936	00009937	00009938	00009939	00009940	00009941	00009942	00009943	00009944	00009945	00009946	00009947	00009948	00009949	00009950	00009951	00009952	00009953	00009954	00009955	00009956	00009957	00009958	00009959	00009960	00009961	00009962	00009963	00009964	00009965	00009966	00009967	00009968	00009969	00009970	00009971	00009972	00009973	00009974	00009975	00009976	00009977	00009978	00009979	00009980	00009981	00009982	00009983	00009984	00009985	00009986	00009987	00009988	00009989	00009990	00009991	00009992	00009993	00009994	00009995	00009996	00009997	00009998	00009999	00010000	00010001	00010002	00010003	00010004	00010005	00010006	00010007	00010008	00010009
119666419	632131532	881352647	00010010	00010011	00010012	00010013	00010014	00010015	00010016	00010017	00010018	00010019	00010020	00010021	00010022	00010023	00010024	00010025	00010026	00010027	00010028	00010029	00010030	00010031	00010032	00010033	00010034	00010035	00010036	00010037	00010039	00010040	00010041	00010042	00010043	00010044	00010045	00010046	00010047	00010048	00010049	00010050	00010051	00010052	00010053	00010054	00010055	00010056	00010057	00010058	00010059	00010060	00010061	00010062	00010063	00010064	00010065	00010066	00010068	00010069	00010070	00010071	00010072	00010073	00010074	00010075	00010076	00010077	00010078	00010079	00010080	00010081	00010082	00010083	00010084	00010085	00010086	00010087	00010088	00010089	00010090	00010091	00010092	00010093	00010094	00010095	00010096	00010097	00010098	00010099	00010100	00010101	00010102	00010103	00010104	00010105	00010106	00010107	00010108	00010109	00010110	00010111	00010112	00010113	00010114	00010115	00010116	00010117	00010118	00010119	00010120	00010121	00010122	00010123	00010124	00010125	00010126	00010127	00010128	00010129	00010130	00010131	00010132	00010133	00010134	00010135	00010136	00010137	00010138	00010139	00010140	00010141	00010142	00010143	00010144	00010145	00010146	00010147	00010148	00010149	00010150	00010151	00010152	00010153	00010154	00010155	00010156	00010157	00010158	00010159	00010160	00010161	00010162	00010163	00010164	00010165	00010166	00010167	00010168	00010169	00010170	00010171	00010172	00010173	00010174	00010175	00010176	00010177	00010178	00010179	00010180	00010181	00010182	00010183	00010184	00010185	00010186	00010187	00010188	00010189	00010190	00010191	00010192	00010193	00010194	00010195	00010196	00010197	00010198	00010199	00010200	00010201	00010202	00010203	00010204	00010205	00010206	00010207	00010208	00010209	00010210	00010211
122056431	644826534	898986560	00010212	00010213	00010214	00010215	00010216	00010217	00010218	00010219	00010220	00010221	00010222	00010223	00010224	00010225	00010226	00010227	00010228	00010229	00010230	00010231	00010232	00010233	00010234	00010235	00010236	00010237	00010238	00010239	00010240	00010241	00010242	00010243	00010244	00010245	00010246	00010247	00010248	00010249	00010250	00010251	00010252	00010253	00010254	00010255	00010256	00010257	00010258	00010259	00010260	00010261	00010262	00010263	00010264	00010265	00010266	00010267	00010268	00010269	00010270	00010271	00010272	00010273	00010274	00010275	00010276	00010277	00010278	00010279	00010280	00010281	00010282	00010283	00010284	00010285	00010286	00010287	00010288	00010289	00010290	00010291	00010292	00010293	00010294	00010295	00010296	00010297	00010298	00010299	00010300	00010301	00010302	00010303	00010304	00010305	00010306	00010307	00010308	00010309	00010310	00010311	00010312	00010313	00010314	00010315	00010316	00010317	00010318	00010319	00010320	00010321	00010322	00010323	00010324	00010325	00010326	00010327	00010328	00010329	00010330	00010331	00010332	00010333	00010334	00010335	00010336	00010337	00010338	00010339	00010340	00010341	00010342	00010343	00010344	00010345	00010346	00010347	00010348	00010349	00010350	00010351	00010352	00010353	00010354	00010355	00010356	00010357	00010358	00010359	00010360	00010361	00010362	00010363	00010364	00010365	00010366	00010367	00010368	00010369	00010370	00010371	00010372	00010373	00010374	00010375	00010376	00010377	00010378	00010379	00010380	00010381	00010382	00010383	00010384	00010385	00010386	00010387	00010388	00010389	00010390	00010391	00010392	00010393	00010394	00010395	00010396	00010397	00010398	00010399	00010400	00010401	00010402	00010403	00010404	00010405	00010406	00010407	00010408	00010409	00010410	00010411
124416185	657273922	916375487	00010412	00010413	00010414	00010415	00010416	00010417	00010418	00010419	00010420	00010421	00010422	00010423	00010424	00010425	00010426	00010427	00010428	00010429	00010430	00010431	00010432	00010433	00010434	00010435	00010436	00010437	00010438	00010439	00010440	00010441	00010442	00010443	00010444	00010445	00010446	00010447	00010448	00010449	00010450	00010451	00010452	00010453	00010454	00010455	00010456	00010457	00010458	00010459	00010460	00010461	00010462	00010463	00010464	00010465	00010466	00010467	00010468	00010469	00010470	00010471	00010472	00010473	00010474	00010475	00010476	00010477	00010478	00010479	00010480	00010481	00010482	00010483	00010484	00010485	00010486	00010487	00010488	00010489	00010490	00010491	00010492	00010493	00010494	00010495	00010496	00010497	00010498	00010499	00010500	00010501	00010502	00010503	00010504	00010505	00010506	00010507	00010508	00010509	00010510	00010511	00010512	00010513	00010514	00010515	00010516	00010517	00010518	00010519	00010520	00010521	00010522	00010523	00010524	00010525	00010526	00010527	00010528	00010529	00010530	00010531	00010532	00010533	00010534	00010535	00010536	00010537	00010538	00010539	00010540	00010541	00010542	00010543	00010544	00010545	00010546	00010547	00010548	00010549	00010550	00010551	00010552	00010553	00010554	00010555	00010556	00010557	00010558	00010559	00010560	00010561	00010562	00010563	00010564	00010565	00010566	00010567	00010568	00010569	00010570	00010571	00010572	00010573	00010574	00010575	00010576	00010577	00010578	00010579	00010580	00010581	00010582	00010583	00010584	00010585	00010586	00010587	00010588	00010589	00010590	00010591	00010592	00010593	00010594	00010595	00010596	00010597	00010598	00010599	00010600	00010601	00010602	00010603	00010604	00010605	00010606	00010607	00010608	00010609	00010610	00010611
126738311	669442808	933576684	00010612	00010613	00010614	00010615	00010616	00010617	00010618	00010619	00010620	00010621	00010622	00010623	00010624	00010625	00010626	00010627	00010628	00010629	00010630	00010631	00010632	00010633	00010634	00010635	00010636	00010637	00010638	00010639	00010640	00010641	00010642	00010643	00010644	00010645	00010646	00010647	00010648	00010649	00010650	00010651	00010652	00010653	00010654	00010655	00010656	00010657	00010658	00010659	00010660	00010661	00010662	00010663	00010664	00010665	00010666	00010667	00010668	00010669	00010670	00010671	00010672	00010673	00010674	00010675	00010676	00010677	00010678	00010679	00010680	00010681	00010682	00010683	00010684	00010685	00010686	00010687	00010688	00010689	00010690	00010691	00010692	00010693	00010694	00010695	00010696	00010697	00010698	00010699	00010700	00010701	00010702	00010703	00010704	00010705	00010706	00010707	00010708	00010709	00010710	00010711	00010712	00010713	00010714	00010715	00010716	00010717	00010718	00010719	00010720	00010721	00010722	00010723	00010724	00010725	00010726	00010727	00010728	00010729	00010730	00010731	00010732	00010733	00010734	00010735	00010736	00010737	00010738	00010739	00010740	00010741	00010742	00010743	00010744	00010745	00010746	00010747	00010748	00010749	00010750	00010751	00010752	00010753	00010754	00010755	00010756	00010757	00010758	00010759	00010760	00010761	00010762	00010763	00010764	00010765	00010766	00010767	00010768	00010769	00010770	00010771	00010772	00010773	00010774	00010775	00010776	00010777	00010778	00010779	00010780	00010781	00010782	00010783	00010784	00010785	00010786	00010787	00010788	00010789	00010790	00010791	00010792	00010793	00010794	00010795	00010796	00010797	00010798	00010799	00010800	00010801	00010802	00010803	00010804	00010805	00010806	00010807	00010808	00010809	00010810	00010811
129160243	682323206	952085274	00010812	00010813	00010814	00010815	00010816	00010817	00010818	00010819	00010820	00010821	00010822	00010823	00010824	00010825	00010826	00010827	00010828	00010829	00010830	00010831	00010832	00010833	00010834	00010835	00010836	00010837	00010838	00010839	00010840	00010841	00010842	00010843	00010844	00010845	00010846	00010847	00010848	00010849	00010850	00010851	00010852	00010853	00010854	00010855	00010856	00010857	00010858	00010859	00010860	00010861	00010862	00010863	00010864	00010865	00010866	00010867	00010868	00010869	00010870	00010871	00010872	00010873	00010874	00010875	00010876	00010877	00010878	00010879	00010880	00010881	00010882	00010883	00010884	00010885	00010886	00010887	00010888	00010889	00010890	00010891	00010892	00010893	00010894	00010895	00010896	00010897	00010898	00010899	00010900	00010901	00010902	00010903	00010904	00010905	00010906	00010907	00010908	00010909	00010910	00010911	00010912	00010913	00010914	00010915	00010916	00010917	00010918	00010919	00010920	00010921	00010922	00010923	00010924	00010925	00010926	00010927	00010928	00010929	00010930	00010931	00010932	00010933	00010934	00010935	00010936	00010937	00010938	00010939	00010940	00010941	00010942	00010943	00010944	00010945	00010946	00010947	00010948	00010949	00010950	00010951	00010952	00010953	00010954	00010955	00010956	00010957	00010958	00010959	00010960	00010961	00010962	00010963	00010964	00010965	00010966	00010967	00010968	00010969	00010970	00010971	00010972	00010973	00010974	00010975	00010976	00010977	00010978	00010979	00010980	00010981	00010982	00010983	00010984	00010985	00010986	00010987	00010988	00010989	00010990	00010991	00010992	00010993	00010994	00010995	00010996	00010997	00010998	00010999	00011000	00011001	00011002	00011003	00011004	00011005	00011006	00011007	00011008	00011009	00011010	00011011
131507737	694732716	969247959	00011012	00011013	00011014	00011015	00011016	00011017	00011018	00011019	00011020	00011021	00011022	00011023	00011024	00011025	00011026	00011027	00011028	00011029	00011030	00011031	00011032	00011033	00011034	00011035	00011036	00011037	00011038	00011039	00011040	00011041	00011042	00011043	00011044	00011045	00011046	00011047	00011048	00011049	00011050	00011051	00011052	00011053	00011054	00011055	00011056	00011057	00011058	00011059	00011060	00011061	00011062	00011063	00011064	00011065	00011066	00011067	00011068	00011069	00011070	00011071	00011072	00011073	00011074	00011075	00011076	00011077	00011078	00011079	00011080	00011081	00011082	00011083	00011084	00011085	00011086	00011087	00011088	00011089	00011090	00011091	00011092	00011093	00011094	00011095	00011096	00011097	00011098	00011099	00011100	00011101	00011102	00011103	00011104	00011105	00011106	00011107	00011108	00011109	00011110	00011111	00011112	00011113	00011114	00011115	00011116	00011117	00011118	00011119	00011120	00011121	00011122	00011123	00011124	00011125	00011126	00011127	00011128	00011129	00011130	00011131	00011132	00011133	00011134	00011135	00011136	00011137	00011138	00011139	00011140	00011141	00011142	00011143	00011144	00011145	00011146	00011147	00011148	00011149	00011150	00011151	00011152	00011153	00011154	00011155	00011156	00011157	00011158	00011159	00011160	00011161	00011162	00011163	00011164	00011165	00011166	00011167	00011168	00011169	00011170	00011171	00011172	00011173	00011174	00011175	00011176	00011177	00011178	00011179	00011180	00011181	00011182	00011183	00011184	00011185	00011186	00011187	00011188	00011189	00011190	00011191	00011192	00011193	00011194	00011195	00011196	00011197	00011198	00011199	00011200	00011201	00011202	00011203	00011204	00011205	00011206	00011207	00011208	00011209	00011210	00011211
133895006	707369314	987196692	00011212	00011213	00011214	00011215	00011216	00011217	00011218	00011219	00011220	00011221	00011222	00011223	00011224	00011225	00011226	00011227	00011228	00011229	00011230	00011231	00011232	00011233	00011234	00011235	00011236	00011237	00011238	00011239	00011240	00011241	00011242	00011243	00011244	00011245	00011246	00011247	00011248	00011249	00011250	00011251	00011252	00011253	00011254	00011255	00011256	00011257	00011258	00011259	00011260	00011261	00011262	00011263	00011264	00011265	00011266	00011267	00011268	00011269	00011270	00011271	00011272	00011273	00011274	00011275	00011276	00011277	00011278	00011279	00011280	00011281	00011282	00011283	00011284	00011285	00011286	00011287	00011288	00011289	00011290	00011291	00011292	00011293	00011294	00011295	00011296	00011297	00011298	00011299	00011300	00011301	00011302	00011303	00011304	00011305	00011306	00011307	00011308	00011309	00011310	00011311	00011312	00011313	00011314	00011315	00011316	00011317	00011318	00011319	00011320	00011321	00011322	00011323	00011324	00011325	00011326	00011327	00011328	00011329	00011330	00011331	00011332	00011333	00011334	00011335	00011336	00011337	00011338	00011339	00011340	00011341	00011342	00011343	00011344	00011345	00011346	00011347	00011348	00011349	00011350	00011351	00011352	00011353	00011354	00011355	00011356	00011357	00011358	00011359	00011360	00011361	00011362	00011363	00011364	00011365	00011366	00011367	00011368	00011369	00011370	00011371	00011372	00011373	00011374	00011375	00011376	00011377	00011378	00011379	00011380	00011381	00011382	00011383	00011384	00011385	00011386	00011387	00011388	00011389	00011390	00011391	00011392	00011393	00011394	00011395	00011396	00011397	00011398	00011399	00011400	00011401	00011402	00011403	00011404	00011405	00011406	00011407	00011408	00011409	00011410	00011411
136237549	719729716	1004058725	00011412	00011413	00011414	00011415	00011416	00011417	00011418	00011419	00011420	00011421	00011422	00011423	00011424	00011425	00011426	00011427	00011428	00011429	00011430	00011431	00011432	00011433	00011434	00011435	00011436	00011437	00011438	00011439	00011440	00011441	00011442	00011443	00011444	00011445	00011446	00011447	00011448	00011449	00011450	00011451	00011452	00011453	00011454	00011455	00011456	00011457	00011458	00011459	00011460	00011461	00011462	00011463	00011464	00011465	00011466	00011467	00011468	00011469	00011470	00011471	00011472	00011473	00011474	00011475	00011476	00011477	00011478	00011479	00011480	00011481	00011482	00011483	00011484	00011485	00011486	00011487	00011488	00011489	00011490	00011491	00011492	00011493	00011494	00011495	00011496	00011497	00011498	00011499	00011500	00011501	00011502	00011503	00011504	00011505	00011506	00011507	00011508	00011509	00011510	00011511	00011512	00011513	00011514	00011515	00011516	00011517	00011518	00011519	00011520	00011521	00011522	00011523	00011524	00011525	00011526	00011527	00011528	00011529	00011530	00011531	00011532	00011533	00011534	00011535	00011536	00011537	00011538	00011539	00011540	00011541	00011542	00011543	00011544	00011545	00011546	00011547	00011548	00011549	00011550	00011551	00011552	00011553	00011554	00011555	00011556	00011557	00011558	00011559	00011560	00011561	00011562	00011563	00011564	00011565	00011566	00011567	00011568	00011569	00011570	00011571	00011572	00011573	00011574	00011575	00011576	00011577	00011578	00011579	00011580	00011581	00011582	00011583	00011584	00011585	00011586	00011587	00011588	00011589	00011590	00011591	00011592	00011593	00011594	00011595	00011596	00011597	00011598	00011599	00011600	00011601	00011602	00011603	00011604	00011605	00011606	00011607	00011608	00011609	00011610	00011611
138648175	732650212	1022441757	00011612	00011613	00011614	00011615	00011616	00011617	00011618	00011619	00011620	00011621	00011622	00011623	00011624	00011625	00011626	00011627	00011628	00011629	00011630	00011631	00011632	00011633	00011634	00011635	00011636	00011637	00011638	00011639	00011640	00011641	00011642	00011643	00011644	00011645	00011646	00011647	00011648	00011649	00011650	00011651	00011652	00011653	00011654	00011655	00011656	00011657	00011658	00011659	00011660	00011661	00011662	00011663	00011664	00011665	00011666	00011667	00011668	00011669	00011670	00011671	00011672	00011673	00011674	00011675	00011676	00011677	00011678	00011679	00011680	00011681	00011682	00011683	00011684	00011685	00011686	00011687	00011688	00011689	00011690	00011691	00011692	00011693	00011694	00011695	00011696	00011697	00011698	00011699	00011700	00011701	00011702	00011703	00011704	00011705	00011706	00011707	00011708	00011709	00011710	00011711	00011712	00011713	00011714	00011715	00011716	00011717	00011718	00011719	00011720	00011721	00011722	00011723	00011724	00011725	00011726	00011727	00011728	00011729	00011730	00011731	00011732	00011733	00011734	00011735	00011736	00011737	00011738	00011739	00011740	00011741	00011742	00011743	00011744	00011745	00011746	00011747	00011748	00011749	00011750	00011751	00011752	00011753	00011754	00011755	00011756	00011757	00011758	00011759	00011760	00011761	00011762	00011763	00011764	00011765	00011766	00011767	00011768	00011769	00011770	00011771	00011772	00011773	00011774	00011775	00011776	00011777	00011778	00011779	00011780	00011781	00011782	00011783	00011784	00011785	00011786	00011787	00011788	00011789	00011790	00011791	00011792	00011793	00011794	00011795	00011796	00011797	00011798	00011799	00011800	00011801	00011802	00011803	00011804	00011805	00011806	00011807	00011808	00011809	00011810	00011811
140975912	745049616	1039832118	00011812	00011813	00011814	00011815	00011816	00011817	00011818	00011819	00011820	00011821	00011822	00011823	00011824	00011825	00011826	00011827	00011828	00011829	00011830	00011831	00011832	00011833	00011834	00011835	00011836	00011837	00011838	00011839	00011840	00011841	00011842	00011843	00011844	00011845	00011846	00011847	00011848	00011849	00011850	00011851	00011852	00011853	00011854	00011855	00011856	00011857	00011858	00011859	00011860	00011861	00011862	00011863	00011864	00011865	00011866	00011867	00011868	00011869	00011870	00011871	00011872	00011873	00011874	00011875	00011876	00011877	00011878	00011879	00011880	00011881	00011882	00011883	00011884	00011885	00011886	00011887	00011888	00011889	00011890	00011891	00011892	00011893	00011894	00011895	00011896	00011897	00011898	00011899	00011900	00011901	00011902	00011903	00011904	00011905	00011906	00011907	00011908	00011909	00011910	00011911	00011912	00011913	00011914	00011915	00011916	00011917	00011918	00011919	00011920	00011921	00011922	00011923	00011924	00011925	00011926	00011927	00011928	00011929	00011930	00011931	00011932	00011933	00011934	00011935	00011936	00011937	00011938	00011939	00011940	00011941	00011942	00011943	00011944	00011945	00011946	00011947	00011948	00011949	00011950	00011951	00011952	00011953	00011954	00011955	00011956	00011957	00011958	00011959	00011960	00011961	00011962	00011963	00011964	00011965	00011966	00011967	00011968	00011969	00011970	00011971	00011972	00011973	00011974	00011975	00011976	00011977	00011978	00011979	00011980	00011981	00011982	00011983	00011984	00011985	00011986	00011987	00011988	00011989	00011990	00011991	00011992	00011993	00011994	00011995	00011996	00011997	00011998	00011999	00012000	00012001	00012002	00012003	00012004	00012005	00012006	00012007	00012008	00012009	00012010	00012011
143391393	757908718	1057661602	00012012	00012013	00012014	00012015	00012016	00012017	00012018	00012019	00012020	00012021	00012022	00012023	00012024	00012025	00012026	00012027	00012028	00012029	00012030	00012031	00012032	00012033	00012034	00012035	00012036	00012037	00012038	00012039	00012040	00012041	00012042	00012043	00012044	00012045	00012046	00012047	00012048	00012049	00012050	00012051	00012052	00012053	00012054	00012055	00012056	00012057	00012058	00012059	00012060	00012061	00012062	00012063	00012064	00012065	00012066	00012067	00012068	00012069	00012070	00012071	00012072	00012073	00012074	00012075	00012076	00012077	00012078	00012079	00012080	00012081	00012082	00012083	00012084	00012085	00012086	00012087	00012088	00012089	00012090	00012091	00012092	00012093	00012094	00012095	00012096	00012097	00012098	00012099	00012100	00012101	00012102	00012103	00012104	00012105	00012106	00012107	00012108	00012109	00012110	00012111	00012112	00012113	00012114	00012115	00012116	00012117	00012118	00012119	00012120	00012121	00012122	00012123	00012124	00012125	00012126	00012127	00012128	00012129	00012130	00012131	00012132	00012133	00012134	00012135	00012136	00012137	00012138	00012139	00012140	00012141	00012142	00012143	00012144	00012145	00012146	00012147	00012148	00012149	00012150	00012151	00012152	00012153	00012154	00012155	00012156	00012157	00012158	00012159	00012160	00012161	00012162	00012163	00012164	00012165	00012166	00012167	00012168	00012169	00012170	00012171	00012172	00012173	00012174	00012175	00012176	00012177	00012178	00012179	00012180	00012181	00012182	00012183	00012184	00012185	00012186	00012187	00012188	00012189	00012190	00012191	00012192	00012193	00012194	00012195	00012196	00012197	00012198	00012199	00012200	00012201	00012202	00012203	00012204	00012205	00012206	00012207	00012208	00012209	00012210	00012211
145712457	770156250	1074448523	00012212	00012213	00012214	00012215	00012216	00012217	00012218	00012219	00012220	00012221	00012222	00012223	00012224	00012225	00012226	00012227	00012228	00012229	00012230	00012231	00012232	00012233	00012234	00012235	00012236	00012237	00012238	00012239	00012240	00012241	00012242	00012243	00012244	00012245	00012246	00012247	00012248	00012249	00012250	00012251	00012252	00012253	00012254	00012255	00012256	00012257	00012258	00012259	00012260	00012261	00012262	00012263	00012264	00012265	00012266	00012267	00012268	00012269	00012270	00012271	00012272	00012273	00012274	00012275	00012276	00012277	00012278	00012279	00012280	00012281	00012282	00012283	00012284	00012285	00012286	00012287	00012288	00012289	00012290	00012291	00012292	00012293	00012294	00012295	00012296	00012297	00012298	00012299	00012300	00012301	00012302	00012303	00012304	00012305	00012306	00012307	00012308	00012309	00012310	00012311	00012312	00012313	00012314	00012315	00012316	00012317	00012318	00012319	00012320	00012321	00012322	00012323	00012324	00012325	00012326	00012327	00012328	00012329	00012330	00012331	00012332	00012333	00012334	00012335	00012336	00012337	00012338	00012339	00012340	00012341	00012342	00012343	00012344	00012345	00012346	00012347	00012348	00012349	00012350	00012351	00012352	00012353	00012354	00012355	00012356	00012357	00012358	00012359	00012360	00012361	00012362	00012363	00012364	00012365	00012366	00012367	00012368	00012369	00012370	00012371	00012372	00012373	00012374	00012375	00012376	00012377	00012378	00012379	00012380	00012381	00012382	00012383	00012384	00012385	00012386	00012387	00012388	00012389	00012390	00012391	00012392	00012393	00012394	00012395	00012396	00012397	00012398	00012399	00012400	00012401	00012402	00012403	00012404	00012405	00012406	00012407	00012408	00012409	00012410	00012411
148131587	782979484	1092276015	00012412	00012413	00012414	00012415	00012416	00012417	00012418	00012419	00012420	00012421	00012422	00012423	00012424	00012425	00012426	00012427	00012428	00012429	00012430	00012431	00012432	00012433	00012434	00012435	00012436	00012437	00012438	00012439	00012440	00012441	00012442	00012443	00012444	00012445	00012446	00012447	00012448	00012449	00012450	00012451	00012452	00012453	00012454	00012455	00012456	00012457	00012458	00012459	00012460	00012461	00012462	00012463	00012464	00012465	00012466	00012467	00012468	00012469	00012470	00012471	00012472	00012473	00012474	00012475	00012476	00012477	00012478	00012479	00012480	00012481	00012482	00012483	00012484	00012485	00012486	00012487	00012488	00012489	00012490	00012491	00012492	00012493	00012494	00012495	00012496	00012497	00012498	00012499	00012500	00012501	00012502	00012503	00012504	00012505	00012506	00012507	00012508	00012509	00012510	00012511	00012512	00012513	00012514	00012515	00012516	00012517	00012518	00012519	00012520	00012521	00012522	00012523	00012524	00012525	00012526	00012527	00012528	00012529	00012530	00012531	00012532	00012533	00012534	00012535	00012536	00012537	00012538	00012539	00012540	00012541	00012542	00012543	00012544	00012545	00012546	00012547	00012548	00012549	00012550	00012551	00012552	00012553	00012554	00012555	00012556	00012557	00012558	00012559	00012560	00012561	00012562	00012563	00012564	00012565	00012566	00012567	00012568	00012569	00012570	00012571	00012572	00012573	00012574	00012575	00012576	00012577	00012578	00012579	00012580	00012581	00012582	00012583	00012584	00012585	00012586	00012587	00012588	00012589	00012590	00012591	00012592	00012593	00012594	00012595	00012596	00012597	00012598	00012599	00012600	00012601	00012602	00012603	00012604	00012605	00012606	00012607	00012608	00012609	00012610	00012611
150498248	795491656	1109844787	00012612	00012613	00012614	00012615	00012616	00012617	00012618	00012619	00012620	00012621	00012622	00012623	00012624	00012625	00012626	00012627	00012628	00012629	00012630	00012631	00012632	00012633	00012634	00012635	00012636	00012637	00012638	00012639	00012640	00012641	00012642	00012643	00012644	00012645	00012646	00012647	00012648	00012649	00012650	00012651	00012652	00012653	00012654	00012655	00012656	00012657	00012658	00012659	00012660	00012661	00012662	00012663	00012664	00012665	00012666	00012667	00012668	00012669	00012670	00012671	00012672	00012673	00012674	00012675	00012676	00012677	00012678	00012679	00012680	00012681	00012682	00012683	00012684	00012685	00012686	00012687	00012688	00012689	00012690	00012691	00012692	00012693	00012694	00012695	00012696	00012697	00012698	00012699	00012700	00012701	00012702	00012703	00012704	00012705	00012706	00012707	00012708	00012709	00012710	00012711	00012712	00012713	00012714	00012715	00012716	00012717	00012718	00012719	00012720	00012721	00012722	00012723	00012724	00012725	00012726	00012727	00012728	00012729	00012730	00012731	00012732	00012733	00012734	00012735	00012736	00012737	00012738	00012739	00012741	00012742	00012743	00012744	00012745	00012746	00012747	00012748	00012749	00012750	00012751	00012752	00012753	00012754	00012755	00012756	00012757	00012758	00012759	00012760	00012761	00012762	00012763	00012764	00012765	00012766	00012767	00012768	00012769	00012770	00012771	00012772	00012773	00012774	00012775	00012776	00012777	00012778	00012779	00012780	00012781	00012782	00012783	00012784	00012785	00012786	00012787	00012788	00012789	00012790	00012791	00012792	00012793	00012794	00012795	00012796	00012797	00012798	00012799	00012800	00012801	00012802	00012803	00012804	00012805	00012806	00012807	00012808	00012809	00012810	00012811	00012812
152823890	807748948	1126695979	00012813	00012814	00012815	00012816	00012817	00012818	00012819	00012820	00012821	00012822	00012823	00012824	00012825	00012826	00012827	00012828	00012829	00012830	00012831	00012832	00012833	00012834	00012835	00012836	00012837	00012838	00012839	00012840	00012841	00012842	00012843	00012844	00012845	00012846	00012847	00012848	00012849	00012850	00012851	00012852	00012853	00012854	00012855	00012856	00012857	00012858	00012859	00012860	00012861	00012862	00012863	00012864	00012865	00012866	00012867	00012868	00012869	00012870	00012871	00012872	00012873	00012874	00012875	00012876	00012877	00012878	00012879	00012880	00012881	00012882	00012883	00012884	00012885	00012886	00012887	00012888	00012889	00012890	00012891	00012892	00012893	00012894	00012895	00012896	00012897	00012898	00012899	00012900	00012901	00012902	00012903	00012904	00012905	00012906	00012907	00012908	00012909	00012910	00012911	00012912	00012913	00012914	00012915	00012916	00012917	00012918	00012919	00012920	00012921	00012922	00012923	00012924	00012925	00012926	00012927	00012928	00012929	00012930	00012931	00012932	00012933	00012934	00012935	00012936	00012937	00012938	00012939	00012940	00012941	00012942	00012943	00012944	00012945	00012946	00012947	00012948	00012949	00012950	00012951	00012952	00012953	00012954	00012955	00012956	00012957	00012958	00012959	00012960	00012961	00012962	00012963	00012964	00012965	00012966	00012967	00012968	00012969	00012970	00012971	00012972	00012973	00012974	00012975	00012976	00012977	00012978	00012979	00012980	00012981	00012982	00012983	00012984	00012985	00012986	00012987	00012988	00012989	00012990	00012991	00012992	00012993	00012994	00012995	00012996	00012997	00012998	00012999	00013000	00013001	00013002	00013003	00013004	00013005	00013006	00013007	00013008	00013009	00013010	00013011	00013012
155132830	819839224	1143038073	00013013	00013014	00013015	00013016	00013017	00013018	00013019	00013020	00013021	00013022	00013023	00013024	00013025	00013026	00013027	00013028	00013029	00013030	00013031	00013032	00013033	00013034	00013035	00013036	00013037	00013038	00013039	00013040	00013041	00013042	00013043	00013044	00013045	00013046	00013047	00013048	00013049	00013050	00013051	00013052	00013053	00013054	00013055	00013056	00013057	00013058	00013059	00013060	00013061	00013062	00013063	00013064	00013065	00013066	00013067	00013068	00013069	00013070	00013071	00013072	00013073	00013074	00013075	00013076	00013077	00013078	00013079	00013080	00013081	00013082	00013083	00013084	00013085	00013086	00013087	00013088	00013089	00013090	00013091	00013092	00013093	00013094	00013095	00013096	00013097	00013098	00013099	00013100	00013101	00013102	00013103	00013104	00013105	00013106	00013107	00013108	00013109	00013110	00013111	00013112	00013113	00013114	00013115	00013116	00013117	00013118	00013119	00013120	00013121	00013122	00013123	00013124	00013125	00013126	00013127	00013128	00013129	00013130	00013131	00013132	00013133	00013134	00013135	00013136	00013137	00013138	00013139	00013140	00013141	00013142	00013143	00013144	00013145	00013146	00013147	00013148	00013149	00013150	00013151	00013152	00013153	00013154	00013155	00013156	00013157	00013158	00013159	00013160	00013161	00013162	00013163	00013164	00013165	00013166	00013167	00013168	00013169	00013170	00013171	00013172	00013173	00013174	00013175	00013176	00013177	00013178	00013179	00013180	00013181	00013182	00013183	00013184	00013185	00013186	00013187	00013188	00013189	00013190	00013191	00013192	00013193	00013194	00013195	00013196	00013197	00013198	00013199	00013200	00013201	00013202	00013203	00013204	00013205	00013206	00013207	00013208	00013209	00013210	00013211	00013212
157441412	832022706	1159964842	00013213	00013214	00013215	00013216	00013217	00013218	00013219	00013220	00013221	00013222	00013223	00013224	00013225	00013226	00013227	00013228	00013229	00013230	00013231	00013232	00013233	00013234	00013235	00013236	00013237	00013238	00013239	00013240	00013241	00013242	00013243	00013244	00013245	00013246	00013247	00013248	00013249	00013250	00013251	00013252	00013253	00013254	00013255	00013256	00013257	00013258	00013259	00013260	00013261	00013262	00013263	00013264	00013265	00013266	00013267	00013268	00013269	00013270	00013271	00013272	00013273	00013274	00013275	00013276	00013277	00013278	00013279	00013280	00013281	00013282	00013283	00013284	00013285	00013286	00013287	00013288	00013289	00013290	00013291	00013292	00013293	00013294	00013295	00013296	00013297	00013298	00013299	00013300	00013301	00013302	00013303	00013304	00013305	00013306	00013307	00013308	00013309	00013310	00013311	00013312	00013313	00013314	00013315	00013316	00013317	00013318	00013319	00013320	00013321	00013322	00013323	00013324	00013325	00013326	00013327	00013328	00013329	00013330	00013331	00013332	00013333	00013334	00013335	00013336	00013337	00013338	00013339	00013340	00013341	00013342	00013343	00013344	00013345	00013346	00013347	00013348	00013349	00013350	00013351	00013352	00013353	00013354	00013355	00013356	00013357	00013358	00013359	00013360	00013361	00013362	00013363	00013364	00013365	00013366	00013367	00013368	00013369	00013370	00013371	00013372	00013373	00013374	00013375	00013376	00013377	00013378	00013379	00013380	00013381	00013382	00013383	00013384	00013385	00013386	00013387	00013388	00013389	00013390	00013391	00013392	00013393	00013394	00013395	00013396	00013397	00013398	00013399	00013400	00013401	00013402	00013403	00013404	00013405	00013406	00013407	00013408	00013409	00013410	00013411	00013412
159829234	844654642	1177462104	00013413	00013414	00013415	00013416	00013417	00013418	00013419	00013420	00013421	00013422	00013423	00013424	00013425	00013426	00013427	00013428	00013429	00013430	00013431	00013432	00013433	00013434	00013435	00013436	00013437	00013438	00013439	00013440	00013441	00013442	00013443	00013444	00013445	00013446	00013447	00013448	00013449	00013450	00013451	00013452	00013453	00013454	00013455	00013456	00013457	00013458	00013459	00013460	00013461	00013462	00013463	00013464	00013465	00013466	00013467	00013468	00013469	00013470	00013471	00013472	00013473	00013474	00013475	00013476	00013477	00013478	00013479	00013480	00013481	00013482	00013483	00013484	00013485	00013486	00013487	00013488	00013489	00013490	00013491	00013492	00013493	00013494	00013495	00013496	00013497	00013498	00013499	00013500	00013501	00013502	00013503	00013504	00013505	00013506	00013507	00013508	00013509	00013510	00013511	00013512	00013513	00013514	00013515	00013516	00013517	00013518	00013519	00013520	00013521	00013522	00013523	00013524	00013525	00013526	00013527	00013528	00013529	00013530	00013531	00013532	00013533	00013534	00013535	00013536	00013537	00013538	00013539	00013540	00013541	00013542	00013543	00013544	00013545	00013546	00013547	00013548	00013549	00013550	00013551	00013552	00013553	00013554	00013555	00013556	00013557	00013558	00013559	00013560	00013561	00013562	00013563	00013564	00013565	00013566	00013567	00013568	00013569	00013570	00013571	00013572	00013573	00013574	00013575	00013576	00013577	00013578	00013579	00013580	00013581	00013582	00013583	00013584	00013585	00013586	00013587	00013588	00013589	00013590	00013591	00013592	00013593	00013594	00013595	00013596	00013597	00013598	00013599	00013600	00013601	00013602	00013603	00013604	00013605	00013606	00013607	00013608	00013609	00013610	00013611	00013612
162144452	856912470	1194243046	00013613	00013614	00013615	00013616	00013617	00013618	00013619	00013620	00013621	00013622	00013623	00013624	00013625	00013626	00013627	00013628	00013629	00013630	00013631	00013632	00013633	00013634	00013635	00013636	00013637	00013638	00013639	00013640	00013641	00013642	00013643	00013644	00013645	00013646	00013647	00013648	00013649	00013650	00013651	00013652	00013653	00013654	00013655	00013656	00013657	00013658	00013659	00013660	00013661	00013662	00013663	00013664	00013665	00013666	00013667	00013668	00013669	00013670	00013671	00013672	00013673	00013674	00013675	00013676	00013677	00013678	00013679	00013680	00013681	00013682	00013683	00013684	00013685	00013686	00013687	00013688	00013689	00013690	00013691	00013692	00013693	00013694	00013695	00013696	00013697	00013698	00013699	00013700	00013701	00013702	00013703	00013704	00013705	00013706	00013707	00013708	00013709	00013710	00013711	00013712	00013713	00013714	00013715	00013716	00013717	00013718	00013719	00013720	00013721	00013722	00013723	00013724	00013725	00013726	00013727	00013728	00013729	00013730	00013731	00013732	00013733	00013734	00013735	00013736	00013737	00013738	00013739	00013740	00013741	00013742	00013743	00013744	00013745	00013746	00013747	00013748	00013749	00013750	00013751	00013752	00013753	00013754	00013755	00013756	00013757	00013758	00013759	00013760	00013761	00013762	00013763	00013764	00013765	00013766	00013767	00013768	00013769	00013770	00013771	00013772	00013773	00013774	00013775	00013776	00013777	00013778	00013779	00013780	00013781	00013782	00013783	00013784	00013785	00013786	00013787	00013788	00013789	00013790	00013791	00013792	00013793	00013794	00013795	00013796	00013797	00013798	00013799	00013800	00013801	00013802	00013803	00013804	00013805	00013806	00013807	00013808	00013809	00013810	00013811	00013812
164625974	870024574	1213094550	00013813	00013814	00013815	00013816	00013817	00013818	00013819	00013820	00013821	00013822	00013823	00013824	00013825	00013826	00013827	00013828	00013829	00013830	00013831	00013832	00013833	00013834	00013835	00013836	00013837	00013838	00013839	00013840	00013841	00013842	00013843	00013844	00013845	00013846	00013847	00013848	00013849	00013850	00013851	00013852	00013853	00013854	00013855	00013856	00013857	00013858	00013859	00013860	00013861	00013862	00013863	00013864	00013865	00013866	00013867	00013868	00013869	00013870	00013871	00013872	00013873	00013874	00013875	00013876	00013877	00013878	00013879	00013880	00013881	00013882	00013883	00013884	00013885	00013886	00013887	00013888	00013889	00013890	00013891	00013892	00013893	00013894	00013895	00013896	00013897	00013898	00013899	00013900	00013901	00013902	00013903	00013904	00013905	00013906	00013907	00013908	00013909	00013910	00013911	00013912	00013913	00013914	00013915	00013916	00013917	00013918	00013919	00013920	00013921	00013922	00013923	00013924	00013925	00013926	00013927	00013928	00013929	00013930	00013931	00013932	00013933	00013934	00013935	00013936	00013937	00013938	00013939	00013940	00013941	00013942	00013943	00013944	00013945	00013946	00013947	00013948	00013949	00013950	00013951	00013952	00013953	00013954	00013955	00013956	00013957	00013958	00013959	00013960	00013961	00013962	00013963	00013964	00013965	00013966	00013967	00013968	00013969	00013970	00013971	00013972	00013973	00013974	00013975	00013976	00013977	00013978	00013979	00013980	00013981	00013982	00013983	00013984	00013985	00013986	00013987	00013988	00013989	00013990	00013991	00013992	00013993	00013994	00013995	00013996	00013997	00013998	00013999	00014000	00014001	00014002	00014003	00014004	00014005	00014006	00014007	00014008	00014009	00014010	00014011	00014012
166978751	882364586	1230402280	00014013	00014014	00014015	00014016	00014017	00014018	00014019	00014020	00014021	00014022	00014023	00014024	00014025	00014026	00014027	00014028	00014029	00014030	00014031	00014032	00014033	00014034	00014035	00014036	00014037	00014038	00014039	00014040	00014041	00014042	00014043	00014044	00014045	00014046	00014047	00014048	00014049	00014050	00014051	00014052	00014053	00014054	00014055	00014056	00014057	00014058	00014059	00014060	00014061	00014062	00014063	00014064	00014065	00014066	00014067	00014068	00014069	00014070	00014071	00014072	00014073	00014074	00014075	00014076	00014077	00014078	00014079	00014080	00014081	00014082	00014083	00014084	00014085	00014086	00014087	00014088	00014089	00014090	00014091	00014092	00014093	00014094	00014095	00014096	00014097	00014098	00014099	00014100	00014101	00014102	00014103	00014104	00014105	00014106	00014107	00014108	00014109	00014110	00014111	00014112	00014113	00014114	00014115	00014116	00014117	00014118	00014119	00014120	00014121	00014122	00014123	00014124	00014125	00014126	00014127	00014128	00014129	00014130	00014131	00014132	00014133	00014134	00014135	00014136	00014137	00014138	00014139	00014140	00014141	00014142	00014143	00014144	00014145	00014146	00014147	00014148	00014149	00014150	00014151	00014152	00014153	00014154	00014155	00014156	00014157	00014158	00014159	00014160	00014161	00014162	00014163	00014164	00014165	00014166	00014167	00014168	00014169	00014170	00014171	00014172	00014173	00014174	00014175	00014176	00014177	00014178	00014179	00014180	00014181	00014182	00014183	00014184	00014185	00014186	00014187	00014188	00014189	00014190	00014191	00014192	00014193	00014194	00014195	00014196	00014197	00014198	00014199	00014200	00014201	00014202	00014203	00014204	00014205	00014206	00014207	00014208	00014209	00014210	00014211	00014212
169382496	895070986	1248271618	00014213	00014214	00014215	00014216	00014217	00014218	00014219	00014220	00014221	00014222	00014223	00014224	00014225	00014226	00014227	00014228	00014229	00014230	00014231	00014232	00014233	00014234	00014235	00014236	00014237	00014238	00014239	00014240	00014241	00014242	00014243	00014244	00014245	00014246	00014247	00014248	00014249	00014250	00014251	00014252	00014253	00014254	00014255	00014256	00014257	00014258	00014259	00014260	00014261	00014262	00014263	00014264	00014265	00014266	00014267	00014268	00014269	00014270	00014271	00014272	00014273	00014274	00014275	00014276	00014277	00014278	00014279	00014280	00014281	00014282	00014283	00014284	00014285	00014286	00014287	00014288	00014289	00014290	00014291	00014292	00014293	00014294	00014295	00014296	00014297	00014298	00014299	00014300	00014301	00014302	00014303	00014304	00014305	00014306	00014307	00014308	00014309	00014310	00014311	00014312	00014313	00014314	00014315	00014316	00014317	00014318	00014319	00014320	00014321	00014322	00014323	00014324	00014325	00014326	00014327	00014328	00014329	00014330	00014331	00014332	00014333	00014334	00014335	00014336	00014337	00014338	00014339	00014340	00014341	00014342	00014343	00014344	00014345	00014346	00014347	00014348	00014349	00014350	00014351	00014352	00014353	00014354	00014355	00014356	00014357	00014358	00014359	00014360	00014361	00014362	00014363	00014364	00014365	00014366	00014367	00014368	00014369	00014370	00014371	00014372	00014373	00014374	00014375	00014376	00014377	00014378	00014379	00014380	00014381	00014382	00014383	00014384	00014385	00014386	00014388	00014389	00014390	00014391	00014392	00014393	00014394	00014395	00014396	00014397	00014398	00014399	00014400	00014401	00014402	00014403	00014404	00014405	00014406	00014407	00014408	00014409	00014410	00014411	00014412	00014413
171608907	906822698	1264354199	00014414	00014415	00014416	00014417	00014418	00014419	00014420	00014421	00014422	00014423	00014424	00014425	00014426	00014427	00014428	00014429	00014430	00014431	00014432	00014433	00014434	00014435	00014436	00014437	00014438	00014439	00014440	00014441	00014442	00014443	00014444	00014445	00014446	00014447	00014448	00014449	00014450	00014451	00014452	00014453	00014454	00014455	00014456	00014457	00014458	00014459	00014460	00014461	00014462	00014463	00014464	00014465	00014466	00014467	00014468	00014469	00014470	00014471	00014472	00014473	00014474	00014475	00014476	00014477	00014478	00014479	00014480	00014481	00014482	00014483	00014484	00014485	00014486	00014487	00014488	00014489	00014490	00014491	00014492	00014493	00014494	00014495	00014496	00014497	00014498	00014499	00014500	00014501	00014502	00014503	00014504	00014505	00014506	00014507	00014508	00014509	00014510	00014511	00014512	00014513	00014514	00014515	00014516	00014517	00014518	00014519	00014520	00014521	00014522	00014523	00014524	00014525	00014526	00014527	00014528	00014529	00014530	00014531	00014532	00014533	00014534	00014535	00014536	00014537	00014538	00014539	00014540	00014541	00014542	00014543	00014544	00014545	00014546	00014547	00014548	00014549	00014550	00014551	00014552	00014553	00014554	00014555	00014556	00014557	00014558	00014559	00014560	00014561	00014562	00014563	00014564	00014565	00014566	00014567	00014568	00014569	00014570	00014571	00014572	00014573	00014574	00014575	00014576	00014577	00014578	00014579	00014580	00014581	00014582	00014583	00014584	00014585	00014586	00014587	00014588	00014589	00014590	00014591	00014592	00014593	00014594	00014595	00014596	00014597	00014598	00014599	00014600	00014601	00014602	00014603	00014604	00014605	00014606	00014607	00014608	00014609	00014610	00014611	00014612	00014613
173946015	919211034	1281222967	00014614	00014615	00014616	00014617	00014618	00014619	00014620	00014621	00014622	00014623	00014624	00014625	00014626	00014627	00014628	00014629	00014630	00014631	00014632	00014633	00014634	00014635	00014636	00014637	00014638	00014639	00014640	00014641	00014642	00014643	00014644	00014645	00014646	00014647	00014648	00014649	00014650	00014651	00014652	00014653	00014654	00014655	00014656	00014657	00014658	00014659	00014660	00014661	00014662	00014663	00014664	00014665	00014666	00014667	00014668	00014669	00014670	00014671	00014672	00014673	00014674	00014675	00014676	00014677	00014678	00014679	00014680	00014681	00014682	00014683	00014684	00014685	00014686	00014687	00014688	00014689	00014690	00014691	00014692	00014693	00014694	00014695	00014696	00014697	00014698	00014699	00014700	00014701	00014702	00014703	00014704	00014705	00014706	00014707	00014708	00014709	00014710	00014711	00014712	00014713	00014714	00014715	00014716	00014717	00014718	00014719	00014720	00014721	00014722	00014723	00014724	00014725	00014726	00014727	00014728	00014729	00014730	00014731	00014732	00014733	00014734	00014735	00014736	00014737	00014738	00014739	00014740	00014741	00014742	00014743	00014744	00014745	00014746	00014747	00014748	00014749	00014750	00014751	00014752	00014753	00014754	00014755	00014756	00014757	00014758	00014759	00014760	00014761	00014762	00014763	00014764	00014765	00014766	00014767	00014768	00014769	00014770	00014771	00014772	00014773	00014774	00014775	00014776	00014777	00014778	00014779	00014780	00014781	00014782	00014783	00014784	00014785	00014786	00014787	00014788	00014789	00014790	00014791	00014792	00014793	00014794	00014795	00014796	00014797	00014798	00014799	00014800	00014801	00014802	00014803	00014804	00014805	00014807	00014808	00014809	00014810	00014811	00014812	00014813	00014814
176410437	932141590	1299885024	00014815	00014816	00014817	00014818	00014819	00014820	00014821	00014822	00014823	00014824	00014825	00014826	00014827	00014828	00014829	00014830	00014831	00014832	00014833	00014834	00014835	00014836	00014837	00014838	00014839	00014840	00014841	00014842	00014843	00014844	00014845	00014846	00014847	00014848	00014849	00014850	00014851	00014852	00014853	00014854	00014855	00014856	00014857	00014858	00014859	00014860	00014861	00014862	00014863	00014864	00014865	00014866	00014867	00014868	00014869	00014870	00014871	00014872	00014873	00014874	00014875	00014876	00014877	00014878	00014879	00014880	00014881	00014882	00014883	00014884	00014885	00014886	00014887	00014888	00014889	00014890	00014891	00014892	00014893	00014894	00014895	00014896	00014897	00014898	00014899	00014900	00014901	00014902	00014903	00014904	00014905	00014906	00014907	00014908	00014909	00014910	00014911	00014912	00014913	00014914	00014915	00014916	00014917	00014918	00014919	00014920	00014921	00014922	00014923	00014924	00014925	00014926	00014927	00014928	00014929	00014930	00014931	00014932	00014933	00014934	00014935	00014936	00014937	00014938	00014939	00014940	00014941	00014942	00014943	00014944	00014945	00014946	00014947	00014948	00014949	00014950	00014951	00014952	00014953	00014954	00014955	00014956	00014957	00014958	00014959	00014960	00014961	00014962	00014963	00014964	00014965	00014966	00014967	00014968	00014969	00014970	00014971	00014972	00014973	00014974	00014975	00014976	00014977	00014978	00014979	00014980	00014981	00014982	00014983	00014984	00014985	00014986	00014987	00014988	00014989	00014990	00014991	00014992	00014993	00014994	00014995	00014996	00014997	00014998	00014999	00015000	00015001	00015002	00015003	00015004	00015005	00015006	00015007	00015008	00015009	00015010	00015011	00015012	00015013	00015014
178763678	944591274	1316892989	00015015	00015016	00015017	00015018	00015019	00015020	00015021	00015022	00015023	00015024	00015025	00015026	00015027	00015028	00015029	00015030	00015031	00015032	00015033	00015034	00015035	00015036	00015037	00015038	00015039	00015040	00015041	00015042	00015043	00015044	00015045	00015046	00015047	00015048	00015049	00015050	00015051	00015052	00015053	00015054	00015055	00015056	00015057	00015058	00015059	00015060	00015061	00015062	00015063	00015064	00015065	00015066	00015067	00015068	00015069	00015070	00015071	00015072	00015073	00015074	00015075	00015076	00015077	00015078	00015079	00015080	00015081	00015082	00015083	00015084	00015085	00015086	00015087	00015088	00015089	00015090	00015091	00015092	00015093	00015094	00015095	00015096	00015097	00015098	00015099	00015100	00015101	00015102	00015103	00015104	00015105	00015106	00015107	00015108	00015109	00015110	00015111	00015112	00015113	00015114	00015115	00015116	00015117	00015118	00015119	00015120	00015121	00015122	00015123	00015124	00015125	00015126	00015127	00015128	00015129	00015130	00015131	00015132	00015133	00015134	00015135	00015136	00015137	00015138	00015139	00015140	00015141	00015142	00015143	00015144	00015145	00015146	00015147	00015148	00015149	00015150	00015151	00015152	00015153	00015154	00015155	00015156	00015157	00015158	00015159	00015160	00015161	00015162	00015163	00015164	00015165	00015166	00015167	00015168	00015169	00015170	00015171	00015172	00015173	00015174	00015175	00015176	00015177	00015178	00015179	00015180	00015181	00015182	00015183	00015184	00015185	00015186	00015187	00015188	00015189	00015190	00015191	00015192	00015193	00015194	00015195	00015196	00015197	00015198	00015199	00015200	00015201	00015202	00015203	00015204	00015205	00015206	00015207	00015208	00015209	00015210	00015211	00015212	00015213	00015214
181097106	957014768	1334364811	00015215	00015216	00015217	00015218	00015219	00015220	00015221	00015222	00015223	00015224	00015225	00015226	00015227	00015228	00015229	00015230	00015231	00015232	00015233	00015234	00015235	00015236	00015237	00015238	00015239	00015240	00015241	00015242	00015243	00015244	00015245	00015246	00015247	00015248	00015249	00015250	00015251	00015252	00015253	00015254	00015255	00015256	00015257	00015258	00015259	00015260	00015261	00015262	00015263	00015264	00015265	00015266	00015267	00015268	00015269	00015270	00015271	00015272	00015273	00015274	00015275	00015276	00015277	00015278	00015279	00015280	00015281	00015282	00015283	00015284	00015285	00015286	00015287	00015288	00015289	00015290	00015291	00015292	00015293	00015294	00015295	00015296	00015297	00015298	00015299	00015300	00015301	00015302	00015303	00015304	00015305	00015306	00015307	00015308	00015309	00015310	00015311	00015312	00015313	00015314	00015315	00015316	00015317	00015318	00015319	00015320	00015321	00015322	00015323	00015324	00015325	00015326	00015327	00015328	00015329	00015330	00015331	00015332	00015333	00015334	00015335	00015336	00015337	00015338	00015339	00015340	00015341	00015342	00015343	00015344	00015345	00015346	00015347	00015348	00015349	00015350	00015351	00015352	00015353	00015354	00015355	00015356	00015357	00015358	00015359	00015360	00015361	00015362	00015363	00015364	00015365	00015366	00015367	00015368	00015369	00015370	00015371	00015372	00015373	00015374	00015375	00015376	00015377	00015378	00015379	00015380	00015381	00015382	00015383	00015384	00015385	00015386	00015387	00015388	00015389	00015390	00015391	00015392	00015393	00015394	00015395	00015396	00015397	00015398	00015399	00015400	00015401	00015402	00015403	00015404	00015405	00015406	00015407	00015408	00015409	00015410	00015411	00015412	00015413	00015414
183456334	969443584	1351508845	00015415	00015416	00015417	00015418	00015419	00015420	00015421	00015422	00015423	00015424	00015425	00015426	00015427	00015428	00015429	00015430	00015431	00015432	00015433	00015434	00015435	00015436	00015437	00015438	00015439	00015440	00015441	00015442	00015443	00015444	00015445	00015446	00015447	00015448	00015449	00015450	00015451	00015452	00015453	00015454	00015455	00015456	00015457	00015458	00015459	00015460	00015461	00015462	00015463	00015464	00015465	00015466	00015467	00015468	00015469	00015470	00015471	00015472	00015473	00015474	00015475	00015476	00015477	00015478	00015479	00015480	00015481	00015482	00015483	00015484	00015485	00015486	00015487	00015488	00015489	00015490	00015491	00015492	00015493	00015494	00015495	00015496	00015497	00015498	00015499	00015500	00015501	00015502	00015503	00015504	00015505	00015506	00015507	00015508	00015509	00015510	00015511	00015512	00015513	00015514	00015515	00015516	00015517	00015518	00015519	00015520	00015521	00015522	00015523	00015524	00015525	00015526	00015527	00015528	00015529	00015530	00015531	00015532	00015533	00015534	00015535	00015536	00015537	00015538	00015539	00015540	00015541	00015542	00015543	00015544	00015545	00015546	00015547	00015548	00015549	00015550	00015551	00015552	00015553	00015554	00015555	00015556	00015557	00015558	00015559	00015560	00015561	00015562	00015563	00015564	00015565	00015566	00015567	00015568	00015569	00015570	00015571	00015572	00015573	00015574	00015575	00015576	00015577	00015578	00015579	00015580	00015581	00015582	00015583	00015584	00015585	00015586	00015587	00015588	00015589	00015590	00015591	00015592	00015593	00015594	00015595	00015596	00015597	00015598	00015599	00015600	00015601	00015602	00015603	00015604	00015605	00015606	00015607	00015608	00015609	00015610	00015611	00015612	00015613	00015614
185745746	981521208	1367867728	00015615	00015616	00015617	00015618	00015619	00015620	00015621	00015622	00015623	00015624	00015625	00015626	00015627	00015628	00015629	00015630	00015631	00015632	00015633	00015634	00015635	00015636	00015637	00015638	00015639	00015640	00015641	00015642	00015643	00015644	00015645	00015646	00015647	00015648	00015649	00015650	00015651	00015652	00015653	00015654	00015655	00015656	00015657	00015658	00015659	00015660	00015661	00015662	00015663	00015664	00015665	00015666	00015667	00015668	00015669	00015670	00015671	00015672	00015673	00015674	00015675	00015676	00015677	00015678	00015679	00015681	00015682	00015683	00015684	00015685	00015686	00015687	00015688	00015689	00015690	00015691	00015692	00015693	00015694	00015695	00015696	00015697	00015698	00015699	00015700	00015701	00015702	00015703	00015704	00015705	00015706	00015707	00015708	00015709	00015710	00015711	00015712	00015713	00015714	00015715	00015716	00015717	00015718	00015719	00015720	00015721	00015722	00015723	00015724	00015725	00015726	00015727	00015728	00015729	00015730	00015731	00015732	00015733	00015734	00015735	00015736	00015737	00015738	00015739	00015740	00015741	00015742	00015743	00015744	00015745	00015746	00015747	00015748	00015749	00015750	00015751	00015752	00015753	00015754	00015755	00015756	00015757	00015758	00015759	00015760	00015761	00015762	00015763	00015764	00015765	00015766	00015767	00015768	00015769	00015770	00015771	00015772	00015773	00015774	00015775	00015776	00015777	00015778	00015779	00015780	00015781	00015782	00015783	00015784	00015785	00015786	00015787	00015788	00015789	00015790	00015791	00015792	00015793	00015794	00015795	00015796	00015797	00015798	00015799	00015800	00015801	00015802	00015803	00015804	00015805	00015806	00015807	00015808	00015809	00015810	00015811	00015812	00015813	00015814	00015815
188108830	994137090	1385386276	00015816	00015817	00015818	00015819	00015820	00015821	00015822	00015823	00015824	00015825	00015826	00015827	00015828	00015829	00015830	00015831	00015832	00015833	00015834	00015835	00015836	00015837	00015838	00015839	00015840	00015841	00015842	00015843	00015844	00015845	00015846	00015847	00015848	00015849	00015850	00015851	00015852	00015853	00015854	00015855	00015856	00015857	00015858	00015859	00015860	00015861	00015862	00015863	00015864	00015865	00015866	00015867	00015868	00015869	00015870	00015871	00015872	00015873	00015874	00015875	00015876	00015877	00015878	00015879	00015880	00015881	00015882	00015883	00015884	00015885	00015886	00015887	00015888	00015889	00015890	00015891	00015892	00015893	00015894	00015895	00015896	00015897	00015898	00015899	00015900	00015901	00015902	00015903	00015904	00015905	00015906	00015907	00015908	00015909	00015910	00015911	00015912	00015913	00015914	00015915	00015916	00015917	00015918	00015919	00015920	00015921	00015922	00015923	00015924	00015925	00015926	00015927	00015928	00015929	00015930	00015931	00015932	00015933	00015934	00015935	00015936	00015937	00015938	00015939	00015940	00015941	00015942	00015943	00015944	00015945	00015946	00015947	00015948	00015949	00015950	00015951	00015952	00015953	00015954	00015955	00015956	00015957	00015958	00015959	00015960	00015961	00015962	00015963	00015964	00015965	00015966	00015967	00015968	00015969	00015970	00015971	00015972	00015973	00015974	00015975	00015976	00015977	00015978	00015979	00015980	00015981	00015982	00015983	00015984	00015985	00015986	00015987	00015988	00015989	00015990	00015991	00015992	00015993	00015994	00015995	00015996	00015997	00015998	00015999	00016000	00016001	00016002	00016003	00016004	00016005	00016006	00016007	00016008	00016009	00016010	00016011	00016012	00016013	00016014	00016015
190394390	1006270286	1402000411	00016016	00016017	00016018	00016019	00016020	00016021	00016022	00016023	00016024	00016025	00016026	00016027	00016028	00016029	00016030	00016031	00016032	00016033	00016034	00016035	00016036	00016037	00016038	00016039	00016040	00016041	00016042	00016043	00016044	00016045	00016046	00016047	00016048	00016049	00016050	00016051	00016052	00016053	00016054	00016055	00016056	00016057	00016058	00016059	00016060	00016061	00016062	00016063	00016064	00016065	00016066	00016067	00016068	00016069	00016070	00016071	00016072	00016073	00016074	00016075	00016076	00016077	00016078	00016079	00016080	00016081	00016082	00016083	00016084	00016085	00016086	00016087	00016088	00016089	00016090	00016091	00016092	00016093	00016094	00016095	00016096	00016097	00016098	00016099	00016100	00016101	00016102	00016103	00016104	00016105	00016106	00016107	00016108	00016109	00016110	00016111	00016112	00016113	00016114	00016115	00016116	00016117	00016118	00016119	00016120	00016121	00016122	00016123	00016124	00016125	00016126	00016127	00016128	00016129	00016130	00016131	00016132	00016133	00016134	00016135	00016136	00016137	00016138	00016139	00016140	00016141	00016142	00016143	00016144	00016145	00016146	00016147	00016148	00016149	00016150	00016151	00016152	00016153	00016154	00016155	00016156	00016157	00016158	00016159	00016160	00016161	00016162	00016163	00016164	00016165	00016166	00016167	00016168	00016169	00016170	00016171	00016172	00016173	00016174	00016175	00016176	00016177	00016178	00016179	00016180	00016181	00016182	00016183	00016184	00016185	00016186	00016187	00016188	00016189	00016190	00016191	00016192	00016193	00016194	00016195	00016196	00016197	00016198	00016199	00016200	00016201	00016202	00016203	00016204	00016205	00016206	00016207	00016208	00016209	00016210	00016211	00016212	00016213	00016214	00016215
192720639	1018560522	1419055494	00016216	00016217	00016218	00016219	00016220	00016221	00016222	00016223	00016224	00016225	00016226	00016227	00016228	00016229	00016230	00016231	00016232	00016233	00016234	00016235	00016236	00016237	00016238	00016239	00016240	00016241	00016242	00016243	00016244	00016245	00016246	00016247	00016248	00016249	00016250	00016251	00016252	00016253	00016254	00016255	00016256	00016257	00016258	00016259	00016260	00016261	00016262	00016263	00016264	00016265	00016266	00016267	00016268	00016269	00016270	00016271	00016272	00016273	00016274	00016275	00016276	00016277	00016278	00016279	00016280	00016281	00016282	00016283	00016284	00016285	00016286	00016287	00016288	00016289	00016290	00016291	00016292	00016293	00016294	00016295	00016296	00016297	00016298	00016299	00016300	00016301	00016302	00016303	00016304	00016305	00016306	00016307	00016308	00016309	00016310	00016311	00016312	00016313	00016314	00016315	00016316	00016317	00016318	00016319	00016320	00016321	00016322	00016323	00016324	00016325	00016326	00016327	00016328	00016329	00016330	00016331	00016332	00016333	00016334	00016335	00016336	00016337	00016338	00016339	00016340	00016341	00016342	00016343	00016344	00016345	00016346	00016347	00016348	00016349	00016350	00016351	00016352	00016353	00016354	00016355	00016356	00016357	00016358	00016359	00016360	00016361	00016362	00016363	00016364	00016365	00016366	00016367	00016368	00016369	00016370	00016371	00016372	00016373	00016374	00016375	00016376	00016377	00016378	00016379	00016380	00016381	00016382	00016383	00016384	00016385	00016386	00016387	00016388	00016389	00016390	00016391	00016392	00016393	00016394	00016395	00016396	00016397	00016398	00016399	00016400	00016401	00016402	00016403	00016404	00016405	00016406	00016407	00016408	00016409	00016410	00016411	00016412	00016413	00016414	00016415
195100588	1031038886	1437191813	00016416	00016417	00016418	00016419	00016420	00016421	00016422	00016423	00016424	00016425	00016426	00016427	00016428	00016429	00016430	00016431	00016432	00016433	00016434	00016435	00016436	00016437	00016438	00016439	00016440	00016441	00016442	00016443	00016444	00016445	00016446	00016447	00016448	00016449	00016450	00016451	00016452	00016453	00016454	00016455	00016456	00016457	00016458	00016459	00016460	00016461	00016462	00016463	00016464	00016465	00016466	00016467	00016468	00016469	00016470	00016471	00016472	00016473	00016474	00016475	00016476	00016477	00016478	00016479	00016480	00016481	00016482	00016483	00016484	00016485	00016486	00016487	00016488	00016489	00016490	00016491	00016492	00016493	00016494	00016495	00016496	00016497	00016498	00016499	00016500	00016501	00016502	00016503	00016504	00016505	00016506	00016507	00016508	00016509	00016510	00016511	00016512	00016513	00016514	00016515	00016516	00016517	00016518	00016519	00016520	00016521	00016522	00016523	00016524	00016525	00016526	00016527	00016528	00016529	00016530	00016531	00016532	00016533	00016534	00016535	00016536	00016537	00016538	00016539	00016540	00016541	00016542	00016543	00016544	00016545	00016546	00016547	00016548	00016549	00016550	00016551	00016552	00016553	00016554	00016555	00016556	00016557	00016558	00016559	00016560	00016561	00016562	00016563	00016564	00016565	00016566	00016567	00016568	00016569	00016570	00016571	00016572	00016573	00016574	00016575	00016576	00016577	00016578	00016579	00016580	00016581	00016582	00016583	00016584	00016585	00016586	00016587	00016588	00016589	00016590	00016591	00016592	00016593	00016594	00016595	00016596	00016597	00016598	00016599	00016600	00016601	00016602	00016603	00016604	00016605	00016606	00016607	00016608	00016609	00016610	00016611	00016612	00016613	00016614	00016615
197397510	1043133170	1454656460	00016616	00016617	00016618	00016619	00016620	00016621	00016622	00016623	00016624	00016625	00016626	00016627	00016628	00016629	00016630	00016631	00016632	00016633	00016634	00016635	00016636	00016637	00016638	00016639	00016640	00016641	00016642	00016643	00016644	00016645	00016646	00016647	00016648	00016649	00016650	00016651	00016652	00016653	00016654	00016655	00016656	00016657	00016658	00016659	00016660	00016661	00016662	00016663	00016664	00016665	00016666	00016667	00016668	00016669	00016670	00016671	00016672	00016673	00016674	00016675	00016676	00016677	00016678	00016679	00016680	00016681	00016682	00016683	00016684	00016685	00016686	00016687	00016688	00016689	00016690	00016691	00016692	00016693	00016694	00016695	00016696	00016697	00016698	00016699	00016700	00016701	00016702	00016703	00016704	00016705	00016706	00016707	00016708	00016709	00016710	00016711	00016712	00016713	00016714	00016715	00016716	00016717	00016718	00016719	00016720	00016721	00016722	00016723	00016724	00016725	00016726	00016727	00016728	00016729	00016730	00016731	00016732	00016733	00016734	00016735	00016736	00016737	00016738	00016739	00016740	00016741	00016742	00016743	00016744	00016745	00016746	00016747	00016748	00016749	00016750	00016751	00016752	00016753	00016754	00016755	00016756	00016757	00016758	00016759	00016760	00016761	00016762	00016763	00016764	00016765	00016766	00016767	00016768	00016769	00016770	00016771	00016772	00016773	00016774	00016775	00016776	00016777	00016778	00016779	00016780	00016781	00016782	00016783	00016784	00016785	00016786	00016787	00016788	00016789	00016790	00016791	00016792	00016793	00016794	00016795	00016796	00016797	00016798	00016799	00016800	00016801	00016802	00016803	00016804	00016805	00016806	00016807	00016808	00016809	00016810	00016811	00016812	00016813	00016814	00016815
199740655	1055615398	1472097561	00016816	00016817	00016818	00016819	00016820	00016821	00016822	00016823	00016824	00016825	00016826	00016827	00016828	00016829	00016830	00016831	00016832	00016833	00016834	00016835	00016836	00016837	00016838	00016839	00016840	00016841	00016842	00016843	00016844	00016845	00016846	00016847	00016848	00016849	00016850	00016851	00016852	00016853	00016854	00016855	00016856	00016857	00016858	00016859	00016860	00016861	00016862	00016863	00016864	00016865	00016866	00016867	00016868	00016869	00016870	00016871	00016872	00016873	00016874	00016875	00016876	00016877	00016878	00016879	00016880	00016881	00016882	00016883	00016884	00016885	00016886	00016887	00016888	00016889	00016890	00016891	00016892	00016893	00016894	00016895	00016896	00016897	00016898	00016899	00016900	00016901	00016902	00016903	00016904	00016905	00016906	00016907	00016908	00016909	00016910	00016911	00016912	00016913	00016914	00016915	00016916	00016917	00016918	00016919	00016920	00016921	00016922	00016923	00016924	00016925	00016926	00016927	00016928	00016929	00016930	00016931	00016932	00016933	00016934	00016935	00016936	00016937	00016938	00016939	00016940	00016941	00016942	00016943	00016944	00016945	00016946	00016947	00016948	00016949	00016950	00016951	00016952	00016953	00016954	00016955	00016956	00016957	00016958	00016959	00016960	00016961	00016962	00016963	00016964	00016965	00016966	00016967	00016968	00016969	00016970	00016971	00016972	00016973	00016974	00016975	00016976	00016977	00016978	00016979	00016980	00016981	00016982	00016983	00016984	00016985	00016986	00016987	00016988	00016989	00016990	00016991	00016992	00016993	00016994	00016995	00016996	00016997	00016998	00016999	00017000	00017001	00017002	00017003	00017004	00017005	00017006	00017007	00017008	00017009	00017010	00017011	00017012	00017013	00017014	00017015
202092175	1068112748	1489558156	00017016	00017017	00017018	00017019	00017020	00017021	00017022	00017023	00017024	00017025	00017026	00017027	00017028	00017029	00017030	00017031	00017032	00017033	00017034	00017035	00017036	00017037	00017038	00017039	00017040	00017041	00017042	00017043	00017044	00017045	00017046	00017047	00017048	00017049	00017050	00017051	00017052	00017053	00017054	00017055	00017056	00017057	00017058	00017059	00017060	00017061	00017062	00017063	00017064	00017065	00017066	00017067	00017068	00017069	00017070	00017071	00017072	00017073	00017074	00017075	00017076	00017077	00017078	00017079	00017080	00017081	00017082	00017083	00017084	00017085	00017086	00017087	00017088	00017089	00017090	00017091	00017092	00017093	00017094	00017095	00017096	00017097	00017098	00017099	00017100	00017101	00017102	00017103	00017104	00017105	00017106	00017107	00017108	00017109	00017110	00017111	00017112	00017113	00017114	00017115	00017116	00017117	00017118	00017119	00017120	00017121	00017122	00017123	00017124	00017125	00017126	00017127	00017128	00017129	00017130	00017131	00017132	00017133	00017134	00017135	00017136	00017137	00017138	00017139	00017140	00017141	00017142	00017143	00017144	00017145	00017146	00017147	00017148	00017149	00017150	00017151	00017152	00017153	00017154	00017155	00017156	00017157	00017158	00017159	00017160	00017161	00017162	00017163	00017164	00017165	00017166	00017167	00017168	00017169	00017170	00017171	00017172	00017173	00017174	00017175	00017176	00017177	00017178	00017179	00017180	00017181	00017182	00017183	00017184	00017185	00017186	00017187	00017188	00017189	00017190	00017191	00017192	00017193	00017194	00017195	00017196	00017197	00017198	00017199	00017200	00017201	00017202	00017203	00017204	00017205	00017206	00017207	00017208	00017209	00017210	00017211	00017212	00017213	00017214	00017215
204400561	1080377634	1506675552	00017216	00017217	00017218	00017219	00017220	00017221	00017222	00017223	00017224	00017225	00017226	00017227	00017228	00017229	00017230	00017231	00017232	00017233	00017234	00017235	00017236	00017237	00017238	00017239	00017240	00017241	00017242	00017243	00017244	00017245	00017246	00017247	00017248	00017249	00017250	00017251	00017252	00017253	00017254	00017255	00017256	00017257	00017258	00017259	00017260	00017261	00017262	00017263	00017264	00017265	00017266	00017267	00017268	00017269	00017270	00017271	00017272	00017273	00017274	00017275	00017276	00017277	00017278	00017279	00017280	00017281	00017282	00017283	00017284	00017285	00017286	00017287	00017288	00017289	00017290	00017291	00017292	00017293	00017294	00017295	00017296	00017297	00017298	00017299	00017300	00017301	00017302	00017303	00017304	00017305	00017306	00017307	00017308	00017309	00017310	00017311	00017312	00017313	00017314	00017315	00017316	00017317	00017318	00017319	00017320	00017321	00017322	00017323	00017324	00017325	00017326	00017327	00017328	00017329	00017330	00017331	00017332	00017333	00017334	00017335	00017336	00017337	00017338	00017339	00017340	00017341	00017342	00017343	00017344	00017345	00017346	00017347	00017348	00017349	00017350	00017351	00017352	00017353	00017354	00017355	00017356	00017357	00017358	00017359	00017360	00017361	00017362	00017363	00017364	00017365	00017366	00017367	00017368	00017369	00017370	00017371	00017372	00017373	00017374	00017375	00017376	00017377	00017378	00017379	00017380	00017381	00017382	00017383	00017384	00017385	00017386	00017387	00017388	00017389	00017390	00017391	00017392	00017393	00017394	00017395	00017396	00017397	00017398	00017399	00017400	00017401	00017402	00017403	00017404	00017405	00017406	00017407	00017408	00017409	00017410	00017411	00017412	00017413	00017414	00017415
206798111	1093165074	1524767083	00017416	00017417	00017418	00017419	00017420	00017421	00017422	00017423	00017424	00017425	00017426	00017427	00017428	00017429	00017430	00017431	00017432	00017433	00017434	00017435	00017436	00017437	00017438	00017439	00017440	00017441	00017442	00017443	00017444	00017445	00017446	00017447	00017448	00017449	00017450	00017451	00017452	00017453	00017454	00017455	00017456	00017457	00017458	00017459	00017460	00017461	00017462	00017463	00017464	00017465	00017466	00017467	00017468	00017469	00017470	00017471	00017472	00017473	00017474	00017475	00017476	00017477	00017478	00017479	00017480	00017481	00017482	00017483	00017484	00017485	00017486	00017487	00017488	00017489	00017490	00017491	00017492	00017493	00017494	00017495	00017496	00017497	00017498	00017499	00017500	00017501	00017502	00017503	00017504	00017505	00017506	00017507	00017508	00017509	00017510	00017511	00017512	00017513	00017514	00017515	00017516	00017517	00017518	00017519	00017520	00017521	00017522	00017523	00017524	00017525	00017526	00017527	00017528	00017529	00017530	00017531	00017532	00017533	00017534	00017535	00017536	00017537	00017538	00017539	00017540	00017541	00017542	00017543	00017544	00017545	00017546	00017547	00017548	00017549	00017550	00017551	00017552	00017553	00017554	00017555	00017556	00017557	00017558	00017559	00017560	00017561	00017562	00017563	00017564	00017565	00017566	00017567	00017568	00017569	00017570	00017571	00017572	00017573	00017574	00017575	00017576	00017577	00017578	00017579	00017580	00017581	00017582	00017583	00017584	00017585	00017586	00017587	00017588	00017589	00017590	00017591	00017592	00017593	00017594	00017595	00017596	00017597	00017598	00017599	00017600	00017601	00017602	00017603	00017604	00017605	00017606	00017607	00017608	00017609	00017610	00017611	00017612	00017613	00017614	00017615
209253945	1106170022	1543865309	00017616	00017617	00017618	00017619	00017620	00017621	00017622	00017623	00017624	00017625	00017626	00017627	00017628	00017629	00017630	00017631	00017632	00017633	00017634	00017635	00017636	00017637	00017638	00017639	00017640	00017641	00017642	00017643	00017644	00017645	00017646	00017647	00017648	00017649	00017650	00017651	00017652	00017653	00017654	00017655	00017656	00017657	00017658	00017659	00017660	00017661	00017662	00017663	00017664	00017665	00017666	00017667	00017668	00017669	00017670	00017671	00017672	00017673	00017674	00017675	00017676	00017677	00017678	00017679	00017680	00017681	00017682	00017683	00017684	00017685	00017686	00017687	00017688	00017689	00017690	00017691	00017692	00017693	00017694	00017695	00017696	00017697	00017698	00017699	00017700	00017701	00017702	00017703	00017704	00017705	00017706	00017707	00017708	00017709	00017710	00017711	00017712	00017713	00017714	00017715	00017716	00017717	00017718	00017719	00017720	00017721	00017722	00017723	00017724	00017725	00017726	00017727	00017728	00017729	00017730	00017731	00017732	00017733	00017734	00017735	00017736	00017737	00017738	00017739	00017740	00017741	00017742	00017743	00017744	00017745	00017746	00017747	00017748	00017749	00017750	00017751	00017752	00017753	00017754	00017755	00017756	00017757	00017758	00017759	00017760	00017761	00017762	00017763	00017764	00017765	00017766	00017767	00017768	00017769	00017770	00017771	00017772	00017773	00017774	00017775	00017776	00017777	00017778	00017779	00017780	00017781	00017782	00017783	00017784	00017785	00017786	00017787	00017788	00017789	00017790	00017791	00017792	00017793	00017794	00017795	00017796	00017797	00017798	00017799	00017800	00017801	00017802	00017803	00017804	00017805	00017806	00017807	00017808	00017809	00017810	00017811	00017812	00017813	00017814	00017815
211692194	1119104950	1561818646	00017816	00017817	00017818	00017819	00017820	00017821	00017822	00017823	00017824	00017825	00017826	00017827	00017828	00017829	00017830	00017831	00017832	00017833	00017834	00017835	00017836	00017837	00017838	00017839	00017840	00017841	00017842	00017843	00017844	00017845	00017846	00017847	00017848	00017849	00017850	00017851	00017852	00017853	00017854	00017855	00017856	00017857	00017858	00017859	00017860	00017861	00017862	00017863	00017864	00017865	00017866	00017867	00017868	00017869	00017870	00017871	00017872	00017873	00017874	00017875	00017876	00017877	00017878	00017879	00017880	00017881	00017882	00017883	00017884	00017885	00017886	00017887	00017888	00017889	00017890	00017891	00017892	00017893	00017894	00017895	00017896	00017897	00017898	00017899	00017900	00017901	00017902	00017903	00017904	00017905	00017906	00017907	00017908	00017909	00017910	00017911	00017912	00017913	00017914	00017915	00017916	00017917	00017918	00017919	00017920	00017921	00017922	00017923	00017924	00017925	00017926	00017927	00017928	00017929	00017930	00017931	00017932	00017933	00017934	00017935	00017936	00017937	00017938	00017939	00017940	00017941	00017942	00017943	00017944	00017945	00017946	00017947	00017948	00017949	00017950	00017951	00017952	00017953	00017954	00017955	00017956	00017957	00017958	00017959	00017960	00017961	00017962	00017963	00017964	00017965	00017966	00017967	00017968	00017969	00017970	00017971	00017972	00017973	00017974	00017975	00017976	00017977	00017978	00017979	00017980	00017981	00017982	00017983	00017984	00017985	00017986	00017987	00017988	00017989	00017990	00017991	00017992	00017993	00017994	00017995	00017996	00017997	00017998	00017999	00018000	00018001	00018002	00018003	00018004	00018005	00018006	00018007	00018008	00018009	00018010	00018011	00018012	00018013	00018014	00018015
214075428	1131722238	1579196522	00018016	00018017	00018018	00018019	00018020	00018021	00018022	00018023	00018024	00018025	00018026	00018027	00018028	00018029	00018030	00018031	00018032	00018033	00018034	00018035	00018036	00018037	00018038	00018039	00018040	00018041	00018042	00018043	00018044	00018045	00018046	00018047	00018048	00018049	00018050	00018051	00018052	00018053	00018054	00018055	00018056	00018057	00018058	00018059	00018060	00018061	00018062	00018063	00018064	00018065	00018066	00018067	00018068	00018069	00018070	00018071	00018072	00018073	00018074	00018075	00018076	00018077	00018078	00018079	00018080	00018081	00018082	00018083	00018084	00018085	00018086	00018087	00018088	00018089	00018090	00018091	00018092	00018093	00018094	00018095	00018096	00018097	00018098	00018099	00018100	00018101	00018103	00018104	00018105	00018106	00018107	00018108	00018109	00018110	00018111	00018112	00018113	00018114	00018115	00018116	00018117	00018118	00018119	00018120	00018121	00018122	00018123	00018124	00018125	00018126	00018127	00018128	00018129	00018130	00018131	00018132	00018133	00018134	00018135	00018136	00018137	00018138	00018139	00018140	00018141	00018142	00018143	00018144	00018145	00018146	00018147	00018148	00018149	00018150	00018151	00018152	00018153	00018154	00018155	00018156	00018157	00018158	00018159	00018160	00018161	00018162	00018163	00018164	00018165	00018166	00018167	00018168	00018169	00018170	00018171	00018172	00018173	00018174	00018175	00018176	00018177	00018178	00018179	00018180	00018181	00018182	00018183	00018184	00018185	00018186	00018187	00018188	00018189	00018190	00018191	00018192	00018193	00018194	00018195	00018196	00018197	00018198	00018199	00018200	00018201	00018202	00018203	00018204	00018205	00018206	00018207	00018208	00018209	00018210	00018211	00018212	00018213	00018214	00018215	00018216
216474271	1144398448	1596887169	00018217	00018218	00018219	00018220	00018221	00018222	00018223	00018224	00018225	00018226	00018227	00018228	00018229	00018230	00018231	00018232	00018233	00018234	00018235	00018236	00018237	00018238	00018239	00018240	00018241	00018242	00018243	00018244	00018245	00018246	00018247	00018248	00018249	00018250	00018251	00018252	00018253	00018254	00018255	00018256	00018257	00018258	00018259	00018260	00018261	00018262	00018263	00018264	00018265	00018266	00018267	00018268	00018269	00018270	00018271	00018272	00018273	00018274	00018275	00018276	00018277	00018278	00018279	00018280	00018281	00018282	00018283	00018284	00018285	00018286	00018287	00018288	00018289	00018290	00018291	00018292	00018293	00018294	00018295	00018296	00018297	00018298	00018299	00018300	00018301	00018302	00018303	00018304	00018305	00018306	00018307	00018308	00018309	00018310	00018311	00018312	00018313	00018314	00018315	00018316	00018317	00018318	00018319	00018320	00018321	00018322	00018323	00018324	00018325	00018326	00018327	00018328	00018329	00018330	00018331	00018332	00018333	00018334	00018335	00018336	00018337	00018338	00018339	00018340	00018341	00018342	00018343	00018344	00018345	00018346	00018347	00018348	00018349	00018350	00018351	00018352	00018353	00018354	00018355	00018356	00018357	00018358	00018359	00018360	00018361	00018362	00018363	00018364	00018365	00018366	00018367	00018368	00018369	00018370	00018371	00018372	00018373	00018374	00018375	00018376	00018377	00018378	00018379	00018380	00018381	00018382	00018383	00018384	00018385	00018386	00018387	00018388	00018389	00018390	00018391	00018392	00018393	00018394	00018395	00018396	00018397	00018398	00018399	00018400	00018401	00018402	00018403	00018404	00018405	00018406	00018407	00018408	00018409	00018410	00018411	00018412	00018413	00018414	00018415	00018416
218791804	1156583594	1613416430	00018417	00018418	00018419	00018420	00018421	00018422	00018423	00018424	00018425	00018426	00018427	00018428	00018429	00018430	00018431	00018432	00018433	00018434	00018435	00018436	00018437	00018438	00018439	00018440	00018441	00018442	00018443	00018444	00018445	00018446	00018447	00018448	00018449	00018450	00018451	00018452	00018453	00018454	00018455	00018456	00018457	00018458	00018459	00018460	00018461	00018462	00018463	00018464	00018465	00018466	00018467	00018468	00018469	00018470	00018471	00018472	00018473	00018474	00018475	00018476	00018477	00018478	00018479	00018480	00018481	00018482	00018483	00018484	00018485	00018486	00018487	00018488	00018489	00018490	00018491	00018492	00018493	00018494	00018495	00018496	00018497	00018498	00018499	00018500	00018501	00018502	00018503	00018504	00018505	00018506	00018507	00018508	00018509	00018510	00018511	00018512	00018513	00018514	00018515	00018516	00018517	00018518	00018519	00018520	00018521	00018522	00018523	00018524	00018525	00018526	00018527	00018528	00018530	00018531	00018532	00018533	00018534	00018535	00018536	00018537	00018538	00018539	00018540	00018541	00018542	00018543	00018544	00018545	00018546	00018547	00018548	00018549	00018550	00018551	00018552	00018553	00018554	00018555	00018556	00018557	00018558	00018559	00018560	00018561	00018562	00018563	00018564	00018565	00018566	00018567	00018568	00018569	00018570	00018571	00018572	00018573	00018574	00018575	00018576	00018577	00018578	00018579	00018580	00018581	00018582	00018583	00018584	00018585	00018586	00018587	00018588	00018589	00018590	00018591	00018592	00018593	00018594	00018595	00018596	00018597	00018598	00018599	00018600	00018601	00018602	00018603	00018604	00018605	00018606	00018607	00018608	00018609	00018611	00018612	00018613	00018614	00018615	00018616	00018617	00018618
221087365	1168703868	1630093875	00018619	00018620	00018621	00018622	00018623	00018624	00018625	00018626	00018627	00018628	00018629	00018630	00018631	00018632	00018633	00018634	00018635	00018636	00018637	00018638	00018639	00018640	00018641	00018642	00018643	00018644	00018645	00018646	00018647	00018648	00018649	00018651	00018652	00018653	00018654	00018655	00018656	00018657	00018658	00018659	00018660	00018661	00018662	00018663	00018664	00018665	00018666	00018667	00018668	00018669	00018670	00018671	00018672	00018673	00018674	00018675	00018676	00018677	00018678	00018679	00018680	00018681	00018682	00018683	00018684	00018685	00018686	00018687	00018688	00018689	00018690	00018691	00018692	00018693	00018694	00018695	00018696	00018697	00018698	00018699	00018700	00018701	00018702	00018703	00018704	00018705	00018706	00018707	00018708	00018709	00018710	00018711	00018712	00018713	00018714	00018715	00018716	00018717	00018718	00018719	00018720	00018721	00018722	00018723	00018724	00018725	00018726	00018727	00018728	00018729	00018730	00018731	00018732	00018733	00018734	00018735	00018736	00018737	00018738	00018739	00018740	00018741	00018742	00018743	00018744	00018745	00018746	00018747	00018748	00018749	00018750	00018751	00018752	00018753	00018754	00018755	00018756	00018757	00018758	00018759	00018760	00018761	00018762	00018763	00018764	00018765	00018766	00018767	00018768	00018769	00018770	00018771	00018772	00018773	00018774	00018775	00018776	00018777	00018778	00018779	00018780	00018781	00018782	00018783	00018784	00018785	00018786	00018787	00018788	00018789	00018790	00018791	00018792	00018793	00018794	00018795	00018796	00018797	00018798	00018799	00018800	00018801	00018802	00018803	00018804	00018805	00018806	00018807	00018808	00018809	00018810	00018811	00018812	00018813	00018814	00018815	00018816	00018817	00018818	00018819
223459561	1181243558	1647447496	00018820	00018821	00018822	00018823	00018824	00018825	00018826	00018827	00018828	00018829	00018830	00018831	00018832	00018833	00018834	00018835	00018836	00018837	00018838	00018839	00018840	00018841	00018842	00018843	00018844	00018845	00018846	00018847	00018848	00018849	00018850	00018851	00018852	00018853	00018854	00018855	00018856	00018857	00018858	00018859	00018860	00018861	00018862	00018863	00018864	00018865	00018866	00018867	00018868	00018869	00018870	00018871	00018872	00018873	00018874	00018875	00018876	00018877	00018878	00018879	00018880	00018881	00018882	00018883	00018884	00018885	00018886	00018887	00018888	00018889	00018890	00018891	00018892	00018893	00018894	00018895	00018896	00018897	00018898	00018899	00018900	00018901	00018902	00018903	00018904	00018905	00018906	00018907	00018908	00018909	00018910	00018911	00018912	00018913	00018914	00018915	00018916	00018917	00018918	00018919	00018920	00018921	00018922	00018923	00018924	00018925	00018926	00018927	00018928	00018929	00018930	00018931	00018932	00018933	00018934	00018935	00018936	00018937	00018938	00018939	00018940	00018941	00018942	00018943	00018944	00018945	00018946	00018947	00018948	00018949	00018950	00018951	00018952	00018953	00018954	00018955	00018956	00018957	00018958	00018959	00018960	00018961	00018962	00018963	00018964	00018965	00018966	00018967	00018968	00018969	00018970	00018971	00018972	00018973	00018974	00018975	00018976	00018977	00018978	00018979	00018980	00018981	00018982	00018983	00018984	00018985	00018986	00018987	00018988	00018989	00018990	00018991	00018992	00018993	00018994	00018995	00018996	00018997	00018998	00018999	00019000	00019001	00019002	00019003	00019004	00019005	00019006	00019007	00019008	00019009	00019010	00019011	00019012	00019013	00019014	00019015	00019016	00019017	00019018	00019019
225755948	1193413372	1664143361	00019020	00019021	00019022	00019023	00019024	00019025	00019026	00019027	00019028	00019029	00019030	00019031	00019032	00019033	00019034	00019035	00019036	00019037	00019038	00019039	00019040	00019041	00019042	00019043	00019044	00019045	00019046	00019047	00019048	00019049	00019050	00019051	00019052	00019053	00019054	00019055	00019056	00019057	00019058	00019059	00019060	00019061	00019062	00019063	00019064	00019065	00019066	00019067	00019068	00019069	00019070	00019071	00019072	00019073	00019074	00019075	00019076	00019077	00019078	00019079	00019080	00019081	00019082	00019083	00019084	00019085	00019086	00019087	00019088	00019089	00019090	00019091	00019092	00019093	00019094	00019095	00019096	00019097	00019098	00019099	00019100	00019101	00019102	00019103	00019104	00019105	00019106	00019107	00019108	00019109	00019110	00019111	00019112	00019113	00019114	00019115	00019116	00019117	00019118	00019119	00019120	00019121	00019122	00019123	00019124	00019125	00019126	00019127	00019128	00019129	00019130	00019131	00019132	00019133	00019134	00019135	00019136	00019137	00019138	00019139	00019140	00019141	00019142	00019143	00019144	00019145	00019146	00019147	00019148	00019149	00019150	00019151	00019152	00019153	00019154	00019155	00019156	00019157	00019158	00019159	00019160	00019161	00019162	00019163	00019164	00019165	00019166	00019167	00019168	00019169	00019170	00019171	00019172	00019173	00019174	00019175	00019176	00019177	00019178	00019179	00019180	00019181	00019182	00019183	00019184	00019185	00019186	00019187	00019188	00019189	00019190	00019191	00019192	00019193	00019194	00019195	00019196	00019197	00019198	00019199	00019200	00019201	00019202	00019203	00019204	00019205	00019206	00019207	00019208	00019209	00019210	00019211	00019212	00019213	00019214	00019215	00019216	00019217	00019218	00019219
228011869	1205273784	1680105405	00019220	00019221	00019222	00019223	00019224	00019225	00019226	00019227	00019228	00019229	00019230	00019231	00019232	00019233	00019234	00019235	00019236	00019237	00019238	00019239	00019240	00019241	00019242	00019243	00019244	00019245	00019246	00019247	00019248	00019249	00019250	00019251	00019252	00019253	00019254	00019255	00019256	00019257	00019258	00019259	00019260	00019261	00019262	00019263	00019264	00019265	00019266	00019267	00019268	00019269	00019270	00019271	00019272	00019273	00019274	00019275	00019276	00019277	00019278	00019279	00019280	00019281	00019282	00019283	00019284	00019285	00019286	00019287	00019288	00019289	00019290	00019291	00019292	00019293	00019294	00019295	00019296	00019297	00019298	00019299	00019300	00019301	00019302	00019303	00019304	00019305	00019306	00019307	00019308	00019309	00019310	00019311	00019312	00019313	00019314	00019315	00019316	00019317	00019318	00019319	00019320	00019321	00019322	00019323	00019324	00019325	00019326	00019327	00019328	00019329	00019330	00019331	00019332	00019333	00019334	00019335	00019336	00019337	00019338	00019339	00019340	00019341	00019342	00019343	00019344	00019345	00019346	00019347	00019348	00019349	00019350	00019351	00019352	00019353	00019354	00019355	00019356	00019357	00019358	00019359	00019360	00019361	00019362	00019363	00019364	00019365	00019366	00019367	00019368	00019369	00019370	00019371	00019372	00019373	00019374	00019375	00019376	00019377	00019378	00019379	00019380	00019381	00019382	00019383	00019384	00019385	00019386	00019387	00019388	00019389	00019390	00019391	00019392	00019393	00019394	00019395	00019396	00019397	00019398	00019399	00019400	00019401	00019402	00019403	00019404	00019405	00019406	00019407	00019408	00019409	00019410	00019411	00019412	00019413	00019414	00019415	00019416	00019417	00019418	00019419
230311237	1217432608	1696539920	00019420	00019421	00019422	00019423	00019424	00019425	00019426	00019427	00019428	00019429	00019430	00019431	00019432	00019433	00019434	00019435	00019436	00019437	00019438	00019439	00019440	00019441	00019442	00019443	00019444	00019445	00019446	00019447	00019448	00019449	00019450	00019451	00019452	00019453	00019454	00019455	00019456	00019457	00019458	00019459	00019460	00019461	00019462	00019463	00019464	00019465	00019466	00019467	00019468	00019469	00019470	00019471	00019472	00019473	00019474	00019475	00019476	00019477	00019478	00019479	00019480	00019481	00019482	00019483	00019484	00019485	00019486	00019487	00019488	00019489	00019490	00019491	00019492	00019493	00019494	00019495	00019496	00019497	00019498	00019499	00019500	00019501	00019502	00019503	00019504	00019505	00019506	00019507	00019508	00019509	00019510	00019511	00019512	00019513	00019514	00019515	00019516	00019517	00019518	00019519	00019520	00019521	00019522	00019523	00019524	00019525	00019526	00019527	00019528	00019529	00019530	00019531	00019532	00019533	00019534	00019535	00019536	00019537	00019538	00019539	00019540	00019541	00019542	00019543	00019544	00019545	00019546	00019547	00019548	00019549	00019550	00019551	00019552	00019553	00019554	00019555	00019556	00019557	00019558	00019559	00019560	00019561	00019562	00019563	00019564	00019565	00019566	00019567	00019568	00019569	00019570	00019571	00019572	00019573	00019574	00019575	00019576	00019577	00019578	00019579	00019580	00019581	00019582	00019583	00019584	00019585	00019586	00019587	00019588	00019589	00019590	00019591	00019592	00019593	00019594	00019595	00019596	00019597	00019598	00019599	00019600	00019601	00019602	00019603	00019604	00019605	00019606	00019607	00019608	00019609	00019610	00019611	00019612	00019613	00019614	00019615	00019616	00019617	00019618	00019619
232662239	1229816780	1713985041	00019620	00019621	00019622	00019623	00019624	00019625	00019626	00019627	00019628	00019629	00019630	00019631	00019632	00019633	00019634	00019635	00019636	00019637	00019638	00019639	00019640	00019641	00019642	00019643	00019644	00019645	00019646	00019647	00019648	00019649	00019650	00019651	00019652	00019653	00019654	00019655	00019656	00019657	00019658	00019659	00019660	00019661	00019662	00019663	00019664	00019665	00019666	00019667	00019668	00019669	00019670	00019671	00019672	00019673	00019674	00019675	00019676	00019677	00019678	00019679	00019680	00019681	00019682	00019683	00019684	00019685	00019686	00019687	00019688	00019689	00019690	00019691	00019692	00019693	00019694	00019695	00019696	00019697	00019698	00019699	00019700	00019701	00019702	00019703	00019704	00019705	00019706	00019707	00019708	00019709	00019710	00019711	00019712	00019713	00019714	00019715	00019716	00019717	00019718	00019719	00019720	00019721	00019722	00019723	00019724	00019725	00019726	00019727	00019728	00019729	00019730	00019731	00019732	00019733	00019734	00019735	00019736	00019737	00019738	00019739	00019740	00019741	00019742	00019743	00019744	00019745	00019746	00019747	00019748	00019749	00019750	00019751	00019752	00019753	00019754	00019755	00019756	00019757	00019758	00019759	00019760	00019761	00019762	00019763	00019764	00019765	00019766	00019767	00019768	00019769	00019770	00019771	00019772	00019773	00019774	00019775	00019776	00019777	00019778	00019779	00019780	00019781	00019782	00019783	00019784	00019785	00019786	00019787	00019788	00019789	00019790	00019791	00019792	00019793	00019794	00019795	00019796	00019797	00019798	00019799	00019800	00019801	00019802	00019803	00019804	00019805	00019806	00019807	00019808	00019809	00019810	00019811	00019812	00019813	00019814	00019815	00019816	00019817	00019818	00019819
235122997	1242843814	1732762518	00019820	00019821	00019822	00019823	00019824	00019825	00019826	00019827	00019828	00019829	00019830	00019831	00019832	00019833	00019834	00019835	00019836	00019837	00019838	00019839	00019840	00019841	00019842	00019843	00019844	00019845	00019846	00019847	00019848	00019849	00019850	00019851	00019852	00019853	00019854	00019855	00019856	00019857	00019858	00019859	00019860	00019861	00019862	00019863	00019864	00019865	00019866	00019867	00019868	00019869	00019870	00019871	00019872	00019873	00019874	00019875	00019876	00019877	00019878	00019879	00019880	00019881	00019882	00019883	00019884	00019885	00019886	00019887	00019888	00019889	00019890	00019891	00019892	00019893	00019894	00019895	00019896	00019897	00019898	00019899	00019900	00019901	00019902	00019903	00019904	00019905	00019906	00019907	00019908	00019909	00019910	00019911	00019912	00019913	00019914	00019915	00019916	00019917	00019918	00019919	00019920	00019921	00019922	00019923	00019924	00019925	00019926	00019927	00019928	00019929	00019930	00019931	00019932	00019933	00019934	00019935	00019936	00019937	00019938	00019939	00019940	00019941	00019942	00019943	00019944	00019945	00019946	00019947	00019948	00019949	00019950	00019951	00019952	00019953	00019954	00019955	00019956	00019957	00019958	00019959	00019960	00019961	00019962	00019963	00019964	00019965	00019966	00019967	00019968	00019969	00019970	00019971	00019972	00019973	00019974	00019975	00019976	00019977	00019978	00019979	00019980	00019981	00019982	00019983	00019984	00019985	00019986	00019987	00019988	00019989	00019990	00019991	00019992	00019993	00019994	00019995	00019996	00019997	00019998	00019999	00020000	00020001	00020002	00020003	00020004	00020005	00020006	00020007	00020008	00020009	00020010	00020011	00020012	00020013	00020014	00020015	00020016	00020017	00020018	00020019
237452835	1255160778	1749959870	00020020	00020021	00020022	00020023	00020024	00020025	00020026	00020027	00020028	00020029	00020030	00020031	00020032	00020033	00020034	00020035	00020036	00020037	00020038	00020039	00020040	00020041	00020042	00020043	00020044	00020045	00020046	00020047	00020048	00020049	00020050	00020051	00020052	00020053	00020054	00020055	00020056	00020057	00020058	00020059	00020060	00020061	00020062	00020063	00020064	00020065	00020066	00020067	00020068	00020069	00020070	00020071	00020072	00020073	00020074	00020075	00020076	00020077	00020078	00020079	00020080	00020081	00020082	00020083	00020084	00020085	00020086	00020087	00020088	00020089	00020090	00020091	00020092	00020093	00020094	00020095	00020096	00020097	00020098	00020099	00020100	00020101	00020102	00020103	00020104	00020105	00020106	00020107	00020108	00020109	00020110	00020111	00020112	00020113	00020114	00020115	00020116	00020117	00020118	00020119	00020120	00020121	00020122	00020123	00020124	00020125	00020126	00020127	00020128	00020129	00020130	00020131	00020132	00020133	00020134	00020135	00020136	00020137	00020138	00020139	00020140	00020141	00020142	00020143	00020144	00020145	00020146	00020147	00020148	00020149	00020150	00020151	00020152	00020153	00020154	00020155	00020156	00020157	00020158	00020159	00020160	00020161	00020162	00020163	00020164	00020165	00020166	00020167	00020168	00020169	00020170	00020171	00020172	00020173	00020174	00020175	00020176	00020177	00020178	00020179	00020180	00020181	00020182	00020183	00020184	00020185	00020186	00020187	00020188	00020189	00020190	00020191	00020192	00020193	00020194	00020195	00020196	00020197	00020198	00020199	00020200	00020201	00020202	00020203	00020204	00020205	00020206	00020207	00020208	00020209	00020210	00020211	00020212	00020213	00020214	00020215	00020216	00020217	00020218	00020219
239838140	1267712042	1767547331	00020220	00020221	00020222	00020223	00020224	00020225	00020226	00020227	00020228	00020229	00020230	00020231	00020232	00020233	00020234	00020235	00020236	00020237	00020238	00020239	00020240	00020241	00020242	00020243	00020244	00020245	00020246	00020247	00020248	00020249	00020250	00020251	00020252	00020253	00020254	00020255	00020256	00020257	00020258	00020259	00020260	00020261	00020262	00020263	00020264	00020265	00020266	00020267	00020268	00020269	00020270	00020271	00020272	00020273	00020274	00020275	00020276	00020277	00020278	00020279	00020280	00020281	00020282	00020283	00020284	00020285	00020286	00020287	00020288	00020289	00020290	00020291	00020292	00020293	00020294	00020295	00020296	00020297	00020298	00020299	00020300	00020301	00020302	00020303	00020304	00020305	00020306	00020307	00020308	00020309	00020310	00020311	00020312	00020313	00020314	00020315	00020316	00020317	00020318	00020319	00020320	00020321	00020322	00020323	00020324	00020325	00020326	00020327	00020328	00020329	00020330	00020331	00020332	00020333	00020334	00020335	00020336	00020337	00020338	00020339	00020340	00020341	00020342	00020343	00020344	00020345	00020346	00020347	00020348	00020349	00020350	00020351	00020352	00020353	00020354	00020355	00020356	00020357	00020358	00020359	00020360	00020361	00020362	00020363	00020364	00020365	00020366	00020367	00020368	00020369	00020370	00020371	00020372	00020373	00020374	00020375	00020376	00020377	00020378	00020379	00020380	00020381	00020382	00020383	00020384	00020385	00020386	00020387	00020388	00020389	00020390	00020391	00020392	00020393	00020394	00020395	00020396	00020397	00020398	00020399	00020400	00020401	00020402	00020403	00020404	00020405	00020406	00020407	00020408	00020409	00020410	00020411	00020412	00020413	00020414	00020415	00020416	00020417	00020418	00020419
242166134	1279987660	1784488425	00020420	00020421	00020422	00020423	00020424	00020425	00020426	00020427	00020428	00020429	00020430	00020431	00020432	00020433	00020434	00020435	00020436	00020437	00020438	00020439	00020440	00020441	00020442	00020443	00020444	00020445	00020446	00020447	00020448	00020449	00020450	00020451	00020452	00020453	00020454	00020455	00020456	00020457	00020458	00020459	00020460	00020461	00020462	00020463	00020464	00020465	00020466	00020467	00020468	00020469	00020470	00020471	00020472	00020473	00020474	00020475	00020476	00020477	00020478	00020479	00020480	00020481	00020482	00020483	00020484	00020485	00020486	00020487	00020488	00020489	00020490	00020491	00020492	00020493	00020494	00020495	00020496	00020497	00020498	00020499	00020500	00020501	00020502	00020503	00020504	00020505	00020506	00020507	00020508	00020509	00020510	00020511	00020512	00020513	00020514	00020515	00020516	00020517	00020518	00020519	00020520	00020521	00020522	00020523	00020524	00020525	00020526	00020527	00020528	00020529	00020530	00020531	00020532	00020533	00020534	00020535	00020536	00020537	00020538	00020539	00020540	00020541	00020542	00020543	00020544	00020545	00020546	00020547	00020548	00020549	00020550	00020551	00020552	00020553	00020554	00020555	00020556	00020557	00020558	00020559	00020560	00020561	00020562	00020563	00020564	00020565	00020566	00020567	00020568	00020569	00020570	00020571	00020572	00020573	00020574	00020575	00020576	00020577	00020578	00020579	00020580	00020581	00020582	00020583	00020584	00020585	00020586	00020587	00020588	00020589	00020590	00020591	00020592	00020593	00020594	00020595	00020596	00020597	00020598	00020599	00020600	00020601	00020602	00020603	00020604	00020605	00020606	00020607	00020608	00020609	00020610	00020611	00020612	00020613	00020614	00020615	00020616	00020617	00020618	00020619
244637726	1293104556	1803508606	00020620	00020621	00020622	00020623	00020624	00020625	00020626	00020627	00020628	00020629	00020630	00020631	00020632	00020633	00020634	00020635	00020636	00020637	00020638	00020639	00020640	00020641	00020642	00020643	00020644	00020645	00020646	00020647	00020648	00020649	00020650	00020651	00020652	00020653	00020654	00020655	00020656	00020657	00020658	00020659	00020660	00020661	00020662	00020663	00020664	00020665	00020666	00020667	00020668	00020669	00020670	00020671	00020672	00020673	00020674	00020675	00020676	00020677	00020678	00020679	00020680	00020681	00020682	00020683	00020684	00020685	00020686	00020687	00020688	00020689	00020690	00020691	00020692	00020693	00020694	00020695	00020696	00020697	00020698	00020699	00020700	00020701	00020702	00020703	00020704	00020705	00020706	00020707	00020708	00020709	00020710	00020711	00020712	00020713	00020714	00020715	00020716	00020717	00020718	00020719	00020720	00020721	00020722	00020723	00020724	00020725	00020726	00020727	00020728	00020729	00020730	00020731	00020732	00020733	00020734	00020735	00020736	00020737	00020738	00020739	00020740	00020741	00020742	00020743	00020744	00020745	00020746	00020747	00020748	00020749	00020750	00020751	00020752	00020753	00020754	00020755	00020756	00020757	00020758	00020759	00020760	00020761	00020762	00020763	00020764	00020765	00020766	00020767	00020768	00020769	00020770	00020771	00020772	00020773	00020774	00020775	00020776	00020777	00020778	00020779	00020780	00020781	00020782	00020783	00020784	00020785	00020786	00020787	00020788	00020789	00020790	00020791	00020792	00020793	00020794	00020795	00020796	00020797	00020798	00020799	00020800	00020801	00020802	00020803	00020804	00020805	00020806	00020807	00020808	00020809	00020810	00020811	00020812	00020813	00020814	00020815	00020816	00020817	00020818	00020819
246963013	1305332816	1820009882	00020820	00020821	00020822	00020823	00020824	00020825	00020826	00020827	00020828	00020829	00020830	00020831	00020832	00020833	00020834	00020835	00020836	00020837	00020838	00020839	00020840	00020841	00020842	00020843	00020844	00020845	00020846	00020847	00020848	00020849	00020850	00020851	00020852	00020853	00020854	00020855	00020856	00020857	00020858	00020859	00020860	00020861	00020862	00020863	00020864	00020865	00020866	00020867	00020868	00020869	00020870	00020871	00020872	00020873	00020874	00020875	00020876	00020877	00020878	00020879	00020880	00020881	00020882	00020883	00020884	00020885	00020886	00020887	00020888	00020889	00020890	00020891	00020892	00020893	00020894	00020895	00020896	00020897	00020898	00020899	00020900	00020901	00020902	00020903	00020904	00020905	00020906	00020907	00020908	00020909	00020910	00020911	00020912	00020913	00020914	00020915	00020916	00020917	00020918	00020919	00020920	00020921	00020922	00020923	00020924	00020925	00020926	00020927	00020928	00020929	00020930	00020931	00020932	00020933	00020934	00020935	00020936	00020937	00020938	00020939	00020940	00020941	00020942	00020943	00020944	00020945	00020946	00020947	00020948	00020949	00020950	00020951	00020952	00020953	00020954	00020955	00020956	00020957	00020958	00020959	00020960	00020961	00020962	00020963	00020964	00020965	00020966	00020967	00020968	00020969	00020970	00020971	00020972	00020973	00020974	00020975	00020976	00020977	00020978	00020979	00020980	00020981	00020982	00020983	00020984	00020985	00020986	00020987	00020988	00020989	00020990	00020991	00020992	00020993	00020994	00020995	00020996	00020997	00020998	00020999	00021000	00021001	00021002	00021003	00021004	00021005	00021006	00021007	00021008	00021009	00021010	00021011	00021012	00021013	00021014	00021015	00021016	00021017	00021018	00021019
249281914	1317558340	1837085279	00021020	00021021	00021022	00021023	00021024	00021025	00021026	00021027	00021028	00021029	00021030	00021031	00021032	00021033	00021034	00021035	00021036	00021037	00021038	00021039	00021040	00021041	00021042	00021043	00021044	00021045	00021046	00021047	00021048	00021049	00021050	00021051	00021052	00021053	00021054	00021055	00021056	00021057	00021058	00021059	00021060	00021061	00021062	00021063	00021064	00021065	00021066	00021067	00021068	00021069	00021070	00021071	00021072	00021073	00021074	00021075	00021076	00021077	00021078	00021079	00021080	00021081	00021082	00021083	00021084	00021085	00021086	00021087	00021088	00021089	00021090	00021091	00021092	00021093	00021094	00021095	00021096	00021097	00021098	00021099	00021100	00021101	00021102	00021103	00021104	00021105	00021106	00021107	00021108	00021109	00021110	00021111	00021112	00021113	00021114	00021115	00021116	00021117	00021118	00021119	00021120	00021121	00021122	00021123	00021124	00021125	00021126	00021127	00021128	00021129	00021130	00021131	00021132	00021133	00021134	00021135	00021136	00021137	00021138	00021139	00021140	00021141	00021142	00021143	00021144	00021145	00021146	00021147	00021148	00021149	00021150	00021151	00021152	00021153	00021154	00021155	00021156	00021157	00021158	00021159	00021160	00021161	00021162	00021163	00021164	00021165	00021166	00021167	00021168	00021169	00021170	00021171	00021172	00021173	00021174	00021175	00021176	00021177	00021178	00021179	00021180	00021181	00021182	00021183	00021184	00021185	00021186	00021187	00021188	00021189	00021190	00021191	00021192	00021193	00021194	00021195	00021196	00021197	00021198	00021199	00021200	00021201	00021202	00021203	00021204	00021205	00021206	00021207	00021208	00021209	00021210	00021211	00021212	00021213	00021214	00021215	00021216	00021217	00021218	00021219
251563223	1329529870	1853544889	00021220	00021221	00021222	00021223	00021224	00021225	00021226	00021227	00021228	00021229	00021230	00021231	00021232	00021233	00021234	00021235	00021236	00021237	00021238	00021239	00021240	00021241	00021242	00021243	00021244	00021245	00021246	00021247	00021248	00021249	00021250	00021251	00021252	00021253	00021254	00021255	00021256	00021257	00021258	00021259	00021260	00021261	00021262	00021263	00021264	00021265	00021266	00021267	00021268	00021269	00021270	00021271	00021272	00021273	00021274	00021275	00021276	00021277	00021278	00021279	00021280	00021281	00021282	00021283	00021284	00021285	00021286	00021287	00021288	00021289	00021290	00021291	00021292	00021293	00021294	00021295	00021296	00021297	00021298	00021299	00021300	00021301	00021302	00021303	00021304	00021305	00021306	00021307	00021308	00021309	00021310	00021311	00021312	00021313	00021314	00021315	00021316	00021317	00021318	00021319	00021320	00021321	00021322	00021323	00021324	00021325	00021326	00021327	00021328	00021329	00021330	00021331	00021332	00021333	00021334	00021335	00021336	00021337	00021338	00021339	00021340	00021341	00021342	00021343	00021344	00021345	00021346	00021347	00021348	00021349	00021350	00021351	00021352	00021353	00021354	00021355	00021356	00021357	00021358	00021359	00021360	00021361	00021362	00021363	00021364	00021365	00021366	00021367	00021368	00021369	00021370	00021371	00021372	00021373	00021374	00021375	00021376	00021377	00021378	00021379	00021380	00021381	00021382	00021383	00021384	00021385	00021386	00021387	00021388	00021389	00021390	00021391	00021392	00021393	00021394	00021395	00021396	00021397	00021398	00021399	00021400	00021401	00021402	00021403	00021404	00021405	00021406	00021407	00021408	00021409	00021410	00021411	00021412	00021413	00021414	00021415	00021416	00021417	00021418	00021419
253922368	1341992284	1870771521	00021420	00021421	00021422	00021423	00021424	00021425	00021426	00021427	00021428	00021429	00021430	00021431	00021432	00021433	00021434	00021435	00021436	00021437	00021438	00021439	00021440	00021441	00021442	00021443	00021444	00021445	00021446	00021447	00021448	00021449	00021450	00021451	00021452	00021453	00021454	00021455	00021456	00021457	00021458	00021459	00021460	00021461	00021462	00021463	00021464	00021465	00021466	00021467	00021468	00021469	00021470	00021471	00021472	00021473	00021474	00021475	00021476	00021477	00021478	00021479	00021480	00021481	00021482	00021483	00021484	00021485	00021486	00021487	00021488	00021489	00021490	00021491	00021492	00021493	00021494	00021495	00021496	00021497	00021498	00021499	00021500	00021501	00021502	00021503	00021504	00021505	00021506	00021507	00021508	00021509	00021510	00021511	00021512	00021513	00021514	00021515	00021516	00021517	00021518	00021519	00021520	00021521	00021522	00021523	00021524	00021525	00021526	00021527	00021528	00021529	00021530	00021531	00021532	00021533	00021534	00021535	00021536	00021537	00021538	00021539	00021540	00021541	00021542	00021543	00021544	00021545	00021546	00021547	00021548	00021549	00021550	00021551	00021552	00021553	00021554	00021555	00021556	00021557	00021558	00021559	00021560	00021561	00021562	00021563	00021564	00021565	00021566	00021567	00021568	00021569	00021570	00021571	00021572	00021573	00021574	00021575	00021576	00021577	00021578	00021579	00021580	00021581	00021582	00021583	00021584	00021585	00021586	00021587	00021588	00021589	00021590	00021591	00021592	00021593	00021594	00021595	00021596	00021597	00021598	00021599	00021600	00021601	00021602	00021603	00021604	00021605	00021606	00021607	00021608	00021609	00021610	00021611	00021612	00021613	00021614	00021615	00021616	00021617	00021618	00021619
256304018	1354603286	1888741336	00021620	00021621	00021622	00021623	00021624	00021625	00021626	00021627	00021628	00021629	00021630	00021631	00021632	00021633	00021634	00021635	00021636	00021637	00021638	00021639	00021640	00021641	00021642	00021643	00021644	00021645	00021646	00021647	00021648	00021649	00021650	00021651	00021652	00021653	00021654	00021655	00021656	00021657	00021658	00021659	00021660	00021661	00021662	00021663	00021664	00021665	00021666	00021667	00021668	00021669	00021670	00021671	00021672	00021673	00021674	00021675	00021676	00021677	00021678	00021679	00021680	00021681	00021682	00021683	00021684	00021685	00021686	00021687	00021688	00021689	00021690	00021691	00021692	00021693	00021694	00021695	00021696	00021697	00021698	00021699	00021700	00021701	00021702	00021703	00021704	00021705	00021706	00021707	00021708	00021709	00021710	00021711	00021712	00021713	00021714	00021715	00021716	00021717	00021718	00021719	00021720	00021721	00021722	00021723	00021724	00021725	00021726	00021727	00021728	00021729	00021730	00021731	00021732	00021733	00021734	00021735	00021736	00021737	00021738	00021739	00021740	00021741	00021742	00021743	00021744	00021745	00021746	00021747	00021748	00021749	00021750	00021751	00021752	00021753	00021754	00021755	00021756	00021757	00021758	00021759	00021760	00021761	00021762	00021763	00021764	00021765	00021766	00021767	00021768	00021769	00021770	00021771	00021772	00021773	00021774	00021775	00021776	00021777	00021778	00021779	00021780	00021781	00021782	00021783	00021784	00021785	00021786	00021787	00021788	00021789	00021790	00021791	00021792	00021793	00021794	00021795	00021796	00021797	00021798	00021799	00021800	00021801	00021802	00021803	00021804	00021805	00021806	00021807	00021808	00021809	00021810	00021811	00021812	00021813	00021814	00021815	00021816	00021817	00021818	00021819
258658453	1367074620	1906350816	00021820	00021821	00021822	00021823	00021824	00021825	00021826	00021827	00021828	00021829	00021830	00021831	00021832	00021833	00021834	00021835	00021836	00021837	00021838	00021839	00021840	00021841	00021842	00021843	00021844	00021845	00021846	00021847	00021848	00021849	00021850	00021851	00021852	00021853	00021854	00021855	00021856	00021857	00021858	00021859	00021860	00021861	00021862	00021863	00021864	00021865	00021866	00021867	00021868	00021869	00021870	00021871	00021872	00021873	00021874	00021875	00021876	00021877	00021878	00021879	00021880	00021881	00021882	00021883	00021884	00021885	00021886	00021887	00021888	00021889	00021890	00021891	00021892	00021893	00021894	00021895	00021896	00021897	00021898	00021899	00021900	00021901	00021902	00021903	00021904	00021905	00021906	00021907	00021908	00021909	00021910	00021911	00021912	00021913	00021914	00021915	00021916	00021917	00021918	00021919	00021920	00021921	00021922	00021923	00021924	00021925	00021926	00021927	00021928	00021929	00021930	00021931	00021932	00021933	00021934	00021935	00021936	00021937	00021938	00021939	00021940	00021941	00021942	00021943	00021944	00021945	00021946	00021947	00021948	00021949	00021950	00021951	00021952	00021953	00021954	00021955	00021956	00021957	00021958	00021959	00021960	00021961	00021962	00021963	00021964	00021965	00021966	00021967	00021968	00021969	00021970	00021971	00021972	00021973	00021974	00021975	00021976	00021977	00021978	00021979	00021980	00021981	00021982	00021983	00021984	00021985	00021986	00021987	00021988	00021989	00021990	00021991	00021992	00021993	00021994	00021995	00021996	00021997	00021998	00021999	00022000	00022001	00022002	00022003	00022004	00022005	00022006	00022007	00022008	00022009	00022010	00022011	00022012	00022013	00022014	00022015	00022016	00022017	00022018	00022019
261017678	1379612696	1923478246	00022020	00022021	00022022	00022023	00022024	00022025	00022026	00022027	00022028	00022029	00022030	00022031	00022032	00022033	00022034	00022035	00022036	00022037	00022038	00022039	00022040	00022041	00022042	00022043	00022044	00022045	00022046	00022047	00022048	00022049	00022050	00022051	00022052	00022053	00022054	00022055	00022056	00022057	00022058	00022059	00022060	00022061	00022062	00022063	00022064	00022065	00022066	00022067	00022068	00022069	00022070	00022071	00022072	00022073	00022074	00022075	00022076	00022077	00022078	00022079	00022080	00022081	00022082	00022083	00022084	00022085	00022086	00022087	00022088	00022089	00022090	00022091	00022092	00022093	00022094	00022095	00022096	00022097	00022098	00022099	00022100	00022101	00022102	00022103	00022104	00022105	00022106	00022107	00022108	00022109	00022110	00022111	00022112	00022113	00022114	00022115	00022116	00022117	00022118	00022119	00022120	00022121	00022122	00022123	00022124	00022125	00022126	00022127	00022128	00022129	00022130	00022131	00022132	00022133	00022134	00022135	00022136	00022137	00022138	00022139	00022140	00022141	00022142	00022143	00022144	00022145	00022146	00022147	00022148	00022149	00022150	00022151	00022152	00022153	00022154	00022155	00022156	00022157	00022158	00022159	00022160	00022161	00022162	00022163	00022164	00022165	00022166	00022167	00022168	00022169	00022170	00022171	00022172	00022173	00022174	00022175	00022176	00022177	00022178	00022179	00022180	00022181	00022182	00022183	00022184	00022185	00022186	00022187	00022188	00022189	00022190	00022191	00022192	00022193	00022194	00022195	00022196	00022197	00022198	00022199	00022200	00022201	00022202	00022203	00022204	00022205	00022206	00022207	00022208	00022209	00022210	00022211	00022212	00022213	00022214	00022215	00022216	00022217	00022218	00022219
263396081	1392185374	1941254164	00022220	00022221	00022222	00022223	00022224	00022225	00022226	00022227	00022228	00022229	00022230	00022231	00022232	00022233	00022234	00022235	00022236	00022237	00022238	00022239	00022240	00022241	00022242	00022243	00022244	00022245	00022246	00022247	00022248	00022249	00022250	00022251	00022252	00022253	00022254	00022255	00022256	00022257	00022258	00022259	00022260	00022261	00022262	00022263	00022264	00022265	00022266	00022267	00022268	00022269	00022270	00022271	00022272	00022273	00022274	00022275	00022276	00022277	00022278	00022279	00022280	00022281	00022282	00022283	00022284	00022285	00022286	00022287	00022288	00022289	00022290	00022291	00022292	00022293	00022294	00022295	00022296	00022297	00022298	00022299	00022300	00022301	00022302	00022303	00022304	00022305	00022306	00022307	00022308	00022309	00022310	00022311	00022312	00022313	00022314	00022315	00022316	00022317	00022318	00022319	00022320	00022321	00022322	00022323	00022324	00022325	00022326	00022327	00022328	00022329	00022330	00022331	00022332	00022333	00022334	00022335	00022336	00022337	00022338	00022339	00022340	00022341	00022342	00022343	00022344	00022345	00022346	00022347	00022348	00022349	00022350	00022351	00022352	00022353	00022354	00022355	00022356	00022357	00022358	00022359	00022360	00022361	00022362	00022363	00022364	00022365	00022366	00022367	00022368	00022369	00022370	00022371	00022372	00022373	00022374	00022375	00022376	00022377	00022378	00022379	00022380	00022381	00022382	00022383	00022384	00022385	00022386	00022387	00022388	00022389	00022390	00022391	00022392	00022393	00022394	00022395	00022396	00022397	00022398	00022399	00022400	00022401	00022402	00022403	00022404	00022405	00022406	00022407	00022408	00022409	00022410	00022411	00022412	00022413	00022414	00022415	00022416	00022417	00022418	00022419
265714598	1404438588	1958538619	00022420	00022421	00022422	00022423	00022424	00022425	00022426	00022427	00022428	00022429	00022430	00022431	00022432	00022433	00022434	00022435	00022436	00022437	00022438	00022439	00022440	00022441	00022442	00022443	00022444	00022445	00022446	00022447	00022448	00022449	00022450	00022451	00022452	00022453	00022454	00022455	00022456	00022457	00022458	00022459	00022460	00022461	00022462	00022463	00022464	00022465	00022466	00022467	00022468	00022469	00022470	00022471	00022472	00022473	00022474	00022475	00022476	00022477	00022478	00022479	00022480	00022481	00022482	00022483	00022484	00022485	00022486	00022487	00022488	00022489	00022490	00022491	00022492	00022493	00022494	00022495	00022496	00022497	00022498	00022499	00022500	00022501	00022502	00022503	00022504	00022505	00022506	00022507	00022508	00022509	00022510	00022511	00022512	00022513	00022514	00022515	00022516	00022517	00022518	00022519	00022520	00022521	00022522	00022523	00022524	00022525	00022526	00022527	00022528	00022529	00022530	00022531	00022532	00022533	00022534	00022535	00022536	00022537	00022538	00022539	00022540	00022541	00022542	00022543	00022544	00022545	00022546	00022547	00022548	00022549	00022550	00022551	00022552	00022553	00022554	00022555	00022556	00022557	00022558	00022559	00022560	00022561	00022562	00022563	00022564	00022565	00022566	00022567	00022568	00022569	00022570	00022571	00022572	00022573	00022574	00022575	00022576	00022577	00022578	00022579	00022580	00022581	00022582	00022583	00022584	00022585	00022586	00022587	00022588	00022589	00022590	00022591	00022592	00022593	00022594	00022595	00022596	00022597	00022598	00022599	00022600	00022601	00022602	00022603	00022604	00022605	00022606	00022607	00022608	00022609	00022610	00022611	00022612	00022613	00022614	00022615	00022616	00022617	00022618	00022619
267959025	1416247740	1974757160	00022620	00022621	00022622	00022623	00022624	00022625	00022626	00022627	00022628	00022629	00022630	00022631	00022632	00022633	00022634	00022635	00022636	00022637	00022638	00022639	00022640	00022641	00022642	00022643	00022644	00022645	00022646	00022647	00022648	00022649	00022650	00022651	00022652	00022653	00022654	00022655	00022656	00022657	00022658	00022659	00022660	00022661	00022662	00022663	00022664	00022665	00022666	00022667	00022668	00022669	00022670	00022671	00022672	00022673	00022674	00022675	00022676	00022677	00022678	00022679	00022680	00022681	00022682	00022683	00022684	00022685	00022686	00022687	00022688	00022689	00022690	00022691	00022692	00022693	00022694	00022695	00022696	00022697	00022698	00022699	00022700	00022701	00022702	00022703	00022704	00022705	00022706	00022707	00022708	00022709	00022710	00022711	00022712	00022713	00022714	00022715	00022716	00022717	00022718	00022719	00022720	00022721	00022722	00022723	00022724	00022725	00022726	00022727	00022728	00022729	00022730	00022731	00022732	00022733	00022734	00022735	00022736	00022737	00022738	00022739	00022740	00022741	00022742	00022743	00022744	00022745	00022746	00022747	00022748	00022749	00022750	00022751	00022752	00022753	00022754	00022755	00022756	00022757	00022758	00022759	00022760	00022761	00022762	00022763	00022764	00022765	00022766	00022767	00022768	00022769	00022770	00022771	00022772	00022773	00022774	00022775	00022776	00022777	00022778	00022779	00022780	00022781	00022782	00022783	00022784	00022785	00022786	00022787	00022788	00022789	00022790	00022791	00022792	00022793	00022794	00022795	00022796	00022797	00022798	00022799	00022800	00022801	00022802	00022803	00022804	00022805	00022806	00022807	00022808	00022809	00022810	00022811	00022812	00022813	00022814	00022815	00022816	00022817	00022818	00022819
270302508	1428664860	1992429817	00022820	00022821	00022822	00022823	00022824	00022825	00022826	00022827	00022828	00022829	00022830	00022831	00022832	00022833	00022834	00022835	00022836	00022837	00022838	00022839	00022840	00022841	00022842	00022843	00022844	00022845	00022846	00022847	00022848	00022849	00022850	00022851	00022852	00022853	00022854	00022855	00022856	00022857	00022858	00022859	00022860	00022861	00022862	00022863	00022864	00022865	00022866	00022867	00022868	00022869	00022870	00022871	00022872	00022873	00022874	00022875	00022876	00022877	00022878	00022879	00022880	00022881	00022882	00022883	00022884	00022885	00022886	00022887	00022888	00022889	00022890	00022891	00022892	00022893	00022894	00022895	00022896	00022897	00022898	00022899	00022900	00022901	00022902	00022903	00022904	00022905	00022906	00022907	00022908	00022909	00022910	00022911	00022912	00022913	00022914	00022915	00022916	00022917	00022918	00022919	00022920	00022921	00022922	00022923	00022924	00022925	00022926	00022927	00022928	00022929	00022930	00022931	00022932	00022933	00022934	00022935	00022936	00022937	00022938	00022939	00022940	00022941	00022942	00022943	00022944	00022945	00022946	00022947	00022948	00022949	00022950	00022951	00022952	00022953	00022954	00022955	00022956	00022957	00022958	00022959	00022960	00022961	00022962	00022963	00022964	00022965	00022966	00022967	00022968	00022969	00022970	00022971	00022972	00022973	00022974	00022975	00022976	00022977	00022978	00022979	00022980	00022981	00022982	00022983	00022984	00022985	00022986	00022987	00022988	00022989	00022990	00022991	00022992	00022993	00022994	00022995	00022996	00022997	00022998	00022999	00023000	00023001	00023002	00023003	00023004	00023005	00023006	00023007	00023008	00023009	00023010	00023011	00023012	00023013	00023014	00023015	00023016	00023017	00023018	00023019
272635860	1441007750	2009435001	00023020	00023021	00023022	00023023	00023024	00023025	00023026	00023027	00023028	00023029	00023030	00023031	00023032	00023033	00023034	00023035	00023036	00023037	00023038	00023039	00023040	00023041	00023042	00023043	00023044	00023045	00023046	00023047	00023048	00023049	00023050	00023051	00023052	00023053	00023054	00023055	00023056	00023057	00023058	00023059	00023060	00023061	00023062	00023063	00023064	00023065	00023066	00023067	00023068	00023069	00023070	00023071	00023072	00023073	00023074	00023075	00023076	00023077	00023078	00023079	00023080	00023081	00023082	00023083	00023084	00023085	00023086	00023087	00023088	00023089	00023090	00023091	00023092	00023093	00023094	00023095	00023096	00023097	00023098	00023099	00023100	00023101	00023102	00023103	00023104	00023105	00023106	00023107	00023108	00023109	00023110	00023111	00023112	00023113	00023114	00023115	00023116	00023117	00023118	00023119	00023120	00023121	00023122	00023123	00023124	00023125	00023126	00023127	00023128	00023129	00023130	00023131	00023132	00023133	00023134	00023135	00023136	00023137	00023138	00023139	00023140	00023141	00023142	00023143	00023144	00023145	00023146	00023147	00023148	00023149	00023150	00023151	00023152	00023153	00023154	00023155	00023156	00023157	00023158	00023159	00023160	00023161	00023162	00023163	00023164	00023165	00023166	00023167	00023168	00023169	00023170	00023171	00023172	00023173	00023174	00023175	00023176	00023177	00023178	00023179	00023180	00023181	00023182	00023183	00023184	00023185	00023186	00023187	00023188	00023189	00023190	00023191	00023192	00023193	00023194	00023195	00023196	00023197	00023198	00023199	00023200	00023201	00023202	00023203	00023204	00023205	00023206	00023207	00023208	00023209	00023210	00023211	00023212	00023213	00023214	00023215	00023216	00023217	00023218	00023219
274991593	1453538230	2026685910	00023220	00023221	00023222	00023223	00023224	00023225	00023226	00023227	00023228	00023229	00023230	00023231	00023232	00023233	00023234	00023235	00023236	00023237	00023238	00023239	00023240	00023241	00023242	00023243	00023244	00023245	00023246	00023247	00023248	00023249	00023250	00023251	00023252	00023253	00023254	00023255	00023256	00023257	00023258	00023259	00023260	00023261	00023262	00023263	00023264	00023265	00023266	00023267	00023268	00023269	00023270	00023271	00023272	00023273	00023274	00023275	00023276	00023277	00023278	00023279	00023280	00023281	00023282	00023283	00023284	00023285	00023286	00023287	00023288	00023289	00023290	00023291	00023292	00023293	00023294	00023295	00023296	00023297	00023298	00023299	00023300	00023301	00023302	00023303	00023304	00023305	00023306	00023307	00023308	00023309	00023310	00023311	00023312	00023313	00023314	00023315	00023316	00023317	00023318	00023319	00023320	00023321	00023322	00023323	00023324	00023325	00023326	00023327	00023328	00023329	00023330	00023331	00023332	00023333	00023334	00023335	00023336	00023337	00023338	00023339	00023340	00023341	00023342	00023343	00023344	00023345	00023346	00023348	00023349	00023350	00023351	00023352	00023353	00023354	00023355	00023356	00023357	00023358	00023359	00023360	00023361	00023362	00023363	00023364	00023365	00023366	00023367	00023368	00023369	00023370	00023371	00023372	00023373	00023374	00023375	00023376	00023377	00023378	00023379	00023380	00023381	00023382	00023383	00023384	00023385	00023386	00023387	00023388	00023389	00023390	00023391	00023392	00023393	00023394	00023395	00023396	00023397	00023398	00023399	00023400	00023401	00023402	00023403	00023404	00023405	00023406	00023407	00023408	00023409	00023410	00023411	00023412	00023413	00023414	00023415	00023416	00023417	00023418	00023419	00023420
277366082	1465979822	2044183614	00023421	00023422	00023423	00023424	00023425	00023426	00023427	00023428	00023429	00023430	00023431	00023432	00023433	00023434	00023435	00023436	00023437	00023438	00023439	00023440	00023441	00023442	00023443	00023444	00023445	00023446	00023447	00023448	00023449	00023450	00023451	00023452	00023453	00023454	00023455	00023456	00023457	00023458	00023459	00023460	00023461	00023462	00023463	00023464	00023465	00023466	00023467	00023468	00023469	00023470	00023471	00023472	00023473	00023474	00023475	00023476	00023477	00023478	00023479	00023480	00023481	00023482	00023483	00023484	00023485	00023486	00023487	00023488	00023489	00023490	00023491	00023492	00023493	00023494	00023495	00023496	00023497	00023498	00023499	00023500	00023501	00023502	00023503	00023504	00023505	00023506	00023507	00023508	00023509	00023510	00023511	00023512	00023513	00023514	00023515	00023516	00023517	00023518	00023519	00023520	00023521	00023522	00023523	00023524	00023525	00023526	00023527	00023528	00023529	00023530	00023531	00023532	00023533	00023534	00023535	00023536	00023537	00023538	00023539	00023540	00023541	00023542	00023543	00023544	00023545	00023546	00023547	00023548	00023549	00023550	00023551	00023552	00023553	00023554	00023555	00023556	00023557	00023558	00023559	00023560	00023561	00023562	00023563	00023564	00023565	00023566	00023567	00023568	00023569	00023570	00023571	00023572	00023573	00023574	00023575	00023576	00023577	00023578	00023579	00023580	00023581	00023582	00023583	00023584	00023585	00023586	00023587	00023588	00023589	00023590	00023591	00023592	00023593	00023594	00023595	00023596	00023597	00023598	00023599	00023600	00023601	00023602	00023603	00023604	00023605	00023606	00023607	00023608	00023609	00023610	00023611	00023612	00023613	00023614	00023615	00023616	00023617	00023618	00023619	00023620
279764260	1478769714	2062341951	00023621	00023622	00023623	00023624	00023625	00023626	00023627	00023628	00023629	00023630	00023631	00023632	00023633	00023634	00023635	00023636	00023637	00023638	00023639	00023640	00023641	00023642	00023643	00023644	00023645	00023646	00023647	00023648	00023649	00023650	00023651	00023652	00023653	00023654	00023655	00023656	00023657	00023658	00023659	00023660	00023661	00023662	00023663	00023664	00023665	00023666	00023667	00023668	00023669	00023670	00023671	00023672	00023673	00023674	00023675	00023676	00023677	00023678	00023679	00023680	00023681	00023682	00023683	00023684	00023685	00023686	00023687	00023688	00023689	00023690	00023691	00023692	00023693	00023694	00023695	00023696	00023697	00023698	00023699	00023700	00023701	00023702	00023703	00023704	00023705	00023706	00023707	00023708	00023709	00023710	00023711	00023712	00023713	00023714	00023715	00023716	00023717	00023718	00023719	00023720	00023721	00023722	00023723	00023724	00023725	00023726	00023727	00023728	00023729	00023730	00023731	00023732	00023733	00023734	00023735	00023736	00023737	00023738	00023739	00023740	00023741	00023742	00023743	00023744	00023745	00023746	00023747	00023748	00023749	00023750	00023751	00023752	00023753	00023754	00023755	00023756	00023757	00023758	00023759	00023760	00023761	00023762	00023763	00023764	00023765	00023766	00023767	00023768	00023769	00023770	00023771	00023772	00023773	00023774	00023775	00023776	00023777	00023778	00023779	00023780	00023781	00023782	00023783	00023784	00023785	00023786	00023787	00023788	00023789	00023790	00023791	00023792	00023793	00023794	00023795	00023796	00023797	00023798	00023799	00023800	00023801	00023802	00023803	00023804	00023805	00023806	00023807	00023808	00023809	00023810	00023811	00023812	00023813	00023814	00023815	00023816	00023817	00023818	00023819	00023820
282063930	1490937112	2079362965	00023821	00023822	00023823	00023824	00023825	00023826	00023827	00023828	00023829	00023830	00023831	00023832	00023833	00023834	00023835	00023836	00023837	00023838	00023839	00023840	00023841	00023842	00023843	00023844	00023845	00023846	00023847	00023848	00023849	00023850	00023851	00023852	00023853	00023854	00023855	00023856	00023857	00023858	00023859	00023860	00023861	00023862	00023863	00023864	00023865	00023866	00023867	00023868	00023869	00023870	00023871	00023872	00023873	00023874	00023875	00023876	00023877	00023878	00023879	00023880	00023881	00023882	00023883	00023884	00023885	00023886	00023887	00023888	00023889	00023890	00023891	00023892	00023893	00023894	00023895	00023896	00023897	00023898	00023899	00023900	00023901	00023902	00023903	00023904	00023905	00023906	00023907	00023908	00023909	00023910	00023911	00023912	00023913	00023914	00023915	00023916	00023917	00023918	00023919	00023920	00023921	00023922	00023923	00023924	00023925	00023926	00023927	00023928	00023929	00023930	00023931	00023932	00023933	00023934	00023935	00023936	00023937	00023938	00023939	00023940	00023941	00023942	00023943	00023944	00023945	00023946	00023947	00023948	00023949	00023950	00023951	00023952	00023953	00023954	00023955	00023956	00023957	00023958	00023959	00023960	00023961	00023962	00023963	00023964	00023965	00023966	00023967	00023968	00023969	00023970	00023971	00023972	00023973	00023974	00023975	00023976	00023977	00023978	00023979	00023980	00023981	00023982	00023983	00023984	00023985	00023986	00023987	00023988	00023989	00023990	00023991	00023992	00023993	00023994	00023995	00023996	00023997	00023998	00023999	00024000	00024001	00024002	00024003	00024004	00024005	00024006	00024007	00024008	00024009	00024010	00024011	00024012	00024013	00024014	00024015	00024016	00024017	00024018	00024019	00024020
284370288	1503137236	2095799193	00024021	00024022	00024023	00024024	00024025	00024026	00024027	00024028	00024029	00024030	00024031	00024032	00024033	00024034	00024035	00024036	00024037	00024038	00024039	00024040	00024041	00024042	00024043	00024044	00024045	00024046	00024047	00024048	00024049	00024050	00024051	00024052	00024053	00024054	00024055	00024056	00024057	00024058	00024059	00024060	00024061	00024062	00024063	00024064	00024065	00024066	00024067	00024068	00024069	00024070	00024071	00024072	00024073	00024074	00024075	00024076	00024077	00024078	00024079	00024080	00024081	00024082	00024083	00024084	00024085	00024086	00024087	00024088	00024089	00024090	00024091	00024092	00024093	00024094	00024095	00024096	00024097	00024098	00024099	00024100	00024101	00024102	00024103	00024104	00024105	00024106	00024107	00024108	00024109	00024110	00024111	00024112	00024113	00024114	00024115	00024116	00024117	00024118	00024119	00024120	00024121	00024122	00024123	00024124	00024125	00024126	00024127	00024128	00024129	00024130	00024131	00024132	00024133	00024134	00024135	00024136	00024137	00024138	00024139	00024140	00024141	00024142	00024143	00024144	00024145	00024146	00024147	00024148	00024149	00024150	00024151	00024152	00024153	00024154	00024155	00024156	00024157	00024158	00024159	00024160	00024161	00024162	00024163	00024164	00024165	00024166	00024167	00024168	00024169	00024170	00024171	00024172	00024173	00024174	00024175	00024176	00024177	00024178	00024179	00024180	00024181	00024182	00024183	00024184	00024185	00024186	00024187	00024188	00024189	00024190	00024191	00024192	00024193	00024194	00024195	00024196	00024197	00024198	00024199	00024200	00024201	00024202	00024203	00024204	00024205	00024206	00024207	00024208	00024209	00024210	00024211	00024212	00024213	00024214	00024215	00024216	00024217	00024218	00024219	00024220
286720534	1515503038	2113433521	00024221	00024222	00024223	00024224	00024225	00024226	00024227	00024228	00024229	00024230	00024231	00024232	00024233	00024234	00024235	00024236	00024237	00024238	00024239	00024240	00024241	00024242	00024243	00024244	00024245	00024246	00024247	00024248	00024249	00024250	00024251	00024252	00024253	00024254	00024255	00024256	00024257	00024258	00024259	00024260	00024261	00024262	00024263	00024264	00024265	00024266	00024267	00024268	00024269	00024270	00024271	00024272	00024273	00024274	00024275	00024276	00024277	00024278	00024279	00024280	00024281	00024282	00024283	00024284	00024285	00024286	00024287	00024288	00024289	00024290	00024291	00024292	00024293	00024294	00024295	00024296	00024297	00024298	00024299	00024300	00024301	00024302	00024303	00024304	00024305	00024306	00024307	00024308	00024309	00024310	00024311	00024312	00024313	00024314	00024315	00024316	00024317	00024318	00024319	00024320	00024321	00024322	00024323	00024324	00024325	00024326	00024327	00024328	00024329	00024330	00024331	00024332	00024333	00024334	00024335	00024336	00024337	00024338	00024339	00024340	00024341	00024342	00024343	00024344	00024345	00024346	00024347	00024348	00024349	00024350	00024351	00024352	00024353	00024354	00024355	00024356	00024357	00024358	00024359	00024360	00024361	00024362	00024363	00024364	00024365	00024366	00024367	00024368	00024369	00024370	00024371	00024372	00024373	00024374	00024375	00024376	00024377	00024378	00024379	00024380	00024381	00024382	00024383	00024384	00024385	00024386	00024387	00024388	00024389	00024390	00024391	00024392	00024393	00024394	00024395	00024396	00024397	00024398	00024399	00024400	00024401	00024402	00024403	00024404	00024405	00024406	00024407	00024408	00024409	00024410	00024411	00024412	00024413	00024414	00024415	00024416	00024417	00024418	00024419	00024420
289030341	1527706838	2130457971	00024421	00024422	00024423	00024424	00024425	00024426	00024427	00024428	00024429	00024430	00024431	00024432	00024433	00024434	00024435	00024436	00024437	00024438	00024439	00024440	00024441	00024442	00024443	00024444	00024445	00024446	00024447	00024448	00024449	00024450	00024451	00024452	00024453	00024454	00024455	00024456	00024457	00024458	00024459	00024460	00024461	00024462	00024463	00024464	00024465	00024466	00024467	00024468	00024469	00024470	00024471	00024472	00024473	00024474	00024475	00024476	00024477	00024478	00024479	00024480	00024481	00024482	00024483	00024484	00024485	00024486	00024487	00024488	00024489	00024490	00024491	00024492	00024493	00024494	00024495	00024496	00024497	00024498	00024499	00024500	00024501	00024502	00024503	00024504	00024505	00024506	00024507	00024508	00024509	00024510	00024511	00024512	00024513	00024514	00024515	00024516	00024517	00024518	00024519	00024520	00024521	00024522	00024523	00024524	00024525	00024526	00024527	00024528	00024529	00024530	00024531	00024532	00024533	00024534	00024535	00024536	00024537	00024538	00024539	00024540	00024541	00024542	00024543	00024544	00024545	00024546	00024547	00024548	00024549	00024550	00024551	00024552	00024553	00024554	00024555	00024556	00024557	00024558	00024559	00024560	00024561	00024562	00024563	00024564	00024565	00024566	00024567	00024568	00024569	00024570	00024571	00024572	00024573	00024574	00024575	00024576	00024577	00024578	00024579	00024580	00024581	00024582	00024583	00024584	00024585	00024586	00024587	00024588	00024589	00024590	00024591	00024592	00024593	00024594	00024595	00024596	00024597	00024598	00024599	00024600	00024601	00024602	00024603	00024604	00024605	00024606	00024607	00024608	00024609	00024610	00024611	00024612	00024613	00024614	00024615	00024616	00024617	00024618	00024619	00024620
291328512	1539855110	2147291401	00024621	00024622	00024623	00024624	00024625	00024626	00024627	00024628	00024629	00024630	00024631	00024632	00024633	00024634	00024635	00024636	00024637	00024638	00024639	00024640	00024641	00024642	00024643	00024644	00024645	00024646	00024647	00024648	00024649	00024650	00024651	00024652	00024653	00024654	00024655	00024656	00024657	00024658	00024659	00024660	00024661	00024662	00024663	00024664	00024665	00024666	00024667	00024668	00024669	00024670	00024671	00024672	00024673	00024674	00024675	00024676	00024677	00024678	00024679	00024680	00024681	00024682	00024683	00024684	00024685	00024686	00024687	00024688	00024689	00024690	00024691	00024692	00024693	00024694	00024695	00024696	00024697	00024698	00024699	00024700	00024701	00024702	00024703	00024704	00024705	00024706	00024707	00024708	00024709	00024710	00024711	00024712	00024713	00024714	00024715	00024716	00024717	00024718	00024719	00024720	00024721	00024722	00024723	00024724	00024725	00024726	00024727	00024728	00024729	00024730	00024731	00024732	00024733	00024734	00024735	00024736	00024737	00024738	00024739	00024740	00024741	00024742	00024743	00024744	00024745	00024746	00024747	00024748	00024749	00024750	00024751	00024752	00024753	00024754	00024755	00024756	00024757	00024758	00024759	00024760	00024761	00024762	00024763	00024764	00024765	00024766	00024767	00024768	00024769	00024770	00024771	00024772	00024773	00024774	00024775	00024776	00024777	00024778	00024779	00024780	00024781	00024782	00024783	00024784	00024785	00024786	00024787	00024788	00024789	00024790	00024791	00024792	00024793	00024794	00024795	00024796	00024797	00024798	00024799	00024800	00024801	00024802	00024803	00024804	00024805	00024806	00024807	00024808	00024809	00024810	00024811	00024812	00024813	00024814	00024815	00024816	00024817	00024818	00024819	00024820
293724734	1552642668	2165269089	00024821	00024822	00024823	00024824	00024825	00024826	00024827	00024828	00024829	00024830	00024831	00024832	00024833	00024834	00024835	00024836	00024837	00024838	00024839	00024840	00024841	00024842	00024843	00024844	00024845	00024846	00024847	00024848	00024849	00024850	00024851	00024852	00024853	00024854	00024855	00024856	00024857	00024858	00024859	00024860	00024861	00024862	00024863	00024864	00024865	00024866	00024867	00024868	00024869	00024870	00024871	00024872	00024873	00024874	00024875	00024876	00024877	00024878	00024879	00024880	00024881	00024882	00024883	00024884	00024885	00024886	00024887	00024888	00024889	00024890	00024891	00024892	00024893	00024894	00024895	00024896	00024897	00024898	00024899	00024900	00024901	00024902	00024903	00024904	00024905	00024906	00024907	00024908	00024909	00024910	00024911	00024912	00024913	00024914	00024915	00024916	00024917	00024918	00024919	00024920	00024921	00024922	00024923	00024924	00024925	00024926	00024927	00024928	00024929	00024930	00024931	00024932	00024933	00024934	00024935	00024936	00024937	00024938	00024939	00024940	00024941	00024942	00024943	00024944	00024945	00024946	00024947	00024948	00024949	00024950	00024951	00024952	00024953	00024954	00024955	00024956	00024957	00024958	00024959	00024960	00024961	00024962	00024963	00024964	00024965	00024966	00024967	00024968	00024969	00024970	00024971	00024972	00024973	00024974	00024975	00024976	00024977	00024978	00024979	00024980	00024981	00024982	00024983	00024984	00024985	00024986	00024987	00024988	00024989	00024990	00024991	00024992	00024993	00024994	00024995	00024996	00024997	00024998	00024999	00025000	00025001	00025002	00025003	00025004	00025005	00025006	00025007	00025008	00025009	00025010	00025011	00025012	00025013	00025014	00025015	00025016	00025017	00025018	00025019	00025020
296041774	1564882940	2182023532	00025021	00025022	00025023	00025024	00025025	00025026	00025027	00025028	00025029	00025030	00025031	00025032	00025033	00025034	00025035	00025036	00025037	00025038	00025039	00025040	00025041	00025042	00025043	00025044	00025045	00025046	00025047	00025048	00025049	00025050	00025051	00025052	00025053	00025054	00025055	00025056	00025057	00025058	00025059	00025060	00025061	00025062	00025063	00025064	00025065	00025066	00025067	00025068	00025069	00025070	00025071	00025072	00025073	00025074	00025075	00025076	00025077	00025078	00025079	00025080	00025081	00025082	00025083	00025084	00025085	00025086	00025087	00025088	00025089	00025090	00025091	00025092	00025093	00025094	00025095	00025096	00025097	00025098	00025099	00025100	00025101	00025102	00025103	00025104	00025105	00025106	00025107	00025108	00025109	00025110	00025111	00025112	00025113	00025114	00025115	00025116	00025117	00025118	00025119	00025120	00025121	00025122	00025123	00025124	00025125	00025126	00025127	00025128	00025129	00025130	00025131	00025132	00025133	00025134	00025135	00025136	00025137	00025138	00025139	00025140	00025141	00025142	00025143	00025144	00025145	00025146	00025147	00025148	00025149	00025150	00025151	00025152	00025153	00025154	00025155	00025156	00025157	00025158	00025159	00025160	00025161	00025162	00025163	00025164	00025165	00025166	00025167	00025168	00025169	00025170	00025171	00025172	00025173	00025174	00025175	00025176	00025177	00025178	00025179	00025180	00025181	00025182	00025183	00025184	00025185	00025186	00025187	00025188	00025189	00025190	00025191	00025192	00025193	00025194	00025195	00025196	00025197	00025198	00025199	00025200	00025201	00025202	00025203	00025204	00025205	00025206	00025207	00025208	00025209	00025210	00025211	00025212	00025213	00025214	00025215	00025216	00025217	00025218	00025219	00025220
298235239	1576405848	2197468209	00025221	00025222	00025223	00025224	00025225	00025226	00025227	00025228	00025229	00025230	00025231	00025232	00025233	00025234	00025235	00025236	00025237	00025238	00025239	00025240	00025241	00025242	00025243	00025244	00025245	00025246	00025247	00025248	00025249	00025250	00025251	00025252	00025253	00025254	00025255	00025256	00025257	00025258	00025259	00025260	00025261	00025262	00025263	00025264	00025265	00025266	00025267	00025268	00025269	00025270	00025271	00025272	00025273	00025274	00025275	00025276	00025277	00025278	00025279	00025280	00025281	00025282	00025283	00025284	00025285	00025286	00025287	00025288	00025289	00025290	00025291	00025292	00025293	00025294	00025295	00025296	00025297	00025298	00025299	00025300	00025301	00025302	00025303	00025304	00025305	00025306	00025307	00025308	00025309	00025310	00025311	00025312	00025313	00025314	00025315	00025316	00025317	00025318	00025319	00025320	00025321	00025322	00025323	00025324	00025325	00025326	00025327	00025328	00025329	00025330	00025331	00025332	00025333	00025334	00025335	00025336	00025337	00025338	00025339	00025340	00025341	00025342	00025343	00025344	00025345	00025346	00025347	00025348	00025349	00025350	00025351	00025352	00025353	00025354	00025355	00025356	00025357	00025358	00025359	00025360	00025361	00025362	00025363	00025364	00025365	00025366	00025367	00025368	00025369	00025370	00025371	00025372	00025373	00025374	00025375	00025376	00025377	00025378	00025379	00025380	00025381	00025382	00025383	00025384	00025385	00025386	00025387	00025388	00025389	00025390	00025391	00025392	00025393	00025394	00025395	00025396	00025397	00025398	00025399	00025400	00025401	00025402	00025403	00025404	00025405	00025406	00025407	00025408	00025409	00025410	00025411	00025412	00025413	00025414	00025415	00025416	00025417	00025418	00025419	00025420
300470928	1588261532	2213400242	00025421	00025422	00025423	00025424	00025425	00025426	00025427	00025428	00025429	00025430	00025431	00025432	00025433	00025434	00025435	00025436	00025437	00025438	00025439	00025440	00025441	00025442	00025443	00025444	00025445	00025446	00025447	00025448	00025449	00025450	00025451	00025452	00025453	00025454	00025455	00025456	00025457	00025458	00025459	00025460	00025461	00025462	00025463	00025464	00025465	00025466	00025467	00025468	00025469	00025470	00025471	00025472	00025473	00025474	00025475	00025476	00025477	00025478	00025479	00025480	00025481	00025482	00025483	00025484	00025485	00025486	00025487	00025488	00025489	00025490	00025491	00025492	00025493	00025494	00025495	00025496	00025497	00025498	00025499	00025500	00025501	00025502	00025503	00025504	00025505	00025506	00025507	00025508	00025509	00025510	00025511	00025512	00025513	00025514	00025515	00025516	00025517	00025518	00025519	00025520	00025521	00025522	00025523	00025524	00025525	00025526	00025527	00025528	00025529	00025530	00025531	00025532	00025533	00025534	00025535	00025536	00025537	00025538	00025539	00025540	00025541	00025542	00025543	00025544	00025545	00025546	00025547	00025548	00025549	00025550	00025551	00025552	00025553	00025554	00025555	00025556	00025557	00025558	00025559	00025560	00025561	00025562	00025563	00025564	00025565	00025566	00025567	00025568	00025569	00025570	00025571	00025572	00025573	00025574	00025575	00025576	00025577	00025578	00025579	00025580	00025581	00025582	00025583	00025584	00025585	00025586	00025587	00025588	00025589	00025590	00025591	00025592	00025593	00025594	00025595	00025596	00025597	00025598	00025599	00025600	00025601	00025602	00025603	00025604	00025605	00025606	00025607	00025608	00025609	00025610	00025611	00025612	00025613	00025614	00025615	00025616	00025617	00025618	00025619	00025620
302879303	1601086158	2231127005	00025621	00025622	00025623	00025624	00025625	00025626	00025627	00025628	00025629	00025630	00025631	00025632	00025633	00025634	00025635	00025636	00025637	00025638	00025639	00025640	00025641	00025642	00025643	00025644	00025645	00025646	00025647	00025648	00025649	00025650	00025651	00025652	00025653	00025654	00025655	00025656	00025657	00025658	00025659	00025660	00025661	00025662	00025663	00025664	00025665	00025666	00025667	00025668	00025669	00025670	00025671	00025672	00025673	00025674	00025675	00025676	00025677	00025678	00025679	00025680	00025681	00025682	00025683	00025684	00025685	00025686	00025687	00025688	00025689	00025690	00025691	00025692	00025693	00025694	00025695	00025696	00025697	00025698	00025699	00025700	00025701	00025702	00025703	00025704	00025705	00025706	00025707	00025708	00025709	00025710	00025711	00025712	00025713	00025714	00025715	00025716	00025717	00025718	00025720	00025721	00025722	00025723	00025724	00025725	00025726	00025727	00025728	00025729	00025730	00025731	00025732	00025733	00025734	00025735	00025736	00025737	00025738	00025739	00025740	00025741	00025742	00025743	00025744	00025745	00025746	00025747	00025748	00025749	00025750	00025751	00025752	00025753	00025754	00025755	00025756	00025757	00025758	00025759	00025760	00025761	00025762	00025763	00025764	00025765	00025766	00025767	00025768	00025769	00025770	00025771	00025772	00025773	00025774	00025775	00025776	00025777	00025778	00025779	00025780	00025781	00025782	00025783	00025784	00025785	00025786	00025787	00025788	00025789	00025790	00025791	00025792	00025793	00025794	00025795	00025796	00025797	00025798	00025799	00025800	00025801	00025802	00025803	00025804	00025805	00025806	00025807	00025808	00025809	00025810	00025811	00025812	00025813	00025814	00025815	00025816	00025817	00025818	00025819	00025820	00025821
305270598	1613786574	2249308008	00025822	00025823	00025824	00025825	00025826	00025827	00025828	00025829	00025830	00025831	00025832	00025833	00025834	00025835	00025836	00025837	00025838	00025839	00025840	00025841	00025842	00025843	00025844	00025845	00025846	00025847	00025848	00025849	00025850	00025851	00025852	00025853	00025854	00025855	00025856	00025857	00025858	00025859	00025860	00025861	00025862	00025863	00025864	00025865	00025866	00025867	00025868	00025869	00025870	00025871	00025872	00025873	00025874	00025875	00025876	00025877	00025878	00025879	00025880	00025881	00025882	00025883	00025884	00025885	00025886	00025887	00025888	00025889	00025890	00025891	00025892	00025893	00025894	00025895	00025896	00025897	00025898	00025899	00025900	00025901	00025902	00025903	00025904	00025905	00025906	00025907	00025908	00025909	00025910	00025911	00025912	00025913	00025914	00025915	00025916	00025917	00025918	00025919	00025920	00025921	00025922	00025923	00025924	00025925	00025926	00025927	00025928	00025929	00025930	00025931	00025932	00025933	00025934	00025935	00025936	00025937	00025938	00025939	00025940	00025941	00025942	00025943	00025944	00025945	00025946	00025947	00025948	00025949	00025950	00025951	00025952	00025953	00025954	00025955	00025956	00025957	00025958	00025959	00025960	00025961	00025962	00025963	00025964	00025965	00025966	00025967	00025968	00025969	00025970	00025971	00025972	00025973	00025974	00025975	00025976	00025977	00025978	00025979	00025980	00025981	00025982	00025983	00025984	00025985	00025986	00025987	00025988	00025989	00025990	00025991	00025992	00025993	00025994	00025995	00025996	00025997	00025998	00025999	00026000	00026001	00026002	00026003	00026004	00026005	00026006	00026007	00026008	00026009	00026010	00026011	00026012	00026013	00026014	00026015	00026016	00026017	00026018	00026019	00026020	00026021
307624970	1626254150	2266429572	00026022	00026023	00026024	00026025	00026026	00026027	00026028	00026029	00026030	00026031	00026032	00026033	00026034	00026035	00026036	00026037	00026038	00026039	00026040	00026041	00026042	00026043	00026044	00026045	00026046	00026047	00026048	00026049	00026050	00026051	00026052	00026053	00026054	00026055	00026056	00026057	00026058	00026059	00026060	00026061	00026062	00026063	00026064	00026065	00026066	00026067	00026068	00026069	00026070	00026071	00026072	00026073	00026074	00026075	00026076	00026077	00026078	00026079	00026080	00026081	00026082	00026083	00026084	00026085	00026086	00026087	00026088	00026089	00026090	00026091	00026092	00026093	00026094	00026095	00026096	00026097	00026098	00026099	00026100	00026101	00026102	00026103	00026104	00026105	00026106	00026107	00026108	00026109	00026110	00026111	00026112	00026113	00026114	00026115	00026116	00026117	00026118	00026119	00026120	00026121	00026122	00026123	00026124	00026125	00026126	00026127	00026128	00026129	00026130	00026131	00026132	00026133	00026134	00026135	00026136	00026137	00026138	00026139	00026140	00026141	00026142	00026143	00026144	00026145	00026146	00026147	00026148	00026149	00026150	00026151	00026152	00026153	00026154	00026155	00026156	00026157	00026158	00026159	00026160	00026161	00026162	00026163	00026164	00026165	00026166	00026167	00026168	00026169	00026170	00026171	00026172	00026173	00026174	00026175	00026176	00026177	00026178	00026179	00026180	00026181	00026182	00026183	00026184	00026185	00026186	00026187	00026188	00026189	00026190	00026191	00026192	00026193	00026194	00026195	00026196	00026197	00026198	00026199	00026200	00026201	00026202	00026203	00026204	00026205	00026206	00026207	00026208	00026209	00026210	00026211	00026212	00026213	00026214	00026215	00026216	00026217	00026218	00026219	00026220	00026221
310005204	1638890156	2284350393	00026222	00026223	00026224	00026225	00026226	00026227	00026228	00026229	00026230	00026231	00026232	00026233	00026234	00026235	00026236	00026237	00026238	00026239	00026240	00026241	00026242	00026243	00026244	00026245	00026246	00026247	00026248	00026249	00026250	00026251	00026252	00026253	00026254	00026255	00026256	00026257	00026258	00026259	00026260	00026261	00026262	00026263	00026264	00026265	00026266	00026267	00026268	00026269	00026270	00026271	00026272	00026273	00026274	00026275	00026276	00026277	00026278	00026279	00026280	00026281	00026282	00026283	00026284	00026285	00026286	00026287	00026288	00026289	00026290	00026291	00026292	00026293	00026294	00026295	00026296	00026297	00026298	00026299	00026300	00026301	00026302	00026303	00026304	00026305	00026306	00026307	00026308	00026309	00026310	00026311	00026312	00026313	00026314	00026315	00026316	00026317	00026318	00026319	00026320	00026321	00026322	00026323	00026324	00026325	00026326	00026327	00026328	00026329	00026330	00026331	00026332	00026333	00026334	00026335	00026336	00026337	00026338	00026339	00026340	00026341	00026342	00026343	00026344	00026345	00026346	00026347	00026348	00026349	00026350	00026351	00026352	00026353	00026354	00026355	00026356	00026357	00026358	00026359	00026360	00026361	00026362	00026363	00026364	00026365	00026366	00026367	00026368	00026369	00026370	00026371	00026372	00026373	00026374	00026375	00026376	00026377	00026378	00026379	00026380	00026381	00026382	00026383	00026384	00026385	00026386	00026387	00026388	00026389	00026390	00026391	00026392	00026393	00026394	00026395	00026396	00026397	00026398	00026399	00026400	00026401	00026402	00026403	00026404	00026405	00026406	00026407	00026408	00026409	00026410	00026411	00026412	00026413	00026414	00026415	00026416	00026417	00026418	00026419	00026420	00026421
312304774	1650959398	2301057670	00026422	00026423	00026424	00026425	00026426	00026427	00026428	00026429	00026430	00026431	00026432	00026433	00026434	00026435	00026436	00026437	00026438	00026439	00026440	00026441	00026442	00026443	00026444	00026445	00026446	00026447	00026448	00026449	00026450	00026451	00026452	00026453	00026454	00026455	00026456	00026457	00026458	00026459	00026460	00026461	00026462	00026463	00026464	00026465	00026466	00026467	00026468	00026469	00026470	00026471	00026472	00026473	00026474	00026475	00026476	00026477	00026478	00026479	00026480	00026481	00026482	00026483	00026484	00026485	00026486	00026487	00026488	00026489	00026490	00026491	00026492	00026493	00026494	00026495	00026496	00026497	00026498	00026499	00026500	00026501	00026502	00026503	00026504	00026505	00026506	00026507	00026508	00026509	00026510	00026511	00026512	00026513	00026514	00026515	00026516	00026517	00026518	00026519	00026520	00026521	00026522	00026523	00026524	00026525	00026526	00026527	00026528	00026529	00026530	00026531	00026532	00026533	00026534	00026535	00026536	00026537	00026538	00026539	00026540	00026541	00026542	00026543	00026544	00026545	00026546	00026547	00026548	00026549	00026550	00026551	00026552	00026553	00026554	00026555	00026556	00026557	00026558	00026559	00026560	00026561	00026562	00026563	00026564	00026565	00026566	00026567	00026568	00026569	00026570	00026571	00026572	00026573	00026574	00026575	00026576	00026577	00026578	00026579	00026580	00026581	00026582	00026583	00026584	00026585	00026586	00026587	00026588	00026589	00026590	00026591	00026592	00026593	00026594	00026595	00026596	00026597	00026598	00026599	00026600	00026601	00026602	00026603	00026604	00026605	00026606	00026607	00026608	00026609	00026610	00026611	00026612	00026613	00026614	00026615	00026616	00026617	00026618	00026619	00026620	00026621
314637019	1663206070	2318461286	00026622	00026623	00026624	00026625	00026626	00026627	00026628	00026629	00026630	00026631	00026632	00026633	00026634	00026635	00026636	00026637	00026638	00026639	00026640	00026641	00026642	00026643	00026644	00026645	00026646	00026647	00026648	00026649	00026650	00026651	00026652	00026653	00026654	00026655	00026656	00026657	00026658	00026659	00026660	00026661	00026662	00026663	00026664	00026665	00026666	00026667	00026668	00026669	00026670	00026671	00026672	00026673	00026674	00026675	00026676	00026677	00026678	00026679	00026680	00026681	00026682	00026683	00026684	00026685	00026686	00026687	00026688	00026689	00026690	00026691	00026692	00026693	00026694	00026695	00026696	00026697	00026698	00026699	00026700	00026701	00026702	00026703	00026704	00026705	00026706	00026707	00026708	00026709	00026710	00026711	00026712	00026713	00026714	00026715	00026716	00026717	00026718	00026719	00026720	00026721	00026722	00026723	00026724	00026725	00026726	00026727	00026728	00026729	00026730	00026731	00026732	00026733	00026734	00026735	00026736	00026737	00026738	00026739	00026740	00026741	00026742	00026743	00026744	00026745	00026746	00026747	00026748	00026749	00026750	00026751	00026752	00026753	00026754	00026755	00026756	00026757	00026758	00026759	00026760	00026761	00026762	00026763	00026764	00026765	00026766	00026767	00026768	00026769	00026770	00026771	00026772	00026773	00026774	00026775	00026776	00026777	00026778	00026779	00026780	00026781	00026782	00026783	00026784	00026785	00026786	00026787	00026788	00026789	00026790	00026791	00026792	00026793	00026794	00026795	00026796	00026797	00026798	00026799	00026800	00026801	00026802	00026803	00026804	00026805	00026806	00026807	00026808	00026809	00026810	00026811	00026812	00026813	00026814	00026815	00026816	00026817	00026818	00026819	00026820	00026821
316931366	1675277560	2334904484	00026822	00026823	00026824	00026825	00026826	00026827	00026828	00026829	00026830	00026831	00026832	00026833	00026834	00026835	00026836	00026837	00026838	00026839	00026840	00026841	00026842	00026843	00026844	00026845	00026846	00026847	00026848	00026849	00026850	00026851	00026852	00026853	00026854	00026855	00026856	00026857	00026858	00026859	00026860	00026861	00026862	00026863	00026864	00026865	00026866	00026867	00026868	00026869	00026870	00026871	00026872	00026873	00026874	00026875	00026876	00026877	00026878	00026879	00026880	00026881	00026882	00026883	00026884	00026885	00026886	00026887	00026888	00026889	00026890	00026891	00026892	00026893	00026894	00026895	00026896	00026897	00026898	00026899	00026900	00026901	00026902	00026903	00026904	00026905	00026906	00026907	00026908	00026909	00026910	00026911	00026912	00026913	00026914	00026915	00026916	00026917	00026918	00026919	00026920	00026921	00026922	00026923	00026924	00026925	00026926	00026927	00026928	00026929	00026930	00026931	00026932	00026933	00026934	00026935	00026936	00026937	00026938	00026939	00026940	00026941	00026942	00026943	00026944	00026945	00026946	00026947	00026948	00026949	00026950	00026951	00026952	00026953	00026954	00026955	00026956	00026957	00026958	00026959	00026960	00026961	00026962	00026963	00026964	00026965	00026966	00026967	00026968	00026969	00026970	00026971	00026972	00026973	00026974	00026975	00026976	00026977	00026978	00026979	00026980	00026981	00026982	00026983	00026984	00026985	00026986	00026987	00026988	00026989	00026990	00026991	00026992	00026993	00026994	00026995	00026996	00026997	00026998	00026999	00027000	00027001	00027002	00027003	00027004	00027005	00027006	00027007	00027008	00027009	00027010	00027011	00027012	00027013	00027014	00027015	00027016	00027017	00027018	00027019	00027020	00027021
319307193	1687724960	2352361414	00027022	00027023	00027024	00027025	00027026	00027027	00027028	00027029	00027030	00027031	00027032	00027033	00027034	00027035	00027036	00027037	00027038	00027039	00027040	00027041	00027042	00027043	00027044	00027045	00027046	00027047	00027048	00027049	00027050	00027051	00027052	00027053	00027054	00027055	00027056	00027057	00027058	00027059	00027060	00027061	00027062	00027063	00027064	00027065	00027066	00027067	00027068	00027069	00027070	00027071	00027072	00027073	00027074	00027075	00027076	00027077	00027078	00027079	00027080	00027081	00027082	00027083	00027084	00027085	00027086	00027087	00027088	00027089	00027090	00027091	00027092	00027093	00027094	00027095	00027096	00027097	00027098	00027099	00027100	00027101	00027102	00027103	00027104	00027105	00027106	00027107	00027108	00027109	00027110	00027111	00027112	00027113	00027114	00027115	00027116	00027117	00027118	00027119	00027120	00027121	00027122	00027123	00027124	00027125	00027126	00027127	00027128	00027129	00027130	00027131	00027132	00027133	00027134	00027135	00027136	00027137	00027138	00027139	00027140	00027141	00027142	00027143	00027144	00027145	00027146	00027147	00027148	00027149	00027150	00027151	00027152	00027153	00027154	00027155	00027156	00027157	00027158	00027159	00027160	00027161	00027162	00027163	00027164	00027165	00027166	00027167	00027168	00027169	00027170	00027171	00027172	00027173	00027174	00027175	00027176	00027177	00027178	00027179	00027180	00027181	00027182	00027183	00027184	00027185	00027186	00027187	00027188	00027189	00027190	00027191	00027192	00027193	00027194	00027195	00027196	00027197	00027198	00027199	00027200	00027201	00027202	00027203	00027204	00027205	00027206	00027207	00027208	00027209	00027210	00027211	00027212	00027213	00027214	00027215	00027216	00027217	00027218	00027219	00027220	00027221
321723601	1700565944	2370631731	00027222	00027223	00027224	00027225	00027226	00027227	00027228	00027229	00027230	00027231	00027232	00027233	00027234	00027235	00027236	00027237	00027238	00027239	00027240	00027241	00027242	00027243	00027244	00027245	00027246	00027247	00027248	00027249	00027250	00027251	00027252	00027253	00027254	00027255	00027256	00027257	00027258	00027259	00027260	00027261	00027262	00027263	00027264	00027265	00027266	00027267	00027268	00027269	00027270	00027271	00027272	00027273	00027274	00027275	00027276	00027277	00027278	00027279	00027280	00027281	00027282	00027283	00027284	00027285	00027286	00027287	00027288	00027289	00027290	00027291	00027292	00027293	00027294	00027295	00027296	00027297	00027298	00027299	00027300	00027301	00027302	00027303	00027304	00027305	00027306	00027307	00027308	00027309	00027310	00027311	00027312	00027313	00027314	00027315	00027316	00027317	00027318	00027319	00027320	00027321	00027322	00027323	00027324	00027325	00027326	00027327	00027328	00027329	00027330	00027331	00027332	00027333	00027334	00027335	00027336	00027337	00027338	00027339	00027340	00027341	00027342	00027343	00027344	00027345	00027346	00027347	00027348	00027349	00027350	00027351	00027352	00027353	00027354	00027355	00027356	00027357	00027358	00027359	00027360	00027361	00027362	00027363	00027364	00027365	00027366	00027367	00027368	00027369	00027370	00027371	00027372	00027373	00027374	00027375	00027376	00027377	00027378	00027379	00027380	00027381	00027382	00027383	00027384	00027385	00027386	00027387	00027388	00027389	00027390	00027391	00027392	00027393	00027394	00027395	00027396	00027397	00027398	00027399	00027400	00027401	00027402	00027403	00027404	00027405	00027406	00027407	00027408	00027409	00027410	00027411	00027412	00027413	00027414	00027415	00027416	00027417	00027418	00027419	00027420	00027421
324015810	1712722640	2387558266	00027422	00027423	00027424	00027425	00027426	00027427	00027428	00027429	00027430	00027431	00027432	00027433	00027434	00027435	00027436	00027437	00027438	00027439	00027440	00027441	00027442	00027443	00027444	00027445	00027446	00027447	00027448	00027449	00027450	00027451	00027452	00027453	00027454	00027455	00027456	00027457	00027458	00027459	00027460	00027461	00027462	00027463	00027464	00027465	00027466	00027467	00027468	00027469	00027470	00027471	00027472	00027473	00027474	00027475	00027476	00027477	00027478	00027479	00027480	00027481	00027482	00027483	00027484	00027485	00027486	00027487	00027488	00027489	00027490	00027491	00027492	00027493	00027494	00027495	00027496	00027497	00027498	00027499	00027500	00027501	00027502	00027503	00027504	00027505	00027506	00027507	00027508	00027509	00027510	00027511	00027512	00027513	00027514	00027515	00027516	00027517	00027518	00027519	00027520	00027521	00027522	00027523	00027524	00027525	00027526	00027527	00027528	00027529	00027530	00027531	00027532	00027533	00027534	00027535	00027536	00027537	00027538	00027539	00027540	00027541	00027542	00027543	00027544	00027545	00027546	00027547	00027548	00027549	00027550	00027551	00027552	00027553	00027554	00027555	00027556	00027557	00027558	00027559	00027560	00027561	00027562	00027563	00027564	00027565	00027566	00027567	00027568	00027569	00027570	00027571	00027572	00027573	00027574	00027575	00027576	00027577	00027578	00027579	00027580	00027581	00027582	00027583	00027584	00027585	00027586	00027587	00027588	00027589	00027590	00027591	00027592	00027593	00027594	00027595	00027596	00027597	00027598	00027599	00027600	00027601	00027602	00027603	00027604	00027605	00027606	00027607	00027608	00027609	00027610	00027611	00027612	00027613	00027614	00027615	00027616	00027617	00027618	00027619	00027620	00027621
326331215	1724974148	2404344533	00027622	00027623	00027624	00027625	00027626	00027627	00027628	00027629	00027630	00027631	00027632	00027633	00027634	00027635	00027636	00027637	00027638	00027639	00027640	00027641	00027642	00027643	00027644	00027645	00027646	00027647	00027648	00027649	00027650	00027651	00027652	00027653	00027654	00027655	00027656	00027657	00027658	00027659	00027660	00027661	00027662	00027663	00027664	00027665	00027666	00027667	00027668	00027669	00027670	00027671	00027672	00027673	00027674	00027675	00027676	00027677	00027678	00027679	00027680	00027681	00027682	00027683	00027684	00027685	00027686	00027687	00027688	00027689	00027690	00027691	00027692	00027693	00027694	00027695	00027696	00027697	00027698	00027699	00027700	00027701	00027702	00027703	00027704	00027705	00027706	00027707	00027708	00027709	00027710	00027711	00027712	00027713	00027714	00027715	00027716	00027717	00027718	00027719	00027720	00027721	00027722	00027723	00027724	00027725	00027726	00027727	00027728	00027729	00027730	00027731	00027732	00027733	00027734	00027735	00027736	00027737	00027738	00027739	00027740	00027741	00027742	00027743	00027744	00027745	00027746	00027747	00027748	00027749	00027750	00027751	00027752	00027753	00027754	00027755	00027756	00027757	00027758	00027759	00027760	00027761	00027762	00027763	00027764	00027765	00027766	00027767	00027768	00027769	00027770	00027771	00027772	00027773	00027774	00027775	00027776	00027777	00027778	00027779	00027780	00027781	00027782	00027783	00027784	00027785	00027786	00027787	00027788	00027789	00027790	00027791	00027792	00027793	00027794	00027795	00027796	00027797	00027798	00027799	00027800	00027801	00027802	00027803	00027804	00027805	00027806	00027807	00027808	00027809	00027810	00027811	00027812	00027813	00027814	00027815	00027816	00027817	00027818	00027819	00027820	00027821
328570761	1736818462	2420584939	00027822	00027823	00027824	00027825	00027826	00027827	00027828	00027829	00027830	00027831	00027832	00027833	00027834	00027835	00027836	00027837	00027838	00027839	00027840	00027841	00027842	00027843	00027844	00027845	00027846	00027847	00027848	00027849	00027850	00027851	00027852	00027853	00027854	00027855	00027856	00027857	00027858	00027859	00027860	00027861	00027862	00027863	00027864	00027865	00027866	00027867	00027868	00027869	00027870	00027871	00027872	00027873	00027874	00027875	00027876	00027877	00027878	00027879	00027880	00027881	00027882	00027883	00027884	00027885	00027886	00027887	00027888	00027889	00027890	00027891	00027892	00027893	00027894	00027895	00027896	00027897	00027898	00027899	00027900	00027901	00027902	00027903	00027904	00027905	00027906	00027907	00027908	00027909	00027910	00027911	00027912	00027913	00027914	00027915	00027916	00027917	00027918	00027919	00027920	00027921	00027922	00027923	00027924	00027925	00027926	00027927	00027928	00027929	00027930	00027931	00027932	00027933	00027934	00027935	00027936	00027937	00027938	00027939	00027940	00027941	00027942	00027943	00027944	00027945	00027946	00027947	00027948	00027949	00027950	00027951	00027952	00027953	00027954	00027955	00027956	00027957	00027958	00027959	00027960	00027961	00027962	00027963	00027964	00027965	00027966	00027967	00027968	00027969	00027970	00027971	00027972	00027973	00027974	00027975	00027976	00027977	00027978	00027979	00027980	00027981	00027982	00027983	00027984	00027985	00027986	00027987	00027988	00027989	00027990	00027991	00027992	00027993	00027994	00027995	00027996	00027997	00027998	00027999	00028000	00028001	00028002	00028003	00028004	00028005	00028006	00028007	00028008	00028009	00028010	00028011	00028012	00028013	00028014	00028015	00028016	00028017	00028018	00028019	00028020	00028021
330875125	1748973144	2437337743	00028022	00028023	00028024	00028025	00028026	00028027	00028028	00028029	00028030	00028031	00028032	00028033	00028034	00028035	00028036	00028037	00028038	00028039	00028040	00028041	00028042	00028043	00028044	00028045	00028046	00028047	00028048	00028049	00028050	00028051	00028052	00028053	00028054	00028055	00028056	00028057	00028058	00028059	00028060	00028061	00028062	00028063	00028064	00028065	00028066	00028067	00028068	00028069	00028070	00028071	00028072	00028073	00028074	00028075	00028076	00028077	00028078	00028079	00028080	00028081	00028082	00028083	00028084	00028085	00028086	00028087	00028088	00028089	00028090	00028091	00028092	00028093	00028094	00028095	00028096	00028097	00028098	00028099	00028100	00028101	00028102	00028103	00028104	00028105	00028106	00028107	00028108	00028109	00028110	00028111	00028112	00028113	00028114	00028115	00028116	00028117	00028118	00028119	00028120	00028121	00028122	00028123	00028124	00028125	00028126	00028127	00028128	00028129	00028130	00028131	00028132	00028133	00028134	00028135	00028136	00028137	00028138	00028139	00028140	00028141	00028142	00028143	00028144	00028145	00028146	00028147	00028148	00028149	00028150	00028151	00028152	00028153	00028154	00028155	00028156	00028157	00028158	00028159	00028160	00028161	00028162	00028163	00028164	00028165	00028166	00028167	00028168	00028169	00028170	00028171	00028172	00028173	00028174	00028175	00028176	00028177	00028178	00028179	00028180	00028181	00028182	00028183	00028184	00028185	00028186	00028187	00028188	00028189	00028190	00028191	00028192	00028193	00028194	00028195	00028196	00028197	00028198	00028199	00028200	00028201	00028202	00028203	00028204	00028205	00028206	00028207	00028208	00028209	00028210	00028211	00028212	00028213	00028214	00028215	00028216	00028217	00028218	00028219	00028220	00028221
333224019	1761384246	2454764520	00028222	00028223	00028224	00028225	00028226	00028227	00028228	00028229	00028230	00028231	00028232	00028233	00028234	00028235	00028236	00028237	00028238	00028239	00028240	00028241	00028242	00028243	00028244	00028245	00028246	00028247	00028248	00028249	00028250	00028251	00028252	00028253	00028254	00028255	00028256	00028257	00028258	00028259	00028260	00028261	00028262	00028263	00028264	00028265	00028266	00028267	00028268	00028269	00028270	00028271	00028272	00028273	00028274	00028275	00028276	00028277	00028278	00028279	00028280	00028281	00028282	00028283	00028284	00028285	00028286	00028287	00028288	00028289	00028290	00028291	00028292	00028293	00028294	00028295	00028296	00028297	00028298	00028299	00028300	00028301	00028302	00028303	00028304	00028305	00028306	00028307	00028308	00028309	00028310	00028311	00028312	00028313	00028314	00028315	00028316	00028317	00028318	00028319	00028320	00028321	00028322	00028323	00028324	00028325	00028326	00028327	00028328	00028329	00028330	00028331	00028332	00028333	00028334	00028335	00028336	00028337	00028338	00028339	00028340	00028341	00028342	00028343	00028344	00028345	00028346	00028347	00028348	00028349	00028350	00028351	00028352	00028353	00028354	00028355	00028356	00028357	00028358	00028359	00028360	00028361	00028362	00028363	00028364	00028365	00028366	00028367	00028368	00028369	00028370	00028371	00028372	00028373	00028374	00028375	00028376	00028377	00028378	00028379	00028380	00028381	00028382	00028383	00028384	00028385	00028386	00028387	00028388	00028389	00028390	00028391	00028392	00028393	00028394	00028395	00028396	00028397	00028398	00028399	00028400	00028401	00028402	00028403	00028404	00028405	00028406	00028407	00028408	00028409	00028410	00028411	00028412	00028413	00028414	00028415	00028416	00028417	00028418	00028419	00028420	00028421
335592178	1773842574	2472184430	00028422	00028423	00028424	00028425	00028426	00028427	00028428	00028429	00028430	00028431	00028432	00028433	00028434	00028435	00028436	00028437	00028438	00028439	00028440	00028441	00028442	00028443	00028444	00028445	00028446	00028447	00028448	00028449	00028450	00028451	00028452	00028453	00028454	00028455	00028456	00028457	00028458	00028459	00028460	00028461	00028462	00028463	00028464	00028465	00028466	00028467	00028468	00028469	00028470	00028471	00028472	00028473	00028474	00028475	00028476	00028477	00028478	00028479	00028480	00028481	00028482	00028483	00028484	00028485	00028486	00028487	00028488	00028489	00028490	00028491	00028492	00028493	00028494	00028495	00028496	00028497	00028498	00028499	00028500	00028501	00028502	00028503	00028504	00028505	00028506	00028507	00028508	00028509	00028510	00028511	00028512	00028513	00028514	00028515	00028516	00028517	00028518	00028519	00028520	00028521	00028522	00028523	00028524	00028525	00028526	00028527	00028528	00028529	00028530	00028531	00028532	00028533	00028534	00028535	00028536	00028537	00028538	00028539	00028540	00028541	00028542	00028543	00028544	00028545	00028546	00028547	00028548	00028549	00028550	00028551	00028552	00028553	00028554	00028555	00028556	00028557	00028558	00028559	00028560	00028561	00028562	00028563	00028564	00028565	00028566	00028567	00028568	00028569	00028570	00028571	00028572	00028573	00028574	00028575	00028576	00028577	00028578	00028579	00028580	00028581	00028582	00028583	00028584	00028585	00028586	00028587	00028588	00028589	00028590	00028591	00028592	00028593	00028594	00028595	00028596	00028597	00028598	00028599	00028600	00028601	00028602	00028603	00028604	00028605	00028606	00028607	00028608	00028609	00028610	00028611	00028612	00028613	00028614	00028615	00028616	00028617	00028618	00028619	00028620	00028621
337924053	1786195632	2489080881	00028622	00028623	00028624	00028625	00028626	00028627	00028628	00028629	00028630	00028631	00028632	00028633	00028634	00028636	00028637	00028638	00028639	00028640	00028641	00028642	00028643	00028644	00028645	00028646	00028647	00028648	00028649	00028650	00028651	00028652	00028653	00028654	00028655	00028656	00028657	00028658	00028659	00028660	00028661	00028662	00028663	00028664	00028665	00028666	00028667	00028668	00028669	00028670	00028671	00028672	00028673	00028674	00028675	00028676	00028677	00028678	00028679	00028680	00028681	00028682	00028683	00028684	00028685	00028686	00028687	00028688	00028689	00028690	00028691	00028692	00028693	00028694	00028695	00028696	00028697	00028698	00028699	00028700	00028701	00028702	00028703	00028704	00028705	00028706	00028707	00028708	00028709	00028710	00028711	00028712	00028713	00028714	00028715	00028716	00028717	00028718	00028719	00028720	00028721	00028722	00028723	00028724	00028725	00028726	00028727	00028728	00028729	00028730	00028731	00028732	00028733	00028734	00028735	00028736	00028737	00028738	00028739	00028740	00028741	00028742	00028743	00028744	00028745	00028746	00028747	00028748	00028749	00028750	00028751	00028752	00028753	00028754	00028755	00028756	00028757	00028758	00028759	00028760	00028761	00028762	00028763	00028764	00028765	00028766	00028767	00028768	00028769	00028770	00028771	00028772	00028773	00028774	00028775	00028776	00028777	00028778	00028779	00028780	00028781	00028782	00028783	00028784	00028785	00028786	00028787	00028788	00028789	00028790	00028791	00028792	00028793	00028794	00028795	00028796	00028797	00028798	00028799	00028800	00028801	00028802	00028803	00028804	00028805	00028806	00028807	00028808	00028809	00028810	00028811	00028812	00028813	00028814	00028815	00028816	00028817	00028818	00028819	00028820	00028821	00028822
340290048	1798844112	2506461749	00028823	00028824	00028825	00028826	00028827	00028828	00028829	00028830	00028831	00028832	00028833	00028834	00028835	00028836	00028837	00028838	00028839	00028840	00028841	00028842	00028843	00028844	00028845	00028846	00028847	00028848	00028849	00028850	00028851	00028852	00028853	00028854	00028855	00028856	00028857	00028858	00028859	00028860	00028861	00028862	00028863	00028864	00028865	00028866	00028867	00028868	00028869	00028870	00028871	00028872	00028873	00028874	00028875	00028876	00028877	00028878	00028879	00028880	00028881	00028882	00028883	00028884	00028885	00028886	00028887	00028888	00028889	00028890	00028891	00028892	00028893	00028894	00028895	00028896	00028897	00028898	00028899	00028900	00028901	00028902	00028903	00028904	00028905	00028906	00028907	00028908	00028909	00028910	00028911	00028912	00028913	00028914	00028915	00028916	00028917	00028918	00028919	00028920	00028921	00028922	00028923	00028924	00028925	00028926	00028927	00028928	00028929	00028930	00028931	00028932	00028933	00028934	00028935	00028936	00028937	00028938	00028939	00028940	00028941	00028942	00028943	00028944	00028945	00028946	00028947	00028948	00028949	00028950	00028951	00028952	00028953	00028954	00028955	00028956	00028957	00028958	00028959	00028960	00028961	00028962	00028963	00028964	00028965	00028966	00028967	00028968	00028969	00028970	00028971	00028972	00028973	00028974	00028975	00028976	00028977	00028978	00028979	00028980	00028981	00028982	00028983	00028984	00028985	00028986	00028987	00028988	00028989	00028990	00028991	00028992	00028993	00028994	00028995	00028996	00028997	00028998	00028999	00029000	00029001	00029002	00029003	00029004	00029005	00029006	00029007	00029008	00029009	00029010	00029011	00029012	00029013	00029014	00029015	00029016	00029017	00029018	00029019	00029020	00029021	00029022
342630857	1811235230	2523694056	00029023	00029024	00029025	00029026	00029027	00029028	00029029	00029030	00029031	00029032	00029033	00029034	00029035	00029036	00029037	00029038	00029039	00029040	00029041	00029042	00029043	00029044	00029045	00029046	00029047	00029048	00029049	00029050	00029051	00029052	00029053	00029054	00029055	00029056	00029057	00029058	00029059	00029060	00029061	00029062	00029063	00029064	00029065	00029066	00029067	00029068	00029069	00029070	00029071	00029072	00029073	00029074	00029075	00029076	00029077	00029078	00029079	00029080	00029081	00029082	00029083	00029084	00029085	00029086	00029087	00029088	00029089	00029090	00029091	00029092	00029093	00029094	00029095	00029096	00029097	00029098	00029099	00029100	00029101	00029102	00029103	00029104	00029105	00029106	00029107	00029108	00029109	00029110	00029111	00029112	00029113	00029114	00029115	00029116	00029117	00029118	00029119	00029120	00029121	00029122	00029123	00029124	00029125	00029126	00029127	00029128	00029129	00029130	00029131	00029132	00029133	00029134	00029135	00029136	00029137	00029138	00029139	00029140	00029141	00029142	00029143	00029144	00029145	00029146	00029147	00029148	00029149	00029150	00029151	00029152	00029153	00029154	00029155	00029156	00029157	00029158	00029159	00029160	00029161	00029162	00029163	00029164	00029165	00029166	00029167	00029168	00029169	00029170	00029171	00029172	00029173	00029174	00029175	00029176	00029177	00029178	00029179	00029180	00029181	00029182	00029183	00029184	00029185	00029186	00029187	00029188	00029189	00029190	00029191	00029192	00029193	00029194	00029195	00029196	00029197	00029198	00029199	00029200	00029201	00029202	00029203	00029204	00029205	00029206	00029207	00029208	00029209	00029210	00029211	00029212	00029213	00029214	00029215	00029216	00029217	00029218	00029219	00029220	00029221	00029222
345014525	1823881300	2541519039	00029223	00029224	00029225	00029226	00029227	00029228	00029229	00029230	00029231	00029232	00029233	00029234	00029235	00029236	00029237	00029238	00029239	00029240	00029241	00029242	00029243	00029244	00029245	00029246	00029247	00029248	00029249	00029250	00029251	00029252	00029253	00029254	00029255	00029256	00029257	00029258	00029259	00029260	00029261	00029262	00029263	00029264	00029265	00029266	00029267	00029268	00029269	00029270	00029271	00029272	00029273	00029274	00029275	00029276	00029277	00029278	00029279	00029280	00029282	00029283	00029284	00029285	00029286	00029287	00029288	00029289	00029290	00029291	00029292	00029293	00029294	00029295	00029296	00029297	00029298	00029299	00029300	00029301	00029302	00029303	00029304	00029305	00029306	00029307	00029308	00029309	00029310	00029311	00029312	00029313	00029314	00029315	00029316	00029317	00029318	00029319	00029320	00029321	00029322	00029323	00029324	00029325	00029326	00029327	00029328	00029329	00029330	00029331	00029332	00029333	00029334	00029335	00029336	00029337	00029338	00029339	00029340	00029341	00029342	00029343	00029344	00029345	00029346	00029347	00029348	00029349	00029350	00029351	00029352	00029353	00029354	00029355	00029356	00029357	00029358	00029359	00029360	00029361	00029362	00029363	00029364	00029365	00029366	00029367	00029368	00029369	00029370	00029371	00029372	00029373	00029374	00029375	00029376	00029377	00029378	00029379	00029380	00029381	00029382	00029383	00029384	00029385	00029386	00029387	00029388	00029389	00029390	00029391	00029392	00029393	00029394	00029395	00029396	00029397	00029398	00029399	00029400	00029401	00029402	00029403	00029404	00029405	00029406	00029407	00029408	00029409	00029410	00029411	00029412	00029413	00029414	00029415	00029416	00029417	00029418	00029419	00029420	00029421	00029422	00029423
347366377	1836313578	2558781504	00029424	00029425	00029426	00029427	00029428	00029429	00029430	00029431	00029432	00029433	00029434	00029435	00029436	00029437	00029438	00029439	00029440	00029441	00029442	00029443	00029444	00029445	00029446	00029447	00029448	00029449	00029450	00029451	00029452	00029453	00029454	00029455	00029456	00029457	00029458	00029459	00029460	00029461	00029462	00029463	00029464	00029465	00029466	00029467	00029468	00029469	00029470	00029471	00029472	00029473	00029474	00029475	00029476	00029477	00029478	00029479	00029480	00029481	00029482	00029483	00029484	00029485	00029486	00029487	00029488	00029489	00029490	00029491	00029492	00029493	00029494	00029495	00029496	00029497	00029498	00029499	00029500	00029501	00029502	00029503	00029504	00029505	00029506	00029507	00029508	00029509	00029510	00029511	00029512	00029513	00029514	00029515	00029516	00029517	00029518	00029519	00029520	00029521	00029522	00029523	00029524	00029525	00029526	00029527	00029528	00029529	00029530	00029531	00029532	00029533	00029534	00029535	00029536	00029537	00029538	00029539	00029540	00029541	00029542	00029543	00029544	00029545	00029546	00029547	00029548	00029549	00029550	00029551	00029552	00029553	00029554	00029555	00029556	00029557	00029558	00029559	00029560	00029561	00029562	00029563	00029564	00029565	00029566	00029567	00029568	00029569	00029570	00029571	00029572	00029573	00029574	00029575	00029576	00029577	00029578	00029579	00029580	00029581	00029582	00029583	00029584	00029585	00029586	00029587	00029588	00029589	00029590	00029591	00029592	00029593	00029594	00029595	00029596	00029597	00029598	00029599	00029600	00029601	00029602	00029603	00029604	00029605	00029606	00029607	00029608	00029609	00029610	00029611	00029612	00029613	00029614	00029615	00029616	00029617	00029618	00029619	00029620	00029621	00029622	00029623
349600062	1848101428	2574669903	00029624	00029625	00029626	00029627	00029628	00029629	00029630	00029631	00029632	00029633	00029634	00029635	00029636	00029637	00029638	00029639	00029640	00029641	00029642	00029643	00029644	00029645	00029646	00029647	00029648	00029649	00029650	00029651	00029652	00029653	00029654	00029655	00029656	00029657	00029658	00029659	00029660	00029661	00029662	00029663	00029664	00029665	00029666	00029667	00029668	00029669	00029670	00029671	00029672	00029673	00029674	00029675	00029676	00029677	00029678	00029679	00029680	00029681	00029682	00029683	00029684	00029685	00029686	00029687	00029688	00029689	00029690	00029691	00029692	00029693	00029694	00029695	00029696	00029697	00029698	00029699	00029700	00029701	00029702	00029703	00029704	00029705	00029706	00029707	00029708	00029709	00029710	00029711	00029712	00029713	00029714	00029715	00029716	00029717	00029718	00029719	00029720	00029721	00029722	00029723	00029724	00029725	00029726	00029727	00029728	00029729	00029730	00029731	00029732	00029733	00029734	00029735	00029736	00029737	00029738	00029739	00029740	00029741	00029742	00029743	00029744	00029745	00029746	00029747	00029748	00029749	00029750	00029751	00029752	00029753	00029754	00029755	00029756	00029757	00029758	00029759	00029760	00029761	00029762	00029763	00029764	00029765	00029766	00029767	00029768	00029769	00029770	00029771	00029772	00029773	00029774	00029775	00029776	00029777	00029778	00029779	00029780	00029781	00029782	00029783	00029784	00029785	00029786	00029787	00029788	00029789	00029790	00029791	00029792	00029793	00029794	00029795	00029796	00029797	00029798	00029799	00029800	00029801	00029802	00029803	00029804	00029805	00029806	00029807	00029808	00029809	00029810	00029811	00029812	00029813	00029814	00029815	00029816	00029817	00029818	00029819	00029820	00029821	00029822	00029823
351900013	1860246926	2591406814	00029824	00029825	00029826	00029827	00029828	00029829	00029830	00029831	00029832	00029833	00029834	00029835	00029836	00029837	00029838	00029839	00029840	00029841	00029842	00029843	00029844	00029845	00029846	00029847	00029848	00029849	00029850	00029851	00029852	00029853	00029854	00029855	00029856	00029857	00029858	00029859	00029860	00029861	00029862	00029863	00029864	00029865	00029866	00029867	00029868	00029869	00029870	00029871	00029872	00029873	00029874	00029875	00029876	00029877	00029878	00029879	00029880	00029881	00029882	00029883	00029884	00029885	00029886	00029887	00029888	00029889	00029890	00029891	00029892	00029893	00029894	00029895	00029896	00029897	00029898	00029899	00029900	00029901	00029902	00029903	00029904	00029905	00029906	00029907	00029908	00029909	00029910	00029911	00029912	00029913	00029914	00029915	00029916	00029917	00029918	00029919	00029920	00029921	00029922	00029923	00029924	00029925	00029926	00029927	00029928	00029929	00029930	00029931	00029932	00029933	00029934	00029935	00029936	00029937	00029938	00029939	00029940	00029941	00029942	00029943	00029944	00029945	00029946	00029947	00029948	00029949	00029950	00029951	00029952	00029953	00029954	00029955	00029956	00029957	00029958	00029959	00029960	00029961	00029962	00029963	00029964	00029965	00029966	00029967	00029968	00029969	00029970	00029971	00029972	00029973	00029974	00029975	00029976	00029977	00029978	00029979	00029980	00029981	00029982	00029983	00029984	00029985	00029986	00029987	00029988	00029989	00029990	00029991	00029992	00029993	00029994	00029995	00029996	00029997	00029998	00029999	00030000	00030001	00030002	00030003	00030004	00030005	00030006	00030007	00030008	00030009	00030010	00030011	00030012	00030013	00030014	00030015	00030016	00030017	00030018	00030019	00030020	00030021	00030022	00030023
354249110	1872632042	2609027501	00030024	00030025	00030026	00030027	00030028	00030029	00030030	00030031	00030032	00030033	00030034	00030035	00030036	00030037	00030038	00030039	00030040	00030041	00030042	00030043	00030044	00030045	00030046	00030047	00030048	00030049	00030050	00030051	00030052	00030053	00030054	00030055	00030056	00030057	00030058	00030059	00030060	00030061	00030062	00030063	00030064	00030065	00030066	00030067	00030068	00030069	00030070	00030071	00030072	00030073	00030074	00030075	00030076	00030077	00030078	00030079	00030080	00030081	00030082	00030083	00030084	00030085	00030086	00030087	00030088	00030089	00030090	00030091	00030092	00030093	00030094	00030095	00030096	00030097	00030098	00030099	00030100	00030101	00030102	00030103	00030104	00030105	00030106	00030107	00030108	00030109	00030110	00030111	00030112	00030113	00030114	00030115	00030116	00030117	00030118	00030119	00030120	00030121	00030122	00030123	00030124	00030125	00030126	00030127	00030128	00030129	00030130	00030131	00030132	00030133	00030134	00030135	00030136	00030137	00030138	00030139	00030140	00030141	00030142	00030143	00030144	00030145	00030146	00030147	00030148	00030149	00030150	00030151	00030152	00030153	00030154	00030155	00030156	00030157	00030158	00030159	00030160	00030161	00030162	00030163	00030164	00030165	00030166	00030167	00030168	00030169	00030170	00030171	00030172	00030173	00030174	00030175	00030176	00030177	00030178	00030179	00030180	00030181	00030182	00030183	00030184	00030185	00030186	00030187	00030188	00030189	00030190	00030191	00030192	00030193	00030194	00030195	00030196	00030197	00030198	00030199	00030200	00030201	00030202	00030203	00030204	00030205	00030206	00030207	00030208	00030209	00030210	00030211	00030212	00030213	00030214	00030215	00030216	00030217	00030218	00030219	00030220	00030221	00030222	00030223
356626239	1885269134	2626993996	00030224	00030225	00030226	00030227	00030228	00030229	00030230	00030231	00030232	00030233	00030234	00030235	00030236	00030237	00030238	00030239	00030240	00030241	00030242	00030243	00030244	00030245	00030246	00030247	00030248	00030249	00030250	00030251	00030252	00030253	00030254	00030255	00030256	00030257	00030258	00030259	00030260	00030261	00030262	00030263	00030264	00030265	00030266	00030267	00030268	00030269	00030270	00030271	00030272	00030273	00030274	00030275	00030276	00030277	00030278	00030279	00030280	00030281	00030282	00030283	00030284	00030285	00030286	00030287	00030288	00030289	00030290	00030291	00030292	00030293	00030294	00030295	00030296	00030297	00030298	00030299	00030300	00030301	00030302	00030303	00030304	00030305	00030306	00030307	00030308	00030309	00030310	00030311	00030312	00030313	00030314	00030315	00030316	00030317	00030318	00030319	00030320	00030321	00030322	00030323	00030324	00030325	00030326	00030327	00030328	00030329	00030330	00030331	00030332	00030333	00030334	00030335	00030336	00030337	00030338	00030339	00030340	00030341	00030342	00030343	00030344	00030345	00030346	00030347	00030348	00030349	00030350	00030351	00030352	00030353	00030354	00030355	00030356	00030357	00030358	00030359	00030360	00030361	00030362	00030363	00030364	00030365	00030366	00030367	00030368	00030369	00030370	00030371	00030372	00030373	00030374	00030375	00030376	00030377	00030378	00030379	00030380	00030381	00030382	00030383	00030384	00030385	00030386	00030387	00030388	00030389	00030390	00030391	00030392	00030393	00030394	00030395	00030396	00030397	00030398	00030399	00030400	00030401	00030402	00030403	00030404	00030405	00030406	00030407	00030408	00030409	00030410	00030411	00030412	00030413	00030414	00030415	00030416	00030417	00030418	00030419	00030420	00030421	00030422	00030423
359001927	1897810564	2644328231	00030424	00030425	00030426	00030427	00030428	00030429	00030430	00030431	00030432	00030433	00030434	00030435	00030436	00030437	00030438	00030439	00030440	00030441	00030442	00030443	00030444	00030445	00030446	00030447	00030448	00030449	00030450	00030451	00030452	00030453	00030454	00030455	00030456	00030457	00030458	00030459	00030460	00030461	00030462	00030463	00030464	00030465	00030466	00030467	00030468	00030469	00030470	00030471	00030472	00030473	00030474	00030475	00030476	00030477	00030478	00030479	00030480	00030481	00030482	00030483	00030484	00030485	00030486	00030487	00030488	00030489	00030490	00030491	00030492	00030493	00030494	00030495	00030496	00030498	00030499	00030500	00030501	00030502	00030503	00030504	00030505	00030506	00030507	00030508	00030509	00030510	00030511	00030512	00030513	00030514	00030515	00030516	00030517	00030518	00030519	00030520	00030521	00030522	00030523	00030524	00030525	00030526	00030527	00030528	00030529	00030530	00030531	00030532	00030533	00030534	00030535	00030536	00030537	00030538	00030539	00030540	00030541	00030542	00030543	00030544	00030545	00030546	00030547	00030548	00030549	00030550	00030551	00030552	00030553	00030554	00030555	00030556	00030557	00030558	00030559	00030560	00030561	00030562	00030563	00030564	00030565	00030566	00030567	00030568	00030569	00030570	00030571	00030572	00030573	00030574	00030575	00030576	00030577	00030578	00030579	00030580	00030581	00030582	00030583	00030584	00030585	00030586	00030587	00030588	00030589	00030590	00030591	00030592	00030593	00030594	00030595	00030596	00030597	00030598	00030599	00030600	00030601	00030602	00030603	00030604	00030605	00030606	00030607	00030608	00030609	00030610	00030611	00030612	00030613	00030614	00030615	00030616	00030617	00030618	00030619	00030620	00030621	00030622	00030623	00030624
361375019	1910436020	2661672108	00030625	00030626	00030627	00030628	00030629	00030630	00030631	00030632	00030633	00030634	00030635	00030636	00030637	00030638	00030639	00030640	00030641	00030642	00030643	00030644	00030645	00030646	00030647	00030648	00030649	00030650	00030651	00030652	00030653	00030654	00030655	00030656	00030657	00030658	00030659	00030660	00030661	00030662	00030663	00030664	00030665	00030666	00030667	00030668	00030669	00030670	00030671	00030672	00030673	00030674	00030675	00030676	00030677	00030678	00030679	00030680	00030681	00030682	00030683	00030684	00030685	00030686	00030687	00030688	00030689	00030690	00030691	00030692	00030693	00030694	00030695	00030696	00030697	00030698	00030699	00030700	00030701	00030702	00030703	00030704	00030705	00030706	00030707	00030708	00030709	00030710	00030711	00030712	00030713	00030714	00030715	00030716	00030717	00030718	00030719	00030720	00030721	00030722	00030723	00030724	00030725	00030726	00030727	00030728	00030729	00030730	00030731	00030732	00030733	00030734	00030735	00030736	00030737	00030738	00030739	00030740	00030741	00030742	00030743	00030744	00030745	00030746	00030747	00030748	00030749	00030750	00030751	00030752	00030753	00030754	00030755	00030756	00030757	00030758	00030759	00030760	00030761	00030762	00030763	00030764	00030765	00030766	00030767	00030768	00030769	00030770	00030771	00030772	00030773	00030774	00030775	00030776	00030777	00030778	00030779	00030780	00030781	00030782	00030783	00030784	00030785	00030786	00030787	00030788	00030789	00030790	00030791	00030792	00030793	00030794	00030795	00030796	00030797	00030798	00030799	00030800	00030801	00030802	00030803	00030804	00030805	00030806	00030807	00030808	00030809	00030810	00030811	00030812	00030813	00030814	00030815	00030816	00030817	00030818	00030819	00030820	00030821	00030822	00030823	00030824
363817988	1923279002	2680355083	00030825	00030826	00030827	00030828	00030829	00030830	00030831	00030832	00030833	00030834	00030835	00030836	00030837	00030838	00030839	00030840	00030841	00030842	00030843	00030844	00030845	00030846	00030847	00030848	00030849	00030850	00030851	00030852	00030853	00030854	00030855	00030856	00030857	00030858	00030859	00030860	00030861	00030862	00030863	00030864	00030865	00030866	00030867	00030868	00030869	00030870	00030871	00030872	00030873	00030874	00030875	00030876	00030877	00030878	00030879	00030880	00030881	00030882	00030883	00030884	00030885	00030886	00030887	00030888	00030889	00030890	00030891	00030892	00030894	00030895	00030896	00030897	00030898	00030899	00030900	00030901	00030902	00030903	00030904	00030905	00030906	00030907	00030908	00030909	00030910	00030911	00030912	00030913	00030914	00030915	00030916	00030917	00030918	00030919	00030920	00030921	00030922	00030923	00030924	00030925	00030926	00030927	00030928	00030929	00030930	00030931	00030932	00030933	00030934	00030935	00030936	00030937	00030938	00030939	00030940	00030941	00030942	00030943	00030944	00030945	00030946	00030947	00030948	00030949	00030950	00030951	00030952	00030953	00030954	00030955	00030956	00030957	00030958	00030959	00030960	00030961	00030962	00030963	00030964	00030965	00030966	00030967	00030968	00030969	00030970	00030971	00030972	00030973	00030974	00030975	00030976	00030977	00030978	00030979	00030980	00030981	00030982	00030983	00030984	00030985	00030986	00030987	00030988	00030989	00030990	00030991	00030992	00030993	00030994	00030995	00030996	00030997	00030998	00030999	00031000	00031001	00031002	00031003	00031004	00031005	00031006	00031007	00031008	00031009	00031010	00031011	00031012	00031013	00031014	00031015	00031016	00031017	00031018	00031019	00031020	00031021	00031022	00031023	00031024	00031025
366128527	1935497742	2697099364	00031026	00031027	00031028	00031029	00031030	00031031	00031032	00031033	00031034	00031035	00031036	00031037	00031038	00031039	00031040	00031041	00031042	00031043	00031044	00031045	00031046	00031047	00031048	00031049	00031050	00031051	00031052	00031053	00031054	00031055	00031056	00031057	00031058	00031059	00031060	00031061	00031062	00031063	00031064	00031065	00031066	00031067	00031068	00031069	00031070	00031071	00031072	00031073	00031074	00031075	00031076	00031077	00031078	00031079	00031080	00031081	00031082	00031083	00031084	00031085	00031086	00031087	00031088	00031089	00031090	00031091	00031092	00031093	00031094	00031095	00031096	00031097	00031098	00031099	00031100	00031101	00031102	00031103	00031104	00031105	00031106	00031107	00031108	00031109	00031110	00031111	00031112	00031113	00031114	00031115	00031116	00031117	00031118	00031119	00031120	00031121	00031122	00031123	00031124	00031125	00031126	00031127	00031128	00031129	00031130	00031131	00031132	00031133	00031134	00031135	00031136	00031137	00031138	00031139	00031140	00031141	00031142	00031143	00031144	00031145	00031146	00031147	00031148	00031149	00031150	00031151	00031152	00031153	00031154	00031155	00031156	00031157	00031158	00031159	00031160	00031161	00031162	00031163	00031164	00031165	00031166	00031167	00031168	00031169	00031170	00031171	00031172	00031173	00031174	00031175	00031176	00031177	00031178	00031179	00031180	00031181	00031182	00031183	00031184	00031185	00031186	00031187	00031188	00031189	00031190	00031191	00031192	00031193	00031194	00031195	00031196	00031197	00031198	00031199	00031200	00031201	00031202	00031203	00031204	00031205	00031206	00031207	00031208	00031209	00031210	00031211	00031212	00031213	00031214	00031215	00031216	00031217	00031218	00031219	00031220	00031221	00031222	00031223	00031224	00031225
368432941	1947705364	2713844522	00031226	00031227	00031228	00031229	00031230	00031231	00031232	00031233	00031234	00031235	00031236	00031237	00031238	00031239	00031240	00031241	00031242	00031243	00031244	00031245	00031246	00031247	00031248	00031249	00031250	00031251	00031252	00031253	00031254	00031255	00031256	00031257	00031258	00031259	00031260	00031261	00031262	00031263	00031264	00031265	00031266	00031267	00031268	00031269	00031270	00031271	00031272	00031273	00031274	00031275	00031276	00031277	00031278	00031279	00031280	00031281	00031282	00031283	00031284	00031285	00031286	00031287	00031288	00031289	00031290	00031291	00031292	00031293	00031294	00031295	00031296	00031297	00031298	00031299	00031300	00031301	00031302	00031303	00031304	00031305	00031306	00031307	00031308	00031309	00031310	00031311	00031312	00031313	00031314	00031315	00031316	00031317	00031318	00031319	00031320	00031321	00031322	00031323	00031324	00031325	00031326	00031327	00031328	00031329	00031330	00031331	00031332	00031333	00031334	00031335	00031336	00031337	00031338	00031339	00031340	00031341	00031342	00031343	00031344	00031345	00031346	00031347	00031348	00031349	00031350	00031351	00031352	00031353	00031354	00031355	00031356	00031357	00031358	00031359	00031360	00031361	00031362	00031363	00031364	00031365	00031366	00031367	00031368	00031369	00031370	00031371	00031372	00031373	00031374	00031375	00031376	00031377	00031378	00031379	00031380	00031381	00031382	00031383	00031384	00031385	00031386	00031387	00031388	00031389	00031390	00031391	00031392	00031393	00031394	00031395	00031396	00031397	00031398	00031399	00031400	00031401	00031402	00031403	00031404	00031405	00031406	00031407	00031408	00031409	00031410	00031411	00031412	00031413	00031414	00031415	00031416	00031417	00031418	00031419	00031420	00031421	00031422	00031423	00031424	00031425
370865314	1960616880	2732393383	00031426	00031427	00031428	00031429	00031430	00031431	00031432	00031433	00031434	00031435	00031436	00031437	00031438	00031439	00031440	00031441	00031442	00031443	00031444	00031445	00031446	00031447	00031448	00031449	00031450	00031451	00031452	00031453	00031454	00031455	00031456	00031457	00031458	00031459	00031460	00031461	00031462	00031463	00031464	00031465	00031466	00031467	00031468	00031469	00031470	00031471	00031472	00031473	00031474	00031475	00031476	00031477	00031478	00031479	00031480	00031481	00031482	00031483	00031484	00031485	00031486	00031487	00031488	00031489	00031490	00031491	00031492	00031493	00031494	00031495	00031496	00031497	00031498	00031499	00031500	00031501	00031502	00031503	00031504	00031505	00031506	00031507	00031508	00031509	00031510	00031511	00031512	00031513	00031514	00031515	00031516	00031517	00031518	00031519	00031520	00031521	00031522	00031523	00031524	00031525	00031526	00031527	00031528	00031529	00031530	00031531	00031532	00031533	00031534	00031535	00031536	00031537	00031538	00031539	00031540	00031541	00031542	00031543	00031544	00031545	00031546	00031547	00031548	00031549	00031550	00031551	00031552	00031553	00031554	00031555	00031556	00031557	00031558	00031559	00031560	00031561	00031562	00031563	00031564	00031565	00031566	00031567	00031568	00031569	00031570	00031571	00031572	00031573	00031574	00031575	00031576	00031577	00031578	00031579	00031580	00031581	00031582	00031583	00031584	00031585	00031586	00031587	00031588	00031589	00031590	00031591	00031592	00031593	00031594	00031595	00031596	00031597	00031598	00031599	00031600	00031601	00031602	00031603	00031604	00031605	00031606	00031607	00031608	00031609	00031610	00031611	00031612	00031613	00031614	00031615	00031616	00031617	00031618	00031619	00031620	00031621	00031622	00031623	00031624	00031625
373252895	1973203710	2750359972	00031626	00031627	00031628	00031629	00031630	00031631	00031632	00031633	00031634	00031635	00031636	00031637	00031638	00031639	00031640	00031641	00031642	00031643	00031644	00031645	00031646	00031647	00031648	00031649	00031650	00031651	00031652	00031653	00031654	00031655	00031656	00031657	00031658	00031659	00031660	00031661	00031662	00031663	00031664	00031665	00031666	00031667	00031668	00031669	00031670	00031671	00031672	00031673	00031674	00031675	00031676	00031677	00031678	00031679	00031680	00031681	00031682	00031683	00031684	00031685	00031686	00031687	00031688	00031689	00031690	00031691	00031692	00031693	00031694	00031695	00031696	00031697	00031698	00031699	00031700	00031701	00031702	00031703	00031704	00031705	00031706	00031707	00031708	00031709	00031710	00031711	00031712	00031713	00031714	00031715	00031716	00031717	00031718	00031719	00031720	00031721	00031722	00031723	00031724	00031725	00031726	00031727	00031728	00031729	00031730	00031731	00031732	00031733	00031734	00031735	00031736	00031737	00031738	00031739	00031740	00031741	00031742	00031743	00031744	00031745	00031746	00031747	00031748	00031749	00031750	00031751	00031752	00031753	00031754	00031755	00031756	00031757	00031758	00031759	00031760	00031761	00031762	00031763	00031764	00031765	00031766	00031767	00031768	00031769	00031770	00031771	00031772	00031773	00031774	00031775	00031776	00031777	00031778	00031779	00031780	00031781	00031782	00031783	00031784	00031785	00031786	00031787	00031788	00031789	00031790	00031791	00031792	00031793	00031794	00031795	00031796	00031797	00031798	00031799	00031800	00031801	00031802	00031803	00031804	00031805	00031806	00031807	00031808	00031809	00031810	00031811	00031812	00031813	00031814	00031816	00031817	00031818	00031819	00031820	00031821	00031822	00031823	00031824	00031825	00031826
375667452	1985986098	2768661772	00031827	00031828	00031829	00031830	00031831	00031832	00031833	00031834	00031835	00031836	00031837	00031838	00031839	00031840	00031841	00031842	00031843	00031844	00031845	00031846	00031847	00031848	00031849	00031850	00031851	00031852	00031853	00031854	00031855	00031856	00031857	00031858	00031859	00031860	00031861	00031862	00031863	00031864	00031865	00031866	00031867	00031868	00031869	00031870	00031871	00031872	00031873	00031874	00031875	00031876	00031877	00031878	00031879	00031880	00031881	00031882	00031883	00031884	00031885	00031886	00031887	00031888	00031889	00031890	00031891	00031892	00031893	00031894	00031895	00031896	00031897	00031898	00031899	00031900	00031901	00031902	00031903	00031904	00031905	00031906	00031907	00031908	00031909	00031910	00031911	00031912	00031913	00031914	00031915	00031916	00031917	00031918	00031919	00031920	00031921	00031922	00031923	00031924	00031925	00031926	00031927	00031928	00031929	00031930	00031931	00031932	00031933	00031934	00031935	00031936	00031937	00031938	00031939	00031940	00031941	00031942	00031943	00031944	00031945	00031946	00031947	00031948	00031949	00031950	00031951	00031952	00031953	00031954	00031955	00031956	00031957	00031958	00031959	00031960	00031961	00031962	00031963	00031964	00031965	00031966	00031967	00031968	00031969	00031970	00031971	00031972	00031973	00031974	00031975	00031976	00031977	00031978	00031979	00031980	00031981	00031982	00031983	00031984	00031985	00031986	00031987	00031988	00031989	00031990	00031991	00031992	00031993	00031994	00031995	00031996	00031997	00031998	00031999	00032000	00032001	00032002	00032003	00032004	00032005	00032006	00032007	00032008	00032009	00032010	00032011	00032012	00032013	00032014	00032015	00032016	00032017	00032018	00032019	00032020	00032021	00032022	00032023	00032024	00032025	00032026
377998797	1998335292	2786100202	00032027	00032028	00032029	00032030	00032031	00032032	00032033	00032034	00032035	00032036	00032037	00032038	00032039	00032040	00032041	00032042	00032043	00032044	00032045	00032046	00032047	00032048	00032049	00032050	00032051	00032052	00032053	00032054	00032055	00032056	00032057	00032058	00032059	00032060	00032061	00032062	00032063	00032064	00032065	00032066	00032067	00032068	00032069	00032070	00032071	00032072	00032073	00032074	00032075	00032076	00032077	00032078	00032079	00032080	00032081	00032082	00032083	00032084	00032085	00032086	00032087	00032088	00032089	00032090	00032091	00032092	00032093	00032094	00032095	00032096	00032097	00032098	00032099	00032100	00032101	00032102	00032103	00032104	00032105	00032106	00032107	00032108	00032109	00032110	00032111	00032112	00032113	00032114	00032115	00032116	00032117	00032118	00032119	00032120	00032121	00032122	00032123	00032124	00032125	00032126	00032127	00032128	00032129	00032130	00032131	00032132	00032133	00032134	00032135	00032136	00032137	00032138	00032139	00032140	00032141	00032142	00032143	00032144	00032145	00032146	00032147	00032148	00032149	00032150	00032151	00032152	00032153	00032154	00032155	00032156	00032157	00032158	00032159	00032160	00032161	00032162	00032163	00032164	00032165	00032166	00032167	00032168	00032169	00032170	00032171	00032172	00032173	00032174	00032175	00032176	00032177	00032178	00032179	00032180	00032181	00032182	00032183	00032184	00032185	00032186	00032187	00032188	00032189	00032190	00032191	00032192	00032193	00032194	00032195	00032196	00032197	00032198	00032199	00032200	00032201	00032202	00032203	00032204	00032205	00032206	00032207	00032208	00032209	00032210	00032211	00032212	00032213	00032214	00032215	00032216	00032217	00032218	00032219	00032220	00032221	00032222	00032223	00032224	00032225	00032226
380377357	2010933278	2804172086	00032227	00032228	00032229	00032230	00032231	00032232	00032233	00032234	00032235	00032236	00032237	00032238	00032239	00032240	00032241	00032242	00032243	00032244	00032245	00032246	00032247	00032248	00032249	00032250	00032251	00032252	00032253	00032254	00032255	00032256	00032257	00032258	00032259	00032260	00032261	00032262	00032263	00032264	00032265	00032266	00032267	00032268	00032269	00032270	00032271	00032272	00032273	00032274	00032275	00032276	00032277	00032278	00032279	00032280	00032281	00032282	00032283	00032284	00032285	00032286	00032287	00032288	00032289	00032290	00032291	00032292	00032293	00032294	00032295	00032296	00032297	00032298	00032299	00032300	00032301	00032302	00032303	00032304	00032305	00032306	00032307	00032308	00032309	00032310	00032311	00032312	00032313	00032314	00032315	00032316	00032317	00032318	00032319	00032320	00032321	00032322	00032323	00032324	00032325	00032326	00032327	00032328	00032329	00032330	00032331	00032332	00032333	00032334	00032335	00032336	00032337	00032338	00032339	00032340	00032341	00032342	00032343	00032344	00032345	00032346	00032347	00032348	00032349	00032350	00032351	00032352	00032353	00032354	00032355	00032356	00032357	00032358	00032359	00032360	00032361	00032362	00032363	00032364	00032365	00032366	00032367	00032368	00032369	00032370	00032371	00032372	00032373	00032374	00032375	00032376	00032377	00032378	00032379	00032380	00032381	00032382	00032383	00032384	00032385	00032386	00032387	00032388	00032389	00032390	00032391	00032392	00032393	00032394	00032395	00032396	00032397	00032398	00032399	00032400	00032401	00032402	00032403	00032404	00032405	00032406	00032407	00032408	00032409	00032410	00032411	00032412	00032413	00032414	00032415	00032416	00032417	00032418	00032419	00032420	00032421	00032422	00032423	00032424	00032425	00032426
382617131	2022657388	2820198411	00032427	00032428	00032429	00032430	00032431	00032432	00032433	00032434	00032435	00032436	00032437	00032438	00032439	00032440	00032441	00032442	00032443	00032444	00032445	00032446	00032447	00032448	00032449	00032450	00032451	00032452	00032453	00032454	00032455	00032456	00032457	00032458	00032459	00032460	00032461	00032462	00032463	00032464	00032465	00032466	00032467	00032468	00032469	00032470	00032471	00032472	00032473	00032474	00032475	00032476	00032477	00032478	00032479	00032480	00032481	00032482	00032483	00032484	00032485	00032486	00032487	00032488	00032489	00032490	00032491	00032492	00032493	00032494	00032495	00032496	00032497	00032498	00032499	00032500	00032501	00032502	00032503	00032504	00032505	00032506	00032507	00032508	00032509	00032510	00032511	00032512	00032513	00032514	00032515	00032516	00032517	00032518	00032519	00032520	00032521	00032522	00032523	00032524	00032525	00032526	00032527	00032528	00032529	00032530	00032531	00032532	00032533	00032534	00032535	00032536	00032537	00032538	00032539	00032540	00032541	00032542	00032543	00032544	00032545	00032546	00032547	00032548	00032549	00032550	00032551	00032552	00032553	00032554	00032555	00032556	00032557	00032558	00032559	00032560	00032561	00032562	00032563	00032564	00032565	00032566	00032567	00032568	00032569	00032570	00032571	00032572	00032573	00032574	00032575	00032576	00032577	00032578	00032580	00032581	00032582	00032583	00032584	00032585	00032586	00032587	00032588	00032589	00032590	00032591	00032592	00032593	00032594	00032595	00032596	00032597	00032598	00032599	00032600	00032601	00032602	00032603	00032604	00032605	00032606	00032607	00032608	00032609	00032610	00032611	00032612	00032613	00032614	00032615	00032616	00032617	00032618	00032619	00032620	00032621	00032622	00032623	00032624	00032625	00032626	00032627
384927196	2034911822	2837391403	00032628	00032629	00032630	00032631	00032632	00032633	00032634	00032635	00032636	00032637	00032638	00032639	00032640	00032641	00032642	00032643	00032644	00032645	00032646	00032647	00032648	00032649	00032650	00032651	00032652	00032653	00032654	00032655	00032656	00032657	00032658	00032659	00032660	00032661	00032662	00032663	00032664	00032665	00032666	00032667	00032668	00032669	00032670	00032671	00032672	00032673	00032674	00032675	00032676	00032677	00032678	00032679	00032680	00032681	00032682	00032683	00032684	00032685	00032686	00032687	00032688	00032689	00032690	00032691	00032692	00032693	00032694	00032695	00032696	00032697	00032698	00032699	00032700	00032701	00032702	00032703	00032704	00032705	00032706	00032707	00032708	00032709	00032710	00032711	00032712	00032713	00032714	00032715	00032716	00032717	00032718	00032719	00032720	00032721	00032722	00032723	00032724	00032725	00032726	00032727	00032728	00032729	00032730	00032731	00032732	00032733	00032734	00032735	00032736	00032737	00032738	00032739	00032740	00032741	00032742	00032743	00032744	00032745	00032746	00032747	00032748	00032749	00032750	00032751	00032752	00032753	00032754	00032755	00032756	00032757	00032758	00032759	00032760	00032761	00032762	00032763	00032764	00032765	00032766	00032767	00032768	00032769	00032770	00032771	00032772	00032773	00032774	00032775	00032776	00032777	00032778	00032779	00032780	00032781	00032782	00032783	00032784	00032785	00032786	00032787	00032788	00032789	00032790	00032791	00032792	00032793	00032794	00032795	00032796	00032797	00032798	00032799	00032800	00032801	00032802	00032803	00032804	00032805	00032806	00032807	00032808	00032809	00032810	00032811	00032812	00032813	00032814	00032815	00032816	00032817	00032818	00032819	00032820	00032821	00032822	00032823	00032824	00032825	00032826	00032827
387236294	2047219216	2854440354	00032828	00032829	00032830	00032831	00032832	00032833	00032834	00032835	00032836	00032837	00032838	00032839	00032840	00032841	00032842	00032843	00032844	00032845	00032846	00032847	00032848	00032849	00032850	00032851	00032852	00032853	00032854	00032855	00032856	00032857	00032858	00032859	00032860	00032861	00032862	00032863	00032864	00032865	00032866	00032867	00032868	00032869	00032870	00032871	00032872	00032873	00032874	00032875	00032876	00032877	00032878	00032879	00032880	00032881	00032882	00032883	00032884	00032885	00032886	00032887	00032888	00032889	00032890	00032891	00032892	00032893	00032894	00032895	00032896	00032897	00032898	00032899	00032900	00032901	00032902	00032903	00032904	00032905	00032906	00032907	00032908	00032909	00032910	00032911	00032912	00032913	00032914	00032915	00032916	00032917	00032918	00032919	00032920	00032921	00032922	00032923	00032924	00032925	00032926	00032927	00032928	00032929	00032930	00032931	00032932	00032933	00032934	00032935	00032936	00032937	00032938	00032939	00032940	00032941	00032942	00032943	00032944	00032945	00032946	00032947	00032948	00032949	00032950	00032951	00032952	00032953	00032954	00032955	00032956	00032957	00032958	00032959	00032960	00032961	00032962	00032963	00032964	00032965	00032966	00032967	00032968	00032969	00032970	00032971	00032972	00032973	00032974	00032975	00032976	00032977	00032978	00032979	00032980	00032981	00032982	00032983	00032984	00032985	00032986	00032987	00032988	00032989	00032990	00032991	00032992	00032993	00032994	00032995	00032996	00032997	00032998	00032999	00033000	00033001	00033002	00033003	00033004	00033005	00033006	00033007	00033008	00033009	00033010	00033011	00033012	00033013	00033014	00033015	00033016	00033017	00033018	00033019	00033020	00033021	00033022	00033023	00033024	00033025	00033026	00033027
389614196	2059883660	2871923254	00033028	00033029	00033030	00033031	00033032	00033033	00033034	00033035	00033036	00033037	00033038	00033039	00033040	00033041	00033042	00033043	00033044	00033045	00033046	00033047	00033048	00033049	00033050	00033051	00033052	00033053	00033054	00033055	00033056	00033057	00033058	00033059	00033060	00033061	00033062	00033063	00033064	00033065	00033066	00033067	00033068	00033069	00033070	00033071	00033072	00033073	00033074	00033075	00033076	00033077	00033078	00033079	00033080	00033081	00033082	00033083	00033084	00033085	00033086	00033087	00033088	00033089	00033090	00033091	00033092	00033093	00033094	00033095	00033096	00033097	00033098	00033099	00033100	00033101	00033102	00033103	00033104	00033105	00033106	00033107	00033108	00033109	00033110	00033111	00033112	00033113	00033114	00033115	00033116	00033117	00033118	00033119	00033120	00033121	00033122	00033123	00033124	00033125	00033126	00033127	00033128	00033129	00033130	00033131	00033132	00033133	00033134	00033135	00033136	00033137	00033138	00033139	00033140	00033141	00033142	00033143	00033144	00033145	00033146	00033147	00033148	00033149	00033150	00033151	00033152	00033153	00033154	00033155	00033156	00033157	00033158	00033159	00033160	00033161	00033162	00033163	00033164	00033165	00033166	00033167	00033168	00033169	00033170	00033171	00033172	00033173	00033174	00033175	00033176	00033177	00033178	00033179	00033180	00033181	00033182	00033183	00033184	00033185	00033186	00033187	00033188	00033189	00033190	00033191	00033192	00033193	00033194	00033195	00033196	00033197	00033198	00033199	00033200	00033201	00033202	00033203	00033204	00033205	00033206	00033207	00033208	00033209	00033210	00033211	00033212	00033213	00033214	00033215	00033216	00033217	00033218	00033219	00033220	00033221	00033222	00033223	00033224	00033225	00033226	00033227
391991758	2072477316	2889801930	00033228	00033229	00033230	00033231	00033232	00033233	00033234	00033235	00033236	00033237	00033238	00033239	00033240	00033241	00033242	00033243	00033244	00033245	00033246	00033247	00033248	00033249	00033250	00033251	00033252	00033253	00033254	00033255	00033256	00033257	00033258	00033259	00033260	00033261	00033262	00033263	00033264	00033265	00033266	00033267	00033268	00033269	00033270	00033271	00033272	00033273	00033274	00033275	00033276	00033277	00033278	00033279	00033280	00033281	00033282	00033283	00033284	00033285	00033286	00033287	00033288	00033289	00033290	00033291	00033292	00033293	00033294	00033295	00033296	00033297	00033298	00033299	00033300	00033301	00033302	00033303	00033304	00033305	00033306	00033307	00033308	00033309	00033310	00033311	00033312	00033313	00033314	00033315	00033316	00033317	00033318	00033319	00033320	00033321	00033322	00033323	00033324	00033325	00033326	00033327	00033328	00033329	00033330	00033331	00033332	00033333	00033334	00033335	00033336	00033337	00033338	00033339	00033340	00033341	00033342	00033343	00033344	00033345	00033346	00033347	00033348	00033349	00033350	00033351	00033352	00033353	00033354	00033355	00033356	00033357	00033358	00033359	00033360	00033361	00033362	00033363	00033364	00033365	00033366	00033367	00033368	00033369	00033370	00033371	00033372	00033373	00033374	00033375	00033376	00033377	00033378	00033379	00033380	00033381	00033382	00033383	00033384	00033385	00033386	00033387	00033388	00033389	00033390	00033391	00033392	00033393	00033394	00033395	00033396	00033397	00033398	00033399	00033400	00033401	00033402	00033403	00033404	00033405	00033406	00033407	00033408	00033409	00033410	00033411	00033412	00033413	00033414	00033415	00033416	00033417	00033418	00033419	00033420	00033421	00033422	00033423	00033424	00033425	00033426	00033427
394418299	2085419690	2908254586	00033428	00033429	00033430	00033431	00033432	00033433	00033434	00033435	00033436	00033437	00033438	00033439	00033440	00033441	00033442	00033443	00033444	00033445	00033446	00033447	00033448	00033449	00033450	00033451	00033452	00033453	00033454	00033455	00033456	00033457	00033458	00033459	00033460	00033461	00033462	00033463	00033464	00033465	00033466	00033467	00033468	00033469	00033470	00033471	00033472	00033473	00033474	00033475	00033476	00033477	00033478	00033479	00033480	00033481	00033482	00033484	00033485	00033486	00033487	00033488	00033489	00033490	00033491	00033492	00033493	00033494	00033495	00033496	00033497	00033498	00033499	00033500	00033501	00033502	00033503	00033504	00033505	00033506	00033507	00033508	00033509	00033510	00033511	00033512	00033513	00033514	00033515	00033516	00033517	00033518	00033519	00033520	00033521	00033522	00033523	00033524	00033525	00033526	00033527	00033528	00033529	00033530	00033531	00033532	00033533	00033534	00033535	00033536	00033537	00033538	00033539	00033540	00033541	00033542	00033543	00033544	00033545	00033546	00033547	00033548	00033549	00033550	00033551	00033552	00033553	00033554	00033555	00033556	00033557	00033558	00033559	00033560	00033561	00033562	00033563	00033564	00033565	00033566	00033567	00033568	00033569	00033570	00033571	00033572	00033573	00033574	00033575	00033576	00033577	00033578	00033579	00033580	00033581	00033582	00033583	00033584	00033585	00033586	00033587	00033588	00033589	00033590	00033591	00033592	00033593	00033594	00033595	00033596	00033597	00033598	00033599	00033600	00033601	00033602	00033603	00033604	00033605	00033606	00033607	00033608	00033609	00033610	00033611	00033612	00033613	00033614	00033615	00033616	00033617	00033618	00033619	00033620	00033621	00033622	00033623	00033624	00033625	00033626	00033627	00033628
396781815	2097917404	2925880448	00033629	00033630	00033631	00033632	00033633	00033634	00033635	00033636	00033637	00033638	00033639	00033640	00033641	00033642	00033643	00033644	00033645	00033646	00033647	00033648	00033649	00033650	00033651	00033652	00033653	00033654	00033655	00033656	00033657	00033658	00033659	00033660	00033661	00033662	00033663	00033664	00033665	00033666	00033667	00033668	00033669	00033670	00033671	00033672	00033673	00033674	00033675	00033676	00033677	00033678	00033679	00033680	00033681	00033682	00033683	00033684	00033685	00033686	00033687	00033688	00033689	00033690	00033691	00033692	00033693	00033694	00033695	00033696	00033697	00033698	00033699	00033700	00033701	00033702	00033703	00033704	00033705	00033706	00033707	00033708	00033709	00033710	00033711	00033712	00033713	00033714	00033715	00033716	00033717	00033718	00033719	00033720	00033721	00033722	00033723	00033724	00033725	00033726	00033727	00033728	00033729	00033730	00033731	00033732	00033733	00033734	00033735	00033736	00033737	00033738	00033739	00033740	00033741	00033742	00033743	00033744	00033745	00033746	00033747	00033748	00033749	00033750	00033751	00033752	00033753	00033754	00033755	00033756	00033757	00033758	00033759	00033760	00033761	00033762	00033763	00033764	00033765	00033766	00033767	00033768	00033769	00033770	00033771	00033772	00033773	00033774	00033775	00033776	00033777	00033778	00033779	00033780	00033781	00033782	00033783	00033784	00033785	00033786	00033787	00033788	00033789	00033790	00033791	00033792	00033793	00033794	00033795	00033796	00033797	00033798	00033799	00033800	00033801	00033802	00033803	00033804	00033805	00033806	00033807	00033808	00033809	00033810	00033811	00033812	00033813	00033814	00033815	00033816	00033817	00033818	00033819	00033820	00033821	00033822	00033823	00033824	00033825	00033826	00033827	00033828
399107225	2110151702	2943115278	00033829	00033830	00033831	00033832	00033833	00033834	00033835	00033836	00033837	00033838	00033839	00033840	00033841	00033842	00033843	00033844	00033845	00033846	00033847	00033848	00033849	00033850	00033851	00033852	00033853	00033854	00033855	00033856	00033857	00033858	00033859	00033860	00033861	00033862	00033863	00033864	00033865	00033866	00033867	00033868	00033869	00033870	00033871	00033872	00033873	00033874	00033875	00033876	00033877	00033878	00033879	00033880	00033881	00033882	00033883	00033884	00033885	00033886	00033887	00033888	00033889	00033890	00033891	00033892	00033893	00033894	00033895	00033896	00033897	00033898	00033899	00033900	00033901	00033902	00033903	00033904	00033905	00033906	00033907	00033908	00033909	00033910	00033911	00033912	00033913	00033914	00033915	00033916	00033917	00033918	00033919	00033920	00033921	00033922	00033923	00033924	00033925	00033926	00033927	00033928	00033929	00033930	00033931	00033932	00033933	00033934	00033935	00033936	00033937	00033938	00033939	00033940	00033941	00033942	00033943	00033944	00033945	00033946	00033947	00033948	00033949	00033950	00033951	00033952	00033953	00033954	00033955	00033956	00033957	00033958	00033959	00033960	00033961	00033962	00033963	00033964	00033965	00033966	00033967	00033968	00033969	00033970	00033971	00033972	00033973	00033974	00033975	00033976	00033977	00033978	00033979	00033980	00033981	00033982	00033983	00033984	00033985	00033986	00033987	00033988	00033989	00033990	00033991	00033992	00033993	00033994	00033995	00033996	00033997	00033998	00033999	00034000	00034001	00034002	00034003	00034004	00034005	00034006	00034007	00034008	00034009	00034010	00034011	00034012	00034013	00034014	00034015	00034016	00034017	00034018	00034019	00034020	00034021	00034022	00034023	00034024	00034025	00034026	00034027	00034028
401386745	2122187942	2959150300	00034029	00034030	00034031	00034032	00034033	00034034	00034035	00034036	00034037	00034038	00034039	00034040	00034041	00034042	00034043	00034044	00034045	00034046	00034047	00034048	00034049	00034050	00034051	00034052	00034053	00034054	00034055	00034056	00034057	00034058	00034059	00034060	00034061	00034062	00034063	00034064	00034065	00034066	00034067	00034068	00034069	00034070	00034071	00034072	00034073	00034074	00034075	00034076	00034077	00034078	00034079	00034080	00034081	00034082	00034083	00034084	00034085	00034086	00034087	00034088	00034089	00034090	00034091	00034092	00034093	00034094	00034095	00034096	00034097	00034098	00034099	00034100	00034101	00034102	00034103	00034104	00034105	00034106	00034107	00034108	00034109	00034110	00034111	00034112	00034113	00034114	00034115	00034116	00034117	00034118	00034119	00034120	00034121	00034122	00034123	00034124	00034125	00034126	00034127	00034128	00034129	00034130	00034131	00034132	00034133	00034134	00034135	00034136	00034137	00034138	00034139	00034140	00034141	00034142	00034143	00034144	00034145	00034146	00034147	00034148	00034149	00034150	00034151	00034152	00034153	00034154	00034155	00034156	00034157	00034158	00034159	00034160	00034161	00034162	00034163	00034164	00034165	00034166	00034167	00034168	00034169	00034170	00034171	00034172	00034173	00034174	00034175	00034176	00034177	00034178	00034179	00034180	00034181	00034182	00034183	00034184	00034185	00034186	00034187	00034188	00034189	00034190	00034191	00034192	00034193	00034194	00034195	00034196	00034197	00034198	00034199	00034200	00034201	00034202	00034203	00034204	00034205	00034206	00034207	00034208	00034209	00034210	00034211	00034212	00034213	00034214	00034215	00034216	00034217	00034218	00034219	00034220	00034221	00034222	00034223	00034224	00034225	00034226	00034227	00034228
403695044	2134532912	2975864458	00034229	00034230	00034231	00034232	00034233	00034234	00034235	00034236	00034237	00034238	00034239	00034240	00034241	00034242	00034243	00034244	00034245	00034246	00034247	00034248	00034249	00034250	00034251	00034252	00034253	00034254	00034255	00034256	00034257	00034258	00034259	00034260	00034261	00034262	00034263	00034264	00034265	00034266	00034267	00034268	00034269	00034270	00034271	00034272	00034273	00034274	00034275	00034276	00034277	00034278	00034279	00034280	00034281	00034282	00034283	00034284	00034285	00034286	00034287	00034288	00034289	00034290	00034291	00034292	00034293	00034294	00034295	00034296	00034297	00034298	00034299	00034300	00034301	00034302	00034303	00034304	00034305	00034306	00034307	00034308	00034309	00034310	00034311	00034312	00034313	00034314	00034315	00034316	00034317	00034318	00034319	00034320	00034321	00034322	00034323	00034324	00034325	00034326	00034327	00034328	00034329	00034330	00034331	00034332	00034333	00034334	00034335	00034336	00034337	00034338	00034339	00034340	00034341	00034342	00034343	00034344	00034345	00034346	00034347	00034348	00034349	00034350	00034351	00034352	00034353	00034354	00034355	00034356	00034357	00034358	00034359	00034360	00034361	00034362	00034363	00034364	00034365	00034366	00034367	00034368	00034369	00034370	00034371	00034372	00034373	00034374	00034375	00034376	00034377	00034378	00034379	00034380	00034381	00034382	00034383	00034384	00034385	00034386	00034387	00034388	00034389	00034390	00034391	00034392	00034393	00034394	00034395	00034396	00034397	00034398	00034399	00034400	00034401	00034402	00034403	00034404	00034405	00034406	00034407	00034408	00034409	00034410	00034411	00034412	00034413	00034414	00034415	00034416	00034417	00034418	00034419	00034420	00034421	00034422	00034423	00034424	00034425	00034426	00034427	00034428
405968429	2146560210	2992208280	00034429	00034430	00034431	00034432	00034433	00034434	00034435	00034436	00034437	00034438	00034439	00034440	00034441	00034442	00034443	00034444	00034445	00034446	00034447	00034448	00034449	00034450	00034451	00034452	00034453	00034454	00034455	00034456	00034457	00034458	00034459	00034460	00034461	00034462	00034463	00034464	00034465	00034466	00034467	00034468	00034469	00034470	00034471	00034472	00034473	00034474	00034475	00034476	00034477	00034478	00034479	00034480	00034481	00034482	00034483	00034484	00034485	00034486	00034487	00034488	00034489	00034490	00034491	00034492	00034493	00034494	00034495	00034496	00034497	00034498	00034499	00034500	00034501	00034502	00034503	00034504	00034505	00034506	00034507	00034508	00034509	00034510	00034511	00034512	00034513	00034514	00034515	00034516	00034517	00034518	00034519	00034520	00034521	00034522	00034523	00034524	00034525	00034526	00034527	00034528	00034529	00034530	00034531	00034532	00034533	00034534	00034535	00034536	00034537	00034538	00034539	00034540	00034541	00034542	00034543	00034544	00034545	00034546	00034547	00034548	00034549	00034550	00034551	00034552	00034553	00034554	00034555	00034556	00034557	00034558	00034559	00034560	00034561	00034562	00034563	00034564	00034565	00034566	00034567	00034568	00034569	00034570	00034571	00034572	00034573	00034574	00034575	00034576	00034577	00034578	00034579	00034580	00034581	00034582	00034583	00034584	00034585	00034586	00034587	00034588	00034589	00034590	00034591	00034592	00034593	00034594	00034595	00034596	00034597	00034598	00034599	00034600	00034601	00034602	00034603	00034604	00034605	00034606	00034607	00034608	00034609	00034610	00034611	00034612	00034613	00034614	00034615	00034616	00034617	00034618	00034619	00034620	00034621	00034622	00034623	00034624	00034625	00034626	00034627	00034628
408330984	2159042212	3009833739	00034629	00034630	00034631	00034632	00034633	00034634	00034635	00034636	00034637	00034638	00034639	00034640	00034641	00034642	00034643	00034644	00034645	00034646	00034647	00034648	00034649	00034650	00034651	00034652	00034653	00034654	00034655	00034656	00034657	00034658	00034659	00034660	00034661	00034662	00034663	00034664	00034665	00034666	00034667	00034668	00034669	00034670	00034671	00034672	00034673	00034674	00034675	00034676	00034677	00034678	00034679	00034680	00034681	00034682	00034683	00034684	00034685	00034686	00034687	00034688	00034689	00034690	00034691	00034692	00034693	00034694	00034695	00034696	00034697	00034698	00034699	00034700	00034701	00034702	00034703	00034704	00034705	00034706	00034707	00034708	00034709	00034710	00034711	00034712	00034713	00034714	00034715	00034716	00034717	00034718	00034719	00034720	00034721	00034722	00034723	00034724	00034725	00034726	00034727	00034728	00034729	00034730	00034731	00034732	00034733	00034734	00034735	00034736	00034737	00034738	00034739	00034740	00034741	00034742	00034743	00034744	00034745	00034746	00034747	00034748	00034749	00034750	00034751	00034752	00034753	00034754	00034755	00034756	00034757	00034758	00034759	00034760	00034761	00034762	00034763	00034764	00034765	00034766	00034767	00034768	00034769	00034770	00034771	00034772	00034773	00034774	00034775	00034776	00034777	00034778	00034779	00034780	00034781	00034782	00034783	00034784	00034785	00034786	00034787	00034788	00034789	00034790	00034791	00034792	00034793	00034794	00034795	00034796	00034797	00034798	00034799	00034800	00034801	00034802	00034803	00034804	00034805	00034806	00034807	00034808	00034809	00034810	00034811	00034812	00034813	00034814	00034815	00034816	00034817	00034818	00034819	00034820	00034821	00034822	00034823	00034824	00034825	00034826	00034827	00034828
410647797	2171352466	3026797890	00034829	00034830	00034831	00034832	00034833	00034834	00034835	00034836	00034837	00034838	00034839	00034840	00034841	00034842	00034843	00034844	00034845	00034846	00034847	00034848	00034849	00034850	00034851	00034852	00034853	00034854	00034855	00034856	00034857	00034858	00034859	00034860	00034861	00034862	00034863	00034864	00034865	00034866	00034867	00034868	00034869	00034870	00034871	00034872	00034873	00034874	00034875	00034876	00034877	00034878	00034879	00034880	00034881	00034882	00034883	00034884	00034885	00034886	00034887	00034888	00034889	00034890	00034891	00034892	00034893	00034894	00034895	00034896	00034897	00034898	00034899	00034900	00034901	00034902	00034903	00034904	00034905	00034906	00034907	00034908	00034909	00034910	00034911	00034912	00034913	00034914	00034915	00034916	00034917	00034918	00034919	00034920	00034921	00034922	00034923	00034924	00034925	00034926	00034927	00034928	00034929	00034930	00034931	00034932	00034933	00034934	00034935	00034936	00034937	00034938	00034939	00034940	00034941	00034942	00034943	00034944	00034945	00034946	00034947	00034948	00034949	00034950	00034951	00034952	00034953	00034954	00034955	00034956	00034957	00034958	00034959	00034960	00034961	00034962	00034963	00034964	00034965	00034966	00034967	00034968	00034969	00034970	00034971	00034972	00034973	00034974	00034975	00034976	00034977	00034978	00034979	00034980	00034981	00034982	00034983	00034984	00034985	00034986	00034987	00034988	00034989	00034990	00034991	00034992	00034993	00034994	00034995	00034996	00034997	00034998	00034999	00035000	00035001	00035002	00035003	00035004	00035005	00035006	00035007	00035008	00035009	00035010	00035011	00035012	00035013	00035014	00035015	00035016	00035017	00035018	00035019	00035020	00035021	00035022	00035023	00035024	00035025	00035026	00035027	00035028
413025649	2183950078	3044548282	00035029	00035030	00035031	00035032	00035033	00035034	00035035	00035036	00035037	00035038	00035039	00035040	00035041	00035042	00035043	00035044	00035045	00035046	00035047	00035048	00035049	00035050	00035051	00035052	00035053	00035054	00035055	00035056	00035057	00035058	00035059	00035060	00035061	00035062	00035063	00035064	00035065	00035066	00035067	00035068	00035069	00035070	00035071	00035072	00035073	00035074	00035075	00035076	00035077	00035078	00035079	00035080	00035081	00035082	00035083	00035084	00035085	00035086	00035087	00035088	00035089	00035090	00035091	00035092	00035093	00035094	00035095	00035096	00035097	00035098	00035099	00035100	00035101	00035102	00035103	00035104	00035105	00035106	00035107	00035108	00035109	00035110	00035111	00035112	00035113	00035114	00035115	00035116	00035117	00035118	00035119	00035120	00035121	00035122	00035123	00035124	00035125	00035126	00035127	00035128	00035129	00035130	00035131	00035132	00035133	00035134	00035135	00035136	00035137	00035138	00035139	00035140	00035141	00035142	00035143	00035144	00035145	00035146	00035147	00035148	00035149	00035150	00035151	00035152	00035153	00035154	00035155	00035156	00035157	00035158	00035159	00035160	00035161	00035162	00035163	00035164	00035165	00035166	00035167	00035168	00035169	00035170	00035171	00035172	00035173	00035174	00035175	00035176	00035177	00035178	00035179	00035180	00035181	00035182	00035183	00035184	00035185	00035186	00035187	00035188	00035189	00035190	00035191	00035192	00035193	00035194	00035195	00035196	00035197	00035198	00035199	00035200	00035201	00035202	00035203	00035204	00035205	00035206	00035207	00035208	00035209	00035210	00035211	00035212	00035213	00035214	00035215	00035216	00035217	00035218	00035219	00035220	00035221	00035222	00035223	00035224	00035225	00035226	00035227	00035228
415374182	2196386616	3061511943	00035229	00035230	00035231	00035232	00035233	00035234	00035235	00035236	00035237	00035238	00035239	00035240	00035241	00035242	00035243	00035244	00035245	00035246	00035247	00035248	00035249	00035250	00035251	00035252	00035253	00035254	00035255	00035256	00035257	00035258	00035259	00035260	00035261	00035262	00035263	00035264	00035265	00035266	00035267	00035268	00035269	00035270	00035271	00035272	00035273	00035274	00035275	00035276	00035277	00035278	00035279	00035280	00035281	00035282	00035283	00035284	00035285	00035286	00035287	00035288	00035289	00035290	00035291	00035292	00035293	00035294	00035295	00035296	00035297	00035298	00035299	00035300	00035301	00035302	00035303	00035304	00035305	00035306	00035307	00035308	00035309	00035310	00035311	00035312	00035313	00035314	00035315	00035316	00035317	00035318	00035319	00035320	00035321	00035322	00035323	00035324	00035325	00035326	00035327	00035328	00035329	00035330	00035331	00035332	00035333	00035334	00035335	00035336	00035337	00035338	00035339	00035340	00035341	00035342	00035343	00035344	00035345	00035346	00035347	00035348	00035349	00035350	00035351	00035352	00035353	00035354	00035355	00035356	00035357	00035358	00035359	00035360	00035361	00035362	00035363	00035364	00035365	00035366	00035367	00035368	00035369	00035370	00035371	00035372	00035373	00035374	00035375	00035376	00035377	00035378	00035379	00035380	00035381	00035382	00035383	00035384	00035385	00035386	00035387	00035388	00035389	00035390	00035391	00035392	00035393	00035394	00035395	00035396	00035397	00035398	00035399	00035400	00035401	00035402	00035403	00035404	00035405	00035406	00035407	00035408	00035409	00035410	00035411	00035412	00035413	00035414	00035415	00035416	00035417	00035418	00035419	00035420	00035421	00035422	00035423	00035424	00035425	00035426	00035427	00035428
417607201	2208168540	3077079533	00035429	00035430	00035431	00035432	00035433	00035434	00035435	00035436	00035437	00035438	00035439	00035440	00035441	00035442	00035443	00035444	00035445	00035446	00035447	00035448	00035449	00035450	00035451	00035452	00035453	00035454	00035455	00035456	00035457	00035458	00035459	00035460	00035461	00035462	00035463	00035464	00035465	00035466	00035467	00035468	00035469	00035470	00035471	00035472	00035473	00035474	00035475	00035476	00035477	00035478	00035479	00035480	00035481	00035482	00035483	00035484	00035485	00035486	00035487	00035488	00035489	00035490	00035491	00035492	00035493	00035494	00035495	00035496	00035497	00035498	00035499	00035500	00035501	00035502	00035503	00035504	00035505	00035506	00035507	00035508	00035509	00035510	00035511	00035512	00035513	00035515	00035516	00035517	00035518	00035519	00035520	00035521	00035522	00035523	00035524	00035525	00035526	00035527	00035528	00035529	00035530	00035531	00035532	00035533	00035534	00035535	00035536	00035537	00035538	00035539	00035540	00035541	00035542	00035543	00035544	00035545	00035546	00035547	00035548	00035549	00035550	00035551	00035552	00035553	00035554	00035555	00035556	00035557	00035558	00035559	00035560	00035561	00035562	00035563	00035564	00035565	00035566	00035567	00035568	00035569	00035570	00035571	00035572	00035573	00035574	00035575	00035576	00035577	00035578	00035579	00035580	00035581	00035582	00035583	00035584	00035585	00035586	00035587	00035588	00035589	00035590	00035591	00035592	00035593	00035594	00035595	00035596	00035597	00035598	00035599	00035600	00035601	00035602	00035603	00035604	00035605	00035606	00035607	00035608	00035609	00035610	00035611	00035612	00035613	00035614	00035615	00035616	00035617	00035618	00035619	00035620	00035621	00035622	00035623	00035624	00035625	00035626	00035627	00035628	00035629
419987378	2220805390	3094475905	00035630	00035631	00035632	00035633	00035634	00035635	00035636	00035637	00035638	00035639	00035640	00035641	00035642	00035643	00035644	00035645	00035646	00035647	00035648	00035649	00035650	00035651	00035652	00035653	00035654	00035655	00035656	00035657	00035658	00035659	00035660	00035661	00035662	00035663	00035664	00035665	00035666	00035667	00035668	00035669	00035670	00035671	00035672	00035673	00035674	00035675	00035676	00035677	00035678	00035679	00035680	00035681	00035682	00035683	00035684	00035685	00035686	00035687	00035688	00035689	00035690	00035691	00035692	00035693	00035694	00035695	00035696	00035697	00035698	00035699	00035700	00035701	00035702	00035703	00035704	00035705	00035706	00035707	00035708	00035709	00035710	00035711	00035712	00035713	00035714	00035715	00035716	00035717	00035718	00035719	00035720	00035721	00035722	00035723	00035724	00035725	00035726	00035727	00035728	00035729	00035730	00035731	00035732	00035733	00035734	00035735	00035736	00035737	00035738	00035739	00035740	00035741	00035742	00035743	00035744	00035745	00035746	00035747	00035748	00035749	00035750	00035751	00035752	00035753	00035754	00035755	00035756	00035757	00035758	00035759	00035760	00035761	00035762	00035763	00035764	00035765	00035766	00035767	00035768	00035769	00035770	00035771	00035772	00035773	00035774	00035775	00035776	00035777	00035778	00035779	00035780	00035781	00035782	00035783	00035784	00035785	00035786	00035787	00035788	00035789	00035790	00035791	00035792	00035793	00035794	00035795	00035796	00035797	00035798	00035799	00035800	00035801	00035802	00035803	00035804	00035805	00035806	00035807	00035808	00035809	00035810	00035811	00035812	00035813	00035814	00035815	00035816	00035817	00035818	00035819	00035820	00035821	00035822	00035823	00035824	00035825	00035826	00035827	00035828	00035829
422397982	2233524774	3113051883	00035830	00035831	00035832	00035833	00035834	00035835	00035836	00035837	00035838	00035839	00035840	00035841	00035842	00035843	00035844	00035845	00035846	00035847	00035848	00035849	00035850	00035851	00035852	00035853	00035854	00035855	00035856	00035857	00035858	00035859	00035860	00035861	00035862	00035863	00035864	00035865	00035866	00035867	00035868	00035869	00035870	00035871	00035872	00035873	00035874	00035875	00035876	00035877	00035878	00035879	00035880	00035881	00035882	00035883	00035884	00035885	00035886	00035887	00035888	00035889	00035890	00035891	00035892	00035893	00035894	00035895	00035896	00035897	00035898	00035899	00035900	00035901	00035902	00035903	00035904	00035905	00035906	00035907	00035908	00035909	00035910	00035911	00035912	00035913	00035914	00035915	00035916	00035917	00035918	00035919	00035920	00035921	00035922	00035923	00035924	00035925	00035926	00035927	00035928	00035929	00035930	00035931	00035932	00035933	00035934	00035935	00035936	00035937	00035938	00035939	00035940	00035941	00035942	00035943	00035944	00035945	00035946	00035947	00035948	00035949	00035950	00035951	00035952	00035953	00035954	00035955	00035956	00035957	00035958	00035959	00035960	00035961	00035962	00035963	00035964	00035965	00035966	00035967	00035968	00035969	00035970	00035971	00035972	00035973	00035974	00035975	00035976	00035977	00035978	00035979	00035980	00035981	00035982	00035983	00035984	00035985	00035986	00035987	00035988	00035989	00035990	00035991	00035992	00035993	00035994	00035995	00035996	00035997	00035998	00035999	00036000	00036001	00036002	00036003	00036004	00036005	00036006	00036007	00036008	00036009	00036010	00036011	00036012	00036013	00036014	00036015	00036016	00036017	00036018	00036019	00036020	00036021	00036022	00036023	00036024	00036025	00036026	00036027	00036028	00036029
424783764	2246253852	3130648339	00036030	00036031	00036032	00036033	00036034	00036035	00036036	00036037	00036038	00036039	00036040	00036041	00036042	00036043	00036044	00036045	00036046	00036047	00036048	00036049	00036050	00036051	00036052	00036053	00036054	00036055	00036056	00036057	00036058	00036059	00036060	00036061	00036062	00036063	00036064	00036065	00036066	00036067	00036068	00036069	00036070	00036071	00036072	00036073	00036074	00036075	00036076	00036077	00036078	00036079	00036080	00036081	00036082	00036083	00036084	00036085	00036086	00036087	00036088	00036089	00036090	00036091	00036092	00036093	00036094	00036095	00036096	00036097	00036098	00036099	00036100	00036101	00036102	00036103	00036104	00036105	00036106	00036107	00036108	00036109	00036110	00036111	00036112	00036113	00036114	00036115	00036116	00036117	00036118	00036119	00036120	00036121	00036122	00036123	00036124	00036125	00036126	00036127	00036128	00036129	00036130	00036131	00036132	00036133	00036134	00036135	00036136	00036137	00036138	00036139	00036140	00036141	00036142	00036143	00036144	00036145	00036146	00036147	00036148	00036149	00036150	00036151	00036152	00036153	00036154	00036155	00036156	00036157	00036158	00036159	00036160	00036161	00036162	00036163	00036164	00036165	00036166	00036167	00036168	00036169	00036170	00036171	00036172	00036173	00036174	00036175	00036176	00036177	00036178	00036179	00036180	00036181	00036182	00036183	00036184	00036185	00036186	00036187	00036188	00036189	00036190	00036191	00036192	00036193	00036194	00036195	00036196	00036197	00036198	00036199	00036200	00036201	00036202	00036203	00036204	00036205	00036206	00036207	00036208	00036209	00036210	00036211	00036212	00036213	00036214	00036215	00036216	00036217	00036218	00036219	00036220	00036221	00036222	00036223	00036224	00036225	00036226	00036227	00036228	00036229
427173321	2258874818	3148519811	00036230	00036231	00036232	00036233	00036234	00036235	00036236	00036237	00036238	00036239	00036240	00036241	00036242	00036243	00036244	00036245	00036246	00036247	00036248	00036249	00036250	00036251	00036252	00036253	00036254	00036255	00036256	00036257	00036258	00036259	00036260	00036261	00036262	00036263	00036264	00036265	00036266	00036267	00036268	00036269	00036270	00036271	00036272	00036273	00036274	00036275	00036276	00036277	00036278	00036279	00036280	00036281	00036282	00036283	00036284	00036285	00036286	00036287	00036288	00036289	00036290	00036291	00036292	00036293	00036294	00036295	00036296	00036297	00036298	00036299	00036300	00036301	00036302	00036303	00036304	00036305	00036306	00036307	00036308	00036309	00036310	00036311	00036312	00036313	00036314	00036315	00036316	00036317	00036318	00036319	00036320	00036321	00036322	00036323	00036324	00036325	00036326	00036327	00036328	00036329	00036330	00036331	00036332	00036333	00036334	00036335	00036336	00036337	00036338	00036339	00036340	00036341	00036342	00036343	00036344	00036345	00036346	00036347	00036348	00036349	00036350	00036351	00036352	00036353	00036354	00036355	00036356	00036357	00036358	00036359	00036360	00036361	00036362	00036363	00036364	00036365	00036366	00036367	00036368	00036369	00036370	00036371	00036372	00036373	00036374	00036375	00036376	00036377	00036378	00036379	00036380	00036381	00036382	00036383	00036384	00036385	00036386	00036387	00036388	00036389	00036390	00036391	00036392	00036393	00036394	00036395	00036396	00036397	00036398	00036399	00036400	00036401	00036402	00036403	00036404	00036405	00036406	00036407	00036408	00036409	00036410	00036411	00036412	00036413	00036414	00036415	00036416	00036417	00036418	00036419	00036420	00036421	00036422	00036423	00036424	00036425	00036426	00036427	00036428	00036429
429551439	2271394396	3166049913	00036430	00036431	00036432	00036433	00036434	00036435	00036436	00036437	00036438	00036439	00036440	00036441	00036442	00036443	00036444	00036445	00036446	00036447	00036448	00036449	00036450	00036451	00036452	00036453	00036454	00036455	00036456	00036457	00036458	00036459	00036460	00036461	00036462	00036463	00036464	00036465	00036466	00036467	00036468	00036469	00036470	00036471	00036472	00036473	00036474	00036475	00036476	00036477	00036478	00036479	00036480	00036481	00036482	00036483	00036484	00036485	00036486	00036487	00036488	00036489	00036490	00036491	00036492	00036493	00036494	00036495	00036496	00036497	00036498	00036499	00036500	00036501	00036502	00036503	00036504	00036505	00036506	00036507	00036508	00036509	00036510	00036511	00036512	00036513	00036514	00036515	00036516	00036517	00036518	00036519	00036520	00036521	00036522	00036523	00036524	00036525	00036526	00036527	00036528	00036529	00036530	00036531	00036532	00036533	00036534	00036535	00036536	00036537	00036538	00036539	00036540	00036541	00036542	00036543	00036544	00036545	00036546	00036547	00036548	00036549	00036550	00036551	00036552	00036553	00036554	00036555	00036556	00036557	00036558	00036559	00036560	00036561	00036562	00036563	00036564	00036565	00036566	00036567	00036568	00036569	00036570	00036571	00036572	00036573	00036574	00036575	00036576	00036577	00036578	00036579	00036580	00036581	00036582	00036583	00036584	00036585	00036586	00036587	00036588	00036589	00036590	00036591	00036592	00036593	00036594	00036595	00036596	00036597	00036598	00036599	00036600	00036601	00036602	00036603	00036604	00036605	00036606	00036607	00036608	00036609	00036610	00036611	00036612	00036613	00036614	00036615	00036616	00036617	00036618	00036619	00036620	00036621	00036622	00036623	00036624	00036625	00036626	00036627	00036628	00036629
431907638	2283889214	3183729246	00036630	00036631	00036632	00036633	00036634	00036635	00036636	00036637	00036638	00036639	00036640	00036641	00036642	00036643	00036644	00036645	00036646	00036647	00036648	00036649	00036650	00036651	00036652	00036653	00036654	00036655	00036656	00036657	00036658	00036659	00036660	00036661	00036662	00036663	00036664	00036665	00036666	00036667	00036668	00036669	00036670	00036671	00036672	00036673	00036674	00036675	00036676	00036677	00036678	00036679	00036680	00036681	00036682	00036683	00036684	00036685	00036686	00036687	00036688	00036689	00036690	00036691	00036692	00036693	00036694	00036695	00036696	00036697	00036698	00036699	00036700	00036701	00036702	00036703	00036704	00036705	00036706	00036707	00036708	00036709	00036710	00036711	00036712	00036713	00036714	00036715	00036716	00036717	00036718	00036719	00036720	00036721	00036722	00036723	00036724	00036725	00036726	00036727	00036728	00036729	00036730	00036731	00036732	00036733	00036734	00036735	00036736	00036737	00036738	00036739	00036740	00036741	00036742	00036743	00036744	00036745	00036746	00036747	00036748	00036749	00036750	00036751	00036752	00036753	00036754	00036755	00036756	00036757	00036758	00036760	00036761	00036762	00036763	00036764	00036765	00036766	00036767	00036768	00036769	00036770	00036771	00036772	00036773	00036774	00036775	00036776	00036777	00036778	00036779	00036780	00036781	00036782	00036783	00036784	00036785	00036786	00036787	00036788	00036789	00036790	00036791	00036792	00036793	00036794	00036795	00036796	00036797	00036798	00036799	00036800	00036801	00036802	00036803	00036804	00036805	00036806	00036807	00036808	00036809	00036810	00036811	00036812	00036813	00036814	00036815	00036816	00036817	00036818	00036819	00036820	00036821	00036822	00036823	00036824	00036825	00036826	00036827	00036828	00036829	00036830
434281267	2296435648	3201792344	00036831	00036832	00036833	00036834	00036835	00036836	00036837	00036838	00036839	00036840	00036841	00036842	00036843	00036844	00036845	00036846	00036847	00036848	00036849	00036850	00036851	00036852	00036853	00036854	00036855	00036856	00036857	00036858	00036859	00036860	00036861	00036862	00036863	00036864	00036865	00036866	00036867	00036868	00036869	00036870	00036871	00036872	00036873	00036874	00036875	00036876	00036877	00036878	00036879	00036880	00036881	00036882	00036883	00036884	00036885	00036886	00036887	00036888	00036889	00036890	00036891	00036892	00036893	00036894	00036895	00036896	00036897	00036898	00036899	00036900	00036901	00036902	00036903	00036904	00036905	00036906	00036907	00036908	00036909	00036910	00036911	00036912	00036913	00036914	00036915	00036916	00036917	00036918	00036919	00036920	00036921	00036922	00036923	00036924	00036925	00036926	00036927	00036928	00036929	00036930	00036931	00036932	00036933	00036934	00036935	00036936	00036937	00036938	00036939	00036940	00036941	00036942	00036943	00036944	00036945	00036946	00036947	00036948	00036949	00036950	00036951	00036952	00036953	00036954	00036955	00036956	00036957	00036958	00036959	00036960	00036961	00036962	00036963	00036964	00036965	00036966	00036967	00036968	00036969	00036970	00036971	00036972	00036973	00036974	00036975	00036976	00036977	00036978	00036979	00036980	00036981	00036982	00036983	00036984	00036985	00036986	00036987	00036988	00036989	00036990	00036991	00036992	00036993	00036994	00036995	00036996	00036997	00036998	00036999	00037000	00037001	00037002	00037003	00037004	00037005	00037006	00037007	00037008	00037009	00037010	00037011	00037012	00037013	00037014	00037015	00037016	00037017	00037018	00037019	00037020	00037021	00037022	00037023	00037024	00037025	00037026	00037027	00037028	00037029	00037030
436579557	2308531904	3218148772	00037031	00037032	00037033	00037034	00037035	00037036	00037037	00037038	00037039	00037040	00037041	00037042	00037043	00037044	00037045	00037046	00037047	00037048	00037049	00037050	00037051	00037052	00037053	00037054	00037055	00037056	00037057	00037058	00037059	00037060	00037061	00037062	00037063	00037064	00037065	00037066	00037067	00037068	00037069	00037070	00037071	00037072	00037073	00037074	00037075	00037076	00037077	00037078	00037079	00037080	00037081	00037082	00037083	00037084	00037085	00037086	00037087	00037088	00037089	00037090	00037091	00037092	00037093	00037094	00037095	00037096	00037097	00037098	00037099	00037100	00037101	00037102	00037103	00037104	00037105	00037106	00037107	00037108	00037109	00037110	00037111	00037112	00037113	00037114	00037115	00037116	00037117	00037118	00037119	00037120	00037121	00037122	00037123	00037124	00037125	00037126	00037127	00037128	00037129	00037130	00037131	00037132	00037133	00037134	00037135	00037136	00037137	00037138	00037139	00037140	00037141	00037142	00037143	00037144	00037145	00037146	00037147	00037148	00037149	00037150	00037151	00037152	00037153	00037154	00037155	00037156	00037157	00037158	00037159	00037160	00037161	00037162	00037163	00037164	00037165	00037166	00037167	00037168	00037169	00037170	00037171	00037172	00037173	00037174	00037175	00037176	00037177	00037178	00037179	00037180	00037181	00037182	00037183	00037184	00037185	00037186	00037187	00037188	00037189	00037190	00037191	00037192	00037193	00037194	00037195	00037196	00037197	00037198	00037199	00037200	00037201	00037202	00037203	00037204	00037205	00037206	00037207	00037208	00037209	00037210	00037211	00037212	00037213	00037214	00037215	00037216	00037217	00037218	00037219	00037220	00037221	00037222	00037223	00037224	00037225	00037226	00037227	00037228	00037229	00037230
438971256	2321183684	3236000036	00037231	00037232	00037233	00037234	00037235	00037236	00037237	00037238	00037239	00037240	00037241	00037242	00037243	00037244	00037245	00037246	00037247	00037248	00037249	00037250	00037251	00037252	00037253	00037254	00037255	00037256	00037257	00037258	00037259	00037260	00037261	00037262	00037263	00037264	00037265	00037266	00037267	00037268	00037269	00037270	00037271	00037272	00037273	00037274	00037275	00037276	00037277	00037278	00037279	00037280	00037281	00037282	00037283	00037284	00037285	00037286	00037287	00037288	00037289	00037290	00037291	00037292	00037293	00037294	00037295	00037296	00037297	00037298	00037299	00037300	00037301	00037302	00037303	00037304	00037305	00037306	00037307	00037308	00037309	00037310	00037311	00037312	00037313	00037314	00037315	00037316	00037317	00037318	00037319	00037320	00037321	00037322	00037323	00037324	00037325	00037326	00037327	00037328	00037329	00037330	00037331	00037332	00037333	00037334	00037335	00037336	00037337	00037338	00037339	00037340	00037341	00037342	00037343	00037344	00037345	00037346	00037347	00037348	00037349	00037350	00037351	00037352	00037353	00037354	00037355	00037356	00037357	00037358	00037359	00037360	00037361	00037362	00037363	00037364	00037365	00037366	00037367	00037368	00037369	00037370	00037371	00037372	00037373	00037374	00037375	00037376	00037377	00037378	00037379	00037380	00037381	00037382	00037383	00037384	00037385	00037386	00037387	00037388	00037389	00037390	00037391	00037392	00037393	00037394	00037395	00037396	00037397	00037398	00037399	00037400	00037401	00037402	00037403	00037404	00037405	00037406	00037407	00037408	00037409	00037410	00037411	00037412	00037413	00037414	00037415	00037416	00037417	00037418	00037419	00037420	00037421	00037422	00037423	00037424	00037425	00037426	00037427	00037428	00037429	00037430
441320564	2333599138	3253091200	00037431	00037432	00037433	00037434	00037435	00037436	00037437	00037438	00037439	00037440	00037441	00037442	00037443	00037444	00037445	00037446	00037447	00037448	00037449	00037450	00037451	00037452	00037453	00037454	00037455	00037456	00037457	00037458	00037459	00037460	00037461	00037462	00037463	00037464	00037465	00037466	00037467	00037468	00037469	00037470	00037471	00037472	00037473	00037474	00037475	00037476	00037477	00037478	00037479	00037480	00037481	00037482	00037483	00037484	00037485	00037486	00037487	00037488	00037489	00037490	00037491	00037492	00037493	00037494	00037495	00037496	00037497	00037498	00037499	00037500	00037501	00037502	00037503	00037504	00037505	00037506	00037507	00037508	00037509	00037510	00037511	00037512	00037513	00037514	00037515	00037516	00037517	00037518	00037519	00037520	00037521	00037522	00037523	00037524	00037525	00037526	00037527	00037528	00037529	00037530	00037531	00037532	00037533	00037534	00037535	00037536	00037537	00037538	00037539	00037540	00037541	00037542	00037543	00037544	00037545	00037546	00037547	00037548	00037549	00037550	00037551	00037552	00037553	00037554	00037555	00037556	00037557	00037558	00037559	00037560	00037561	00037562	00037563	00037564	00037565	00037566	00037567	00037568	00037569	00037570	00037571	00037572	00037573	00037574	00037575	00037576	00037577	00037578	00037579	00037580	00037581	00037582	00037583	00037584	00037585	00037586	00037587	00037588	00037589	00037590	00037591	00037592	00037593	00037594	00037595	00037596	00037597	00037598	00037599	00037600	00037601	00037602	00037603	00037604	00037605	00037606	00037607	00037608	00037609	00037610	00037611	00037612	00037613	00037614	00037615	00037616	00037617	00037618	00037619	00037620	00037621	00037622	00037623	00037624	00037625	00037626	00037627	00037628	00037629	00037630
443512685	2345174222	3268324908	00037631	00037632	00037633	00037634	00037635	00037636	00037637	00037638	00037639	00037640	00037641	00037642	00037643	00037644	00037645	00037646	00037647	00037648	00037649	00037650	00037651	00037652	00037653	00037654	00037655	00037656	00037657	00037658	00037659	00037660	00037661	00037662	00037663	00037664	00037665	00037666	00037667	00037668	00037669	00037670	00037671	00037672	00037673	00037674	00037675	00037676	00037677	00037678	00037679	00037680	00037681	00037682	00037683	00037684	00037685	00037686	00037687	00037688	00037689	00037690	00037691	00037692	00037693	00037694	00037695	00037696	00037697	00037698	00037699	00037700	00037701	00037702	00037703	00037704	00037705	00037706	00037707	00037708	00037709	00037710	00037711	00037712	00037713	00037714	00037715	00037716	00037717	00037718	00037719	00037720	00037721	00037722	00037723	00037724	00037725	00037726	00037727	00037728	00037729	00037730	00037731	00037732	00037733	00037734	00037735	00037736	00037737	00037738	00037739	00037740	00037741	00037742	00037743	00037744	00037745	00037746	00037747	00037748	00037749	00037750	00037751	00037752	00037753	00037754	00037755	00037756	00037757	00037758	00037759	00037760	00037761	00037762	00037763	00037764	00037765	00037766	00037767	00037768	00037769	00037770	00037771	00037772	00037773	00037774	00037775	00037776	00037777	00037778	00037779	00037780	00037781	00037782	00037783	00037784	00037785	00037786	00037787	00037788	00037789	00037790	00037791	00037792	00037793	00037794	00037795	00037796	00037797	00037798	00037799	00037800	00037801	00037802	00037803	00037804	00037805	00037806	00037807	00037808	00037809	00037810	00037811	00037812	00037813	00037814	00037815	00037816	00037817	00037818	00037819	00037820	00037821	00037822	00037823	00037824	00037825	00037826	00037827	00037828	00037829	00037830
445980674	2358191230	3287426361	00037831	00037832	00037833	00037834	00037835	00037836	00037837	00037838	00037839	00037840	00037841	00037842	00037843	00037844	00037845	00037846	00037847	00037848	00037849	00037850	00037851	00037852	00037853	00037854	00037855	00037856	00037857	00037858	00037859	00037860	00037861	00037862	00037863	00037864	00037865	00037866	00037867	00037868	00037869	00037870	00037871	00037872	00037873	00037874	00037875	00037876	00037877	00037878	00037879	00037880	00037881	00037882	00037883	00037884	00037885	00037886	00037887	00037888	00037889	00037890	00037891	00037892	00037893	00037894	00037895	00037896	00037897	00037898	00037899	00037900	00037901	00037902	00037903	00037904	00037905	00037906	00037907	00037908	00037909	00037910	00037911	00037912	00037913	00037914	00037915	00037916	00037917	00037918	00037919	00037920	00037921	00037922	00037923	00037924	00037925	00037926	00037927	00037928	00037929	00037930	00037931	00037932	00037933	00037934	00037935	00037936	00037937	00037938	00037939	00037940	00037941	00037942	00037943	00037944	00037945	00037946	00037947	00037948	00037949	00037950	00037951	00037952	00037953	00037954	00037955	00037956	00037957	00037958	00037959	00037960	00037961	00037962	00037963	00037964	00037965	00037966	00037967	00037968	00037969	00037970	00037971	00037972	00037973	00037974	00037975	00037976	00037977	00037978	00037979	00037980	00037981	00037982	00037983	00037984	00037985	00037986	00037987	00037988	00037989	00037990	00037991	00037992	00037993	00037994	00037995	00037996	00037997	00037998	00037999	00038000	00038001	00038002	00038003	00038004	00038005	00038006	00038007	00038008	00038009	00038010	00038011	00038012	00038013	00038014	00038015	00038016	00038017	00038018	00038019	00038020	00038021	00038022	00038023	00038024	00038025	00038026	00038027	00038028	00038029	00038030
448250141	2370173806	3303913942	00038031	00038032	00038033	00038034	00038035	00038036	00038037	00038038	00038039	00038040	00038041	00038042	00038043	00038044	00038045	00038046	00038047	00038048	00038049	00038050	00038051	00038052	00038053	00038054	00038055	00038056	00038057	00038058	00038059	00038060	00038061	00038062	00038063	00038064	00038065	00038066	00038067	00038068	00038069	00038070	00038071	00038072	00038073	00038074	00038075	00038076	00038077	00038078	00038079	00038080	00038081	00038082	00038083	00038084	00038085	00038086	00038087	00038088	00038089	00038090	00038091	00038092	00038093	00038094	00038095	00038096	00038097	00038098	00038099	00038100	00038101	00038102	00038103	00038104	00038105	00038106	00038107	00038108	00038109	00038110	00038111	00038112	00038113	00038114	00038115	00038116	00038117	00038118	00038119	00038120	00038121	00038122	00038123	00038124	00038125	00038126	00038127	00038128	00038129	00038130	00038131	00038132	00038133	00038134	00038135	00038136	00038137	00038138	00038139	00038140	00038141	00038142	00038143	00038144	00038145	00038146	00038147	00038148	00038149	00038150	00038151	00038152	00038153	00038154	00038155	00038156	00038157	00038158	00038159	00038160	00038161	00038162	00038163	00038164	00038165	00038166	00038167	00038168	00038169	00038170	00038171	00038172	00038173	00038174	00038175	00038176	00038177	00038178	00038179	00038180	00038181	00038182	00038183	00038184	00038185	00038186	00038187	00038188	00038189	00038190	00038191	00038192	00038193	00038194	00038195	00038196	00038197	00038198	00038199	00038200	00038201	00038202	00038203	00038204	00038205	00038206	00038207	00038208	00038209	00038210	00038211	00038212	00038213	00038214	00038215	00038216	00038217	00038218	00038219	00038220	00038221	00038222	00038223	00038224	00038225	00038226	00038227	00038228	00038229	00038230
450507099	2382072596	3319969024	00038231	00038232	00038233	00038234	00038235	00038236	00038237	00038238	00038239	00038240	00038241	00038242	00038243	00038244	00038245	00038246	00038247	00038248	00038249	00038250	00038251	00038252	00038253	00038254	00038255	00038256	00038257	00038258	00038259	00038260	00038261	00038262	00038263	00038264	00038265	00038266	00038267	00038268	00038269	00038270	00038271	00038272	00038273	00038274	00038275	00038276	00038277	00038278	00038279	00038280	00038281	00038282	00038283	00038284	00038285	00038286	00038287	00038288	00038289	00038290	00038291	00038292	00038293	00038294	00038295	00038296	00038297	00038298	00038299	00038300	00038301	00038302	00038303	00038304	00038305	00038306	00038307	00038308	00038309	00038310	00038311	00038312	00038313	00038314	00038315	00038316	00038317	00038318	00038319	00038320	00038321	00038322	00038323	00038324	00038325	00038326	00038327	00038328	00038329	00038330	00038331	00038332	00038333	00038334	00038335	00038336	00038337	00038338	00038339	00038340	00038341	00038342	00038343	00038344	00038345	00038346	00038347	00038348	00038349	00038350	00038351	00038352	00038353	00038354	00038355	00038356	00038357	00038358	00038359	00038360	00038361	00038362	00038363	00038364	00038365	00038366	00038367	00038368	00038369	00038370	00038371	00038372	00038373	00038374	00038375	00038376	00038377	00038378	00038379	00038380	00038381	00038382	00038383	00038384	00038385	00038386	00038387	00038388	00038389	00038390	00038391	00038392	00038393	00038394	00038395	00038396	00038397	00038398	00038399	00038400	00038401	00038402	00038403	00038404	00038405	00038406	00038407	00038408	00038409	00038410	00038411	00038412	00038413	00038414	00038415	00038416	00038417	00038418	00038419	00038420	00038421	00038422	00038423	00038424	00038425	00038426	00038427	00038428	00038429	00038430
452889340	2394661140	3338126615	00038431	00038432	00038433	00038434	00038435	00038436	00038437	00038438	00038439	00038440	00038441	00038442	00038443	00038444	00038445	00038446	00038447	00038448	00038449	00038450	00038451	00038452	00038453	00038454	00038455	00038456	00038457	00038458	00038459	00038460	00038461	00038462	00038463	00038464	00038465	00038466	00038467	00038468	00038469	00038470	00038471	00038472	00038473	00038474	00038475	00038476	00038477	00038478	00038479	00038480	00038481	00038482	00038483	00038484	00038485	00038486	00038487	00038488	00038489	00038490	00038491	00038492	00038493	00038494	00038495	00038496	00038497	00038498	00038499	00038500	00038501	00038502	00038503	00038504	00038505	00038506	00038507	00038508	00038509	00038510	00038511	00038512	00038513	00038514	00038515	00038516	00038517	00038518	00038519	00038520	00038521	00038522	00038523	00038524	00038525	00038526	00038527	00038528	00038529	00038530	00038531	00038532	00038533	00038534	00038535	00038536	00038537	00038538	00038539	00038540	00038541	00038542	00038543	00038544	00038545	00038546	00038547	00038548	00038549	00038550	00038551	00038552	00038553	00038554	00038555	00038556	00038557	00038558	00038559	00038560	00038561	00038562	00038563	00038564	00038565	00038566	00038567	00038568	00038569	00038570	00038571	00038572	00038573	00038574	00038575	00038576	00038577	00038578	00038579	00038580	00038581	00038582	00038583	00038584	00038585	00038586	00038587	00038588	00038589	00038590	00038591	00038592	00038593	00038594	00038595	00038596	00038597	00038598	00038599	00038600	00038601	00038602	00038603	00038604	00038605	00038606	00038607	00038608	00038609	00038610	00038611	00038612	00038613	00038614	00038615	00038616	00038617	00038618	00038619	00038620	00038621	00038622	00038623	00038624	00038625	00038626	00038627	00038628	00038629	00038630
455254826	2407231498	3355673978	00038631	00038632	00038633	00038634	00038635	00038636	00038637	00038638	00038639	00038640	00038641	00038642	00038643	00038644	00038645	00038646	00038647	00038648	00038649	00038650	00038651	00038652	00038653	00038654	00038655	00038656	00038657	00038658	00038659	00038660	00038661	00038662	00038663	00038664	00038665	00038666	00038667	00038668	00038669	00038670	00038671	00038672	00038673	00038674	00038675	00038676	00038677	00038678	00038679	00038680	00038681	00038682	00038683	00038684	00038685	00038686	00038687	00038688	00038689	00038690	00038691	00038692	00038693	00038694	00038695	00038696	00038697	00038698	00038699	00038700	00038701	00038702	00038703	00038704	00038705	00038706	00038707	00038708	00038709	00038710	00038711	00038712	00038713	00038714	00038715	00038716	00038717	00038718	00038719	00038720	00038721	00038722	00038723	00038724	00038725	00038726	00038727	00038728	00038729	00038730	00038731	00038732	00038733	00038734	00038735	00038736	00038737	00038738	00038739	00038740	00038741	00038742	00038743	00038744	00038745	00038746	00038747	00038748	00038749	00038750	00038751	00038752	00038753	00038754	00038755	00038756	00038757	00038758	00038759	00038760	00038761	00038762	00038763	00038764	00038765	00038766	00038767	00038768	00038769	00038770	00038771	00038772	00038773	00038774	00038775	00038776	00038777	00038778	00038779	00038780	00038781	00038782	00038783	00038784	00038785	00038786	00038787	00038788	00038789	00038790	00038791	00038792	00038793	00038794	00038795	00038796	00038797	00038798	00038799	00038800	00038801	00038802	00038803	00038804	00038805	00038806	00038807	00038808	00038809	00038810	00038811	00038812	00038813	00038814	00038815	00038816	00038817	00038818	00038819	00038820	00038821	00038822	00038823	00038824	00038825	00038826	00038827	00038828	00038829	00038830
457581360	2419576126	3372935423	00038831	00038832	00038833	00038834	00038835	00038836	00038837	00038838	00038839	00038840	00038841	00038842	00038843	00038844	00038845	00038846	00038847	00038848	00038849	00038850	00038851	00038852	00038853	00038854	00038855	00038856	00038857	00038858	00038859	00038860	00038861	00038862	00038863	00038864	00038865	00038866	00038867	00038868	00038869	00038870	00038871	00038872	00038873	00038874	00038875	00038876	00038877	00038878	00038879	00038880	00038881	00038882	00038883	00038885	00038886	00038887	00038888	00038889	00038890	00038891	00038892	00038893	00038894	00038895	00038896	00038897	00038898	00038899	00038900	00038901	00038902	00038903	00038904	00038905	00038906	00038907	00038908	00038909	00038910	00038911	00038912	00038913	00038914	00038915	00038916	00038917	00038918	00038919	00038920	00038921	00038922	00038923	00038924	00038925	00038926	00038927	00038928	00038929	00038930	00038931	00038932	00038933	00038934	00038935	00038936	00038937	00038938	00038939	00038940	00038941	00038942	00038943	00038944	00038945	00038946	00038947	00038948	00038949	00038950	00038951	00038952	00038953	00038954	00038955	00038956	00038957	00038958	00038959	00038960	00038961	00038962	00038963	00038964	00038965	00038966	00038967	00038968	00038969	00038970	00038971	00038972	00038973	00038974	00038975	00038976	00038977	00038978	00038979	00038980	00038981	00038982	00038983	00038984	00038985	00038986	00038987	00038988	00038989	00038990	00038991	00038992	00038993	00038994	00038995	00038996	00038997	00038998	00038999	00039000	00039001	00039002	00039003	00039004	00039005	00039006	00039007	00039008	00039009	00039010	00039011	00039012	00039013	00039014	00039015	00039016	00039017	00039018	00039019	00039020	00039021	00039022	00039023	00039024	00039025	00039026	00039027	00039028	00039029	00039030	00039031
459870256	2431551248	3389200344	00039032	00039033	00039034	00039035	00039036	00039037	00039038	00039039	00039040	00039041	00039042	00039043	00039044	00039045	00039046	00039047	00039048	00039049	00039050	00039051	00039052	00039053	00039054	00039055	00039056	00039057	00039058	00039059	00039060	00039061	00039062	00039063	00039064	00039065	00039066	00039067	00039068	00039069	00039070	00039071	00039072	00039073	00039074	00039075	00039076	00039077	00039078	00039079	00039080	00039081	00039082	00039083	00039084	00039085	00039086	00039087	00039088	00039089	00039090	00039091	00039092	00039093	00039094	00039095	00039096	00039097	00039098	00039099	00039100	00039101	00039102	00039103	00039104	00039105	00039106	00039107	00039108	00039109	00039110	00039111	00039112	00039113	00039114	00039115	00039116	00039117	00039118	00039119	00039120	00039121	00039122	00039123	00039124	00039125	00039126	00039127	00039128	00039129	00039130	00039131	00039132	00039133	00039134	00039135	00039136	00039137	00039138	00039139	00039140	00039141	00039142	00039143	00039144	00039145	00039146	00039147	00039148	00039149	00039150	00039151	00039152	00039153	00039154	00039155	00039156	00039157	00039158	00039159	00039160	00039161	00039162	00039163	00039164	00039165	00039166	00039167	00039168	00039169	00039170	00039171	00039172	00039173	00039174	00039175	00039176	00039177	00039178	00039179	00039180	00039181	00039182	00039183	00039184	00039185	00039186	00039187	00039188	00039189	00039190	00039191	00039192	00039193	00039194	00039195	00039196	00039197	00039198	00039199	00039200	00039201	00039202	00039203	00039204	00039205	00039206	00039207	00039208	00039209	00039210	00039211	00039212	00039213	00039214	00039215	00039216	00039217	00039218	00039219	00039220	00039221	00039222	00039223	00039224	00039225	00039226	00039227	00039228	00039229	00039230	00039231
462324423	2444614540	3407686790	00039232	00039233	00039234	00039235	00039236	00039237	00039238	00039239	00039240	00039241	00039242	00039243	00039244	00039245	00039246	00039247	00039248	00039249	00039250	00039251	00039252	00039253	00039254	00039255	00039256	00039257	00039258	00039259	00039260	00039261	00039262	00039263	00039264	00039265	00039266	00039267	00039268	00039269	00039270	00039271	00039272	00039273	00039274	00039275	00039276	00039277	00039278	00039279	00039280	00039281	00039282	00039283	00039284	00039285	00039286	00039287	00039288	00039289	00039290	00039291	00039292	00039293	00039294	00039295	00039296	00039297	00039298	00039299	00039300	00039301	00039302	00039303	00039304	00039305	00039306	00039307	00039308	00039309	00039310	00039311	00039312	00039313	00039314	00039315	00039316	00039317	00039318	00039319	00039320	00039321	00039322	00039323	00039324	00039325	00039326	00039327	00039328	00039329	00039330	00039331	00039332	00039333	00039334	00039335	00039336	00039337	00039338	00039339	00039340	00039341	00039342	00039343	00039344	00039345	00039346	00039347	00039348	00039349	00039350	00039351	00039352	00039353	00039354	00039355	00039356	00039357	00039358	00039359	00039360	00039361	00039362	00039363	00039364	00039365	00039366	00039367	00039368	00039369	00039370	00039371	00039372	00039373	00039374	00039375	00039376	00039377	00039378	00039379	00039380	00039381	00039382	00039383	00039384	00039385	00039386	00039387	00039388	00039389	00039390	00039391	00039392	00039393	00039394	00039395	00039396	00039397	00039398	00039399	00039400	00039401	00039402	00039403	00039404	00039405	00039406	00039407	00039408	00039409	00039410	00039411	00039412	00039413	00039414	00039415	00039416	00039417	00039418	00039419	00039420	00039421	00039422	00039423	00039424	00039425	00039426	00039427	00039428	00039429	00039430	00039431
464653113	2457015964	3425150094	00039432	00039433	00039434	00039435	00039436	00039437	00039438	00039439	00039440	00039441	00039442	00039443	00039444	00039445	00039446	00039447	00039448	00039449	00039450	00039451	00039452	00039453	00039454	00039455	00039456	00039457	00039458	00039459	00039460	00039461	00039462	00039463	00039464	00039465	00039466	00039467	00039468	00039469	00039470	00039471	00039472	00039473	00039474	00039475	00039476	00039477	00039478	00039479	00039480	00039481	00039482	00039483	00039484	00039485	00039486	00039487	00039488	00039489	00039490	00039491	00039492	00039493	00039494	00039495	00039496	00039497	00039498	00039499	00039500	00039501	00039502	00039503	00039504	00039505	00039506	00039507	00039508	00039509	00039510	00039511	00039512	00039513	00039514	00039515	00039516	00039517	00039518	00039519	00039520	00039521	00039522	00039523	00039524	00039525	00039526	00039527	00039528	00039529	00039530	00039531	00039532	00039533	00039534	00039535	00039536	00039537	00039538	00039539	00039540	00039541	00039542	00039543	00039544	00039545	00039546	00039547	00039548	00039549	00039550	00039551	00039552	00039553	00039554	00039555	00039556	00039557	00039558	00039559	00039560	00039561	00039562	00039563	00039564	00039565	00039566	00039567	00039568	00039569	00039570	00039571	00039572	00039573	00039574	00039575	00039576	00039577	00039578	00039579	00039580	00039581	00039582	00039583	00039584	00039585	00039586	00039587	00039588	00039589	00039590	00039591	00039592	00039593	00039594	00039595	00039596	00039597	00039598	00039599	00039600	00039601	00039602	00039603	00039604	00039605	00039606	00039607	00039608	00039609	00039610	00039611	00039612	00039613	00039614	00039615	00039616	00039617	00039618	00039619	00039620	00039621	00039622	00039623	00039624	00039625	00039626	00039627	00039628	00039629	00039630	00039631
467033453	2469587126	3442903733	00039632	00039633	00039634	00039635	00039636	00039637	00039638	00039639	00039640	00039641	00039642	00039643	00039644	00039645	00039646	00039647	00039648	00039649	00039650	00039651	00039652	00039653	00039654	00039655	00039656	00039657	00039658	00039659	00039660	00039661	00039662	00039663	00039664	00039665	00039666	00039667	00039668	00039669	00039670	00039671	00039672	00039673	00039674	00039675	00039676	00039677	00039678	00039679	00039680	00039681	00039682	00039683	00039684	00039685	00039686	00039687	00039688	00039689	00039690	00039691	00039692	00039693	00039694	00039695	00039696	00039697	00039698	00039699	00039700	00039701	00039702	00039703	00039704	00039705	00039706	00039707	00039708	00039709	00039710	00039711	00039712	00039713	00039714	00039715	00039716	00039717	00039718	00039719	00039720	00039721	00039722	00039723	00039724	00039725	00039726	00039727	00039728	00039729	00039730	00039731	00039732	00039733	00039734	00039735	00039736	00039737	00039738	00039739	00039740	00039741	00039742	00039743	00039744	00039745	00039746	00039747	00039748	00039749	00039750	00039751	00039752	00039753	00039754	00039755	00039756	00039757	00039758	00039759	00039760	00039761	00039762	00039763	00039764	00039765	00039766	00039767	00039768	00039769	00039770	00039771	00039772	00039773	00039774	00039775	00039776	00039777	00039778	00039779	00039780	00039781	00039782	00039783	00039784	00039785	00039786	00039787	00039788	00039789	00039790	00039791	00039792	00039793	00039794	00039795	00039796	00039797	00039798	00039799	00039800	00039801	00039802	00039803	00039804	00039805	00039806	00039807	00039808	00039809	00039810	00039811	00039812	00039813	00039814	00039815	00039816	00039817	00039818	00039819	00039820	00039821	00039822	00039823	00039824	00039825	00039826	00039827	00039828	00039829	00039830	00039831
469325282	2481714146	3459727807	00039832	00039833	00039834	00039835	00039836	00039837	00039838	00039839	00039840	00039841	00039842	00039843	00039844	00039845	00039846	00039847	00039848	00039849	00039850	00039851	00039852	00039853	00039854	00039855	00039856	00039857	00039858	00039859	00039860	00039861	00039862	00039863	00039864	00039865	00039866	00039867	00039868	00039869	00039870	00039871	00039872	00039873	00039874	00039875	00039876	00039877	00039878	00039879	00039880	00039881	00039882	00039883	00039884	00039885	00039886	00039887	00039888	00039889	00039890	00039891	00039892	00039893	00039894	00039895	00039896	00039897	00039898	00039899	00039900	00039901	00039902	00039903	00039904	00039905	00039906	00039907	00039908	00039909	00039910	00039911	00039912	00039913	00039914	00039915	00039916	00039917	00039918	00039919	00039920	00039921	00039922	00039923	00039924	00039925	00039926	00039927	00039928	00039929	00039930	00039931	00039932	00039933	00039934	00039935	00039936	00039937	00039938	00039939	00039940	00039941	00039942	00039943	00039944	00039945	00039946	00039947	00039948	00039949	00039950	00039951	00039952	00039953	00039954	00039955	00039956	00039957	00039958	00039959	00039960	00039961	00039962	00039963	00039964	00039965	00039966	00039967	00039968	00039969	00039970	00039972	00039973	00039974	00039975	00039976	00039977	00039978	00039979	00039980	00039981	00039982	00039983	00039984	00039985	00039986	00039987	00039988	00039989	00039990	00039991	00039992	00039993	00039994	00039995	00039996	00039997	00039998	00039999	00040000	00040001	00040002	00040003	00040004	00040005	00040006	00040007	00040008	00040009	00040010	00040011	00040012	00040013	00040014	00040015	00040016	00040017	00040018	00040019	00040020	00040021	00040022	00040023	00040024	00040025	00040026	00040027	00040028	00040029	00040030	00040031	00040032
471551435	2493481024	3474878886	00040033	00040034	00040035	00040036	00040037	00040038	00040039	00040040	00040041	00040042	00040043	00040044	00040045	00040046	00040047	00040048	00040049	00040050	00040051	00040052	00040053	00040054	00040055	00040056	00040057	00040058	00040059	00040060	00040061	00040062	00040063	00040064	00040065	00040066	00040067	00040068	00040069	00040070	00040071	00040072	00040073	00040074	00040075	00040076	00040077	00040078	00040079	00040080	00040081	00040082	00040083	00040084	00040085	00040086	00040087	00040088	00040089	00040090	00040091	00040092	00040093	00040094	00040095	00040096	00040097	00040098	00040099	00040100	00040101	00040102	00040103	00040104	00040105	00040106	00040107	00040108	00040109	00040110	00040111	00040112	00040113	00040114	00040115	00040116	00040117	00040118	00040119	00040120	00040121	00040122	00040123	00040124	00040125	00040126	00040127	00040128	00040129	00040130	00040131	00040132	00040133	00040134	00040135	00040136	00040137	00040138	00040139	00040140	00040141	00040142	00040143	00040144	00040145	00040146	00040147	00040148	00040149	00040150	00040151	00040152	00040153	00040154	00040155	00040156	00040157	00040158	00040159	00040160	00040161	00040162	00040163	00040164	00040165	00040166	00040167	00040168	00040169	00040170	00040171	00040172	00040173	00040174	00040175	00040176	00040177	00040178	00040179	00040180	00040181	00040182	00040183	00040184	00040185	00040186	00040187	00040188	00040189	00040190	00040191	00040192	00040193	00040194	00040195	00040196	00040197	00040198	00040199	00040200	00040201	00040202	00040203	00040204	00040205	00040206	00040207	00040208	00040209	00040210	00040211	00040212	00040213	00040214	00040215	00040216	00040217	00040218	00040219	00040220	00040221	00040222	00040223	00040224	00040225	00040226	00040227	00040228	00040229	00040230	00040231	00040232
473867824	2505753902	3491890180	00040233	00040234	00040235	00040236	00040237	00040238	00040239	00040240	00040241	00040242	00040243	00040244	00040245	00040246	00040247	00040248	00040249	00040250	00040251	00040252	00040253	00040254	00040255	00040256	00040257	00040258	00040259	00040260	00040261	00040262	00040263	00040264	00040265	00040266	00040267	00040268	00040269	00040270	00040271	00040272	00040273	00040274	00040275	00040276	00040277	00040278	00040279	00040280	00040281	00040282	00040283	00040284	00040285	00040286	00040287	00040288	00040289	00040290	00040291	00040292	00040293	00040294	00040295	00040296	00040297	00040298	00040299	00040300	00040301	00040302	00040303	00040304	00040305	00040306	00040307	00040308	00040309	00040310	00040311	00040312	00040313	00040314	00040315	00040316	00040317	00040318	00040319	00040320	00040321	00040322	00040323	00040324	00040325	00040326	00040327	00040328	00040329	00040330	00040331	00040332	00040333	00040334	00040335	00040336	00040337	00040338	00040339	00040340	00040341	00040342	00040343	00040344	00040345	00040346	00040347	00040348	00040349	00040350	00040351	00040352	00040353	00040354	00040355	00040356	00040357	00040358	00040359	00040360	00040361	00040362	00040363	00040364	00040365	00040366	00040367	00040368	00040369	00040370	00040371	00040372	00040373	00040374	00040375	00040376	00040377	00040378	00040379	00040380	00040381	00040382	00040383	00040384	00040385	00040386	00040387	00040388	00040389	00040390	00040391	00040392	00040393	00040394	00040395	00040396	00040397	00040398	00040399	00040400	00040401	00040402	00040403	00040404	00040405	00040406	00040407	00040408	00040409	00040410	00040411	00040412	00040413	00040414	00040415	00040416	00040417	00040418	00040419	00040420	00040421	00040422	00040423	00040424	00040425	00040426	00040427	00040428	00040429	00040430	00040431	00040432
476210901	2518085426	3509461628	00040433	00040434	00040435	00040436	00040437	00040438	00040439	00040440	00040441	00040442	00040443	00040444	00040445	00040446	00040447	00040448	00040449	00040450	00040451	00040452	00040453	00040454	00040455	00040456	00040457	00040458	00040459	00040460	00040461	00040462	00040463	00040464	00040465	00040466	00040467	00040468	00040469	00040470	00040471	00040472	00040473	00040474	00040475	00040476	00040477	00040478	00040479	00040480	00040481	00040482	00040483	00040484	00040486	00040487	00040488	00040489	00040490	00040491	00040492	00040493	00040494	00040495	00040496	00040497	00040498	00040499	00040500	00040501	00040502	00040503	00040504	00040505	00040506	00040507	00040508	00040509	00040510	00040511	00040512	00040513	00040514	00040515	00040516	00040517	00040518	00040519	00040520	00040521	00040522	00040523	00040524	00040525	00040526	00040527	00040528	00040529	00040530	00040531	00040532	00040533	00040534	00040535	00040536	00040537	00040538	00040539	00040540	00040541	00040542	00040543	00040544	00040545	00040546	00040547	00040548	00040549	00040550	00040551	00040552	00040553	00040554	00040555	00040556	00040557	00040558	00040559	00040560	00040561	00040562	00040563	00040564	00040565	00040566	00040567	00040568	00040569	00040570	00040571	00040572	00040573	00040574	00040575	00040576	00040577	00040578	00040579	00040580	00040581	00040582	00040583	00040584	00040585	00040586	00040587	00040588	00040589	00040590	00040591	00040592	00040594	00040595	00040596	00040597	00040598	00040599	00040600	00040601	00040602	00040603	00040604	00040605	00040606	00040607	00040608	00040609	00040610	00040611	00040612	00040613	00040614	00040615	00040616	00040617	00040618	00040619	00040620	00040621	00040622	00040623	00040624	00040625	00040626	00040627	00040628	00040629	00040630	00040631	00040632	00040633	00040634
478519171	2530356650	3526109819	00040635	00040636	00040637	00040638	00040639	00040640	00040641	00040642	00040643	00040644	00040645	00040646	00040647	00040648	00040649	00040650	00040651	00040652	00040653	00040654	00040655	00040656	00040657	00040658	00040659	00040661	00040662	00040663	00040664	00040665	00040666	00040667	00040668	00040669	00040670	00040671	00040672	00040673	00040674	00040675	00040676	00040677	00040678	00040679	00040680	00040681	00040682	00040683	00040684	00040685	00040686	00040687	00040688	00040689	00040690	00040691	00040692	00040693	00040694	00040695	00040696	00040697	00040698	00040699	00040700	00040701	00040702	00040703	00040704	00040705	00040706	00040707	00040708	00040709	00040710	00040711	00040712	00040713	00040714	00040715	00040716	00040717	00040718	00040719	00040720	00040721	00040722	00040723	00040724	00040725	00040726	00040727	00040728	00040729	00040730	00040731	00040732	00040733	00040734	00040735	00040736	00040737	00040738	00040739	00040740	00040741	00040742	00040743	00040744	00040745	00040746	00040747	00040748	00040749	00040750	00040751	00040752	00040753	00040754	00040755	00040756	00040757	00040758	00040759	00040760	00040761	00040762	00040763	00040764	00040765	00040766	00040767	00040768	00040769	00040770	00040771	00040772	00040773	00040774	00040775	00040776	00040777	00040778	00040779	00040780	00040781	00040782	00040783	00040784	00040785	00040786	00040787	00040788	00040789	00040790	00040791	00040792	00040793	00040794	00040795	00040796	00040797	00040798	00040799	00040801	00040802	00040803	00040804	00040805	00040806	00040807	00040808	00040809	00040810	00040811	00040812	00040813	00040814	00040815	00040816	00040817	00040818	00040819	00040820	00040821	00040822	00040823	00040824	00040825	00040826	00040827	00040828	00040829	00040830	00040831	00040832	00040833	00040834	00040835	00040836
480878144	2542793288	3543208172	00040837	00040838	00040839	00040840	00040841	00040842	00040843	00040844	00040845	00040846	00040847	00040848	00040849	00040850	00040851	00040852	00040853	00040854	00040855	00040856	00040857	00040858	00040859	00040860	00040861	00040862	00040863	00040864	00040865	00040866	00040867	00040868	00040869	00040870	00040871	00040872	00040873	00040874	00040875	00040876	00040877	00040878	00040879	00040880	00040881	00040882	00040883	00040884	00040885	00040886	00040887	00040888	00040889	00040890	00040891	00040892	00040893	00040894	00040895	00040896	00040897	00040898	00040899	00040900	00040901	00040902	00040903	00040904	00040905	00040906	00040907	00040908	00040909	00040910	00040911	00040912	00040913	00040914	00040915	00040916	00040917	00040918	00040919	00040920	00040921	00040922	00040923	00040924	00040925	00040926	00040927	00040928	00040929	00040930	00040931	00040932	00040933	00040934	00040935	00040936	00040937	00040938	00040939	00040940	00040941	00040942	00040943	00040944	00040945	00040946	00040947	00040948	00040949	00040950	00040951	00040952	00040953	00040954	00040955	00040956	00040957	00040958	00040959	00040960	00040961	00040962	00040963	00040964	00040965	00040966	00040967	00040968	00040969	00040970	00040971	00040972	00040973	00040974	00040975	00040976	00040977	00040978	00040979	00040980	00040981	00040982	00040983	00040984	00040985	00040986	00040987	00040988	00040989	00040990	00040991	00040992	00040993	00040994	00040995	00040996	00040997	00040998	00040999	00041000	00041001	00041002	00041003	00041004	00041005	00041006	00041007	00041008	00041009	00041010	00041011	00041012	00041013	00041014	00041015	00041016	00041017	00041018	00041019	00041020	00041021	00041022	00041023	00041024	00041025	00041026	00041027	00041028	00041029	00041030	00041031	00041032	00041033	00041034	00041035	00041036
483203493	2555110544	3560317968	00041037	00041038	00041039	00041040	00041041	00041042	00041043	00041044	00041045	00041046	00041047	00041048	00041049	00041050	00041051	00041052	00041053	00041054	00041055	00041056	00041057	00041058	00041059	00041060	00041061	00041062	00041063	00041064	00041065	00041066	00041067	00041068	00041069	00041070	00041071	00041072	00041073	00041074	00041075	00041076	00041077	00041078	00041079	00041080	00041081	00041082	00041083	00041084	00041085	00041086	00041087	00041088	00041089	00041090	00041091	00041092	00041093	00041094	00041095	00041096	00041097	00041098	00041099	00041100	00041101	00041102	00041103	00041104	00041105	00041106	00041107	00041108	00041109	00041110	00041111	00041112	00041113	00041114	00041115	00041116	00041117	00041118	00041119	00041120	00041121	00041122	00041123	00041124	00041125	00041126	00041127	00041128	00041129	00041130	00041131	00041132	00041133	00041134	00041135	00041136	00041137	00041138	00041139	00041140	00041141	00041142	00041143	00041144	00041145	00041146	00041147	00041148	00041149	00041150	00041151	00041152	00041153	00041154	00041155	00041156	00041157	00041158	00041159	00041160	00041161	00041162	00041163	00041164	00041165	00041166	00041167	00041168	00041169	00041170	00041171	00041172	00041173	00041174	00041175	00041176	00041177	00041178	00041179	00041180	00041181	00041182	00041183	00041184	00041185	00041186	00041187	00041188	00041189	00041190	00041191	00041192	00041193	00041194	00041195	00041196	00041197	00041198	00041199	00041200	00041201	00041202	00041203	00041204	00041205	00041206	00041207	00041208	00041209	00041210	00041211	00041212	00041213	00041214	00041215	00041216	00041217	00041218	00041219	00041220	00041221	00041222	00041223	00041224	00041225	00041226	00041227	00041228	00041229	00041230	00041231	00041232	00041233	00041234	00041235	00041236
485617117	2567954202	3578610429	00041237	00041238	00041239	00041240	00041241	00041242	00041243	00041244	00041245	00041246	00041247	00041248	00041249	00041250	00041251	00041252	00041253	00041254	00041255	00041256	00041257	00041258	00041259	00041260	00041261	00041262	00041263	00041264	00041265	00041266	00041267	00041268	00041269	00041270	00041271	00041272	00041273	00041274	00041275	00041276	00041277	00041278	00041279	00041280	00041281	00041282	00041283	00041284	00041285	00041286	00041287	00041288	00041289	00041290	00041291	00041292	00041293	00041294	00041295	00041296	00041297	00041298	00041299	00041300	00041301	00041302	00041303	00041304	00041305	00041306	00041307	00041308	00041309	00041310	00041311	00041312	00041313	00041314	00041315	00041316	00041317	00041318	00041319	00041320	00041321	00041322	00041323	00041324	00041325	00041326	00041327	00041328	00041329	00041330	00041331	00041332	00041333	00041334	00041335	00041336	00041337	00041338	00041339	00041340	00041341	00041342	00041343	00041344	00041345	00041346	00041347	00041348	00041349	00041350	00041351	00041352	00041353	00041354	00041355	00041356	00041357	00041358	00041359	00041360	00041361	00041362	00041363	00041364	00041365	00041366	00041367	00041368	00041369	00041370	00041371	00041372	00041373	00041374	00041375	00041376	00041377	00041378	00041379	00041380	00041381	00041382	00041383	00041384	00041385	00041386	00041387	00041388	00041389	00041390	00041391	00041392	00041393	00041394	00041395	00041396	00041397	00041398	00041399	00041400	00041401	00041402	00041403	00041404	00041405	00041406	00041407	00041408	00041409	00041410	00041411	00041412	00041413	00041414	00041415	00041416	00041417	00041418	00041419	00041420	00041422	00041423	00041424	00041425	00041426	00041427	00041428	00041429	00041430	00041431	00041432	00041433	00041434	00041435	00041436	00041437
487908437	2580019982	3595189851	00041438	00041439	00041440	00041441	00041442	00041443	00041444	00041445	00041446	00041447	00041448	00041449	00041450	00041451	00041452	00041453	00041454	00041455	00041456	00041457	00041458	00041459	00041460	00041461	00041462	00041463	00041464	00041465	00041466	00041467	00041468	00041469	00041470	00041471	00041472	00041473	00041474	00041475	00041476	00041477	00041478	00041479	00041480	00041481	00041482	00041483	00041484	00041485	00041486	00041487	00041488	00041489	00041490	00041491	00041492	00041493	00041494	00041495	00041496	00041497	00041498	00041499	00041500	00041501	00041502	00041503	00041504	00041505	00041506	00041507	00041508	00041509	00041510	00041511	00041512	00041513	00041514	00041515	00041516	00041517	00041518	00041519	00041520	00041521	00041522	00041523	00041524	00041525	00041526	00041527	00041528	00041529	00041530	00041531	00041532	00041533	00041534	00041535	00041536	00041537	00041538	00041539	00041540	00041541	00041542	00041543	00041544	00041545	00041546	00041547	00041548	00041549	00041550	00041551	00041552	00041553	00041554	00041555	00041556	00041557	00041558	00041559	00041560	00041561	00041562	00041563	00041564	00041565	00041566	00041567	00041568	00041569	00041570	00041571	00041572	00041573	00041574	00041575	00041576	00041577	00041578	00041579	00041580	00041581	00041582	00041583	00041584	00041585	00041586	00041587	00041588	00041589	00041590	00041591	00041592	00041593	00041594	00041595	00041596	00041597	00041598	00041599	00041600	00041601	00041602	00041603	00041604	00041605	00041606	00041607	00041608	00041609	00041610	00041611	00041612	00041613	00041614	00041615	00041616	00041617	00041618	00041620	00041621	00041622	00041623	00041624	00041625	00041626	00041627	00041628	00041629	00041630	00041631	00041632	00041633	00041634	00041635	00041636	00041637	00041638
490270777	2592537760	3612731738	00041639	00041640	00041641	00041642	00041643	00041644	00041645	00041646	00041647	00041648	00041649	00041650	00041651	00041652	00041653	00041654	00041655	00041656	00041657	00041658	00041659	00041660	00041661	00041662	00041663	00041664	00041665	00041666	00041667	00041668	00041669	00041670	00041671	00041672	00041673	00041674	00041675	00041676	00041677	00041678	00041679	00041680	00041681	00041682	00041683	00041684	00041685	00041686	00041687	00041688	00041689	00041690	00041691	00041692	00041693	00041694	00041695	00041696	00041697	00041698	00041699	00041700	00041701	00041702	00041703	00041704	00041705	00041706	00041707	00041708	00041709	00041710	00041711	00041712	00041713	00041714	00041715	00041716	00041717	00041718	00041719	00041720	00041721	00041722	00041723	00041724	00041725	00041726	00041727	00041728	00041729	00041730	00041731	00041732	00041733	00041734	00041735	00041736	00041737	00041738	00041739	00041740	00041741	00041742	00041743	00041744	00041745	00041746	00041747	00041748	00041749	00041750	00041751	00041752	00041753	00041754	00041755	00041756	00041757	00041758	00041759	00041760	00041761	00041762	00041763	00041764	00041765	00041766	00041767	00041768	00041769	00041770	00041771	00041772	00041773	00041774	00041775	00041776	00041777	00041778	00041779	00041780	00041781	00041782	00041783	00041784	00041785	00041786	00041787	00041788	00041789	00041790	00041791	00041792	00041793	00041794	00041795	00041796	00041797	00041798	00041799	00041800	00041801	00041802	00041803	00041804	00041805	00041806	00041807	00041808	00041809	00041810	00041811	00041812	00041813	00041814	00041815	00041816	00041817	00041818	00041819	00041820	00041821	00041822	00041823	00041824	00041825	00041826	00041827	00041828	00041829	00041830	00041831	00041832	00041833	00041834	00041835	00041836	00041837	00041838
492536308	2604569574	3628992766	00041839	00041840	00041841	00041842	00041843	00041844	00041845	00041846	00041847	00041848	00041849	00041850	00041851	00041852	00041853	00041854	00041855	00041856	00041857	00041858	00041859	00041860	00041861	00041862	00041863	00041864	00041865	00041866	00041867	00041868	00041869	00041870	00041871	00041872	00041873	00041874	00041875	00041876	00041877	00041878	00041879	00041880	00041881	00041882	00041883	00041884	00041885	00041886	00041887	00041888	00041889	00041890	00041891	00041892	00041893	00041894	00041895	00041896	00041897	00041898	00041899	00041900	00041901	00041902	00041903	00041904	00041905	00041906	00041907	00041908	00041909	00041910	00041911	00041912	00041913	00041914	00041915	00041916	00041917	00041918	00041919	00041920	00041921	00041922	00041923	00041924	00041925	00041926	00041927	00041928	00041929	00041930	00041931	00041932	00041933	00041934	00041935	00041936	00041937	00041938	00041939	00041940	00041941	00041942	00041943	00041944	00041945	00041946	00041947	00041948	00041949	00041950	00041951	00041952	00041953	00041954	00041955	00041956	00041957	00041958	00041959	00041960	00041961	00041962	00041963	00041964	00041965	00041966	00041967	00041968	00041969	00041970	00041971	00041972	00041973	00041974	00041975	00041976	00041977	00041978	00041979	00041980	00041981	00041982	00041983	00041984	00041985	00041986	00041987	00041988	00041989	00041990	00041991	00041992	00041993	00041994	00041995	00041996	00041997	00041998	00041999	00042000	00042001	00042002	00042003	00042004	00042005	00042006	00042007	00042008	00042009	00042010	00042011	00042012	00042013	00042014	00042015	00042016	00042017	00042018	00042019	00042020	00042021	00042022	00042023	00042024	00042025	00042026	00042027	00042028	00042029	00042030	00042031	00042032	00042033	00042034	00042035	00042036	00042037	00042038
494790506	2616499186	3645160835	00042039	00042040	00042041	00042042	00042043	00042044	00042045	00042046	00042047	00042048	00042049	00042050	00042051	00042052	00042053	00042054	00042055	00042056	00042057	00042058	00042059	00042060	00042061	00042062	00042063	00042064	00042065	00042066	00042067	00042068	00042069	00042070	00042071	00042072	00042073	00042074	00042075	00042076	00042077	00042078	00042079	00042080	00042081	00042082	00042083	00042084	00042085	00042086	00042087	00042088	00042089	00042090	00042091	00042092	00042093	00042094	00042095	00042096	00042097	00042098	00042099	00042100	00042101	00042102	00042103	00042104	00042105	00042106	00042107	00042108	00042109	00042110	00042111	00042112	00042113	00042114	00042115	00042116	00042117	00042118	00042119	00042120	00042121	00042122	00042123	00042124	00042125	00042126	00042127	00042128	00042129	00042130	00042131	00042132	00042133	00042134	00042135	00042136	00042137	00042138	00042139	00042140	00042141	00042142	00042143	00042144	00042145	00042146	00042147	00042148	00042149	00042150	00042151	00042152	00042153	00042154	00042155	00042156	00042157	00042158	00042159	00042160	00042161	00042162	00042163	00042164	00042165	00042166	00042167	00042168	00042169	00042170	00042171	00042172	00042173	00042174	00042175	00042176	00042177	00042178	00042179	00042180	00042181	00042182	00042183	00042184	00042185	00042186	00042187	00042188	00042189	00042190	00042191	00042192	00042193	00042194	00042195	00042196	00042197	00042198	00042199	00042200	00042201	00042202	00042203	00042204	00042205	00042206	00042207	00042208	00042209	00042210	00042211	00042212	00042213	00042214	00042215	00042216	00042217	00042218	00042219	00042220	00042221	00042222	00042223	00042224	00042225	00042226	00042227	00042228	00042229	00042230	00042231	00042232	00042233	00042234	00042235	00042236	00042237	00042238
497169395	2629054106	3663273308	00042239	00042240	00042241	00042242	00042243	00042244	00042245	00042246	00042247	00042248	00042249	00042250	00042251	00042252	00042253	00042254	00042255	00042256	00042257	00042258	00042259	00042260	00042261	00042262	00042263	00042264	00042265	00042266	00042267	00042268	00042269	00042270	00042271	00042272	00042273	00042274	00042275	00042276	00042277	00042278	00042279	00042280	00042281	00042282	00042283	00042284	00042285	00042286	00042287	00042288	00042289	00042290	00042291	00042292	00042293	00042294	00042295	00042296	00042297	00042298	00042299	00042300	00042301	00042302	00042303	00042304	00042305	00042306	00042307	00042308	00042309	00042310	00042311	00042312	00042313	00042314	00042315	00042316	00042317	00042318	00042319	00042320	00042321	00042322	00042323	00042324	00042325	00042326	00042327	00042328	00042329	00042330	00042331	00042332	00042333	00042334	00042335	00042337	00042338	00042339	00042340	00042341	00042342	00042343	00042344	00042345	00042346	00042347	00042348	00042349	00042350	00042351	00042352	00042353	00042354	00042355	00042356	00042357	00042358	00042359	00042360	00042361	00042362	00042363	00042364	00042365	00042366	00042367	00042368	00042369	00042370	00042371	00042372	00042373	00042374	00042375	00042376	00042377	00042378	00042379	00042380	00042381	00042382	00042383	00042384	00042385	00042386	00042387	00042388	00042389	00042390	00042391	00042392	00042393	00042394	00042395	00042396	00042397	00042398	00042399	00042400	00042401	00042402	00042403	00042404	00042405	00042406	00042407	00042408	00042409	00042410	00042411	00042412	00042413	00042414	00042415	00042416	00042417	00042418	00042419	00042420	00042421	00042422	00042423	00042424	00042425	00042426	00042427	00042428	00042429	00042430	00042431	00042432	00042433	00042434	00042435	00042436	00042437	00042438	00042439
499545020	2641641272	3680915252	00042440	00042441	00042442	00042443	00042444	00042445	00042446	00042447	00042448	00042449	00042450	00042451	00042452	00042453	00042454	00042455	00042456	00042457	00042458	00042459	00042460	00042461	00042462	00042463	00042464	00042465	00042466	00042467	00042468	00042469	00042470	00042471	00042472	00042473	00042474	00042475	00042476	00042477	00042478	00042479	00042480	00042481	00042482	00042483	00042484	00042485	00042486	00042487	00042488	00042489	00042490	00042491	00042492	00042493	00042494	00042495	00042496	00042497	00042498	00042499	00042500	00042501	00042502	00042503	00042504	00042505	00042506	00042507	00042508	00042509	00042510	00042511	00042512	00042513	00042514	00042515	00042516	00042517	00042518	00042519	00042520	00042521	00042522	00042523	00042524	00042525	00042526	00042527	00042528	00042529	00042530	00042531	00042532	00042533	00042534	00042535	00042536	00042537	00042538	00042539	00042540	00042541	00042542	00042543	00042544	00042545	00042546	00042547	00042548	00042549	00042550	00042551	00042552	00042553	00042554	00042555	00042556	00042557	00042558	00042559	00042560	00042561	00042562	00042563	00042564	00042565	00042566	00042567	00042568	00042569	00042570	00042571	00042572	00042573	00042574	00042575	00042576	00042577	00042578	00042579	00042580	00042581	00042582	00042583	00042584	00042585	00042586	00042587	00042588	00042589	00042590	00042591	00042592	00042593	00042594	00042595	00042596	00042597	00042598	00042599	00042600	00042601	00042602	00042603	00042604	00042605	00042606	00042607	00042608	00042609	00042610	00042611	00042612	00042613	00042614	00042615	00042616	00042617	00042618	00042619	00042620	00042621	00042622	00042623	00042624	00042625	00042626	00042627	00042628	00042629	00042630	00042631	00042632	00042633	00042634	00042635	00042636	00042637	00042638	00042639
501913963	2654146676	3698239168	00042640	00042641	00042642	00042643	00042644	00042645	00042646	00042647	00042648	00042649	00042650	00042651	00042652	00042653	00042654	00042655	00042656	00042657	00042658	00042659	00042660	00042661	00042662	00042663	00042664	00042665	00042666	00042667	00042668	00042669	00042670	00042671	00042672	00042673	00042674	00042675	00042676	00042677	00042678	00042679	00042680	00042681	00042682	00042683	00042684	00042685	00042686	00042687	00042688	00042689	00042690	00042691	00042692	00042693	00042694	00042695	00042696	00042697	00042698	00042699	00042700	00042701	00042702	00042703	00042704	00042705	00042706	00042707	00042708	00042709	00042710	00042711	00042712	00042713	00042714	00042715	00042716	00042717	00042718	00042719	00042720	00042721	00042722	00042723	00042724	00042725	00042726	00042727	00042728	00042729	00042730	00042731	00042732	00042733	00042734	00042735	00042736	00042737	00042738	00042739	00042740	00042741	00042742	00042743	00042744	00042745	00042746	00042747	00042748	00042749	00042750	00042751	00042752	00042753	00042754	00042755	00042756	00042757	00042758	00042759	00042760	00042761	00042762	00042763	00042764	00042765	00042766	00042767	00042768	00042769	00042770	00042771	00042772	00042773	00042774	00042775	00042776	00042777	00042778	00042779	00042780	00042781	00042782	00042783	00042784	00042785	00042786	00042787	00042788	00042789	00042790	00042791	00042792	00042793	00042794	00042795	00042796	00042797	00042798	00042799	00042800	00042801	00042802	00042803	00042804	00042805	00042806	00042807	00042808	00042809	00042810	00042811	00042812	00042813	00042814	00042815	00042816	00042817	00042818	00042819	00042820	00042821	00042822	00042823	00042824	00042825	00042826	00042827	00042828	00042829	00042830	00042831	00042832	00042833	00042834	00042835	00042836	00042837	00042838	00042839
504263958	2666592850	3715598647	00042840	00042841	00042842	00042843	00042844	00042845	00042846	00042847	00042848	00042849	00042850	00042851	00042852	00042853	00042854	00042855	00042856	00042857	00042858	00042859	00042860	00042861	00042862	00042863	00042864	00042865	00042866	00042867	00042868	00042869	00042870	00042871	00042872	00042873	00042874	00042875	00042876	00042877	00042878	00042879	00042880	00042881	00042882	00042883	00042884	00042885	00042886	00042887	00042888	00042889	00042890	00042891	00042892	00042893	00042894	00042895	00042896	00042897	00042898	00042899	00042900	00042901	00042902	00042903	00042904	00042905	00042906	00042907	00042908	00042909	00042910	00042911	00042912	00042913	00042914	00042915	00042916	00042917	00042918	00042919	00042920	00042921	00042922	00042923	00042924	00042925	00042926	00042927	00042928	00042929	00042930	00042931	00042932	00042933	00042934	00042935	00042936	00042937	00042938	00042939	00042940	00042941	00042942	00042943	00042944	00042945	00042946	00042947	00042948	00042949	00042950	00042951	00042952	00042953	00042954	00042955	00042956	00042957	00042958	00042959	00042960	00042961	00042962	00042963	00042964	00042965	00042966	00042967	00042968	00042969	00042970	00042971	00042972	00042973	00042974	00042975	00042976	00042977	00042978	00042979	00042980	00042981	00042982	00042983	00042984	00042985	00042986	00042987	00042988	00042989	00042990	00042991	00042992	00042993	00042994	00042995	00042996	00042997	00042998	00042999	00043000	00043001	00043002	00043003	00043004	00043005	00043006	00043007	00043008	00043009	00043010	00043011	00043012	00043013	00043014	00043015	00043016	00043017	00043018	00043019	00043020	00043021	00043022	00043023	00043024	00043025	00043026	00043027	00043028	00043029	00043030	00043031	00043032	00043033	00043034	00043035	00043036	00043037	00043038	00043039
506660886	2679252706	3733326538	00043040	00043041	00043042	00043043	00043044	00043045	00043046	00043047	00043048	00043049	00043050	00043051	00043052	00043053	00043054	00043055	00043056	00043057	00043058	00043059	00043060	00043061	00043062	00043063	00043064	00043065	00043066	00043067	00043068	00043069	00043070	00043071	00043072	00043073	00043074	00043075	00043076	00043077	00043078	00043079	00043080	00043081	00043082	00043083	00043084	00043085	00043086	00043087	00043088	00043089	00043090	00043091	00043092	00043093	00043094	00043095	00043096	00043097	00043098	00043099	00043100	00043101	00043102	00043103	00043104	00043105	00043106	00043107	00043108	00043109	00043110	00043111	00043112	00043113	00043114	00043115	00043116	00043117	00043118	00043119	00043120	00043121	00043122	00043123	00043124	00043125	00043126	00043127	00043128	00043129	00043130	00043131	00043132	00043133	00043134	00043135	00043136	00043137	00043138	00043139	00043140	00043141	00043142	00043143	00043144	00043145	00043146	00043147	00043148	00043149	00043150	00043151	00043152	00043153	00043154	00043155	00043156	00043157	00043158	00043159	00043160	00043161	00043162	00043163	00043164	00043165	00043166	00043167	00043168	00043169	00043170	00043171	00043172	00043173	00043174	00043175	00043176	00043177	00043178	00043179	00043180	00043181	00043182	00043183	00043184	00043185	00043186	00043187	00043188	00043189	00043190	00043191	00043192	00043193	00043194	00043195	00043196	00043197	00043198	00043199	00043200	00043201	00043202	00043203	00043204	00043205	00043206	00043207	00043208	00043209	00043210	00043211	00043212	00043213	00043214	00043215	00043216	00043217	00043218	00043219	00043220	00043221	00043222	00043223	00043224	00043225	00043226	00043227	00043228	00043229	00043230	00043231	00043232	00043233	00043234	00043235	00043236	00043237	00043238	00043239
508972434	2691498928	3750094164	00043240	00043241	00043242	00043243	00043244	00043245	00043246	00043247	00043248	00043249	00043250	00043251	00043252	00043253	00043254	00043255	00043256	00043257	00043258	00043259	00043260	00043261	00043262	00043263	00043264	00043265	00043266	00043267	00043268	00043269	00043270	00043271	00043272	00043273	00043274	00043275	00043276	00043277	00043278	00043279	00043280	00043281	00043282	00043283	00043284	00043285	00043286	00043287	00043288	00043289	00043290	00043291	00043292	00043293	00043294	00043295	00043296	00043297	00043298	00043299	00043300	00043301	00043302	00043303	00043304	00043305	00043306	00043307	00043308	00043309	00043310	00043311	00043312	00043313	00043314	00043315	00043316	00043317	00043318	00043319	00043320	00043321	00043322	00043323	00043324	00043325	00043326	00043327	00043328	00043329	00043330	00043331	00043332	00043333	00043334	00043335	00043336	00043337	00043338	00043339	00043340	00043341	00043342	00043343	00043344	00043345	00043346	00043347	00043348	00043349	00043350	00043351	00043352	00043353	00043354	00043355	00043356	00043357	00043358	00043359	00043360	00043361	00043362	00043363	00043364	00043365	00043366	00043367	00043368	00043369	00043370	00043371	00043372	00043373	00043374	00043375	00043376	00043377	00043378	00043379	00043380	00043381	00043382	00043383	00043384	00043385	00043386	00043387	00043388	00043389	00043390	00043391	00043392	00043393	00043394	00043395	00043396	00043397	00043398	00043399	00043400	00043401	00043402	00043403	00043404	00043405	00043406	00043407	00043408	00043409	00043410	00043411	00043412	00043413	00043414	00043415	00043416	00043417	00043418	00043419	00043420	00043421	00043422	00043423	00043424	00043425	00043426	00043427	00043428	00043429	00043430	00043431	00043432	00043433	00043434	00043435	00043436	00043437	00043438	00043439
511336155	2703990704	3767651934	00043440	00043441	00043442	00043443	00043444	00043445	00043446	00043447	00043448	00043449	00043450	00043451	00043452	00043453	00043454	00043455	00043456	00043457	00043458	00043459	00043460	00043461	00043462	00043463	00043464	00043465	00043466	00043467	00043468	00043469	00043470	00043471	00043472	00043473	00043474	00043475	00043476	00043477	00043478	00043479	00043480	00043481	00043482	00043483	00043484	00043485	00043486	00043487	00043488	00043489	00043490	00043491	00043492	00043493	00043494	00043495	00043496	00043497	00043498	00043499	00043500	00043501	00043502	00043503	00043504	00043505	00043506	00043507	00043508	00043509	00043510	00043511	00043512	00043513	00043514	00043515	00043516	00043517	00043518	00043519	00043520	00043521	00043522	00043523	00043524	00043525	00043526	00043527	00043528	00043529	00043530	00043531	00043532	00043533	00043534	00043535	00043536	00043537	00043538	00043539	00043540	00043541	00043542	00043543	00043544	00043545	00043546	00043547	00043548	00043549	00043550	00043551	00043552	00043553	00043554	00043555	00043556	00043557	00043558	00043559	00043560	00043561	00043562	00043563	00043564	00043565	00043566	00043567	00043568	00043569	00043570	00043571	00043572	00043573	00043574	00043575	00043576	00043577	00043578	00043579	00043580	00043581	00043582	00043583	00043584	00043585	00043586	00043587	00043588	00043589	00043590	00043591	00043592	00043593	00043594	00043595	00043596	00043597	00043598	00043599	00043600	00043601	00043602	00043603	00043604	00043605	00043606	00043607	00043608	00043609	00043610	00043611	00043612	00043613	00043614	00043615	00043616	00043617	00043618	00043619	00043620	00043621	00043622	00043623	00043624	00043625	00043626	00043627	00043628	00043629	00043630	00043631	00043632	00043633	00043634	00043635	00043636	00043637	00043638	00043639
513671614	2716399806	3785358702	00043640	00043641	00043642	00043643	00043644	00043645	00043646	00043647	00043648	00043649	00043650	00043651	00043652	00043653	00043654	00043655	00043656	00043657	00043658	00043659	00043660	00043661	00043662	00043663	00043664	00043665	00043666	00043667	00043668	00043669	00043670	00043671	00043672	00043673	00043674	00043675	00043676	00043677	00043678	00043679	00043680	00043681	00043682	00043683	00043684	00043685	00043686	00043687	00043688	00043689	00043690	00043691	00043692	00043693	00043694	00043695	00043696	00043697	00043698	00043699	00043700	00043701	00043702	00043703	00043704	00043705	00043706	00043707	00043708	00043709	00043710	00043711	00043712	00043713	00043714	00043715	00043716	00043717	00043718	00043719	00043720	00043721	00043722	00043723	00043724	00043725	00043726	00043727	00043728	00043729	00043730	00043731	00043732	00043733	00043734	00043735	00043736	00043737	00043738	00043739	00043740	00043741	00043742	00043743	00043744	00043745	00043746	00043747	00043748	00043749	00043750	00043751	00043752	00043753	00043754	00043755	00043756	00043757	00043758	00043759	00043760	00043761	00043762	00043763	00043764	00043765	00043766	00043767	00043768	00043769	00043770	00043771	00043772	00043773	00043774	00043775	00043776	00043777	00043778	00043779	00043780	00043781	00043782	00043783	00043784	00043785	00043786	00043787	00043788	00043789	00043790	00043791	00043792	00043793	00043794	00043795	00043796	00043797	00043798	00043799	00043800	00043801	00043802	00043803	00043804	00043805	00043806	00043807	00043808	00043809	00043810	00043811	00043812	00043813	00043814	00043815	00043816	00043817	00043818	00043819	00043820	00043821	00043822	00043823	00043824	00043825	00043826	00043827	00043828	00043829	00043830	00043831	00043832	00043833	00043834	00043835	00043836	00043837	00043838	00043839
515957975	2728495544	3801907642	00043840	00043841	00043842	00043843	00043844	00043845	00043846	00043847	00043848	00043849	00043850	00043851	00043852	00043853	00043854	00043855	00043856	00043857	00043858	00043859	00043860	00043861	00043862	00043863	00043864	00043865	00043866	00043867	00043868	00043869	00043870	00043871	00043872	00043873	00043874	00043875	00043876	00043877	00043878	00043879	00043880	00043881	00043882	00043883	00043884	00043885	00043886	00043887	00043888	00043889	00043890	00043891	00043892	00043893	00043894	00043895	00043896	00043897	00043898	00043899	00043900	00043901	00043902	00043903	00043904	00043905	00043906	00043907	00043908	00043909	00043910	00043911	00043912	00043913	00043914	00043915	00043916	00043917	00043918	00043919	00043920	00043921	00043922	00043923	00043924	00043925	00043926	00043927	00043928	00043929	00043930	00043931	00043932	00043933	00043934	00043935	00043936	00043937	00043938	00043939	00043940	00043941	00043942	00043943	00043944	00043945	00043946	00043947	00043948	00043949	00043950	00043951	00043952	00043953	00043954	00043955	00043956	00043957	00043958	00043959	00043960	00043961	00043962	00043963	00043964	00043965	00043966	00043967	00043968	00043969	00043970	00043971	00043972	00043973	00043974	00043975	00043976	00043977	00043978	00043979	00043980	00043981	00043982	00043983	00043984	00043985	00043986	00043987	00043988	00043989	00043990	00043991	00043992	00043993	00043994	00043995	00043996	00043997	00043998	00043999	00044000	00044001	00044002	00044003	00044004	00044005	00044006	00044007	00044008	00044009	00044010	00044011	00044012	00044013	00044014	00044015	00044016	00044017	00044018	00044019	00044020	00044021	00044022	00044023	00044024	00044025	00044026	00044027	00044028	00044029	00044030	00044031	00044032	00044033	00044034	00044035	00044036	00044037	00044038	00044039
518293417	2740890838	3818653941	00044040	00044041	00044042	00044043	00044044	00044045	00044046	00044047	00044048	00044049	00044050	00044051	00044052	00044053	00044054	00044055	00044056	00044057	00044058	00044059	00044060	00044061	00044062	00044063	00044064	00044065	00044066	00044067	00044068	00044069	00044070	00044071	00044072	00044073	00044074	00044075	00044076	00044077	00044078	00044079	00044080	00044081	00044082	00044083	00044084	00044085	00044086	00044087	00044088	00044089	00044090	00044091	00044092	00044093	00044094	00044095	00044096	00044097	00044098	00044099	00044100	00044101	00044102	00044103	00044104	00044105	00044106	00044107	00044108	00044109	00044110	00044111	00044112	00044113	00044114	00044115	00044116	00044117	00044118	00044119	00044120	00044121	00044122	00044123	00044124	00044125	00044126	00044127	00044128	00044129	00044130	00044131	00044132	00044133	00044134	00044135	00044136	00044137	00044138	00044139	00044140	00044141	00044142	00044143	00044144	00044145	00044146	00044147	00044148	00044149	00044150	00044151	00044152	00044153	00044154	00044155	00044156	00044157	00044158	00044159	00044160	00044161	00044162	00044163	00044164	00044165	00044166	00044167	00044168	00044169	00044170	00044171	00044172	00044173	00044174	00044175	00044176	00044177	00044178	00044179	00044180	00044181	00044182	00044183	00044184	00044185	00044186	00044187	00044188	00044189	00044190	00044191	00044192	00044193	00044194	00044195	00044196	00044197	00044198	00044199	00044200	00044201	00044202	00044203	00044204	00044205	00044206	00044207	00044208	00044209	00044210	00044211	00044212	00044213	00044214	00044215	00044216	00044217	00044218	00044219	00044220	00044221	00044222	00044223	00044224	00044225	00044226	00044227	00044228	00044229	00044230	00044231	00044232	00044233	00044234	00044235	00044236	00044237	00044238	00044239
520671923	2753492998	3836542596	00044240	00044241	00044242	00044243	00044244	00044245	00044246	00044247	00044248	00044249	00044250	00044251	00044252	00044253	00044254	00044255	00044256	00044257	00044258	00044259	00044260	00044261	00044262	00044263	00044264	00044265	00044266	00044267	00044268	00044269	00044270	00044271	00044272	00044273	00044274	00044275	00044276	00044277	00044278	00044279	00044280	00044281	00044282	00044283	00044284	00044285	00044286	00044287	00044288	00044289	00044290	00044291	00044292	00044293	00044294	00044295	00044296	00044297	00044298	00044299	00044300	00044301	00044302	00044303	00044304	00044305	00044306	00044307	00044308	00044309	00044310	00044311	00044312	00044313	00044314	00044315	00044316	00044317	00044318	00044319	00044320	00044321	00044322	00044323	00044324	00044325	00044326	00044327	00044328	00044329	00044330	00044331	00044332	00044333	00044334	00044335	00044336	00044337	00044338	00044339	00044340	00044341	00044342	00044343	00044344	00044345	00044346	00044347	00044348	00044349	00044350	00044351	00044352	00044353	00044354	00044355	00044356	00044357	00044358	00044359	00044360	00044361	00044362	00044363	00044364	00044365	00044366	00044367	00044368	00044369	00044370	00044371	00044372	00044373	00044374	00044375	00044376	00044377	00044378	00044379	00044380	00044381	00044382	00044383	00044384	00044385	00044386	00044387	00044388	00044389	00044390	00044391	00044392	00044393	00044394	00044395	00044396	00044397	00044398	00044399	00044400	00044401	00044402	00044403	00044404	00044405	00044406	00044407	00044408	00044409	00044410	00044411	00044412	00044413	00044414	00044415	00044416	00044417	00044418	00044419	00044420	00044421	00044422	00044423	00044424	00044425	00044426	00044427	00044428	00044429	00044430	00044431	00044432	00044433	00044434	00044435	00044436	00044437	00044438	00044439
522937220	2765521348	3852583279	00044440	00044441	00044442	00044443	00044444	00044445	00044446	00044447	00044448	00044449	00044450	00044451	00044452	00044453	00044454	00044455	00044456	00044457	00044458	00044459	00044460	00044461	00044462	00044463	00044464	00044465	00044466	00044467	00044468	00044469	00044470	00044471	00044472	00044473	00044474	00044475	00044476	00044477	00044478	00044479	00044480	00044481	00044482	00044483	00044484	00044485	00044486	00044487	00044488	00044489	00044490	00044491	00044492	00044493	00044494	00044495	00044496	00044497	00044498	00044499	00044500	00044501	00044502	00044503	00044504	00044505	00044506	00044507	00044508	00044509	00044510	00044511	00044512	00044513	00044514	00044515	00044516	00044517	00044518	00044519	00044520	00044521	00044522	00044523	00044524	00044525	00044526	00044527	00044528	00044529	00044530	00044531	00044532	00044533	00044534	00044535	00044536	00044537	00044538	00044539	00044540	00044541	00044542	00044543	00044544	00044545	00044546	00044547	00044548	00044549	00044550	00044551	00044552	00044553	00044554	00044555	00044556	00044557	00044558	00044559	00044560	00044561	00044562	00044563	00044564	00044565	00044566	00044567	00044568	00044569	00044570	00044571	00044572	00044573	00044574	00044575	00044576	00044577	00044578	00044579	00044580	00044581	00044582	00044583	00044584	00044585	00044586	00044587	00044588	00044589	00044590	00044591	00044592	00044593	00044594	00044595	00044596	00044597	00044598	00044599	00044600	00044601	00044602	00044603	00044604	00044605	00044606	00044607	00044608	00044609	00044610	00044611	00044612	00044613	00044614	00044615	00044616	00044617	00044618	00044619	00044620	00044621	00044622	00044623	00044624	00044625	00044626	00044627	00044628	00044629	00044630	00044631	00044632	00044633	00044634	00044635	00044636	00044637	00044638	00044639
525284375	2777828402	3869418052	00044640	00044641	00044642	00044643	00044644	00044645	00044646	00044647	00044648	00044649	00044650	00044651	00044652	00044653	00044654	00044655	00044656	00044657	00044658	00044659	00044660	00044661	00044662	00044663	00044664	00044665	00044666	00044667	00044668	00044669	00044670	00044671	00044672	00044673	00044674	00044675	00044676	00044677	00044678	00044679	00044680	00044681	00044682	00044683	00044684	00044685	00044686	00044687	00044688	00044689	00044690	00044691	00044692	00044693	00044694	00044695	00044696	00044697	00044698	00044699	00044700	00044701	00044702	00044703	00044704	00044705	00044706	00044707	00044708	00044709	00044710	00044711	00044712	00044713	00044714	00044715	00044716	00044717	00044718	00044719	00044720	00044721	00044722	00044723	00044724	00044725	00044726	00044727	00044728	00044729	00044730	00044731	00044732	00044733	00044734	00044735	00044736	00044737	00044738	00044739	00044740	00044741	00044742	00044743	00044744	00044745	00044746	00044747	00044748	00044749	00044750	00044751	00044752	00044753	00044754	00044755	00044756	00044757	00044758	00044759	00044760	00044761	00044762	00044763	00044764	00044765	00044766	00044767	00044768	00044769	00044770	00044771	00044772	00044773	00044774	00044775	00044776	00044777	00044778	00044779	00044780	00044781	00044782	00044783	00044784	00044785	00044786	00044787	00044788	00044789	00044790	00044791	00044792	00044793	00044794	00044795	00044796	00044797	00044798	00044799	00044800	00044801	00044802	00044803	00044804	00044805	00044806	00044807	00044808	00044809	00044810	00044811	00044812	00044813	00044814	00044815	00044816	00044817	00044818	00044819	00044820	00044821	00044822	00044823	00044824	00044825	00044826	00044827	00044828	00044829	00044830	00044831	00044832	00044833	00044834	00044835	00044836	00044837	00044838	00044839
527690860	2790560330	3887557265	00044840	00044841	00044842	00044843	00044844	00044845	00044846	00044847	00044848	00044849	00044850	00044851	00044852	00044853	00044854	00044855	00044856	00044857	00044858	00044859	00044860	00044861	00044862	00044863	00044864	00044865	00044866	00044867	00044868	00044869	00044870	00044871	00044872	00044873	00044874	00044875	00044876	00044877	00044878	00044879	00044880	00044881	00044882	00044883	00044884	00044885	00044886	00044887	00044888	00044889	00044890	00044891	00044892	00044893	00044894	00044895	00044896	00044897	00044898	00044899	00044900	00044901	00044902	00044903	00044904	00044905	00044906	00044907	00044908	00044909	00044910	00044911	00044912	00044913	00044914	00044915	00044916	00044917	00044918	00044919	00044920	00044921	00044922	00044923	00044924	00044925	00044926	00044927	00044928	00044929	00044930	00044931	00044932	00044933	00044934	00044935	00044936	00044937	00044938	00044939	00044940	00044941	00044942	00044943	00044944	00044945	00044946	00044947	00044948	00044949	00044950	00044951	00044952	00044953	00044954	00044955	00044956	00044957	00044958	00044959	00044960	00044961	00044962	00044963	00044964	00044965	00044966	00044967	00044968	00044969	00044970	00044971	00044972	00044973	00044974	00044975	00044976	00044977	00044978	00044979	00044980	00044981	00044982	00044983	00044984	00044985	00044986	00044987	00044988	00044989	00044990	00044991	00044992	00044993	00044994	00044995	00044996	00044997	00044998	00044999	00045000	00045001	00045002	00045003	00045004	00045005	00045006	00045007	00045008	00045009	00045010	00045011	00045012	00045013	00045014	00045015	00045016	00045017	00045018	00045019	00045020	00045021	00045022	00045023	00045024	00045025	00045026	00045027	00045028	00045029	00045030	00045031	00045032	00045033	00045034	00045035	00045036	00045037	00045038	00045039
530146544	2803598708	3906389998	00045040	00045041	00045042	00045043	00045044	00045045	00045046	00045047	00045048	00045049	00045050	00045051	00045052	00045053	00045054	00045055	00045056	00045057	00045058	00045059	00045060	00045061	00045062	00045063	00045064	00045065	00045066	00045067	00045068	00045069	00045070	00045071	00045072	00045073	00045074	00045075	00045076	00045077	00045078	00045079	00045080	00045081	00045082	00045083	00045084	00045085	00045086	00045087	00045088	00045089	00045090	00045091	00045092	00045093	00045094	00045095	00045096	00045097	00045098	00045099	00045100	00045101	00045102	00045103	00045104	00045105	00045106	00045107	00045108	00045109	00045110	00045111	00045112	00045113	00045114	00045115	00045116	00045117	00045118	00045119	00045120	00045121	00045122	00045123	00045124	00045125	00045126	00045127	00045128	00045129	00045130	00045131	00045132	00045133	00045134	00045135	00045136	00045137	00045138	00045139	00045140	00045141	00045142	00045143	00045144	00045145	00045146	00045147	00045148	00045149	00045150	00045151	00045152	00045153	00045154	00045155	00045156	00045157	00045158	00045159	00045160	00045161	00045162	00045163	00045164	00045165	00045166	00045167	00045168	00045169	00045170	00045171	00045172	00045173	00045174	00045175	00045176	00045177	00045178	00045179	00045180	00045181	00045182	00045183	00045184	00045185	00045186	00045187	00045188	00045189	00045190	00045191	00045192	00045193	00045194	00045195	00045196	00045197	00045198	00045199	00045200	00045201	00045202	00045203	00045204	00045205	00045206	00045207	00045208	00045209	00045210	00045211	00045212	00045213	00045214	00045215	00045216	00045217	00045218	00045219	00045220	00045221	00045222	00045223	00045224	00045225	00045226	00045227	00045228	00045229	00045230	00045231	00045232	00045233	00045234	00045235	00045236	00045237	00045238	00045239
532488747	2816002084	3923700099	00045240	00045241	00045242	00045243	00045244	00045245	00045246	00045247	00045248	00045249	00045250	00045251	00045252	00045253	00045254	00045255	00045256	00045257	00045258	00045259	00045260	00045261	00045262	00045263	00045264	00045265	00045266	00045267	00045268	00045269	00045270	00045271	00045272	00045273	00045274	00045275	00045276	00045277	00045278	00045279	00045280	00045281	00045282	00045283	00045284	00045285	00045286	00045287	00045288	00045289	00045290	00045291	00045292	00045293	00045294	00045295	00045296	00045297	00045298	00045299	00045300	00045301	00045302	00045303	00045304	00045305	00045306	00045307	00045308	00045309	00045310	00045311	00045312	00045313	00045314	00045315	00045316	00045317	00045318	00045319	00045320	00045321	00045322	00045323	00045324	00045325	00045326	00045327	00045328	00045329	00045330	00045331	00045332	00045333	00045334	00045335	00045336	00045337	00045338	00045339	00045340	00045341	00045342	00045343	00045344	00045345	00045346	00045347	00045348	00045349	00045350	00045351	00045352	00045353	00045354	00045355	00045356	00045357	00045358	00045359	00045360	00045361	00045362	00045363	00045364	00045365	00045366	00045367	00045368	00045369	00045370	00045371	00045372	00045373	00045374	00045375	00045376	00045377	00045378	00045379	00045380	00045381	00045382	00045383	00045384	00045385	00045386	00045387	00045388	00045389	00045390	00045391	00045392	00045393	00045394	00045395	00045396	00045397	00045398	00045399	00045400	00045401	00045402	00045403	00045404	00045405	00045406	00045407	00045408	00045409	00045410	00045411	00045412	00045413	00045414	00045415	00045416	00045417	00045418	00045419	00045420	00045421	00045422	00045423	00045424	00045425	00045426	00045427	00045428	00045429	00045430	00045431	00045432	00045433	00045434	00045435	00045436	00045437	00045438	00045439
534709192	2827630238	3939130712	00045440	00045441	00045442	00045443	00045444	00045445	00045446	00045447	00045448	00045449	00045450	00045451	00045452	00045453	00045454	00045455	00045456	00045457	00045458	00045459	00045460	00045461	00045462	00045463	00045464	00045465	00045466	00045467	00045468	00045469	00045470	00045471	00045472	00045473	00045474	00045475	00045476	00045477	00045478	00045479	00045480	00045481	00045482	00045483	00045484	00045485	00045486	00045487	00045488	00045489	00045490	00045491	00045492	00045493	00045494	00045495	00045496	00045497	00045498	00045499	00045500	00045501	00045502	00045503	00045504	00045505	00045506	00045507	00045508	00045509	00045510	00045511	00045512	00045513	00045514	00045515	00045516	00045517	00045518	00045519	00045520	00045521	00045522	00045523	00045524	00045525	00045526	00045527	00045528	00045529	00045530	00045531	00045532	00045533	00045534	00045535	00045536	00045537	00045538	00045539	00045540	00045541	00045542	00045543	00045544	00045545	00045546	00045547	00045548	00045549	00045550	00045551	00045552	00045553	00045554	00045555	00045556	00045557	00045558	00045559	00045560	00045561	00045562	00045563	00045564	00045565	00045566	00045567	00045568	00045569	00045570	00045571	00045572	00045573	00045574	00045575	00045576	00045577	00045578	00045579	00045580	00045581	00045582	00045583	00045584	00045585	00045586	00045587	00045588	00045589	00045590	00045591	00045592	00045593	00045594	00045595	00045596	00045597	00045598	00045599	00045600	00045601	00045602	00045603	00045604	00045605	00045606	00045607	00045608	00045609	00045610	00045611	00045612	00045613	00045614	00045615	00045616	00045617	00045618	00045619	00045620	00045621	00045622	00045623	00045624	00045625	00045626	00045627	00045628	00045629	00045630	00045631	00045632	00045633	00045634	00045635	00045636	00045637	00045638	00045639
537093963	2840381490	3956699942	00045640	00045641	00045642	00045643	00045644	00045645	00045646	00045647	00045648	00045649	00045650	00045651	00045652	00045653	00045654	00045655	00045656	00045657	00045658	00045659	00045660	00045661	00045662	00045663	00045664	00045665	00045666	00045667	00045668	00045669	00045670	00045671	00045672	00045673	00045674	00045675	00045676	00045677	00045678	00045679	00045680	00045681	00045682	00045683	00045684	00045685	00045686	00045687	00045688	00045689	00045690	00045691	00045692	00045693	00045694	00045695	00045696	00045697	00045698	00045699	00045700	00045701	00045702	00045703	00045704	00045705	00045706	00045707	00045708	00045709	00045710	00045711	00045712	00045713	00045714	00045715	00045716	00045717	00045718	00045719	00045720	00045721	00045722	00045723	00045724	00045725	00045726	00045727	00045728	00045729	00045730	00045731	00045732	00045733	00045734	00045735	00045736	00045737	00045738	00045739	00045740	00045741	00045742	00045743	00045744	00045745	00045746	00045747	00045748	00045749	00045750	00045751	00045752	00045753	00045754	00045755	00045756	00045757	00045758	00045759	00045760	00045761	00045762	00045763	00045764	00045765	00045766	00045767	00045768	00045769	00045770	00045771	00045772	00045773	00045774	00045775	00045776	00045777	00045778	00045779	00045780	00045781	00045782	00045783	00045784	00045785	00045786	00045787	00045788	00045789	00045790	00045791	00045792	00045793	00045794	00045795	00045796	00045797	00045798	00045799	00045800	00045801	00045802	00045803	00045804	00045805	00045806	00045807	00045808	00045809	00045810	00045811	00045812	00045813	00045814	00045815	00045816	00045817	00045818	00045819	00045820	00045821	00045822	00045823	00045824	00045825	00045826	00045827	00045828	00045829	00045830	00045831	00045832	00045833	00045834	00045835	00045836	00045837	00045838	00045839
539406492	2852544932	3973460413	00045840	00045841	00045842	00045843	00045844	00045845	00045846	00045847	00045848	00045849	00045850	00045851	00045852	00045853	00045854	00045855	00045856	00045857	00045858	00045859	00045860	00045861	00045862	00045863	00045864	00045865	00045866	00045867	00045868	00045869	00045870	00045871	00045872	00045873	00045874	00045875	00045876	00045877	00045878	00045879	00045880	00045881	00045882	00045883	00045884	00045885	00045886	00045887	00045888	00045889	00045890	00045891	00045892	00045893	00045894	00045895	00045896	00045897	00045898	00045899	00045900	00045901	00045902	00045903	00045904	00045905	00045906	00045907	00045908	00045909	00045910	00045911	00045912	00045913	00045914	00045915	00045916	00045917	00045918	00045919	00045920	00045921	00045922	00045923	00045924	00045925	00045926	00045927	00045928	00045929	00045930	00045931	00045932	00045933	00045934	00045935	00045936	00045937	00045938	00045939	00045940	00045941	00045942	00045943	00045944	00045945	00045946	00045947	00045948	00045949	00045950	00045951	00045952	00045953	00045954	00045955	00045956	00045957	00045958	00045959	00045960	00045961	00045962	00045963	00045964	00045965	00045966	00045967	00045968	00045969	00045970	00045971	00045972	00045973	00045974	00045975	00045976	00045977	00045978	00045979	00045980	00045981	00045982	00045983	00045984	00045985	00045986	00045987	00045988	00045989	00045990	00045991	00045992	00045993	00045994	00045995	00045996	00045997	00045998	00045999	00046000	00046001	00046002	00046003	00046004	00046005	00046006	00046007	00046008	00046009	00046010	00046011	00046012	00046013	00046014	00046015	00046016	00046017	00046018	00046019	00046020	00046021	00046022	00046023	00046024	00046025	00046026	00046027	00046028	00046029	00046030	00046031	00046032	00046033	00046034	00046035	00046036	00046037	00046038	00046039
541779823	2865082248	3991385458	00046040	00046041	00046042	00046043	00046044	00046045	00046046	00046047	00046048	00046049	00046050	00046051	00046052	00046053	00046054	00046055	00046056	00046057	00046058	00046059	00046060	00046061	00046062	00046063	00046064	00046065	00046066	00046067	00046068	00046069	00046070	00046071	00046072	00046073	00046074	00046075	00046076	00046077	00046078	00046079	00046080	00046081	00046082	00046083	00046084	00046085	00046086	00046087	00046088	00046089	00046090	00046091	00046092	00046093	00046094	00046095	00046096	00046097	00046098	00046099	00046100	00046101	00046102	00046103	00046104	00046105	00046106	00046107	00046108	00046109	00046110	00046111	00046112	00046113	00046114	00046115	00046116	00046117	00046118	00046119	00046120	00046121	00046122	00046123	00046124	00046125	00046126	00046127	00046128	00046129	00046130	00046131	00046132	00046133	00046134	00046135	00046136	00046137	00046138	00046139	00046140	00046141	00046142	00046143	00046144	00046145	00046146	00046147	00046148	00046149	00046150	00046151	00046152	00046153	00046154	00046155	00046156	00046157	00046158	00046159	00046160	00046161	00046162	00046163	00046164	00046165	00046166	00046167	00046168	00046169	00046170	00046171	00046172	00046173	00046174	00046175	00046176	00046177	00046178	00046179	00046180	00046181	00046182	00046183	00046184	00046185	00046186	00046187	00046188	00046189	00046190	00046191	00046192	00046193	00046194	00046195	00046196	00046197	00046198	00046199	00046200	00046201	00046202	00046203	00046204	00046205	00046206	00046207	00046208	00046209	00046210	00046211	00046212	00046213	00046214	00046215	00046216	00046217	00046218	00046219	00046220	00046221	00046222	00046223	00046224	00046225	00046226	00046227	00046228	00046229	00046230	00046231	00046232	00046233	00046234	00046235	00046236	00046237	00046238	00046239
544159668	2877611228	4009210873	00046240	00046241	00046242	00046243	00046244	00046245	00046246	00046247	00046248	00046249	00046250	00046251	00046252	00046253	00046254	00046255	00046256	00046257	00046258	00046259	00046260	00046261	00046262	00046263	00046264	00046265	00046266	00046267	00046268	00046269	00046270	00046271	00046272	00046273	00046274	00046275	00046276	00046277	00046278	00046279	00046280	00046281	00046282	00046283	00046284	00046285	00046286	00046287	00046288	00046289	00046290	00046291	00046292	00046293	00046294	00046295	00046296	00046297	00046298	00046299	00046300	00046301	00046302	00046303	00046304	00046305	00046306	00046307	00046308	00046309	00046310	00046311	00046312	00046313	00046314	00046315	00046316	00046317	00046318	00046319	00046320	00046321	00046322	00046323	00046324	00046325	00046326	00046327	00046328	00046329	00046330	00046331	00046332	00046333	00046334	00046335	00046336	00046337	00046338	00046339	00046340	00046341	00046342	00046343	00046344	00046345	00046346	00046347	00046348	00046349	00046350	00046351	00046352	00046353	00046354	00046355	00046356	00046357	00046358	00046359	00046360	00046361	00046362	00046363	00046364	00046365	00046366	00046367	00046368	00046369	00046370	00046371	00046372	00046373	00046374	00046375	00046376	00046377	00046378	00046379	00046380	00046381	00046382	00046383	00046384	00046385	00046386	00046387	00046388	00046389	00046390	00046391	00046392	00046393	00046394	00046395	00046396	00046397	00046398	00046399	00046400	00046401	00046402	00046403	00046404	00046405	00046406	00046407	00046408	00046409	00046410	00046411	00046412	00046413	00046414	00046415	00046416	00046417	00046418	00046419	00046420	00046421	00046422	00046423	00046424	00046425	00046426	00046427	00046428	00046429	00046430	00046431	00046432	00046433	00046434	00046435	00046436	00046437	00046438	00046439
546566919	2890403184	4027392923	00046440	00046441	00046442	00046443	00046444	00046445	00046446	00046447	00046448	00046449	00046450	00046451	00046452	00046453	00046454	00046455	00046456	00046457	00046458	00046459	00046460	00046461	00046462	00046463	00046464	00046465	00046466	00046467	00046468	00046469	00046470	00046471	00046472	00046473	00046474	00046475	00046476	00046477	00046478	00046479	00046480	00046481	00046482	00046483	00046484	00046485	00046486	00046487	00046488	00046489	00046490	00046491	00046492	00046493	00046494	00046495	00046496	00046497	00046498	00046499	00046500	00046501	00046502	00046503	00046504	00046505	00046506	00046507	00046508	00046509	00046510	00046511	00046512	00046513	00046514	00046515	00046516	00046517	00046518	00046519	00046520	00046521	00046522	00046523	00046524	00046525	00046526	00046527	00046528	00046529	00046530	00046531	00046532	00046533	00046534	00046535	00046536	00046537	00046538	00046539	00046540	00046541	00046542	00046543	00046544	00046545	00046546	00046547	00046548	00046549	00046550	00046551	00046552	00046553	00046554	00046555	00046556	00046557	00046558	00046559	00046560	00046561	00046562	00046563	00046564	00046565	00046566	00046567	00046568	00046569	00046570	00046571	00046572	00046573	00046574	00046575	00046576	00046577	00046578	00046579	00046580	00046581	00046582	00046583	00046584	00046585	00046586	00046587	00046588	00046589	00046590	00046591	00046592	00046593	00046594	00046595	00046596	00046597	00046598	00046599	00046600	00046601	00046602	00046603	00046604	00046605	00046606	00046607	00046608	00046609	00046610	00046611	00046612	00046613	00046614	00046615	00046616	00046617	00046618	00046619	00046620	00046621	00046622	00046623	00046624	00046625	00046626	00046627	00046628	00046629	00046630	00046631	00046632	00046633	00046634	00046635	00046636	00046637	00046638	00046639
548915633	2902849220	4044765750	00046640	00046641	00046642	00046643	00046644	00046645	00046646	00046647	00046648	00046649	00046650	00046651	00046652	00046653	00046654	00046655	00046656	00046657	00046658	00046659	00046660	00046661	00046662	00046663	00046664	00046665	00046666	00046667	00046668	00046669	00046670	00046671	00046672	00046673	00046674	00046675	00046676	00046677	00046678	00046679	00046680	00046681	00046682	00046683	00046684	00046685	00046686	00046687	00046688	00046689	00046690	00046691	00046692	00046693	00046694	00046695	00046696	00046697	00046698	00046699	00046700	00046701	00046702	00046703	00046704	00046705	00046706	00046707	00046708	00046709	00046710	00046711	00046712	00046713	00046714	00046715	00046716	00046717	00046718	00046719	00046720	00046721	00046722	00046723	00046724	00046725	00046726	00046727	00046728	00046729	00046730	00046731	00046732	00046733	00046734	00046735	00046736	00046737	00046738	00046739	00046740	00046741	00046742	00046743	00046744	00046745	00046746	00046747	00046748	00046749	00046750	00046751	00046752	00046753	00046754	00046755	00046756	00046757	00046758	00046759	00046760	00046761	00046762	00046763	00046764	00046765	00046766	00046767	00046768	00046769	00046770	00046771	00046772	00046773	00046774	00046775	00046776	00046777	00046778	00046779	00046780	00046781	00046782	00046783	00046784	00046785	00046786	00046787	00046788	00046789	00046790	00046791	00046792	00046793	00046794	00046795	00046796	00046797	00046798	00046799	00046800	00046801	00046802	00046803	00046804	00046805	00046806	00046807	00046808	00046809	00046810	00046811	00046812	00046813	00046814	00046815	00046816	00046817	00046818	00046819	00046820	00046821	00046822	00046823	00046824	00046825	00046826	00046827	00046828	00046829	00046830	00046831	00046832	00046833	00046834	00046835	00046836	00046837	00046838	00046839
551288791	2915486738	4062159352	00046840	00046841	00046842	00046843	00046844	00046845	00046846	00046847	00046848	00046849	00046850	00046851	00046852	00046853	00046854	00046855	00046856	00046857	00046858	00046859	00046860	00046861	00046862	00046863	00046864	00046865	00046866	00046867	00046868	00046869	00046870	00046871	00046872	00046873	00046874	00046875	00046876	00046877	00046878	00046879	00046880	00046881	00046882	00046883	00046884	00046885	00046886	00046887	00046888	00046889	00046890	00046891	00046892	00046893	00046894	00046895	00046896	00046897	00046898	00046899	00046900	00046901	00046902	00046903	00046904	00046905	00046906	00046907	00046908	00046909	00046910	00046911	00046912	00046913	00046914	00046915	00046916	00046917	00046918	00046919	00046920	00046921	00046922	00046923	00046924	00046925	00046926	00046927	00046928	00046929	00046930	00046931	00046932	00046933	00046934	00046935	00046936	00046937	00046938	00046939	00046940	00046941	00046942	00046943	00046944	00046945	00046946	00046947	00046948	00046949	00046950	00046951	00046952	00046953	00046954	00046955	00046956	00046957	00046958	00046959	00046960	00046961	00046962	00046963	00046964	00046965	00046966	00046967	00046968	00046969	00046970	00046971	00046972	00046973	00046974	00046975	00046976	00046977	00046978	00046979	00046980	00046981	00046982	00046983	00046984	00046985	00046986	00046987	00046988	00046989	00046990	00046991	00046992	00046993	00046994	00046995	00046996	00046997	00046998	00046999	00047000	00047001	00047002	00047003	00047004	00047005	00047006	00047007	00047008	00047009	00047010	00047011	00047012	00047013	00047014	00047015	00047016	00047017	00047018	00047019	00047020	00047021	00047022	00047023	00047024	00047025	00047026	00047027	00047028	00047029	00047030	00047031	00047032	00047033	00047034	00047035	00047036	00047037	00047038	00047039
553580444	2927449784	4078946169	00047040	00047041	00047042	00047043	00047044	00047045	00047046	00047047	00047048	00047049	00047050	00047051	00047052	00047053	00047054	00047055	00047056	00047057	00047058	00047059	00047060	00047061	00047062	00047063	00047064	00047065	00047066	00047067	00047068	00047069	00047070	00047071	00047072	00047073	00047074	00047075	00047076	00047077	00047078	00047079	00047080	00047081	00047082	00047083	00047084	00047085	00047086	00047087	00047088	00047089	00047090	00047091	00047092	00047093	00047094	00047095	00047096	00047097	00047098	00047099	00047100	00047101	00047102	00047103	00047104	00047105	00047106	00047107	00047108	00047109	00047110	00047111	00047112	00047113	00047114	00047115	00047116	00047117	00047118	00047119	00047120	00047121	00047122	00047123	00047124	00047125	00047126	00047127	00047128	00047129	00047130	00047131	00047132	00047133	00047134	00047135	00047136	00047137	00047138	00047139	00047140	00047141	00047142	00047143	00047144	00047145	00047146	00047147	00047148	00047149	00047150	00047151	00047152	00047153	00047154	00047155	00047156	00047157	00047158	00047159	00047160	00047161	00047162	00047163	00047164	00047165	00047166	00047167	00047168	00047169	00047170	00047171	00047172	00047173	00047174	00047175	00047176	00047177	00047178	00047179	00047180	00047181	00047182	00047183	00047184	00047185	00047186	00047187	00047188	00047189	00047190	00047191	00047192	00047193	00047194	00047195	00047196	00047197	00047198	00047199	00047200	00047201	00047202	00047203	00047204	00047205	00047206	00047207	00047208	00047209	00047210	00047211	00047212	00047213	00047214	00047215	00047216	00047217	00047218	00047219	00047220	00047221	00047222	00047223	00047224	00047225	00047226	00047227	00047228	00047229	00047230	00047231	00047232	00047233	00047234	00047235	00047236	00047237	00047238	00047239
556025584	2940415620	4097501578	00047240	00047241	00047242	00047243	00047244	00047245	00047246	00047247	00047248	00047249	00047250	00047251	00047252	00047253	00047254	00047255	00047256	00047257	00047258	00047259	00047260	00047261	00047262	00047263	00047264	00047265	00047266	00047267	00047268	00047269	00047270	00047271	00047272	00047273	00047274	00047275	00047276	00047277	00047278	00047279	00047280	00047281	00047282	00047283	00047284	00047285	00047286	00047287	00047288	00047289	00047290	00047291	00047292	00047293	00047294	00047295	00047296	00047297	00047298	00047299	00047300	00047301	00047302	00047303	00047304	00047305	00047306	00047307	00047308	00047309	00047310	00047311	00047312	00047313	00047314	00047315	00047316	00047317	00047318	00047319	00047320	00047321	00047322	00047323	00047324	00047325	00047326	00047327	00047328	00047329	00047330	00047331	00047332	00047333	00047334	00047335	00047336	00047337	00047338	00047339	00047340	00047341	00047342	00047343	00047344	00047345	00047346	00047347	00047348	00047349	00047350	00047351	00047352	00047353	00047354	00047355	00047356	00047357	00047358	00047359	00047360	00047361	00047362	00047363	00047364	00047365	00047366	00047367	00047368	00047369	00047370	00047371	00047372	00047373	00047374	00047375	00047376	00047377	00047378	00047379	00047380	00047381	00047382	00047383	00047384	00047385	00047386	00047387	00047388	00047389	00047390	00047391	00047392	00047393	00047394	00047395	00047396	00047397	00047398	00047399	00047400	00047401	00047402	00047403	00047404	00047405	00047406	00047407	00047408	00047409	00047410	00047411	00047412	00047413	00047414	00047415	00047416	00047417	00047418	00047419	00047420	00047421	00047422	00047423	00047424	00047425	00047426	00047427	00047428	00047429	00047430	00047431	00047432	00047433	00047434	00047435	00047436	00047437	00047438	00047439
558449933	2953166330	4115852678	00047440	00047441	00047442	00047443	00047444	00047445	00047446	00047447	00047448	00047449	00047450	00047451	00047452	00047453	00047454	00047455	00047456	00047457	00047458	00047459	00047460	00047461	00047462	00047463	00047464	00047465	00047466	00047467	00047468	00047469	00047470	00047471	00047472	00047473	00047474	00047475	00047476	00047477	00047478	00047479	00047480	00047481	00047482	00047483	00047484	00047485	00047486	00047487	00047488	00047489	00047490	00047491	00047492	00047493	00047494	00047495	00047496	00047497	00047498	00047499	00047500	00047501	00047502	00047503	00047504	00047505	00047506	00047507	00047508	00047509	00047510	00047511	00047512	00047513	00047514	00047515	00047516	00047517	00047518	00047519	00047520	00047521	00047522	00047523	00047524	00047525	00047526	00047527	00047528	00047529	00047530	00047531	00047532	00047533	00047534	00047535	00047536	00047537	00047538	00047539	00047540	00047541	00047542	00047543	00047544	00047545	00047546	00047547	00047548	00047549	00047550	00047551	00047552	00047553	00047554	00047555	00047556	00047557	00047558	00047559	00047560	00047561	00047562	00047563	00047564	00047565	00047566	00047567	00047568	00047569	00047570	00047571	00047572	00047573	00047574	00047575	00047576	00047577	00047578	00047579	00047580	00047581	00047582	00047583	00047584	00047585	00047586	00047587	00047588	00047589	00047590	00047591	00047592	00047593	00047594	00047595	00047596	00047597	00047598	00047599	00047600	00047601	00047602	00047603	00047604	00047605	00047606	00047607	00047608	00047609	00047610	00047611	00047612	00047613	00047614	00047615	00047616	00047617	00047618	00047619	00047620	00047621	00047622	00047623	00047624	00047625	00047626	00047627	00047628	00047629	00047630	00047631	00047632	00047633	00047634	00047635	00047636	00047637	00047638	00047639
560842405	2965891556	4133445927	00047640	00047641	00047642	00047643	00047644	00047645	00047646	00047647	00047648	00047649	00047650	00047651	00047652	00047653	00047654	00047655	00047656	00047657	00047658	00047659	00047660	00047661	00047662	00047663	00047664	00047665	00047666	00047667	00047668	00047669	00047670	00047671	00047672	00047673	00047674	00047675	00047676	00047677	00047678	00047679	00047680	00047681	00047682	00047683	00047684	00047685	00047686	00047687	00047688	00047689	00047690	00047691	00047692	00047693	00047694	00047695	00047696	00047697	00047698	00047699	00047700	00047701	00047702	00047703	00047704	00047705	00047706	00047707	00047708	00047709	00047710	00047711	00047712	00047713	00047714	00047715	00047716	00047717	00047718	00047719	00047720	00047721	00047722	00047723	00047724	00047725	00047726	00047727	00047728	00047729	00047730	00047731	00047732	00047733	00047734	00047735	00047736	00047737	00047738	00047739	00047740	00047741	00047742	00047743	00047744	00047745	00047746	00047747	00047748	00047749	00047750	00047751	00047752	00047753	00047754	00047755	00047756	00047757	00047758	00047759	00047760	00047761	00047762	00047763	00047764	00047765	00047766	00047767	00047768	00047769	00047770	00047771	00047772	00047773	00047774	00047775	00047776	00047777	00047778	00047779	00047780	00047781	00047782	00047783	00047784	00047785	00047786	00047787	00047788	00047789	00047790	00047791	00047792	00047793	00047794	00047795	00047796	00047797	00047798	00047799	00047800	00047801	00047802	00047803	00047804	00047805	00047806	00047807	00047808	00047809	00047810	00047811	00047812	00047813	00047815	00047816	00047817	00047818	00047819	00047820	00047821	00047822	00047823	00047824	00047825	00047826	00047827	00047828	00047829	00047830	00047831	00047832	00047833	00047834	00047835	00047836	00047837	00047838	00047839	00047840
563179201	2978157504	4150771091	00047841	00047842	00047843	00047844	00047845	00047846	00047847	00047848	00047849	00047850	00047851	00047852	00047853	00047854	00047855	00047856	00047857	00047858	00047859	00047860	00047861	00047862	00047863	00047864	00047865	00047866	00047867	00047868	00047869	00047870	00047871	00047872	00047873	00047874	00047875	00047876	00047877	00047878	00047879	00047880	00047881	00047882	00047883	00047884	00047885	00047886	00047887	00047888	00047889	00047890	00047891	00047892	00047893	00047894	00047895	00047896	00047897	00047898	00047899	00047900	00047901	00047902	00047903	00047904	00047905	00047906	00047907	00047908	00047909	00047910	00047911	00047912	00047913	00047914	00047915	00047916	00047917	00047918	00047919	00047920	00047921	00047922	00047923	00047924	00047925	00047926	00047927	00047928	00047929	00047930	00047931	00047932	00047933	00047934	00047935	00047936	00047937	00047938	00047939	00047940	00047941	00047942	00047943	00047944	00047945	00047946	00047947	00047948	00047949	00047950	00047951	00047952	00047953	00047954	00047955	00047956	00047957	00047958	00047959	00047960	00047961	00047962	00047963	00047964	00047965	00047966	00047967	00047968	00047969	00047970	00047971	00047972	00047973	00047974	00047975	00047976	00047977	00047978	00047979	00047980	00047981	00047982	00047983	00047984	00047985	00047986	00047987	00047988	00047989	00047990	00047991	00047992	00047993	00047994	00047995	00047996	00047997	00047998	00047999	00048000	00048001	00048002	00048003	00048004	00048005	00048006	00048007	00048008	00048009	00048010	00048011	00048012	00048013	00048014	00048015	00048016	00048017	00048018	00048019	00048020	00048021	00048022	00048023	00048024	00048025	00048026	00048027	00048028	00048029	00048030	00048031	00048032	00048033	00048034	00048035	00048036	00048037	00048038	00048039	00048040
565516885	2990565232	4167947627	00048041	00048042	00048043	00048044	00048045	00048046	00048047	00048048	00048049	00048050	00048051	00048052	00048053	00048054	00048055	00048056	00048057	00048058	00048059	00048060	00048061	00048062	00048063	00048064	00048065	00048066	00048067	00048068	00048069	00048070	00048071	00048072	00048073	00048074	00048075	00048076	00048077	00048078	00048079	00048080	00048081	00048082	00048083	00048084	00048085	00048086	00048087	00048088	00048089	00048090	00048091	00048092	00048093	00048094	00048095	00048096	00048097	00048098	00048099	00048100	00048101	00048102	00048103	00048104	00048105	00048106	00048107	00048108	00048109	00048110	00048111	00048112	00048113	00048114	00048115	00048116	00048117	00048118	00048119	00048120	00048121	00048122	00048123	00048124	00048125	00048126	00048127	00048128	00048129	00048130	00048131	00048132	00048133	00048134	00048135	00048136	00048137	00048138	00048139	00048140	00048141	00048142	00048143	00048144	00048145	00048146	00048147	00048148	00048149	00048150	00048151	00048152	00048153	00048154	00048155	00048156	00048157	00048158	00048159	00048160	00048161	00048162	00048163	00048164	00048165	00048166	00048167	00048168	00048169	00048170	00048171	00048172	00048173	00048174	00048175	00048176	00048177	00048178	00048179	00048180	00048181	00048182	00048183	00048184	00048185	00048186	00048187	00048188	00048189	00048190	00048191	00048192	00048193	00048194	00048195	00048196	00048197	00048198	00048199	00048200	00048201	00048202	00048203	00048204	00048205	00048206	00048207	00048208	00048209	00048210	00048211	00048212	00048213	00048214	00048215	00048216	00048217	00048218	00048219	00048220	00048221	00048222	00048223	00048224	00048225	00048226	00048227	00048228	00048229	00048230	00048231	00048232	00048233	00048234	00048235	00048236	00048237	00048238	00048239	00048240
567933238	3003489076	4185944525	00048241	00048242	00048243	00048244	00048245	00048246	00048247	00048248	00048249	00048250	00048251	00048252	00048253	00048254	00048255	00048256	00048257	00048258	00048259	00048260	00048261	00048262	00048263	00048264	00048265	00048266	00048267	00048268	00048269	00048270	00048271	00048272	00048273	00048274	00048275	00048276	00048277	00048278	00048279	00048280	00048281	00048282	00048283	00048284	00048285	00048286	00048287	00048288	00048289	00048290	00048291	00048292	00048293	00048294	00048295	00048296	00048297	00048298	00048299	00048300	00048301	00048302	00048303	00048304	00048305	00048306	00048307	00048308	00048309	00048310	00048311	00048312	00048313	00048314	00048315	00048316	00048317	00048318	00048319	00048320	00048321	00048322	00048323	00048324	00048325	00048326	00048327	00048328	00048329	00048330	00048331	00048332	00048333	00048334	00048335	00048336	00048337	00048338	00048339	00048340	00048341	00048342	00048343	00048344	00048345	00048346	00048347	00048348	00048349	00048350	00048351	00048352	00048353	00048354	00048355	00048356	00048357	00048358	00048359	00048360	00048361	00048362	00048363	00048364	00048365	00048366	00048367	00048368	00048369	00048370	00048371	00048372	00048373	00048374	00048375	00048376	00048377	00048378	00048379	00048380	00048381	00048382	00048383	00048384	00048385	00048386	00048387	00048388	00048389	00048390	00048391	00048392	00048393	00048394	00048395	00048396	00048397	00048398	00048399	00048400	00048401	00048402	00048403	00048404	00048405	00048406	00048407	00048408	00048409	00048410	00048411	00048412	00048413	00048414	00048415	00048416	00048417	00048418	00048419	00048420	00048421	00048422	00048423	00048424	00048425	00048426	00048427	00048428	00048429	00048430	00048431	00048432	00048433	00048434	00048435	00048436	00048437	00048438	00048439	00048440
570355559	3016297436	4203916600	00048441	00048442	00048443	00048444	00048445	00048446	00048447	00048448	00048449	00048450	00048451	00048452	00048453	00048454	00048455	00048456	00048457	00048458	00048459	00048460	00048461	00048462	00048463	00048464	00048465	00048466	00048467	00048468	00048469	00048470	00048471	00048472	00048473	00048474	00048475	00048476	00048477	00048478	00048479	00048480	00048481	00048482	00048483	00048484	00048485	00048486	00048487	00048488	00048489	00048490	00048491	00048492	00048493	00048494	00048495	00048496	00048497	00048498	00048499	00048500	00048501	00048502	00048503	00048504	00048505	00048506	00048507	00048508	00048509	00048510	00048511	00048512	00048513	00048514	00048515	00048516	00048517	00048518	00048519	00048520	00048521	00048522	00048523	00048524	00048525	00048526	00048527	00048528	00048529	00048530	00048531	00048532	00048533	00048534	00048535	00048536	00048537	00048538	00048539	00048540	00048541	00048542	00048543	00048544	00048545	00048546	00048547	00048548	00048549	00048550	00048551	00048552	00048553	00048554	00048555	00048556	00048557	00048558	00048559	00048560	00048561	00048562	00048563	00048564	00048565	00048566	00048567	00048568	00048569	00048570	00048571	00048572	00048573	00048574	00048575	00048576	00048577	00048578	00048579	00048580	00048581	00048582	00048583	00048584	00048585	00048586	00048587	00048588	00048589	00048590	00048591	00048592	00048593	00048594	00048595	00048596	00048597	00048598	00048599	00048600	00048601	00048602	00048603	00048604	00048605	00048606	00048607	00048608	00048609	00048610	00048611	00048612	00048613	00048614	00048615	00048616	00048617	00048618	00048619	00048620	00048621	00048622	00048623	00048624	00048625	00048626	00048627	00048628	00048629	00048630	00048631	00048632	00048633	00048634	00048635	00048636	00048637	00048638	00048639	00048640
572720348	3028814878	4221618315	00048641	00048642	00048643	00048644	00048645	00048646	00048647	00048648	00048649	00048650	00048651	00048652	00048653	00048654	00048655	00048656	00048657	00048658	00048659	00048660	00048661	00048662	00048663	00048664	00048665	00048666	00048667	00048668	00048669	00048670	00048671	00048672	00048673	00048674	00048675	00048676	00048677	00048678	00048679	00048680	00048681	00048682	00048683	00048684	00048685	00048686	00048687	00048688	00048689	00048690	00048691	00048692	00048693	00048694	00048695	00048696	00048697	00048698	00048699	00048700	00048701	00048702	00048703	00048704	00048705	00048706	00048707	00048708	00048709	00048710	00048711	00048712	00048713	00048714	00048715	00048716	00048717	00048718	00048719	00048720	00048721	00048722	00048723	00048725	00048726	00048727	00048728	00048729	00048730	00048731	00048732	00048733	00048734	00048735	00048736	00048737	00048738	00048739	00048740	00048741	00048742	00048743	00048744	00048745	00048746	00048747	00048748	00048749	00048750	00048751	00048752	00048753	00048754	00048755	00048756	00048757	00048758	00048759	00048760	00048761	00048762	00048763	00048764	00048765	00048766	00048767	00048768	00048769	00048770	00048771	00048772	00048773	00048774	00048775	00048776	00048777	00048778	00048779	00048780	00048781	00048782	00048783	00048784	00048785	00048786	00048787	00048788	00048789	00048790	00048791	00048792	00048793	00048794	00048795	00048796	00048797	00048798	00048799	00048800	00048801	00048802	00048803	00048804	00048805	00048806	00048807	00048808	00048809	00048810	00048811	00048812	00048813	00048814	00048815	00048816	00048817	00048818	00048819	00048820	00048821	00048822	00048823	00048824	00048825	00048826	00048827	00048828	00048829	00048830	00048831	00048832	00048833	00048834	00048835	00048836	00048837	00048838	00048839	00048840	00048841
575014649	3040886470	4238308772	00048842	00048843	00048844	00048845	00048846	00048847	00048848	00048849	00048850	00048851	00048852	00048853	00048854	00048855	00048856	00048857	00048858	00048859	00048860	00048861	00048862	00048863	00048864	00048865	00048866	00048867	00048868	00048869	00048870	00048871	00048872	00048873	00048874	00048875	00048876	00048877	00048878	00048879	00048880	00048881	00048882	00048883	00048884	00048885	00048886	00048887	00048888	00048889	00048890	00048891	00048892	00048893	00048894	00048895	00048896	00048897	00048898	00048899	00048900	00048901	00048902	00048903	00048904	00048905	00048906	00048907	00048908	00048909	00048910	00048911	00048912	00048913	00048914	00048915	00048916	00048917	00048918	00048919	00048920	00048921	00048922	00048923	00048924	00048925	00048926	00048927	00048928	00048929	00048930	00048931	00048932	00048933	00048934	00048935	00048936	00048937	00048938	00048939	00048940	00048941	00048942	00048943	00048944	00048945	00048946	00048947	00048948	00048949	00048950	00048951	00048952	00048953	00048954	00048955	00048956	00048957	00048958	00048959	00048960	00048961	00048962	00048963	00048964	00048965	00048966	00048967	00048968	00048969	00048970	00048971	00048972	00048973	00048974	00048975	00048976	00048977	00048978	00048979	00048980	00048981	00048982	00048983	00048984	00048985	00048986	00048987	00048988	00048989	00048990	00048991	00048992	00048993	00048994	00048995	00048996	00048997	00048998	00048999	00049000	00049001	00049002	00049003	00049004	00049005	00049006	00049007	00049008	00049009	00049010	00049011	00049012	00049013	00049014	00049015	00049016	00049017	00049018	00049019	00049020	00049021	00049022	00049023	00049024	00049025	00049026	00049027	00049028	00049029	00049030	00049031	00049032	00049033	00049034	00049035	00049036	00049037	00049038	00049039	00049040	00049041
577373205	3053424640	4256131542	00049042	00049043	00049044	00049045	00049046	00049047	00049048	00049049	00049050	00049051	00049052	00049053	00049054	00049055	00049056	00049057	00049058	00049059	00049060	00049061	00049062	00049063	00049064	00049065	00049066	00049067	00049068	00049069	00049070	00049071	00049072	00049073	00049074	00049075	00049076	00049077	00049078	00049079	00049080	00049081	00049082	00049083	00049084	00049085	00049086	00049087	00049088	00049089	00049090	00049091	00049092	00049093	00049094	00049095	00049096	00049097	00049098	00049099	00049100	00049101	00049102	00049103	00049104	00049105	00049106	00049107	00049108	00049109	00049110	00049111	00049112	00049113	00049114	00049115	00049116	00049117	00049118	00049119	00049120	00049121	00049122	00049123	00049124	00049125	00049126	00049127	00049128	00049129	00049130	00049131	00049132	00049133	00049134	00049135	00049136	00049137	00049138	00049139	00049140	00049141	00049142	00049143	00049144	00049145	00049146	00049147	00049148	00049149	00049150	00049151	00049152	00049153	00049154	00049155	00049156	00049157	00049158	00049159	00049160	00049161	00049162	00049163	00049164	00049165	00049166	00049167	00049168	00049169	00049170	00049171	00049172	00049173	00049174	00049175	00049176	00049177	00049178	00049179	00049180	00049181	00049182	00049183	00049184	00049185	00049186	00049187	00049188	00049189	00049190	00049191	00049192	00049193	00049194	00049195	00049196	00049197	00049198	00049199	00049200	00049201	00049202	00049203	00049204	00049205	00049206	00049207	00049208	00049209	00049210	00049211	00049212	00049213	00049214	00049215	00049216	00049217	00049218	00049219	00049220	00049221	00049222	00049223	00049224	00049225	00049226	00049227	00049228	00049229	00049230	00049231	00049232	00049233	00049234	00049235	00049236	00049237	00049238	00049239	00049240	00049241
579733405	3065818138	4273477189	00049242	00049243	00049244	00049245	00049246	00049247	00049248	00049249	00049250	00049251	00049252	00049253	00049254	00049255	00049256	00049257	00049258	00049259	00049260	00049261	00049262	00049263	00049264	00049265	00049266	00049267	00049268	00049269	00049270	00049271	00049272	00049273	00049274	00049275	00049276	00049277	00049278	00049279	00049280	00049281	00049282	00049283	00049284	00049285	00049286	00049287	00049288	00049289	00049290	00049291	00049292	00049293	00049294	00049295	00049296	00049297	00049298	00049299	00049300	00049301	00049302	00049303	00049304	00049305	00049306	00049307	00049308	00049309	00049310	00049311	00049312	00049313	00049314	00049315	00049316	00049317	00049318	00049319	00049320	00049321	00049322	00049323	00049324	00049325	00049326	00049327	00049328	00049329	00049330	00049331	00049332	00049333	00049334	00049335	00049336	00049337	00049338	00049339	00049340	00049341	00049342	00049343	00049344	00049345	00049346	00049347	00049348	00049349	00049350	00049351	00049352	00049353	00049354	00049355	00049356	00049357	00049358	00049359	00049360	00049361	00049362	00049363	00049364	00049365	00049366	00049367	00049368	00049369	00049370	00049371	00049372	00049373	00049374	00049375	00049376	00049377	00049378	00049379	00049380	00049381	00049382	00049383	00049384	00049385	00049386	00049387	00049388	00049389	00049390	00049391	00049392	00049393	00049394	00049395	00049396	00049397	00049398	00049399	00049400	00049401	00049402	00049403	00049404	00049405	00049406	00049407	00049408	00049409	00049410	00049411	00049412	00049413	00049414	00049415	00049416	00049417	00049418	00049419	00049420	00049421	00049422	00049423	00049424	00049425	00049426	00049427	00049428	00049429	00049430	00049431	00049432	00049433	00049434	00049435	00049436	00049437	00049438	00049439	00049440	00049441
582072621	3078221346	4290784232	00049442	00049443	00049444	00049445	00049446	00049447	00049448	00049449	00049450	00049451	00049452	00049453	00049454	00049455	00049456	00049457	00049458	00049459	00049460	00049461	00049462	00049463	00049464	00049465	00049466	00049467	00049468	00049469	00049470	00049471	00049472	00049473	00049474	00049475	00049476	00049477	00049478	00049479	00049480	00049481	00049482	00049483	00049484	00049485	00049486	00049487	00049488	00049489	00049490	00049491	00049492	00049493	00049494	00049495	00049496	00049497	00049498	00049499	00049500	00049501	00049502	00049503	00049504	00049505	00049506	00049507	00049508	00049509	00049510	00049511	00049512	00049513	00049514	00049515	00049516	00049517	00049518	00049519	00049520	00049521	00049522	00049523	00049524	00049525	00049526	00049527	00049528	00049529	00049530	00049531	00049532	00049533	00049534	00049535	00049536	00049537	00049538	00049539	00049540	00049541	00049542	00049543	00049544	00049545	00049546	00049547	00049548	00049549	00049550	00049551	00049552	00049553	00049554	00049555	00049556	00049557	00049558	00049559	00049560	00049561	00049562	00049563	00049564	00049565	00049566	00049567	00049568	00049569	00049570	00049571	00049572	00049573	00049574	00049575	00049576	00049577	00049578	00049579	00049580	00049581	00049582	00049583	00049584	00049585	00049586	00049587	00049588	00049589	00049590	00049591	00049592	00049593	00049594	00049595	00049596	00049597	00049598	00049599	00049600	00049601	00049602	00049603	00049604	00049605	00049606	00049607	00049608	00049609	00049610	00049611	00049612	00049613	00049614	00049615	00049616	00049617	00049618	00049619	00049620	00049621	00049622	00049623	00049624	00049625	00049626	00049627	00049628	00049629	00049630	00049631	00049632	00049633	00049634	00049635	00049636	00049637	00049638	00049639	00049640	00049641
584471557	3090839368	4308821202	00049642	00049643	00049644	00049645	00049646	00049647	00049648	00049649	00049650	00049651	00049652	00049653	00049654	00049655	00049656	00049657	00049658	00049659	00049660	00049661	00049662	00049663	00049664	00049665	00049666	00049667	00049668	00049669	00049670	00049671	00049672	00049673	00049674	00049675	00049676	00049677	00049678	00049679	00049680	00049681	00049682	00049683	00049684	00049685	00049686	00049687	00049688	00049689	00049690	00049691	00049692	00049693	00049694	00049695	00049696	00049697	00049698	00049699	00049700	00049701	00049702	00049703	00049704	00049705	00049706	00049707	00049708	00049709	00049710	00049711	00049712	00049713	00049714	00049715	00049716	00049717	00049718	00049719	00049720	00049721	00049722	00049723	00049724	00049725	00049726	00049727	00049728	00049729	00049730	00049731	00049732	00049733	00049734	00049735	00049736	00049737	00049738	00049739	00049740	00049741	00049742	00049743	00049744	00049745	00049746	00049747	00049748	00049749	00049750	00049751	00049752	00049753	00049754	00049755	00049756	00049757	00049758	00049759	00049760	00049761	00049762	00049763	00049764	00049765	00049766	00049767	00049768	00049769	00049770	00049771	00049772	00049773	00049774	00049775	00049776	00049777	00049778	00049779	00049780	00049781	00049782	00049783	00049784	00049785	00049786	00049787	00049788	00049789	00049790	00049791	00049792	00049793	00049794	00049795	00049796	00049797	00049798	00049799	00049800	00049801	00049802	00049803	00049804	00049805	00049806	00049807	00049808	00049809	00049810	00049811	00049812	00049813	00049814	00049815	00049816	00049817	00049818	00049819	00049820	00049821	00049822	00049823	00049824	00049825	00049826	00049827	00049828	00049829	00049830	00049831	00049832	00049833	00049834	00049835	00049836	00049837	00049838	00049839	00049840	00049841
586761886	3102946116	4325544458	00049842	00049843	00049844	00049845	00049846	00049847	00049848	00049849	00049850	00049851	00049852	00049853	00049854	00049855	00049856	00049857	00049858	00049859	00049860	00049861	00049862	00049863	00049864	00049865	00049866	00049867	00049868	00049869	00049870	00049871	00049872	00049873	00049874	00049875	00049876	00049877	00049878	00049879	00049880	00049881	00049882	00049883	00049884	00049885	00049886	00049887	00049888	00049889	00049890	00049891	00049892	00049893	00049894	00049895	00049896	00049897	00049898	00049899	00049901	00049902	00049903	00049904	00049905	00049906	00049907	00049908	00049909	00049910	00049911	00049912	00049913	00049914	00049915	00049916	00049917	00049918	00049919	00049920	00049921	00049922	00049923	00049924	00049925	00049926	00049927	00049928	00049929	00049930	00049931	00049932	00049933	00049934	00049935	00049936	00049937	00049938	00049939	00049940	00049941	00049942	00049943	00049944	00049945	00049946	00049947	00049948	00049949	00049950	00049951	00049952	00049953	00049954	00049955	00049956	00049957	00049958	00049959	00049960	00049961	00049962	00049963	00049964	00049965	00049966	00049967	00049968	00049969	00049970	00049971	00049972	00049973	00049974	00049975	00049976	00049977	00049978	00049979	00049980	00049981	00049982	00049983	00049984	00049985	00049986	00049987	00049988	00049989	00049990	00049991	00049992	00049993	00049994	00049995	00049996	00049997	00049998	00049999	00050000	00050001	00050002	00050003	00050004	00050005	00050006	00050007	00050008	00050009	00050010	00050011	00050012	00050013	00050014	00050015	00050016	00050017	00050018	00050019	00050020	00050021	00050022	00050023	00050024	00050025	00050026	00050027	00050028	00050029	00050030	00050031	00050032	00050033	00050034	00050035	00050036	00050037	00050038	00050039	00050040	00050041	00050042
589183571	3115679848	4343721483	00050043	00050044	00050045	00050046	00050047	00050048	00050049	00050050	00050051	00050052	00050053	00050054	00050055	00050056	00050057	00050058	00050059	00050060	00050061	00050062	00050063	00050064	00050065	00050066	00050067	00050068	00050069	00050070	00050071	00050072	00050073	00050074	00050075	00050076	00050077	00050078	00050079	00050080	00050081	00050082	00050083	00050084	00050085	00050086	00050087	00050088	00050089	00050090	00050091	00050092	00050093	00050094	00050095	00050096	00050097	00050098	00050099	00050100	00050101	00050102	00050103	00050104	00050105	00050106	00050107	00050108	00050109	00050110	00050111	00050112	00050113	00050114	00050115	00050116	00050117	00050118	00050119	00050120	00050121	00050122	00050123	00050124	00050125	00050126	00050127	00050128	00050129	00050130	00050131	00050132	00050133	00050134	00050135	00050136	00050137	00050138	00050139	00050140	00050141	00050142	00050143	00050144	00050145	00050146	00050147	00050148	00050149	00050150	00050151	00050152	00050153	00050154	00050155	00050156	00050157	00050158	00050159	00050160	00050161	00050162	00050163	00050164	00050165	00050166	00050167	00050168	00050169	00050170	00050171	00050172	00050173	00050174	00050175	00050176	00050177	00050178	00050179	00050180	00050181	00050182	00050183	00050184	00050185	00050186	00050187	00050188	00050189	00050190	00050191	00050192	00050193	00050194	00050195	00050196	00050198	00050199	00050200	00050201	00050202	00050203	00050204	00050205	00050206	00050207	00050208	00050209	00050210	00050211	00050212	00050213	00050214	00050215	00050216	00050217	00050218	00050219	00050220	00050221	00050222	00050223	00050224	00050225	00050226	00050227	00050228	00050229	00050230	00050231	00050232	00050233	00050234	00050235	00050236	00050237	00050238	00050239	00050240	00050241	00050242	00050243
591560769	3128288312	4361851819	00050244	00050245	00050246	00050247	00050248	00050249	00050250	00050251	00050252	00050253	00050254	00050255	00050256	00050257	00050258	00050259	00050260	00050261	00050262	00050263	00050264	00050265	00050266	00050267	00050268	00050269	00050270	00050271	00050272	00050273	00050274	00050275	00050276	00050277	00050278	00050279	00050280	00050281	00050282	00050283	00050284	00050285	00050286	00050287	00050288	00050289	00050290	00050291	00050292	00050293	00050294	00050295	00050296	00050297	00050298	00050299	00050300	00050301	00050302	00050303	00050304	00050305	00050306	00050307	00050308	00050309	00050310	00050311	00050312	00050313	00050314	00050315	00050316	00050317	00050318	00050319	00050320	00050321	00050322	00050323	00050324	00050325	00050326	00050327	00050328	00050329	00050330	00050331	00050332	00050333	00050334	00050335	00050336	00050337	00050338	00050339	00050340	00050341	00050342	00050343	00050344	00050345	00050346	00050347	00050348	00050349	00050350	00050351	00050352	00050353	00050354	00050355	00050356	00050357	00050358	00050359	00050360	00050361	00050362	00050363	00050364	00050365	00050366	00050367	00050368	00050369	00050370	00050371	00050372	00050373	00050374	00050375	00050376	00050377	00050378	00050379	00050380	00050381	00050382	00050383	00050384	00050385	00050386	00050387	00050388	00050389	00050390	00050391	00050392	00050393	00050394	00050395	00050396	00050397	00050398	00050399	00050400	00050401	00050402	00050403	00050404	00050405	00050406	00050407	00050408	00050409	00050410	00050411	00050412	00050413	00050414	00050415	00050416	00050417	00050418	00050419	00050420	00050421	00050422	00050423	00050424	00050425	00050426	00050427	00050428	00050429	00050430	00050431	00050432	00050433	00050434	00050435	00050436	00050437	00050438	00050439	00050440	00050441	00050442	00050443
593914915	3140687950	4379159081	00050444	00050445	00050446	00050447	00050448	00050449	00050450	00050451	00050452	00050453	00050454	00050455	00050456	00050457	00050458	00050459	00050460	00050461	00050462	00050463	00050464	00050465	00050466	00050467	00050468	00050469	00050470	00050471	00050472	00050473	00050474	00050475	00050476	00050477	00050478	00050479	00050480	00050481	00050482	00050483	00050484	00050485	00050486	00050487	00050488	00050489	00050490	00050491	00050492	00050493	00050494	00050495	00050496	00050497	00050498	00050499	00050500	00050501	00050502	00050503	00050504	00050505	00050506	00050507	00050508	00050509	00050510	00050511	00050512	00050513	00050514	00050515	00050516	00050517	00050518	00050519	00050520	00050521	00050522	00050523	00050524	00050525	00050526	00050527	00050528	00050529	00050530	00050531	00050532	00050533	00050534	00050535	00050536	00050537	00050538	00050539	00050540	00050541	00050542	00050543	00050544	00050545	00050546	00050547	00050548	00050549	00050550	00050551	00050552	00050553	00050554	00050555	00050556	00050557	00050558	00050559	00050560	00050561	00050562	00050563	00050564	00050565	00050566	00050567	00050568	00050569	00050570	00050571	00050572	00050573	00050574	00050575	00050576	00050577	00050578	00050579	00050580	00050581	00050582	00050583	00050584	00050585	00050586	00050587	00050588	00050589	00050590	00050591	00050592	00050593	00050594	00050595	00050596	00050597	00050598	00050599	00050600	00050601	00050602	00050603	00050604	00050605	00050606	00050607	00050608	00050609	00050610	00050611	00050612	00050613	00050614	00050615	00050616	00050617	00050618	00050619	00050620	00050621	00050622	00050623	00050624	00050625	00050626	00050627	00050628	00050629	00050630	00050631	00050632	00050633	00050634	00050635	00050636	00050637	00050638	00050639	00050640	00050641	00050642	00050643
596238185	3152998030	4396194259	00050644	00050645	00050646	00050647	00050648	00050649	00050650	00050651	00050652	00050653	00050654	00050655	00050656	00050657	00050658	00050659	00050660	00050661	00050662	00050663	00050664	00050665	00050666	00050667	00050668	00050669	00050670	00050671	00050672	00050673	00050674	00050675	00050676	00050677	00050678	00050679	00050680	00050681	00050682	00050683	00050684	00050685	00050686	00050687	00050688	00050689	00050690	00050691	00050692	00050693	00050694	00050695	00050696	00050697	00050698	00050699	00050700	00050701	00050702	00050703	00050704	00050705	00050706	00050707	00050708	00050709	00050710	00050711	00050712	00050713	00050714	00050715	00050716	00050717	00050718	00050719	00050720	00050721	00050722	00050723	00050724	00050725	00050726	00050727	00050728	00050729	00050730	00050731	00050732	00050733	00050734	00050735	00050736	00050737	00050738	00050739	00050740	00050741	00050742	00050743	00050744	00050745	00050746	00050747	00050748	00050749	00050750	00050751	00050752	00050753	00050754	00050755	00050756	00050757	00050758	00050759	00050760	00050761	00050762	00050763	00050764	00050765	00050766	00050767	00050768	00050769	00050770	00050771	00050772	00050773	00050774	00050775	00050776	00050777	00050778	00050779	00050780	00050781	00050782	00050783	00050784	00050785	00050786	00050787	00050788	00050789	00050790	00050791	00050792	00050793	00050794	00050795	00050796	00050797	00050798	00050799	00050800	00050801	00050802	00050803	00050804	00050805	00050806	00050807	00050808	00050809	00050810	00050811	00050812	00050813	00050814	00050815	00050816	00050817	00050818	00050819	00050820	00050821	00050822	00050823	00050824	00050825	00050826	00050827	00050828	00050829	00050830	00050831	00050832	00050833	00050834	00050835	00050836	00050837	00050838	00050839	00050840	00050841	00050842	00050843
598616726	3165649060	4413793722	00050844	00050845	00050846	00050847	00050848	00050849	00050850	00050851	00050852	00050853	00050854	00050855	00050856	00050857	00050858	00050859	00050860	00050861	00050862	00050863	00050864	00050865	00050866	00050867	00050868	00050869	00050870	00050871	00050872	00050873	00050874	00050875	00050876	00050877	00050878	00050879	00050880	00050881	00050882	00050883	00050884	00050885	00050886	00050887	00050888	00050889	00050890	00050891	00050892	00050893	00050894	00050895	00050896	00050897	00050898	00050899	00050900	00050901	00050902	00050903	00050904	00050905	00050906	00050907	00050908	00050909	00050910	00050911	00050912	00050913	00050914	00050915	00050916	00050917	00050918	00050919	00050920	00050921	00050922	00050923	00050924	00050925	00050926	00050927	00050928	00050929	00050930	00050931	00050932	00050933	00050934	00050935	00050936	00050937	00050938	00050939	00050940	00050941	00050942	00050943	00050944	00050945	00050946	00050947	00050948	00050949	00050950	00050951	00050952	00050953	00050954	00050955	00050956	00050957	00050958	00050959	00050960	00050961	00050962	00050963	00050964	00050965	00050966	00050967	00050968	00050969	00050970	00050971	00050972	00050973	00050974	00050975	00050976	00050977	00050978	00050979	00050980	00050981	00050982	00050983	00050984	00050985	00050986	00050987	00050988	00050989	00050990	00050991	00050992	00050993	00050994	00050995	00050996	00050997	00050998	00050999	00051000	00051001	00051002	00051003	00051004	00051005	00051006	00051007	00051008	00051009	00051010	00051011	00051012	00051013	00051014	00051015	00051016	00051017	00051018	00051019	00051020	00051021	00051022	00051023	00051024	00051025	00051026	00051027	00051028	00051029	00051030	00051031	00051032	00051033	00051034	00051035	00051036	00051037	00051038	00051039	00051040	00051041	00051042	00051043
600898421	3177735300	4430451506	00051044	00051045	00051046	00051047	00051048	00051049	00051050	00051051	00051052	00051053	00051054	00051055	00051056	00051057	00051058	00051059	00051060	00051061	00051062	00051063	00051064	00051065	00051066	00051067	00051068	00051069	00051070	00051071	00051072	00051073	00051074	00051075	00051076	00051077	00051078	00051079	00051080	00051081	00051082	00051083	00051084	00051085	00051086	00051087	00051088	00051089	00051090	00051091	00051092	00051093	00051094	00051095	00051096	00051097	00051098	00051099	00051100	00051101	00051102	00051103	00051104	00051105	00051106	00051107	00051108	00051109	00051110	00051111	00051112	00051113	00051114	00051115	00051116	00051117	00051118	00051119	00051120	00051121	00051122	00051123	00051124	00051125	00051126	00051127	00051128	00051129	00051130	00051131	00051132	00051133	00051134	00051135	00051136	00051137	00051138	00051139	00051140	00051141	00051142	00051143	00051144	00051145	00051146	00051147	00051148	00051149	00051150	00051151	00051152	00051153	00051154	00051155	00051156	00051157	00051158	00051159	00051160	00051161	00051162	00051163	00051164	00051165	00051166	00051167	00051168	00051169	00051170	00051171	00051172	00051173	00051174	00051175	00051176	00051177	00051178	00051179	00051180	00051181	00051182	00051183	00051184	00051185	00051186	00051187	00051188	00051189	00051190	00051191	00051192	00051193	00051194	00051195	00051196	00051197	00051198	00051199	00051200	00051201	00051202	00051203	00051204	00051205	00051206	00051207	00051208	00051209	00051210	00051211	00051212	00051213	00051214	00051215	00051216	00051217	00051218	00051219	00051220	00051221	00051222	00051223	00051224	00051225	00051226	00051227	00051228	00051229	00051230	00051231	00051232	00051233	00051234	00051235	00051236	00051237	00051238	00051239	00051240	00051241	00051242	00051243
603189059	3189839952	4447246894	00051244	00051245	00051246	00051247	00051248	00051249	00051250	00051251	00051252	00051253	00051254	00051255	00051256	00051257	00051258	00051259	00051260	00051261	00051262	00051263	00051264	00051265	00051266	00051267	00051268	00051269	00051270	00051271	00051272	00051273	00051274	00051275	00051276	00051277	00051278	00051279	00051280	00051281	00051282	00051283	00051284	00051285	00051286	00051287	00051288	00051289	00051290	00051291	00051292	00051293	00051294	00051295	00051296	00051297	00051298	00051299	00051300	00051301	00051302	00051303	00051304	00051305	00051306	00051307	00051308	00051309	00051310	00051311	00051312	00051313	00051314	00051315	00051316	00051317	00051318	00051319	00051320	00051321	00051322	00051323	00051324	00051325	00051326	00051327	00051328	00051329	00051330	00051331	00051332	00051333	00051334	00051335	00051336	00051337	00051338	00051339	00051340	00051341	00051342	00051343	00051344	00051345	00051346	00051347	00051348	00051349	00051350	00051351	00051352	00051353	00051354	00051355	00051356	00051357	00051358	00051359	00051360	00051361	00051362	00051363	00051364	00051365	00051366	00051367	00051368	00051369	00051370	00051371	00051372	00051373	00051374	00051375	00051376	00051377	00051378	00051379	00051380	00051381	00051382	00051383	00051384	00051385	00051386	00051387	00051388	00051389	00051390	00051391	00051392	00051393	00051394	00051395	00051396	00051397	00051398	00051399	00051400	00051401	00051402	00051403	00051404	00051405	00051406	00051407	00051408	00051409	00051410	00051411	00051412	00051413	00051414	00051415	00051416	00051417	00051418	00051419	00051420	00051421	00051422	00051423	00051424	00051425	00051426	00051427	00051428	00051429	00051430	00051431	00051432	00051433	00051434	00051435	00051436	00051437	00051438	00051439	00051440	00051441	00051442	00051443
605426255	3201691728	4463280989	00051444	00051445	00051446	00051447	00051448	00051449	00051450	00051451	00051452	00051453	00051454	00051455	00051456	00051457	00051458	00051459	00051460	00051461	00051462	00051463	00051464	00051465	00051466	00051467	00051468	00051469	00051470	00051471	00051472	00051473	00051474	00051475	00051476	00051477	00051478	00051479	00051480	00051481	00051482	00051483	00051484	00051485	00051486	00051487	00051488	00051489	00051490	00051491	00051492	00051493	00051494	00051495	00051496	00051497	00051498	00051499	00051500	00051501	00051502	00051503	00051504	00051505	00051506	00051507	00051508	00051509	00051510	00051511	00051512	00051513	00051514	00051515	00051516	00051517	00051518	00051519	00051520	00051521	00051522	00051523	00051524	00051525	00051526	00051527	00051528	00051529	00051530	00051531	00051532	00051533	00051534	00051535	00051536	00051537	00051538	00051539	00051540	00051541	00051542	00051543	00051544	00051545	00051546	00051547	00051548	00051549	00051550	00051551	00051552	00051553	00051554	00051555	00051556	00051557	00051558	00051559	00051560	00051561	00051562	00051563	00051564	00051565	00051566	00051567	00051568	00051569	00051570	00051571	00051572	00051573	00051574	00051575	00051576	00051577	00051578	00051579	00051580	00051581	00051582	00051583	00051584	00051585	00051586	00051587	00051588	00051589	00051590	00051591	00051592	00051593	00051594	00051595	00051596	00051597	00051598	00051599	00051600	00051601	00051602	00051603	00051604	00051605	00051606	00051607	00051608	00051609	00051610	00051611	00051612	00051613	00051614	00051615	00051616	00051617	00051618	00051619	00051620	00051621	00051622	00051623	00051624	00051625	00051626	00051627	00051628	00051629	00051630	00051631	00051632	00051633	00051634	00051635	00051636	00051637	00051638	00051639	00051640	00051641	00051642	00051643
607862263	3214558866	4481343275	00051644	00051645	00051646	00051647	00051648	00051649	00051650	00051651	00051652	00051653	00051654	00051655	00051656	00051657	00051658	00051659	00051660	00051661	00051662	00051663	00051664	00051665	00051666	00051667	00051668	00051669	00051670	00051671	00051672	00051673	00051674	00051675	00051676	00051677	00051678	00051679	00051680	00051681	00051682	00051683	00051684	00051685	00051686	00051687	00051688	00051689	00051690	00051691	00051692	00051693	00051694	00051695	00051696	00051697	00051698	00051699	00051700	00051701	00051702	00051703	00051704	00051705	00051706	00051707	00051708	00051709	00051710	00051711	00051712	00051713	00051714	00051715	00051716	00051717	00051718	00051719	00051720	00051721	00051722	00051723	00051724	00051725	00051726	00051727	00051728	00051729	00051730	00051731	00051732	00051733	00051734	00051735	00051736	00051737	00051738	00051739	00051740	00051741	00051742	00051743	00051744	00051745	00051746	00051747	00051748	00051749	00051750	00051751	00051752	00051753	00051754	00051755	00051756	00051757	00051758	00051759	00051760	00051761	00051762	00051763	00051764	00051765	00051766	00051767	00051768	00051769	00051770	00051771	00051772	00051773	00051774	00051775	00051776	00051777	00051778	00051779	00051780	00051781	00051782	00051783	00051784	00051785	00051786	00051787	00051788	00051789	00051790	00051791	00051792	00051793	00051794	00051795	00051796	00051797	00051798	00051799	00051800	00051801	00051802	00051803	00051804	00051805	00051806	00051807	00051808	00051809	00051810	00051811	00051812	00051813	00051814	00051815	00051816	00051817	00051818	00051819	00051820	00051821	00051822	00051823	00051824	00051825	00051826	00051827	00051828	00051829	00051830	00051831	00051832	00051833	00051834	00051835	00051836	00051837	00051838	00051839	00051840	00051841	00051842	00051843
610084150	3226229174	4497070130	00051844	00051845	00051846	00051847	00051848	00051849	00051850	00051851	00051852	00051853	00051854	00051855	00051856	00051857	00051858	00051859	00051860	00051861	00051862	00051863	00051864	00051865	00051866	00051867	00051868	00051869	00051870	00051871	00051872	00051873	00051874	00051875	00051876	00051877	00051878	00051879	00051880	00051881	00051882	00051883	00051884	00051885	00051886	00051887	00051888	00051889	00051890	00051891	00051892	00051893	00051894	00051895	00051896	00051897	00051898	00051899	00051900	00051901	00051902	00051903	00051904	00051905	00051906	00051907	00051908	00051909	00051910	00051911	00051912	00051913	00051914	00051915	00051916	00051917	00051918	00051919	00051920	00051921	00051922	00051923	00051924	00051925	00051926	00051927	00051928	00051929	00051930	00051931	00051932	00051933	00051934	00051935	00051936	00051937	00051938	00051939	00051940	00051941	00051942	00051943	00051944	00051945	00051946	00051947	00051948	00051949	00051950	00051951	00051952	00051953	00051954	00051955	00051956	00051957	00051958	00051959	00051960	00051961	00051962	00051963	00051964	00051965	00051966	00051967	00051968	00051969	00051970	00051971	00051972	00051973	00051974	00051975	00051976	00051977	00051978	00051979	00051980	00051981	00051982	00051983	00051984	00051985	00051986	00051987	00051988	00051989	00051990	00051991	00051992	00051993	00051994	00051995	00051996	00051997	00051998	00051999	00052000	00052001	00052002	00052003	00052004	00052005	00052006	00052007	00052008	00052009	00052010	00052011	00052012	00052013	00052014	00052015	00052016	00052017	00052018	00052019	00052020	00052021	00052022	00052023	00052024	00052025	00052026	00052027	00052028	00052029	00052030	00052031	00052032	00052033	00052034	00052035	00052036	00052037	00052038	00052039	00052040	00052041	00052042	00052043
612407038	3238368958	4513992167	00052044	00052045	00052046	00052047	00052048	00052049	00052050	00052051	00052052	00052053	00052054	00052055	00052056	00052057	00052058	00052059	00052060	00052061	00052062	00052063	00052064	00052065	00052066	00052067	00052068	00052069	00052070	00052071	00052072	00052073	00052074	00052075	00052076	00052077	00052078	00052079	00052080	00052081	00052082	00052083	00052084	00052085	00052086	00052087	00052088	00052089	00052090	00052091	00052092	00052093	00052094	00052095	00052096	00052097	00052098	00052099	00052100	00052101	00052102	00052103	00052104	00052105	00052106	00052107	00052108	00052109	00052110	00052111	00052112	00052113	00052114	00052115	00052116	00052117	00052118	00052119	00052120	00052121	00052122	00052123	00052124	00052125	00052126	00052127	00052128	00052129	00052130	00052131	00052132	00052133	00052134	00052135	00052136	00052137	00052138	00052139	00052140	00052141	00052142	00052143	00052144	00052145	00052146	00052147	00052148	00052149	00052150	00052151	00052152	00052153	00052154	00052155	00052156	00052157	00052158	00052159	00052160	00052161	00052162	00052163	00052164	00052165	00052166	00052167	00052168	00052169	00052170	00052171	00052172	00052173	00052174	00052175	00052176	00052177	00052178	00052179	00052180	00052181	00052182	00052183	00052184	00052185	00052186	00052187	00052188	00052189	00052190	00052191	00052192	00052193	00052194	00052195	00052196	00052197	00052198	00052199	00052200	00052201	00052202	00052203	00052204	00052205	00052206	00052207	00052208	00052209	00052210	00052211	00052212	00052213	00052214	00052215	00052216	00052217	00052218	00052219	00052220	00052221	00052222	00052223	00052224	00052225	00052226	00052227	00052228	00052229	00052230	00052231	00052232	00052233	00052234	00052235	00052236	00052237	00052238	00052239	00052240	00052241	00052242	00052243
614755109	3250845806	4531399835	00052244	00052245	00052246	00052247	00052248	00052249	00052250	00052251	00052252	00052253	00052254	00052255	00052256	00052257	00052258	00052259	00052260	00052261	00052262	00052263	00052264	00052265	00052266	00052267	00052268	00052269	00052270	00052271	00052272	00052273	00052274	00052275	00052276	00052277	00052278	00052279	00052280	00052281	00052282	00052283	00052284	00052285	00052286	00052287	00052288	00052289	00052290	00052291	00052292	00052293	00052294	00052295	00052296	00052297	00052298	00052299	00052300	00052301	00052302	00052303	00052304	00052305	00052306	00052307	00052308	00052309	00052310	00052311	00052312	00052313	00052314	00052315	00052316	00052317	00052318	00052319	00052320	00052321	00052322	00052323	00052324	00052325	00052326	00052327	00052328	00052329	00052330	00052331	00052332	00052333	00052334	00052335	00052336	00052337	00052338	00052339	00052340	00052341	00052342	00052343	00052344	00052345	00052346	00052347	00052348	00052349	00052350	00052351	00052352	00052353	00052354	00052355	00052356	00052357	00052358	00052359	00052360	00052361	00052362	00052363	00052364	00052365	00052366	00052367	00052368	00052369	00052370	00052371	00052372	00052373	00052374	00052375	00052376	00052377	00052378	00052379	00052380	00052381	00052382	00052383	00052384	00052385	00052386	00052387	00052388	00052389	00052390	00052391	00052392	00052393	00052394	00052395	00052396	00052397	00052398	00052399	00052400	00052401	00052402	00052403	00052404	00052405	00052406	00052407	00052408	00052409	00052410	00052411	00052412	00052413	00052414	00052415	00052416	00052417	00052418	00052419	00052420	00052421	00052422	00052423	00052424	00052425	00052426	00052427	00052428	00052429	00052430	00052431	00052432	00052433	00052434	00052435	00052436	00052437	00052438	00052439	00052440	00052441	00052442	00052443
617126190	3263506580	4549171959	00052444	00052445	00052446	00052447	00052448	00052449	00052450	00052451	00052452	00052453	00052454	00052455	00052456	00052457	00052458	00052459	00052460	00052461	00052462	00052463	00052464	00052465	00052466	00052467	00052468	00052469	00052470	00052471	00052472	00052473	00052474	00052475	00052476	00052477	00052478	00052479	00052480	00052481	00052482	00052483	00052484	00052485	00052486	00052487	00052488	00052489	00052490	00052491	00052492	00052493	00052494	00052495	00052496	00052497	00052498	00052499	00052500	00052501	00052502	00052503	00052504	00052505	00052506	00052507	00052508	00052509	00052510	00052511	00052512	00052513	00052514	00052515	00052516	00052517	00052518	00052519	00052520	00052521	00052522	00052523	00052524	00052525	00052526	00052527	00052528	00052529	00052530	00052531	00052532	00052533	00052534	00052535	00052536	00052537	00052538	00052539	00052540	00052541	00052542	00052543	00052544	00052545	00052546	00052547	00052548	00052549	00052550	00052551	00052552	00052553	00052554	00052555	00052556	00052557	00052558	00052559	00052560	00052561	00052562	00052563	00052564	00052565	00052566	00052567	00052568	00052569	00052570	00052571	00052572	00052573	00052574	00052575	00052576	00052577	00052578	00052579	00052580	00052581	00052582	00052583	00052584	00052585	00052586	00052587	00052588	00052589	00052590	00052591	00052592	00052593	00052594	00052595	00052596	00052597	00052598	00052599	00052600	00052601	00052602	00052603	00052604	00052605	00052606	00052607	00052608	00052609	00052610	00052611	00052612	00052613	00052614	00052615	00052616	00052617	00052618	00052619	00052620	00052621	00052622	00052623	00052624	00052625	00052626	00052627	00052628	00052629	00052630	00052631	00052632	00052633	00052634	00052635	00052636	00052637	00052638	00052639	00052640	00052641	00052642	00052643
619515866	3276086820	4566776875	00052644	00052645	00052646	00052647	00052648	00052649	00052650	00052651	00052652	00052653	00052654	00052655	00052656	00052657	00052658	00052659	00052660	00052661	00052662	00052663	00052664	00052665	00052666	00052667	00052668	00052669	00052670	00052671	00052672	00052673	00052674	00052675	00052676	00052677	00052678	00052679	00052680	00052681	00052682	00052683	00052684	00052685	00052686	00052687	00052688	00052689	00052690	00052691	00052692	00052693	00052694	00052695	00052696	00052697	00052698	00052699	00052700	00052701	00052702	00052703	00052704	00052705	00052706	00052707	00052708	00052709	00052710	00052711	00052712	00052713	00052714	00052715	00052716	00052717	00052718	00052719	00052720	00052721	00052722	00052723	00052724	00052725	00052726	00052727	00052728	00052729	00052730	00052731	00052732	00052733	00052734	00052735	00052736	00052737	00052738	00052739	00052740	00052741	00052742	00052743	00052744	00052745	00052746	00052747	00052748	00052749	00052750	00052751	00052752	00052753	00052754	00052755	00052756	00052757	00052758	00052759	00052760	00052761	00052762	00052763	00052764	00052765	00052766	00052767	00052768	00052769	00052770	00052771	00052772	00052773	00052774	00052775	00052776	00052777	00052778	00052779	00052780	00052781	00052782	00052783	00052784	00052785	00052786	00052787	00052788	00052789	00052790	00052791	00052792	00052793	00052794	00052795	00052796	00052797	00052798	00052799	00052800	00052801	00052802	00052803	00052804	00052805	00052806	00052807	00052808	00052809	00052810	00052811	00052812	00052813	00052814	00052815	00052816	00052817	00052818	00052819	00052820	00052821	00052822	00052823	00052824	00052825	00052826	00052827	00052828	00052829	00052830	00052831	00052832	00052833	00052834	00052835	00052836	00052837	00052838	00052839	00052840	00052841	00052842	00052843
621822617	3288144392	4583226350	00052844	00052845	00052846	00052847	00052848	00052849	00052850	00052851	00052852	00052853	00052854	00052855	00052856	00052857	00052858	00052859	00052860	00052861	00052862	00052863	00052864	00052865	00052866	00052867	00052868	00052869	00052870	00052871	00052872	00052873	00052874	00052875	00052876	00052877	00052878	00052879	00052880	00052881	00052882	00052883	00052884	00052885	00052886	00052887	00052888	00052889	00052890	00052891	00052892	00052893	00052894	00052895	00052896	00052897	00052898	00052899	00052900	00052901	00052902	00052903	00052904	00052905	00052906	00052907	00052908	00052909	00052910	00052911	00052912	00052913	00052914	00052915	00052916	00052917	00052918	00052919	00052920	00052921	00052922	00052923	00052924	00052925	00052926	00052927	00052928	00052929	00052930	00052931	00052932	00052933	00052934	00052935	00052936	00052937	00052938	00052939	00052940	00052941	00052942	00052943	00052944	00052945	00052946	00052947	00052948	00052949	00052950	00052951	00052952	00052953	00052954	00052955	00052956	00052957	00052958	00052959	00052960	00052961	00052962	00052963	00052964	00052965	00052966	00052967	00052968	00052969	00052970	00052971	00052972	00052973	00052974	00052975	00052976	00052977	00052978	00052979	00052980	00052981	00052982	00052983	00052984	00052985	00052986	00052987	00052988	00052989	00052990	00052991	00052992	00052993	00052994	00052995	00052996	00052997	00052998	00052999	00053000	00053001	00053002	00053003	00053004	00053005	00053006	00053007	00053008	00053009	00053010	00053011	00053012	00053013	00053014	00053015	00053016	00053017	00053018	00053019	00053020	00053021	00053022	00053023	00053024	00053025	00053026	00053027	00053028	00053029	00053030	00053031	00053032	00053033	00053034	00053035	00053036	00053037	00053038	00053039	00053040	00053041	00053042	00053043
624138640	3300467968	4600121548	00053044	00053045	00053046	00053047	00053048	00053049	00053050	00053051	00053052	00053053	00053054	00053055	00053056	00053057	00053058	00053059	00053060	00053061	00053062	00053063	00053064	00053065	00053066	00053067	00053068	00053069	00053070	00053071	00053072	00053073	00053074	00053075	00053076	00053077	00053078	00053079	00053080	00053081	00053082	00053083	00053084	00053085	00053086	00053087	00053088	00053089	00053090	00053091	00053092	00053093	00053094	00053095	00053096	00053097	00053098	00053099	00053100	00053101	00053102	00053103	00053104	00053105	00053106	00053107	00053108	00053109	00053110	00053111	00053112	00053113	00053114	00053115	00053116	00053117	00053118	00053119	00053120	00053121	00053122	00053123	00053124	00053125	00053126	00053127	00053128	00053129	00053130	00053131	00053132	00053133	00053134	00053135	00053136	00053137	00053138	00053139	00053140	00053141	00053142	00053143	00053144	00053145	00053146	00053147	00053148	00053149	00053150	00053151	00053152	00053153	00053154	00053155	00053156	00053157	00053158	00053159	00053160	00053161	00053162	00053163	00053164	00053165	00053166	00053167	00053168	00053169	00053170	00053171	00053172	00053173	00053174	00053175	00053176	00053177	00053178	00053179	00053180	00053181	00053182	00053183	00053184	00053185	00053186	00053187	00053188	00053189	00053190	00053191	00053192	00053193	00053194	00053195	00053196	00053197	00053198	00053199	00053200	00053201	00053202	00053203	00053204	00053205	00053206	00053207	00053208	00053209	00053210	00053211	00053212	00053213	00053214	00053215	00053216	00053217	00053218	00053219	00053220	00053221	00053222	00053223	00053224	00053225	00053226	00053227	00053228	00053229	00053230	00053231	00053232	00053233	00053234	00053235	00053236	00053237	00053238	00053239	00053240	00053241	00053242	00053243
626395605	3312337154	4616722005	00053244	00053245	00053246	00053247	00053248	00053249	00053250	00053251	00053252	00053253	00053254	00053255	00053256	00053257	00053258	00053259	00053260	00053261	00053262	00053263	00053264	00053265	00053266	00053267	00053268	00053269	00053270	00053271	00053272	00053273	00053274	00053275	00053276	00053277	00053278	00053279	00053280	00053281	00053282	00053283	00053284	00053285	00053286	00053287	00053288	00053289	00053290	00053291	00053292	00053293	00053294	00053295	00053296	00053297	00053298	00053299	00053300	00053301	00053302	00053303	00053304	00053305	00053306	00053307	00053308	00053309	00053310	00053311	00053312	00053313	00053314	00053315	00053316	00053317	00053318	00053319	00053320	00053321	00053322	00053323	00053324	00053325	00053326	00053327	00053328	00053329	00053330	00053331	00053332	00053333	00053334	00053335	00053336	00053337	00053338	00053339	00053340	00053341	00053342	00053343	00053344	00053345	00053346	00053347	00053348	00053349	00053350	00053351	00053352	00053353	00053354	00053355	00053356	00053357	00053358	00053359	00053360	00053361	00053362	00053363	00053364	00053365	00053366	00053367	00053368	00053369	00053370	00053371	00053372	00053373	00053374	00053375	00053376	00053377	00053378	00053379	00053380	00053381	00053382	00053383	00053384	00053385	00053386	00053387	00053388	00053389	00053390	00053391	00053392	00053393	00053394	00053395	00053396	00053397	00053398	00053399	00053400	00053401	00053402	00053403	00053404	00053405	00053406	00053407	00053408	00053409	00053410	00053411	00053412	00053413	00053414	00053415	00053416	00053417	00053418	00053419	00053420	00053421	00053422	00053423	00053424	00053425	00053426	00053427	00053428	00053429	00053430	00053431	00053432	00053433	00053434	00053435	00053436	00053437	00053438	00053439	00053440	00053441	00053442	00053443
628642897	3324272862	4632611552	00053444	00053445	00053446	00053447	00053448	00053449	00053450	00053451	00053452	00053453	00053454	00053455	00053456	00053457	00053458	00053459	00053460	00053461	00053462	00053463	00053464	00053465	00053466	00053467	00053468	00053469	00053470	00053471	00053472	00053473	00053474	00053475	00053476	00053477	00053478	00053479	00053480	00053481	00053482	00053483	00053484	00053485	00053486	00053487	00053488	00053489	00053490	00053491	00053492	00053493	00053494	00053495	00053496	00053497	00053498	00053499	00053500	00053501	00053502	00053503	00053504	00053505	00053506	00053507	00053508	00053509	00053510	00053511	00053512	00053513	00053514	00053515	00053516	00053517	00053518	00053519	00053520	00053521	00053522	00053523	00053524	00053525	00053526	00053527	00053528	00053529	00053530	00053531	00053532	00053533	00053534	00053535	00053536	00053537	00053538	00053539	00053540	00053541	00053542	00053543	00053544	00053545	00053546	00053547	00053548	00053549	00053550	00053551	00053552	00053553	00053554	00053555	00053556	00053557	00053558	00053559	00053560	00053561	00053562	00053563	00053564	00053565	00053566	00053567	00053568	00053569	00053570	00053571	00053572	00053573	00053574	00053575	00053576	00053577	00053578	00053579	00053580	00053581	00053582	00053583	00053584	00053585	00053586	00053587	00053588	00053589	00053590	00053591	00053592	00053593	00053594	00053595	00053596	00053597	00053598	00053599	00053600	00053601	00053602	00053603	00053604	00053605	00053606	00053607	00053608	00053609	00053610	00053611	00053612	00053613	00053614	00053615	00053616	00053617	00053618	00053619	00053620	00053621	00053622	00053623	00053624	00053625	00053626	00053627	00053628	00053629	00053630	00053631	00053632	00053633	00053634	00053635	00053636	00053637	00053638	00053639	00053640	00053641	00053642	00053643
631027019	3336970108	4650288594	00053644	00053645	00053646	00053647	00053648	00053649	00053650	00053651	00053652	00053653	00053654	00053655	00053656	00053657	00053658	00053659	00053660	00053661	00053662	00053663	00053664	00053665	00053666	00053667	00053668	00053669	00053670	00053671	00053672	00053673	00053674	00053675	00053676	00053677	00053678	00053679	00053680	00053681	00053682	00053683	00053684	00053685	00053686	00053687	00053688	00053689	00053690	00053691	00053692	00053693	00053694	00053695	00053696	00053697	00053698	00053699	00053700	00053701	00053702	00053703	00053704	00053705	00053706	00053707	00053708	00053709	00053710	00053711	00053712	00053713	00053714	00053715	00053716	00053717	00053718	00053719	00053720	00053721	00053722	00053723	00053724	00053725	00053726	00053727	00053728	00053729	00053730	00053731	00053732	00053733	00053734	00053735	00053736	00053737	00053738	00053739	00053740	00053741	00053742	00053743	00053744	00053745	00053746	00053747	00053748	00053749	00053750	00053751	00053752	00053753	00053754	00053755	00053756	00053757	00053758	00053759	00053760	00053761	00053762	00053763	00053764	00053765	00053766	00053767	00053768	00053769	00053770	00053771	00053772	00053773	00053774	00053775	00053776	00053777	00053778	00053779	00053780	00053781	00053782	00053783	00053784	00053785	00053786	00053787	00053788	00053789	00053790	00053791	00053792	00053793	00053794	00053795	00053796	00053797	00053798	00053799	00053800	00053801	00053802	00053803	00053804	00053805	00053806	00053807	00053808	00053809	00053810	00053811	00053812	00053813	00053814	00053815	00053816	00053817	00053818	00053819	00053820	00053821	00053822	00053823	00053824	00053825	00053826	00053827	00053828	00053829	00053830	00053831	00053832	00053833	00053834	00053835	00053836	00053837	00053838	00053839	00053840	00053841	00053842	00053843
633364741	3349277154	4667323623	00053844	00053845	00053846	00053847	00053848	00053849	00053850	00053851	00053852	00053853	00053854	00053855	00053856	00053857	00053858	00053859	00053860	00053861	00053862	00053863	00053864	00053865	00053866	00053867	00053868	00053869	00053870	00053871	00053872	00053873	00053874	00053875	00053876	00053877	00053878	00053879	00053880	00053881	00053882	00053883	00053884	00053885	00053886	00053887	00053888	00053889	00053890	00053891	00053892	00053893	00053894	00053895	00053896	00053897	00053898	00053899	00053900	00053901	00053902	00053903	00053904	00053905	00053906	00053907	00053908	00053909	00053910	00053911	00053912	00053913	00053914	00053915	00053916	00053917	00053918	00053919	00053920	00053921	00053922	00053923	00053924	00053925	00053926	00053927	00053928	00053929	00053930	00053931	00053932	00053933	00053934	00053935	00053936	00053937	00053938	00053939	00053940	00053941	00053942	00053943	00053944	00053945	00053946	00053947	00053948	00053949	00053950	00053951	00053952	00053953	00053954	00053955	00053956	00053957	00053958	00053959	00053960	00053961	00053962	00053963	00053964	00053965	00053966	00053967	00053968	00053969	00053970	00053971	00053972	00053973	00053974	00053975	00053976	00053977	00053978	00053979	00053980	00053981	00053982	00053983	00053984	00053985	00053986	00053987	00053988	00053989	00053990	00053991	00053992	00053993	00053994	00053995	00053996	00053997	00053998	00053999	00054000	00054001	00054002	00054003	00054004	00054005	00054006	00054007	00054008	00054009	00054010	00054011	00054012	00054013	00054014	00054015	00054016	00054017	00054018	00054019	00054020	00054021	00054022	00054023	00054024	00054025	00054026	00054027	00054028	00054029	00054030	00054031	00054032	00054033	00054034	00054035	00054036	00054037	00054038	00054039	00054040	00054041	00054042	00054043
635777757	3361983046	4685536863	00054044	00054045	00054046	00054047	00054048	00054049	00054050	00054051	00054052	00054053	00054054	00054055	00054056	00054057	00054058	00054059	00054060	00054061	00054062	00054063	00054064	00054065	00054066	00054067	00054068	00054069	00054070	00054071	00054072	00054073	00054074	00054075	00054076	00054077	00054078	00054079	00054080	00054081	00054082	00054083	00054084	00054085	00054086	00054087	00054088	00054089	00054090	00054091	00054092	00054093	00054094	00054095	00054096	00054097	00054098	00054099	00054100	00054101	00054102	00054103	00054104	00054105	00054106	00054107	00054108	00054109	00054110	00054111	00054112	00054113	00054114	00054115	00054116	00054117	00054118	00054119	00054120	00054121	00054122	00054123	00054124	00054125	00054126	00054127	00054128	00054129	00054130	00054131	00054132	00054133	00054134	00054135	00054136	00054137	00054138	00054139	00054140	00054141	00054142	00054143	00054144	00054145	00054146	00054147	00054148	00054149	00054150	00054151	00054152	00054153	00054154	00054155	00054156	00054157	00054158	00054159	00054160	00054161	00054162	00054163	00054164	00054165	00054166	00054167	00054168	00054169	00054170	00054171	00054172	00054173	00054174	00054175	00054176	00054177	00054178	00054179	00054180	00054181	00054182	00054183	00054184	00054185	00054186	00054187	00054188	00054189	00054190	00054191	00054192	00054193	00054194	00054195	00054196	00054197	00054198	00054199	00054200	00054201	00054202	00054203	00054204	00054205	00054206	00054207	00054208	00054209	00054210	00054211	00054212	00054213	00054214	00054215	00054216	00054217	00054218	00054219	00054220	00054221	00054222	00054223	00054224	00054225	00054226	00054227	00054228	00054229	00054230	00054231	00054232	00054233	00054234	00054235	00054236	00054237	00054238	00054239	00054240	00054241	00054242	00054243
638123024	3374436202	4702093781	00054244	00054245	00054246	00054247	00054248	00054249	00054250	00054251	00054252	00054253	00054254	00054255	00054256	00054257	00054258	00054259	00054260	00054261	00054262	00054263	00054264	00054265	00054266	00054267	00054268	00054269	00054270	00054271	00054272	00054273	00054274	00054275	00054276	00054277	00054278	00054279	00054280	00054281	00054282	00054283	00054284	00054285	00054286	00054287	00054288	00054289	00054290	00054291	00054292	00054293	00054294	00054295	00054296	00054297	00054299	00054300	00054301	00054302	00054303	00054304	00054305	00054306	00054307	00054308	00054309	00054310	00054311	00054312	00054313	00054314	00054315	00054316	00054317	00054318	00054319	00054320	00054321	00054322	00054323	00054324	00054325	00054326	00054327	00054328	00054329	00054330	00054331	00054332	00054333	00054334	00054335	00054336	00054337	00054338	00054339	00054340	00054341	00054342	00054343	00054344	00054345	00054346	00054347	00054348	00054349	00054350	00054351	00054352	00054353	00054354	00054355	00054356	00054357	00054358	00054359	00054360	00054361	00054362	00054363	00054364	00054365	00054366	00054367	00054368	00054369	00054370	00054371	00054372	00054373	00054374	00054375	00054376	00054377	00054378	00054379	00054380	00054381	00054382	00054383	00054384	00054385	00054386	00054387	00054388	00054389	00054390	00054391	00054392	00054393	00054394	00054395	00054396	00054397	00054398	00054399	00054400	00054401	00054402	00054403	00054404	00054405	00054406	00054407	00054408	00054409	00054410	00054411	00054412	00054413	00054414	00054415	00054416	00054417	00054418	00054419	00054420	00054421	00054422	00054423	00054424	00054425	00054426	00054427	00054428	00054429	00054430	00054431	00054432	00054433	00054434	00054435	00054436	00054437	00054438	00054439	00054440	00054441	00054442	00054443	00054444
640579353	3387552054	4720951198	00054445	00054446	00054447	00054448	00054449	00054450	00054451	00054452	00054453	00054454	00054455	00054456	00054457	00054458	00054459	00054460	00054461	00054462	00054463	00054464	00054465	00054466	00054467	00054468	00054469	00054470	00054471	00054472	00054473	00054474	00054475	00054476	00054477	00054478	00054479	00054480	00054481	00054482	00054483	00054484	00054485	00054486	00054487	00054488	00054489	00054490	00054491	00054492	00054493	00054494	00054495	00054496	00054497	00054498	00054499	00054500	00054501	00054502	00054503	00054504	00054505	00054506	00054507	00054508	00054509	00054510	00054511	00054512	00054513	00054514	00054515	00054516	00054517	00054518	00054519	00054520	00054521	00054522	00054523	00054524	00054525	00054526	00054527	00054528	00054529	00054530	00054531	00054532	00054533	00054534	00054535	00054536	00054537	00054538	00054539	00054540	00054541	00054542	00054543	00054544	00054545	00054546	00054547	00054548	00054549	00054550	00054551	00054552	00054553	00054554	00054555	00054556	00054557	00054558	00054559	00054560	00054561	00054562	00054563	00054564	00054565	00054566	00054567	00054568	00054569	00054570	00054571	00054572	00054573	00054574	00054575	00054576	00054577	00054578	00054579	00054580	00054581	00054582	00054583	00054584	00054585	00054586	00054587	00054588	00054589	00054590	00054591	00054592	00054593	00054594	00054595	00054596	00054597	00054598	00054599	00054600	00054601	00054602	00054603	00054604	00054605	00054606	00054607	00054608	00054609	00054610	00054611	00054612	00054613	00054614	00054615	00054616	00054617	00054618	00054619	00054620	00054621	00054622	00054623	00054624	00054625	00054626	00054627	00054628	00054629	00054630	00054631	00054632	00054633	00054634	00054635	00054636	00054637	00054638	00054639	00054640	00054641	00054642	00054643	00054644
642884377	3399833238	4737722351	00054645	00054646	00054647	00054648	00054649	00054650	00054651	00054652	00054653	00054654	00054655	00054656	00054657	00054658	00054659	00054660	00054661	00054662	00054663	00054664	00054665	00054666	00054667	00054668	00054669	00054670	00054671	00054672	00054673	00054674	00054675	00054676	00054677	00054678	00054679	00054680	00054681	00054682	00054683	00054684	00054685	00054686	00054687	00054688	00054689	00054690	00054691	00054692	00054693	00054694	00054695	00054696	00054697	00054698	00054699	00054700	00054701	00054702	00054703	00054704	00054705	00054706	00054707	00054708	00054709	00054710	00054711	00054712	00054713	00054714	00054715	00054716	00054717	00054718	00054719	00054720	00054721	00054722	00054723	00054724	00054725	00054726	00054727	00054728	00054729	00054730	00054731	00054732	00054733	00054734	00054735	00054736	00054737	00054738	00054739	00054740	00054741	00054742	00054743	00054744	00054745	00054746	00054747	00054748	00054749	00054750	00054751	00054752	00054753	00054754	00054755	00054756	00054757	00054758	00054759	00054760	00054761	00054762	00054763	00054764	00054765	00054766	00054767	00054768	00054769	00054770	00054771	00054772	00054773	00054774	00054775	00054776	00054777	00054778	00054779	00054780	00054781	00054782	00054783	00054784	00054785	00054786	00054787	00054788	00054789	00054790	00054791	00054792	00054793	00054794	00054795	00054796	00054797	00054798	00054799	00054800	00054801	00054802	00054803	00054804	00054805	00054806	00054807	00054808	00054809	00054810	00054811	00054812	00054813	00054814	00054815	00054816	00054817	00054818	00054819	00054820	00054821	00054822	00054823	00054824	00054825	00054826	00054827	00054828	00054829	00054830	00054831	00054832	00054833	00054834	00054835	00054836	00054837	00054838	00054839	00054840	00054841	00054842	00054843	00054844
645118860	3411560656	4753785136	00054845	00054846	00054847	00054848	00054849	00054850	00054851	00054852	00054853	00054854	00054855	00054856	00054857	00054858	00054859	00054860	00054861	00054862	00054863	00054864	00054865	00054866	00054867	00054868	00054869	00054870	00054871	00054872	00054873	00054874	00054875	00054876	00054877	00054878	00054879	00054880	00054881	00054882	00054883	00054884	00054885	00054886	00054887	00054888	00054889	00054890	00054891	00054892	00054893	00054894	00054895	00054896	00054897	00054898	00054899	00054900	00054901	00054902	00054903	00054904	00054905	00054906	00054907	00054908	00054909	00054910	00054911	00054912	00054913	00054914	00054915	00054916	00054917	00054918	00054919	00054920	00054921	00054922	00054923	00054924	00054925	00054926	00054927	00054928	00054929	00054930	00054931	00054932	00054933	00054934	00054935	00054936	00054937	00054938	00054939	00054940	00054941	00054942	00054943	00054944	00054945	00054946	00054947	00054948	00054949	00054950	00054951	00054952	00054953	00054954	00054955	00054956	00054957	00054958	00054959	00054960	00054961	00054962	00054963	00054964	00054965	00054966	00054967	00054968	00054969	00054970	00054971	00054972	00054973	00054974	00054975	00054976	00054977	00054978	00054979	00054980	00054981	00054982	00054983	00054984	00054985	00054986	00054987	00054988	00054989	00054990	00054991	00054992	00054993	00054994	00054995	00054996	00054997	00054998	00054999	00055000	00055001	00055002	00055003	00055004	00055005	00055006	00055007	00055008	00055009	00055010	00055011	00055012	00055013	00055014	00055015	00055016	00055017	00055018	00055019	00055020	00055021	00055022	00055023	00055024	00055025	00055026	00055027	00055028	00055029	00055030	00055031	00055032	00055033	00055034	00055035	00055036	00055037	00055038	00055039	00055040	00055041	00055042	00055043	00055044
647629363	3424949100	4772975942	00055045	00055046	00055047	00055048	00055049	00055050	00055051	00055052	00055053	00055054	00055055	00055056	00055057	00055058	00055059	00055060	00055061	00055062	00055063	00055064	00055065	00055066	00055067	00055068	00055069	00055070	00055071	00055072	00055073	00055074	00055075	00055076	00055077	00055078	00055079	00055080	00055081	00055082	00055083	00055084	00055085	00055086	00055087	00055088	00055089	00055090	00055091	00055092	00055093	00055094	00055095	00055096	00055097	00055098	00055099	00055100	00055101	00055102	00055103	00055104	00055105	00055106	00055107	00055108	00055109	00055110	00055111	00055112	00055113	00055114	00055115	00055116	00055117	00055118	00055119	00055120	00055121	00055122	00055123	00055124	00055125	00055126	00055127	00055128	00055129	00055130	00055131	00055132	00055133	00055134	00055135	00055136	00055137	00055138	00055139	00055140	00055141	00055142	00055143	00055144	00055145	00055146	00055147	00055148	00055149	00055150	00055151	00055152	00055153	00055154	00055155	00055156	00055157	00055158	00055159	00055160	00055161	00055162	00055163	00055164	00055165	00055166	00055167	00055168	00055169	00055170	00055171	00055172	00055173	00055174	00055175	00055176	00055177	00055178	00055179	00055180	00055181	00055182	00055183	00055184	00055185	00055186	00055187	00055188	00055189	00055190	00055191	00055192	00055193	00055194	00055195	00055196	00055197	00055198	00055199	00055200	00055201	00055202	00055203	00055204	00055205	00055206	00055207	00055208	00055209	00055210	00055211	00055212	00055213	00055214	00055215	00055216	00055217	00055218	00055219	00055220	00055221	00055222	00055223	00055224	00055225	00055226	00055227	00055228	00055229	00055230	00055231	00055232	00055233	00055234	00055235	00055236	00055237	00055238	00055239	00055240	00055241	00055242	00055243	00055244
649985000	3437422916	4790430255	00055245	00055246	00055247	00055248	00055249	00055250	00055251	00055252	00055253	00055254	00055255	00055256	00055257	00055258	00055259	00055260	00055261	00055262	00055263	00055264	00055265	00055266	00055267	00055268	00055269	00055270	00055271	00055272	00055273	00055274	00055275	00055276	00055277	00055278	00055279	00055280	00055281	00055282	00055283	00055284	00055285	00055286	00055287	00055288	00055289	00055290	00055291	00055292	00055293	00055294	00055295	00055296	00055297	00055298	00055299	00055300	00055301	00055302	00055303	00055304	00055305	00055306	00055307	00055308	00055309	00055310	00055311	00055312	00055313	00055314	00055315	00055316	00055317	00055318	00055319	00055320	00055321	00055322	00055323	00055325	00055326	00055327	00055328	00055329	00055330	00055331	00055332	00055333	00055334	00055335	00055336	00055337	00055338	00055339	00055340	00055341	00055342	00055343	00055344	00055345	00055346	00055347	00055348	00055349	00055350	00055351	00055352	00055353	00055354	00055355	00055356	00055357	00055358	00055359	00055360	00055361	00055363	00055364	00055365	00055366	00055367	00055368	00055369	00055370	00055371	00055372	00055373	00055374	00055375	00055376	00055377	00055378	00055379	00055380	00055381	00055382	00055383	00055384	00055385	00055386	00055387	00055388	00055389	00055390	00055391	00055392	00055393	00055394	00055395	00055396	00055397	00055398	00055399	00055400	00055401	00055402	00055403	00055404	00055405	00055406	00055407	00055408	00055409	00055410	00055411	00055412	00055413	00055414	00055415	00055416	00055417	00055418	00055420	00055421	00055422	00055423	00055424	00055425	00055426	00055427	00055428	00055429	00055430	00055431	00055432	00055433	00055434	00055435	00055436	00055437	00055439	00055440	00055441	00055442	00055443	00055444	00055445	00055446	00055447	00055448
652324504	3449855044	4807627678	00055449	00055450	00055451	00055452	00055453	00055454	00055455	00055456	00055458	00055459	00055460	00055461	00055462	00055463	00055464	00055465	00055466	00055467	00055468	00055469	00055470	00055471	00055472	00055473	00055474	00055475	00055477	00055478	00055479	00055480	00055481	00055482	00055483	00055484	00055485	00055486	00055487	00055488	00055489	00055490	00055491	00055492	00055493	00055494	00055496	00055497	00055498	00055499	00055500	00055501	00055502	00055503	00055504	00055505	00055506	00055507	00055508	00055509	00055510	00055511	00055512	00055513	00055514	00055515	00055516	00055517	00055518	00055519	00055520	00055521	00055522	00055523	00055524	00055525	00055526	00055527	00055528	00055529	00055530	00055531	00055532	00055533	00055534	00055535	00055536	00055537	00055538	00055539	00055540	00055541	00055542	00055543	00055544	00055545	00055546	00055547	00055548	00055549	00055550	00055551	00055552	00055553	00055554	00055555	00055556	00055557	00055558	00055559	00055560	00055561	00055562	00055563	00055564	00055565	00055566	00055567	00055568	00055569	00055570	00055571	00055572	00055573	00055574	00055575	00055576	00055577	00055578	00055579	00055580	00055581	00055582	00055583	00055584	00055585	00055586	00055587	00055588	00055589	00055590	00055591	00055592	00055593	00055594	00055595	00055596	00055597	00055598	00055599	00055600	00055601	00055602	00055603	00055604	00055605	00055606	00055607	00055608	00055609	00055610	00055611	00055612	00055613	00055614	00055615	00055616	00055617	00055618	00055619	00055620	00055621	00055622	00055623	00055624	00055625	00055626	00055627	00055628	00055629	00055630	00055631	00055632	00055633	00055634	00055635	00055636	00055637	00055638	00055639	00055640	00055641	00055642	00055643	00055644	00055645	00055646	00055647	00055648	00055649	00055650	00055651
654621652	3462042850	4824268301	00055652	00055653	00055654	00055655	00055656	00055657	00055658	00055659	00055660	00055661	00055662	00055663	00055664	00055665	00055666	00055667	00055668	00055669	00055670	00055671	00055672	00055673	00055674	00055675	00055676	00055677	00055678	00055679	00055680	00055681	00055682	00055683	00055684	00055686	00055687	00055688	00055689	00055690	00055691	00055692	00055693	00055694	00055695	00055696	00055697	00055698	00055699	00055700	00055701	00055702	00055703	00055704	00055705	00055706	00055707	00055708	00055709	00055710	00055711	00055712	00055713	00055714	00055715	00055716	00055717	00055718	00055719	00055720	00055721	00055722	00055723	00055724	00055725	00055726	00055727	00055728	00055729	00055730	00055731	00055732	00055733	00055734	00055735	00055736	00055737	00055738	00055739	00055740	00055741	00055742	00055743	00055744	00055745	00055746	00055747	00055748	00055749	00055750	00055751	00055752	00055753	00055754	00055755	00055756	00055757	00055758	00055759	00055760	00055761	00055762	00055763	00055764	00055765	00055766	00055767	00055768	00055769	00055770	00055771	00055772	00055773	00055774	00055775	00055776	00055777	00055778	00055779	00055780	00055781	00055782	00055783	00055784	00055785	00055786	00055787	00055788	00055789	00055790	00055791	00055792	00055793	00055794	00055795	00055796	00055797	00055798	00055800	00055801	00055802	00055803	00055804	00055805	00055806	00055807	00055808	00055809	00055810	00055811	00055812	00055813	00055814	00055815	00055816	00055817	00055818	00055819	00055820	00055821	00055822	00055823	00055824	00055825	00055826	00055827	00055828	00055829	00055830	00055831	00055832	00055833	00055834	00055835	00055836	00055837	00055838	00055839	00055840	00055841	00055842	00055843	00055844	00055845	00055846	00055847	00055848	00055849	00055850	00055851	00055852	00055853
657013254	3474691960	4842070775	00055854	00055855	00055856	00055857	00055858	00055859	00055860	00055861	00055862	00055863	00055864	00055865	00055866	00055867	00055868	00055869	00055870	00055871	00055872	00055873	00055874	00055875	00055876	00055877	00055878	00055879	00055880	00055881	00055882	00055883	00055884	00055885	00055886	00055887	00055888	00055889	00055890	00055891	00055892	00055893	00055894	00055895	00055896	00055897	00055898	00055899	00055900	00055901	00055902	00055903	00055904	00055905	00055906	00055907	00055908	00055909	00055910	00055911	00055912	00055913	00055914	00055915	00055916	00055917	00055918	00055919	00055920	00055921	00055922	00055923	00055924	00055925	00055926	00055927	00055928	00055929	00055930	00055931	00055932	00055933	00055934	00055935	00055936	00055937	00055938	00055939	00055940	00055941	00055942	00055943	00055944	00055945	00055946	00055947	00055948	00055949	00055950	00055951	00055952	00055953	00055954	00055955	00055956	00055957	00055958	00055959	00055960	00055961	00055962	00055963	00055964	00055965	00055966	00055967	00055968	00055969	00055970	00055971	00055972	00055973	00055974	00055975	00055976	00055977	00055978	00055979	00055980	00055981	00055982	00055983	00055984	00055985	00055986	00055987	00055988	00055989	00055990	00055991	00055992	00055993	00055994	00055995	00055996	00055997	00055998	00055999	00056000	00056001	00056002	00056003	00056004	00056006	00056007	00056008	00056009	00056010	00056011	00056012	00056013	00056014	00056015	00056016	00056017	00056018	00056019	00056020	00056021	00056022	00056023	00056024	00056025	00056026	00056027	00056028	00056029	00056030	00056031	00056032	00056033	00056034	00056035	00056036	00056037	00056038	00056039	00056040	00056041	00056042	00056043	00056044	00056045	00056046	00056047	00056048	00056049	00056050	00056051	00056052	00056053	00056054
659303593	3486810756	4858504097	00056055	00056056	00056057	00056058	00056059	00056060	00056061	00056062	00056063	00056064	00056065	00056066	00056067	00056068	00056069	00056070	00056071	00056072	00056073	00056074	00056075	00056076	00056077	00056078	00056079	00056080	00056081	00056082	00056083	00056084	00056085	00056086	00056087	00056088	00056089	00056090	00056091	00056092	00056093	00056094	00056095	00056096	00056097	00056098	00056099	00056100	00056101	00056102	00056103	00056104	00056105	00056106	00056107	00056108	00056109	00056110	00056111	00056112	00056113	00056114	00056115	00056116	00056117	00056118	00056119	00056120	00056121	00056123	00056124	00056125	00056126	00056127	00056128	00056129	00056130	00056131	00056132	00056133	00056134	00056135	00056136	00056137	00056138	00056139	00056140	00056141	00056142	00056143	00056144	00056145	00056146	00056147	00056148	00056149	00056150	00056151	00056152	00056153	00056154	00056155	00056156	00056157	00056158	00056159	00056160	00056161	00056162	00056163	00056164	00056165	00056166	00056167	00056168	00056169	00056170	00056171	00056172	00056173	00056174	00056175	00056176	00056177	00056178	00056179	00056180	00056181	00056182	00056183	00056184	00056185	00056186	00056187	00056188	00056189	00056190	00056191	00056192	00056193	00056194	00056195	00056196	00056197	00056198	00056199	00056200	00056201	00056202	00056203	00056204	00056205	00056206	00056207	00056208	00056209	00056210	00056211	00056212	00056213	00056214	00056215	00056216	00056217	00056218	00056219	00056220	00056221	00056222	00056223	00056224	00056225	00056226	00056227	00056228	00056229	00056230	00056231	00056232	00056233	00056234	00056235	00056236	00056237	00056238	00056239	00056240	00056241	00056242	00056243	00056244	00056245	00056246	00056247	00056248	00056249	00056250	00056251	00056252	00056253	00056254	00056255
661702963	3499514886	4876722293	00056256	00056257	00056258	00056259	00056260	00056261	00056262	00056263	00056264	00056265	00056266	00056268	00056269	00056270	00056271	00056272	00056273	00056274	00056275	00056276	00056277	00056278	00056279	00056280	00056281	00056282	00056283	00056284	00056285	00056286	00056287	00056288	00056289	00056290	00056291	00056292	00056293	00056294	00056295	00056296	00056297	00056298	00056299	00056300	00056301	00056302	00056303	00056304	00056305	00056306	00056307	00056308	00056309	00056310	00056311	00056312	00056313	00056314	00056315	00056316	00056317	00056318	00056319	00056320	00056321	00056322	00056323	00056324	00056325	00056326	00056327	00056328	00056329	00056330	00056331	00056332	00056333	00056334	00056335	00056336	00056337	00056338	00056339	00056340	00056341	00056342	00056343	00056344	00056345	00056346	00056347	00056348	00056349	00056350	00056351	00056352	00056353	00056354	00056355	00056356	00056357	00056358	00056359	00056360	00056361	00056362	00056363	00056364	00056365	00056366	00056367	00056368	00056369	00056370	00056371	00056372	00056373	00056374	00056375	00056376	00056377	00056378	00056379	00056380	00056381	00056382	00056383	00056384	00056385	00056386	00056387	00056388	00056389	00056390	00056391	00056392	00056393	00056394	00056395	00056396	00056397	00056398	00056399	00056400	00056401	00056402	00056403	00056404	00056405	00056406	00056407	00056408	00056409	00056410	00056411	00056412	00056413	00056414	00056415	00056416	00056417	00056418	00056419	00056420	00056421	00056422	00056423	00056424	00056425	00056427	00056428	00056429	00056430	00056431	00056432	00056433	00056434	00056435	00056436	00056437	00056438	00056439	00056440	00056441	00056442	00056443	00056444	00056445	00056446	00056447	00056448	00056449	00056450	00056451	00056452	00056453	00056454	00056455	00056456	00056457
663987357	3511452652	4893324155	00056458	00056459	00056460	00056461	00056462	00056463	00056464	00056465	00056466	00056467	00056468	00056469	00056470	00056471	00056472	00056473	00056474	00056475	00056476	00056477	00056478	00056479	00056480	00056481	00056482	00056483	00056484	00056485	00056486	00056487	00056488	00056489	00056490	00056491	00056492	00056493	00056494	00056495	00056496	00056497	00056498	00056499	00056500	00056501	00056502	00056503	00056504	00056505	00056506	00056507	00056508	00056509	00056510	00056511	00056512	00056513	00056514	00056515	00056516	00056517	00056518	00056519	00056520	00056521	00056522	00056523	00056524	00056525	00056526	00056527	00056528	00056529	00056530	00056531	00056532	00056533	00056534	00056535	00056536	00056537	00056538	00056539	00056540	00056541	00056542	00056543	00056544	00056545	00056546	00056547	00056548	00056549	00056550	00056551	00056552	00056553	00056554	00056555	00056556	00056557	00056558	00056559	00056560	00056561	00056562	00056563	00056564	00056565	00056566	00056567	00056568	00056569	00056570	00056571	00056572	00056573	00056574	00056575	00056576	00056577	00056578	00056579	00056580	00056581	00056582	00056583	00056584	00056585	00056586	00056587	00056588	00056589	00056590	00056591	00056592	00056593	00056594	00056595	00056596	00056597	00056598	00056599	00056600	00056601	00056602	00056603	00056604	00056605	00056606	00056607	00056608	00056609	00056610	00056611	00056612	00056613	00056614	00056615	00056616	00056617	00056618	00056619	00056620	00056621	00056622	00056623	00056624	00056625	00056626	00056627	00056628	00056629	00056630	00056631	00056632	00056633	00056634	00056635	00056636	00056637	00056638	00056639	00056640	00056641	00056642	00056643	00056644	00056645	00056646	00056647	00056648	00056649	00056650	00056651	00056652	00056653	00056655	00056656	00056657	00056658
666284975	3523692378	4909763529	00056659	00056660	00056661	00056662	00056663	00056664	00056665	00056666	00056667	00056668	00056669	00056670	00056671	00056672	00056673	00056674	00056675	00056676	00056677	00056678	00056679	00056680	00056681	00056682	00056683	00056684	00056685	00056686	00056687	00056688	00056689	00056690	00056691	00056692	00056693	00056694	00056695	00056696	00056697	00056698	00056699	00056700	00056701	00056702	00056703	00056704	00056705	00056706	00056707	00056708	00056709	00056710	00056712	00056713	00056714	00056715	00056716	00056717	00056718	00056719	00056720	00056721	00056722	00056723	00056724	00056725	00056726	00056727	00056728	00056729	00056730	00056731	00056732	00056733	00056734	00056735	00056736	00056737	00056738	00056739	00056740	00056741	00056742	00056743	00056744	00056745	00056746	00056747	00056748	00056749	00056750	00056751	00056752	00056753	00056754	00056755	00056756	00056757	00056758	00056759	00056760	00056761	00056762	00056763	00056764	00056765	00056766	00056767	00056768	00056769	00056770	00056771	00056772	00056773	00056774	00056775	00056776	00056777	00056778	00056779	00056780	00056781	00056782	00056783	00056784	00056785	00056786	00056788	00056789	00056790	00056791	00056792	00056793	00056794	00056795	00056796	00056797	00056798	00056799	00056800	00056801	00056802	00056803	00056804	00056805	00056807	00056808	00056809	00056810	00056811	00056812	00056813	00056814	00056815	00056816	00056817	00056818	00056819	00056820	00056821	00056822	00056823	00056824	00056826	00056827	00056828	00056829	00056830	00056831	00056832	00056833	00056834	00056835	00056836	00056837	00056838	00056839	00056840	00056841	00056842	00056843	00056844	00056845	00056846	00056847	00056848	00056849	00056850	00056851	00056852	00056853	00056854	00056855	00056856	00056857	00056858	00056859	00056860	00056861	00056862
668568793	3535655522	4926331637	00056863	00056864	00056865	00056866	00056867	00056868	00056869	00056870	00056871	00056872	00056873	00056874	00056875	00056876	00056877	00056878	00056879	00056880	00056881	00056882	00056883	00056884	00056885	00056886	00056887	00056888	00056889	00056890	00056891	00056892	00056893	00056894	00056895	00056896	00056897	00056898	00056899	00056900	00056902	00056903	00056904	00056905	00056906	00056907	00056908	00056909	00056910	00056911	00056912	00056913	00056914	00056915	00056916	00056917	00056918	00056919	00056920	00056921	00056922	00056923	00056924	00056925	00056926	00056927	00056928	00056929	00056930	00056931	00056932	00056933	00056934	00056935	00056936	00056937	00056938	00056940	00056941	00056942	00056943	00056944	00056945	00056946	00056947	00056948	00056949	00056950	00056951	00056952	00056953	00056954	00056955	00056956	00056957	00056959	00056960	00056961	00056962	00056963	00056964	00056965	00056966	00056967	00056968	00056969	00056970	00056971	00056972	00056973	00056974	00056975	00056976	00056977	00056978	00056979	00056980	00056981	00056982	00056983	00056984	00056985	00056986	00056987	00056988	00056989	00056990	00056991	00056992	00056993	00056994	00056995	00056996	00056997	00056998	00056999	00057000	00057001	00057002	00057003	00057004	00057005	00057006	00057007	00057008	00057009	00057010	00057011	00057012	00057013	00057014	00057015	00057016	00057017	00057018	00057019	00057020	00057021	00057022	00057023	00057024	00057025	00057026	00057027	00057028	00057029	00057030	00057031	00057032	00057033	00057034	00057035	00057036	00057037	00057038	00057039	00057040	00057041	00057042	00057043	00057044	00057045	00057046	00057047	00057048	00057049	00057050	00057051	00057052	00057053	00057054	00057055	00057056	00057057	00057058	00057059	00057060	00057061	00057062	00057063	00057064	00057065
670876074	3547978010	4943063068	00057066	00057067	00057068	00057069	00057070	00057071	00057072	00057073	00057074	00057075	00057076	00057077	00057078	00057079	00057080	00057081	00057082	00057083	00057084	00057085	00057086	00057087	00057088	00057089	00057090	00057091	00057092	00057093	00057094	00057095	00057096	00057097	00057098	00057099	00057100	00057101	00057102	00057103	00057104	00057105	00057106	00057107	00057108	00057109	00057111	00057112	00057113	00057114	00057115	00057116	00057117	00057118	00057119	00057120	00057121	00057122	00057123	00057124	00057125	00057126	00057127	00057128	00057130	00057131	00057132	00057133	00057134	00057135	00057136	00057137	00057138	00057139	00057140	00057141	00057142	00057143	00057144	00057145	00057146	00057147	00057149	00057150	00057151	00057152	00057153	00057154	00057155	00057156	00057157	00057158	00057159	00057160	00057161	00057162	00057163	00057164	00057165	00057166	00057168	00057169	00057170	00057171	00057172	00057173	00057174	00057175	00057176	00057177	00057178	00057179	00057180	00057181	00057182	00057183	00057184	00057185	00057186	00057187	00057188	00057189	00057190	00057191	00057192	00057193	00057194	00057195	00057196	00057197	00057198	00057199	00057200	00057201	00057202	00057203	00057204	00057205	00057206	00057207	00057208	00057209	00057210	00057211	00057212	00057213	00057214	00057215	00057216	00057217	00057218	00057219	00057220	00057221	00057222	00057223	00057224	00057225	00057226	00057227	00057228	00057229	00057230	00057231	00057232	00057233	00057234	00057235	00057236	00057237	00057238	00057239	00057240	00057241	00057242	00057244	00057245	00057246	00057247	00057248	00057249	00057250	00057251	00057252	00057253	00057254	00057255	00057256	00057257	00057258	00057259	00057260	00057261	00057263	00057264	00057265	00057266	00057267	00057268	00057269	00057270	00057271
673337097	3560905332	4961987427	00057272	00057273	00057274	00057275	00057276	00057277	00057278	00057279	00057280	00057282	00057283	00057284	00057285	00057286	00057287	00057288	00057289	00057290	00057291	00057292	00057293	00057294	00057295	00057296	00057297	00057298	00057299	00057300	00057301	00057302	00057303	00057304	00057305	00057306	00057307	00057308	00057309	00057310	00057311	00057312	00057313	00057314	00057315	00057316	00057317	00057318	00057319	00057320	00057321	00057322	00057323	00057324	00057325	00057326	00057327	00057328	00057329	00057330	00057331	00057332	00057333	00057334	00057335	00057336	00057337	00057338	00057339	00057340	00057341	00057342	00057343	00057344	00057345	00057346	00057347	00057348	00057349	00057350	00057351	00057352	00057353	00057354	00057355	00057356	00057357	00057358	00057359	00057360	00057361	00057362	00057363	00057364	00057365	00057366	00057367	00057368	00057369	00057370	00057371	00057372	00057373	00057374	00057375	00057376	00057377	00057378	00057379	00057380	00057381	00057382	00057383	00057384	00057385	00057386	00057387	00057388	00057389	00057390	00057391	00057392	00057393	00057394	00057395	00057396	00057397	00057398	00057399	00057400	00057401	00057402	00057403	00057404	00057405	00057406	00057407	00057408	00057409	00057410	00057411	00057412	00057413	00057415	00057416	00057417	00057418	00057419	00057420	00057421	00057422	00057423	00057424	00057425	00057426	00057427	00057428	00057429	00057430	00057431	00057432	00057434	00057435	00057436	00057437	00057438	00057439	00057440	00057441	00057442	00057443	00057444	00057445	00057446	00057447	00057448	00057449	00057450	00057451	00057452	00057453	00057454	00057455	00057456	00057457	00057458	00057459	00057460	00057461	00057462	00057463	00057464	00057465	00057466	00057467	00057468	00057469	00057470	00057471	00057472	00057473	00057474
675596129	3572805290	4978438030	00057475	00057476	00057477	00057478	00057479	00057480	00057481	00057482	00057483	00057484	00057485	00057486	00057487	00057488	00057489	00057491	00057492	00057493	00057494	00057495	00057496	00057497	00057498	00057499	00057500	00057501	00057502	00057503	00057504	00057505	00057506	00057507	00057508	00057510	00057511	00057512	00057513	00057514	00057515	00057516	00057517	00057518	00057519	00057520	00057521	00057522	00057523	00057524	00057525	00057526	00057527	00057528	00057529	00057530	00057531	00057532	00057533	00057534	00057535	00057536	00057537	00057538	00057539	00057540	00057541	00057542	00057543	00057544	00057545	00057546	00057548	00057549	00057550	00057551	00057552	00057553	00057554	00057555	00057556	00057557	00057558	00057559	00057560	00057561	00057562	00057563	00057564	00057565	00057566	00057567	00057568	00057569	00057570	00057571	00057572	00057573	00057574	00057575	00057576	00057577	00057578	00057579	00057580	00057581	00057582	00057583	00057584	00057586	00057587	00057588	00057589	00057590	00057591	00057592	00057593	00057594	00057595	00057596	00057597	00057598	00057599	00057600	00057601	00057602	00057603	00057604	00057605	00057606	00057607	00057608	00057609	00057610	00057611	00057612	00057613	00057614	00057615	00057616	00057617	00057618	00057619	00057620	00057621	00057623	00057624	00057625	00057626	00057627	00057628	00057629	00057630	00057631	00057632	00057633	00057634	00057635	00057636	00057637	00057639	00057640	00057641	00057643	00057644	00057645	00057646	00057647	00057648	00057649	00057650	00057651	00057652	00057653	00057654	00057655	00057656	00057657	00057658	00057659	00057660	00057661	00057662	00057663	00057664	00057665	00057666	00057667	00057668	00057669	00057670	00057671	00057672	00057673	00057674	00057675	00057676	00057677	00057678	00057679	00057681	00057682
677905357	3584969958	4995263178	00057683	00057684	00057685	00057686	00057687	00057688	00057689	00057690	00057691	00057692	00057693	00057694	00057695	00057696	00057697	00057698	00057699	00057700	00057701	00057702	00057703	00057704	00057705	00057706	00057707	00057708	00057709	00057710	00057711	00057712	00057713	00057714	00057715	00057716	00057717	00057718	00057719	00057720	00057721	00057722	00057723	00057724	00057725	00057726	00057727	00057728	00057729	00057730	00057731	00057732	00057733	00057734	00057735	00057736	00057737	00057738	00057739	00057740	00057741	00057742	00057743	00057744	00057745	00057746	00057747	00057748	00057749	00057750	00057751	00057752	00057753	00057754	00057755	00057756	00057757	00057758	00057759	00057760	00057761	00057762	00057763	00057764	00057765	00057766	00057767	00057768	00057769	00057770	00057771	00057772	00057773	00057774	00057775	00057776	00057777	00057778	00057779	00057780	00057781	00057782	00057783	00057784	00057785	00057786	00057787	00057788	00057789	00057790	00057791	00057792	00057793	00057794	00057795	00057796	00057797	00057798	00057799	00057800	00057801	00057802	00057803	00057804	00057805	00057806	00057807	00057808	00057809	00057810	00057811	00057812	00057813	00057814	00057815	00057816	00057817	00057818	00057819	00057820	00057821	00057822	00057823	00057824	00057825	00057826	00057827	00057828	00057829	00057830	00057831	00057832	00057833	00057834	00057835	00057836	00057837	00057838	00057839	00057840	00057841	00057842	00057843	00057844	00057845	00057846	00057847	00057848	00057849	00057850	00057851	00057852	00057853	00057854	00057855	00057856	00057857	00057858	00057859	00057860	00057861	00057862	00057863	00057864	00057865	00057866	00057867	00057868	00057869	00057870	00057871	00057872	00057873	00057874	00057875	00057876	00057877	00057878	00057879	00057880	00057881	00057882
680268433	3597457674	5012695191	00057883	00057884	00057885	00057886	00057887	00057888	00057889	00057890	00057891	00057892	00057893	00057894	00057895	00057896	00057897	00057898	00057899	00057900	00057901	00057902	00057903	00057904	00057905	00057906	00057907	00057908	00057909	00057910	00057911	00057912	00057913	00057914	00057915	00057916	00057917	00057918	00057919	00057920	00057921	00057922	00057923	00057924	00057925	00057926	00057928	00057929	00057930	00057931	00057932	00057933	00057934	00057935	00057936	00057937	00057938	00057939	00057940	00057941	00057942	00057943	00057944	00057945	00057947	00057948	00057949	00057950	00057951	00057952	00057953	00057954	00057955	00057956	00057957	00057958	00057959	00057960	00057961	00057962	00057963	00057964	00057965	00057966	00057967	00057968	00057969	00057970	00057971	00057972	00057973	00057974	00057975	00057976	00057977	00057978	00057979	00057980	00057981	00057982	00057983	00057984	00057985	00057986	00057987	00057988	00057989	00057990	00057991	00057992	00057993	00057994	00057995	00057996	00057997	00057998	00057999	00058000	00058001	00058002	00058003	00058004	00058005	00058006	00058007	00058008	00058009	00058010	00058011	00058012	00058013	00058014	00058015	00058016	00058017	00058018	00058019	00058020	00058021	00058022	00058023	00058024	00058025	00058026	00058027	00058028	00058029	00058030	00058031	00058032	00058033	00058034	00058035	00058036	00058037	00058038	00058039	00058040	00058041	00058042	00058043	00058044	00058045	00058046	00058047	00058048	00058049	00058050	00058051	00058052	00058053	00058054	00058055	00058056	00058057	00058058	00058059	00058060	00058061	00058062	00058063	00058064	00058065	00058066	00058067	00058068	00058069	00058070	00058071	00058072	00058073	00058074	00058075	00058076	00058077	00058078	00058079	00058080	00058081	00058082	00058083	00058084
682641140	3610064814	5030334520	00058085	00058086	00058087	00058088	00058089	00058090	00058091	00058092	00058093	00058094	00058095	00058096	00058097	00058098	00058099	00058100	00058101	00058102	00058103	00058104	00058105	00058106	00058107	00058108	00058109	00058110	00058111	00058112	00058113	00058114	00058115	00058116	00058117	00058118	00058119	00058120	00058121	00058122	00058123	00058124	00058125	00058126	00058127	00058128	00058129	00058130	00058131	00058132	00058133	00058134	00058135	00058136	00058137	00058138	00058139	00058140	00058141	00058142	00058143	00058144	00058145	00058146	00058147	00058148	00058149	00058150	00058151	00058152	00058153	00058154	00058155	00058156	00058157	00058158	00058159	00058160	00058161	00058162	00058163	00058164	00058165	00058166	00058167	00058168	00058169	00058170	00058171	00058172	00058173	00058174	00058175	00058176	00058177	00058178	00058179	00058180	00058181	00058182	00058183	00058184	00058185	00058186	00058187	00058188	00058189	00058190	00058191	00058192	00058193	00058194	00058195	00058196	00058197	00058198	00058199	00058200	00058201	00058202	00058203	00058204	00058205	00058206	00058207	00058208	00058209	00058210	00058211	00058212	00058213	00058214	00058215	00058216	00058217	00058218	00058219	00058220	00058221	00058222	00058223	00058224	00058225	00058226	00058227	00058228	00058229	00058230	00058231	00058232	00058233	00058234	00058235	00058236	00058237	00058238	00058239	00058240	00058241	00058242	00058243	00058244	00058245	00058246	00058247	00058248	00058249	00058251	00058252	00058253	00058254	00058255	00058256	00058257	00058258	00058259	00058260	00058261	00058262	00058263	00058264	00058265	00058266	00058267	00058268	00058269	00058270	00058271	00058272	00058273	00058274	00058275	00058276	00058277	00058278	00058279	00058280	00058281	00058282	00058283	00058284	00058285
684987694	3622453694	5047667009	00058286	00058287	00058289	00058290	00058291	00058292	00058293	00058294	00058295	00058296	00058297	00058298	00058299	00058300	00058301	00058302	00058303	00058304	00058305	00058306	00058307	00058308	00058309	00058310	00058311	00058312	00058313	00058314	00058315	00058316	00058317	00058318	00058319	00058320	00058321	00058322	00058323	00058324	00058325	00058326	00058327	00058328	00058329	00058330	00058331	00058332	00058333	00058334	00058335	00058336	00058337	00058338	00058339	00058340	00058341	00058342	00058343	00058344	00058346	00058347	00058348	00058349	00058350	00058351	00058352	00058353	00058354	00058355	00058356	00058357	00058358	00058359	00058360	00058361	00058362	00058363	00058364	00058365	00058366	00058367	00058368	00058369	00058370	00058371	00058372	00058373	00058374	00058375	00058376	00058377	00058378	00058379	00058380	00058381	00058382	00058383	00058384	00058385	00058386	00058387	00058388	00058389	00058390	00058391	00058392	00058393	00058394	00058395	00058396	00058397	00058398	00058399	00058400	00058401	00058403	00058404	00058405	00058406	00058407	00058408	00058409	00058410	00058411	00058412	00058413	00058414	00058415	00058416	00058417	00058418	00058419	00058420	00058421	00058422	00058423	00058424	00058425	00058426	00058427	00058428	00058429	00058430	00058431	00058432	00058433	00058434	00058435	00058436	00058437	00058438	00058439	00058440	00058441	00058442	00058443	00058444	00058445	00058446	00058447	00058448	00058449	00058450	00058451	00058452	00058453	00058454	00058455	00058456	00058457	00058458	00058459	00058460	00058461	00058462	00058463	00058464	00058465	00058466	00058467	00058468	00058469	00058470	00058471	00058472	00058473	00058474	00058475	00058476	00058477	00058478	00058479	00058480	00058481	00058482	00058483	00058484	00058485	00058486	00058487	00058488
687278863	3634632202	5064078311	00058489	00058490	00058491	00058492	00058493	00058494	00058495	00058496	00058497	00058498	00058499	00058500	00058501	00058502	00058503	00058504	00058505	00058506	00058507	00058508	00058509	00058510	00058511	00058512	00058513	00058514	00058515	00058516	00058517	00058518	00058519	00058520	00058521	00058522	00058523	00058524	00058525	00058526	00058527	00058528	00058529	00058530	00058531	00058532	00058533	00058534	00058536	00058537	00058538	00058539	00058540	00058541	00058542	00058543	00058544	00058545	00058546	00058547	00058548	00058549	00058550	00058551	00058552	00058553	00058555	00058556	00058557	00058558	00058559	00058560	00058561	00058562	00058563	00058564	00058565	00058566	00058567	00058568	00058569	00058570	00058571	00058572	00058573	00058574	00058575	00058576	00058577	00058578	00058579	00058580	00058581	00058582	00058583	00058584	00058585	00058586	00058587	00058589	00058590	00058591	00058592	00058593	00058594	00058595	00058596	00058597	00058598	00058599	00058600	00058601	00058602	00058603	00058604	00058605	00058606	00058607	00058608	00058609	00058610	00058611	00058612	00058613	00058614	00058615	00058616	00058617	00058618	00058619	00058620	00058621	00058622	00058623	00058624	00058625	00058626	00058627	00058628	00058629	00058630	00058631	00058632	00058633	00058634	00058635	00058636	00058637	00058638	00058639	00058640	00058641	00058642	00058643	00058644	00058645	00058646	00058647	00058648	00058649	00058650	00058651	00058652	00058653	00058654	00058655	00058656	00058657	00058658	00058659	00058660	00058661	00058662	00058663	00058664	00058665	00058666	00058667	00058668	00058669	00058670	00058671	00058672	00058673	00058674	00058675	00058676	00058677	00058678	00058679	00058680	00058681	00058682	00058683	00058684	00058685	00058686	00058687	00058688	00058689	00058690	00058691
689593755	3646888680	5081235504	00058692	00058693	00058694	00058695	00058696	00058697	00058698	00058699	00058700	00058701	00058702	00058703	00058704	00058705	00058706	00058707	00058708	00058709	00058710	00058711	00058712	00058713	00058714	00058715	00058716	00058717	00058718	00058719	00058720	00058721	00058722	00058723	00058724	00058725	00058726	00058727	00058728	00058729	00058730	00058731	00058732	00058733	00058734	00058735	00058736	00058737	00058738	00058739	00058740	00058741	00058742	00058743	00058744	00058745	00058746	00058747	00058748	00058749	00058750	00058751	00058752	00058753	00058754	00058755	00058756	00058757	00058758	00058759	00058760	00058761	00058762	00058763	00058764	00058765	00058766	00058767	00058768	00058769	00058770	00058771	00058772	00058773	00058774	00058775	00058776	00058777	00058778	00058779	00058780	00058781	00058782	00058783	00058784	00058785	00058786	00058787	00058788	00058789	00058790	00058791	00058792	00058793	00058794	00058795	00058796	00058797	00058798	00058799	00058800	00058801	00058802	00058803	00058804	00058805	00058806	00058807	00058808	00058809	00058810	00058811	00058812	00058813	00058814	00058815	00058816	00058817	00058818	00058819	00058821	00058822	00058823	00058824	00058825	00058826	00058827	00058828	00058829	00058830	00058831	00058832	00058833	00058834	00058835	00058836	00058837	00058838	00058839	00058840	00058841	00058842	00058843	00058844	00058845	00058846	00058847	00058848	00058849	00058850	00058851	00058852	00058853	00058854	00058855	00058856	00058857	00058858	00058859	00058860	00058861	00058862	00058863	00058864	00058865	00058866	00058867	00058868	00058869	00058870	00058871	00058872	00058873	00058874	00058875	00058876	00058878	00058879	00058880	00058881	00058882	00058883	00058884	00058885	00058886	00058887	00058888	00058889	00058890	00058891	00058892	00058893
691963251	3659455566	5098805059	00058894	00058895	00058896	00058897	00058898	00058899	00058900	00058901	00058902	00058903	00058904	00058905	00058906	00058907	00058908	00058909	00058910	00058911	00058912	00058913	00058914	00058915	00058916	00058917	00058918	00058919	00058920	00058921	00058922	00058923	00058924	00058925	00058926	00058927	00058928	00058929	00058930	00058931	00058932	00058933	00058935	00058936	00058937	00058938	00058939	00058940	00058941	00058942	00058943	00058944	00058945	00058946	00058947	00058948	00058949	00058950	00058951	00058952	00058953	00058954	00058955	00058956	00058957	00058958	00058959	00058960	00058961	00058962	00058963	00058964	00058965	00058966	00058967	00058968	00058969	00058970	00058971	00058973	00058974	00058975	00058976	00058977	00058978	00058979	00058980	00058981	00058982	00058983	00058984	00058985	00058986	00058987	00058988	00058989	00058990	00058991	00058992	00058993	00058994	00058995	00058996	00058997	00058998	00058999	00059000	00059001	00059002	00059003	00059004	00059005	00059006	00059007	00059008	00059009	00059010	00059011	00059012	00059013	00059014	00059015	00059016	00059017	00059018	00059019	00059020	00059021	00059022	00059023	00059024	00059025	00059026	00059027	00059028	00059029	00059030	00059031	00059032	00059033	00059034	00059035	00059036	00059037	00059038	00059039	00059040	00059041	00059042	00059043	00059044	00059045	00059046	00059047	00059048	00059049	00059050	00059051	00059052	00059053	00059054	00059055	00059056	00059057	00059058	00059059	00059060	00059061	00059062	00059063	00059064	00059065	00059066	00059067	00059068	00059069	00059070	00059071	00059072	00059073	00059074	00059075	00059076	00059077	00059078	00059079	00059080	00059081	00059082	00059083	00059084	00059085	00059086	00059087	00059088	00059089	00059090	00059091	00059092	00059093	00059094	00059095
694353680	3672105200	5116621989	00059096	00059097	00059098	00059099	00059100	00059101	00059102	00059103	00059104	00059105	00059106	00059107	00059108	00059109	00059110	00059111	00059112	00059113	00059114	00059115	00059116	00059117	00059118	00059119	00059120	00059121	00059122	00059123	00059125	00059126	00059127	00059128	00059129	00059130	00059131	00059132	00059133	00059134	00059135	00059136	00059137	00059138	00059139	00059140	00059141	00059142	00059143	00059144	00059145	00059146	00059147	00059148	00059149	00059150	00059151	00059152	00059153	00059154	00059155	00059156	00059157	00059158	00059159	00059160	00059161	00059162	00059163	00059164	00059165	00059166	00059167	00059168	00059169	00059170	00059171	00059172	00059173	00059174	00059175	00059176	00059177	00059178	00059179	00059180	00059182	00059183	00059184	00059185	00059186	00059187	00059188	00059189	00059190	00059191	00059192	00059193	00059194	00059195	00059196	00059197	00059198	00059199	00059200	00059201	00059202	00059203	00059204	00059205	00059206	00059207	00059208	00059209	00059210	00059211	00059212	00059213	00059214	00059215	00059216	00059217	00059218	00059219	00059220	00059221	00059222	00059223	00059224	00059225	00059226	00059227	00059228	00059229	00059230	00059231	00059232	00059233	00059234	00059235	00059236	00059237	00059238	00059239	00059240	00059241	00059242	00059243	00059244	00059245	00059246	00059247	00059248	00059249	00059250	00059251	00059252	00059253	00059254	00059255	00059256	00059257	00059258	00059259	00059260	00059261	00059262	00059263	00059264	00059265	00059266	00059267	00059268	00059269	00059270	00059271	00059272	00059273	00059274	00059275	00059276	00059277	00059278	00059279	00059280	00059281	00059282	00059283	00059284	00059285	00059286	00059287	00059288	00059289	00059290	00059291	00059292	00059293	00059294	00059295	00059296	00059297
696764330	3684737256	5134751392	00059298	00059299	00059300	00059301	00059302	00059303	00059304	00059305	00059306	00059307	00059308	00059309	00059310	00059311	00059312	00059313	00059314	00059315	00059316	00059317	00059318	00059319	00059320	00059321	00059322	00059323	00059324	00059325	00059326	00059327	00059328	00059329	00059330	00059331	00059332	00059333	00059334	00059335	00059336	00059337	00059338	00059339	00059340	00059341	00059342	00059343	00059344	00059345	00059346	00059347	00059348	00059349	00059350	00059351	00059352	00059353	00059354	00059355	00059356	00059357	00059358	00059359	00059360	00059361	00059362	00059363	00059364	00059365	00059366	00059367	00059368	00059369	00059370	00059371	00059372	00059373	00059374	00059375	00059376	00059377	00059378	00059379	00059380	00059381	00059382	00059383	00059384	00059385	00059386	00059387	00059388	00059389	00059390	00059391	00059392	00059393	00059394	00059395	00059396	00059397	00059398	00059399	00059400	00059401	00059402	00059403	00059404	00059405	00059406	00059407	00059408	00059409	00059410	00059411	00059412	00059413	00059414	00059415	00059416	00059417	00059418	00059419	00059420	00059421	00059422	00059423	00059424	00059425	00059426	00059427	00059428	00059429	00059430	00059431	00059432	00059433	00059434	00059435	00059436	00059437	00059438	00059439	00059440	00059441	00059442	00059443	00059444	00059445	00059446	00059447	00059448	00059449	00059450	00059451	00059452	00059453	00059454	00059455	00059456	00059457	00059458	00059459	00059460	00059461	00059462	00059463	00059464	00059465	00059467	00059468	00059469	00059470	00059471	00059472	00059473	00059474	00059475	00059476	00059477	00059478	00059479	00059480	00059481	00059482	00059483	00059484	00059485	00059486	00059487	00059488	00059489	00059490	00059491	00059492	00059493	00059494	00059495	00059496	00059497	00059498
699019711	3696527692	5151072173	00059499	00059500	00059501	00059502	00059503	00059505	00059506	00059507	00059508	00059509	00059510	00059511	00059512	00059513	00059514	00059515	00059516	00059517	00059518	00059519	00059520	00059521	00059522	00059523	00059524	00059525	00059526	00059527	00059528	00059529	00059530	00059531	00059532	00059533	00059534	00059535	00059536	00059537	00059538	00059539	00059540	00059541	00059542	00059543	00059544	00059545	00059546	00059547	00059548	00059549	00059550	00059551	00059552	00059553	00059554	00059555	00059556	00059557	00059558	00059559	00059560	00059561	00059562	00059563	00059564	00059565	00059566	00059567	00059568	00059569	00059570	00059571	00059572	00059573	00059574	00059575	00059576	00059577	00059578	00059579	00059580	00059581	00059582	00059583	00059584	00059585	00059586	00059587	00059588	00059589	00059590	00059591	00059592	00059593	00059594	00059595	00059596	00059597	00059598	00059600	00059601	00059602	00059603	00059604	00059605	00059606	00059607	00059608	00059609	00059610	00059611	00059612	00059613	00059614	00059615	00059616	00059617	00059618	00059619	00059620	00059621	00059622	00059623	00059624	00059625	00059626	00059627	00059628	00059629	00059630	00059631	00059632	00059633	00059634	00059635	00059636	00059637	00059638	00059639	00059640	00059641	00059642	00059643	00059644	00059645	00059646	00059647	00059648	00059649	00059650	00059651	00059652	00059653	00059654	00059655	00059656	00059657	00059658	00059659	00059660	00059661	00059662	00059663	00059664	00059665	00059666	00059667	00059668	00059669	00059670	00059671	00059672	00059673	00059674	00059675	00059676	00059677	00059678	00059679	00059680	00059681	00059682	00059683	00059684	00059685	00059686	00059687	00059688	00059689	00059690	00059691	00059692	00059693	00059694	00059695	00059696	00059697	00059698	00059699	00059700
701373728	3708954108	5168587653	00059701	00059702	00059703	00059704	00059705	00059706	00059707	00059708	00059709	00059710	00059711	00059712	00059713	00059714	00059715	00059716	00059717	00059718	00059719	00059720	00059721	00059722	00059723	00059724	00059725	00059726	00059727	00059728	00059729	00059730	00059731	00059732	00059733	00059734	00059735	00059736	00059737	00059738	00059739	00059740	00059741	00059742	00059743	00059744	00059745	00059746	00059747	00059748	00059749	00059750	00059751	00059752	00059753	00059754	00059755	00059756	00059757	00059758	00059759	00059760	00059761	00059762	00059763	00059764	00059765	00059766	00059767	00059768	00059769	00059770	00059771	00059772	00059773	00059774	00059775	00059776	00059777	00059778	00059779	00059780	00059781	00059782	00059783	00059784	00059785	00059786	00059787	00059788	00059789	00059790	00059791	00059792	00059793	00059794	00059795	00059796	00059797	00059798	00059799	00059800	00059801	00059802	00059803	00059804	00059805	00059806	00059807	00059808	00059809	00059810	00059811	00059812	00059813	00059814	00059815	00059816	00059817	00059818	00059819	00059820	00059821	00059822	00059823	00059824	00059825	00059826	00059827	00059828	00059829	00059830	00059831	00059832	00059833	00059834	00059835	00059836	00059837	00059838	00059839	00059840	00059841	00059842	00059843	00059844	00059845	00059846	00059847	00059848	00059849	00059850	00059851	00059852	00059853	00059854	00059855	00059856	00059857	00059858	00059859	00059860	00059861	00059862	00059863	00059864	00059865	00059866	00059867	00059868	00059869	00059870	00059871	00059872	00059873	00059874	00059875	00059876	00059877	00059878	00059879	00059880	00059881	00059882	00059883	00059884	00059885	00059886	00059887	00059888	00059889	00059890	00059891	00059892	00059893	00059894	00059895	00059896	00059897	00059898	00059899	00059900
703637528	3720874150	5184836151	00059901	00059902	00059903	00059904	00059905	00059906	00059907	00059908	00059909	00059910	00059911	00059912	00059913	00059914	00059915	00059916	00059917	00059918	00059919	00059920	00059921	00059922	00059923	00059924	00059925	00059926	00059927	00059928	00059929	00059930	00059931	00059932	00059933	00059934	00059935	00059936	00059937	00059938	00059939	00059940	00059941	00059942	00059943	00059944	00059945	00059946	00059947	00059948	00059949	00059950	00059951	00059952	00059953	00059954	00059955	00059956	00059957	00059958	00059959	00059960	00059961	00059962	00059963	00059964	00059965	00059966	00059967	00059968	00059969	00059970	00059971	00059972	00059973	00059974	00059975	00059976	00059977	00059978	00059979	00059980	00059981	00059982	00059983	00059984	00059985	00059986	00059987	00059988	00059989	00059990	00059991	00059992	00059993	00059994	00059995	00059996	00059997	00059998	00059999	00060000	00060001	00060002	00060003	00060004	00060005	00060006	00060007	00060008	00060009	00060010	00060011	00060012	00060013	00060014	00060015	00060016	00060017	00060018	00060019	00060020	00060021	00060022	00060023	00060024	00060025	00060026	00060027	00060028	00060029	00060030	00060031	00060032	00060033	00060034	00060035	00060037	00060038	00060039	00060040	00060041	00060042	00060043	00060044	00060045	00060046	00060047	00060048	00060049	00060050	00060051	00060052	00060053	00060054	00060056	00060057	00060058	00060059	00060060	00060061	00060062	00060063	00060064	00060065	00060066	00060067	00060068	00060069	00060070	00060071	00060072	00060073	00060074	00060075	00060076	00060077	00060078	00060079	00060080	00060081	00060082	00060083	00060084	00060085	00060086	00060087	00060088	00060089	00060090	00060091	00060092	00060093	00060094	00060095	00060096	00060097	00060098	00060099	00060100	00060101	00060102
705906767	3732771380	5201214879	00060103	00060104	00060105	00060106	00060107	00060108	00060109	00060110	00060111	00060112	00060113	00060114	00060115	00060116	00060117	00060118	00060119	00060120	00060121	00060122	00060123	00060124	00060125	00060126	00060127	00060128	00060129	00060130	00060131	00060132	00060133	00060134	00060135	00060136	00060137	00060138	00060139	00060140	00060141	00060142	00060143	00060144	00060145	00060146	00060147	00060148	00060149	00060150	00060151	00060152	00060153	00060154	00060155	00060156	00060157	00060158	00060159	00060160	00060161	00060162	00060163	00060164	00060165	00060166	00060167	00060168	00060169	00060170	00060171	00060172	00060173	00060174	00060175	00060176	00060177	00060178	00060179	00060180	00060181	00060182	00060183	00060184	00060185	00060186	00060187	00060189	00060190	00060191	00060192	00060193	00060194	00060195	00060196	00060197	00060198	00060199	00060200	00060201	00060202	00060203	00060204	00060205	00060206	00060207	00060208	00060209	00060210	00060211	00060212	00060213	00060214	00060215	00060216	00060217	00060218	00060219	00060220	00060221	00060222	00060223	00060224	00060225	00060226	00060227	00060228	00060229	00060230	00060231	00060232	00060233	00060234	00060235	00060236	00060237	00060238	00060239	00060240	00060241	00060242	00060243	00060244	00060245	00060246	00060247	00060248	00060249	00060250	00060251	00060252	00060253	00060254	00060255	00060256	00060257	00060258	00060259	00060260	00060261	00060262	00060263	00060264	00060265	00060266	00060267	00060268	00060269	00060270	00060271	00060272	00060273	00060274	00060275	00060276	00060277	00060278	00060279	00060280	00060281	00060282	00060283	00060284	00060285	00060286	00060287	00060288	00060289	00060290	00060291	00060292	00060293	00060294	00060295	00060296	00060297	00060298	00060299	00060300	00060301	00060302	00060303
708127153	3744538652	5217328403	00060304	00060305	00060306	00060307	00060308	00060309	00060310	00060311	00060312	00060313	00060314	00060315	00060316	00060317	00060318	00060319	00060320	00060321	00060322	00060323	00060324	00060325	00060326	00060327	00060328	00060329	00060330	00060331	00060332	00060333	00060334	00060335	00060336	00060337	00060338	00060339	00060340	00060341	00060342	00060343	00060344	00060345	00060346	00060347	00060348	00060349	00060350	00060351	00060352	00060353	00060354	00060355	00060356	00060357	00060358	00060360	00060361	00060362	00060363	00060364	00060365	00060366	00060367	00060368	00060369	00060370	00060371	00060372	00060373	00060374	00060375	00060376	00060377	00060378	00060379	00060380	00060381	00060382	00060383	00060384	00060385	00060386	00060387	00060388	00060389	00060390	00060391	00060392	00060393	00060394	00060395	00060396	00060397	00060398	00060399	00060400	00060401	00060402	00060403	00060404	00060405	00060406	00060407	00060408	00060409	00060410	00060411	00060412	00060413	00060414	00060415	00060416	00060417	00060418	00060419	00060420	00060421	00060422	00060423	00060424	00060425	00060426	00060427	00060428	00060429	00060430	00060431	00060432	00060433	00060434	00060435	00060436	00060437	00060438	00060439	00060440	00060441	00060442	00060443	00060444	00060445	00060446	00060447	00060448	00060449	00060450	00060451	00060452	00060453	00060454	00060455	00060456	00060457	00060458	00060459	00060460	00060461	00060462	00060463	00060464	00060465	00060466	00060467	00060468	00060469	00060470	00060471	00060472	00060474	00060475	00060476	00060477	00060478	00060479	00060480	00060481	00060482	00060483	00060484	00060485	00060486	00060487	00060488	00060489	00060490	00060491	00060492	00060493	00060494	00060495	00060496	00060497	00060498	00060499	00060500	00060501	00060502	00060503	00060504	00060505
710416301	3756694250	5234076289	00060506	00060507	00060508	00060509	00060510	00060511	00060512	00060513	00060514	00060515	00060516	00060517	00060518	00060519	00060520	00060521	00060522	00060523	00060524	00060525	00060526	00060527	00060528	00060529	00060530	00060531	00060532	00060533	00060534	00060535	00060536	00060537	00060539	00060540	00060541	00060542	00060543	00060544	00060545	00060546	00060547	00060548	00060550	00060551	00060552	00060553	00060554	00060555	00060556	00060557	00060558	00060559	00060560	00060561	00060562	00060563	00060564	00060565	00060566	00060567	00060568	00060569	00060570	00060571	00060572	00060573	00060574	00060575	00060576	00060577	00060578	00060579	00060580	00060581	00060582	00060583	00060584	00060585	00060586	00060588	00060589	00060590	00060591	00060592	00060593	00060594	00060595	00060596	00060597	00060598	00060599	00060600	00060601	00060602	00060603	00060604	00060605	00060606	00060607	00060608	00060609	00060610	00060611	00060612	00060613	00060614	00060615	00060616	00060617	00060618	00060619	00060620	00060621	00060622	00060623	00060624	00060625	00060626	00060627	00060628	00060629	00060630	00060631	00060632	00060633	00060634	00060635	00060636	00060637	00060638	00060639	00060640	00060641	00060642	00060643	00060644	00060645	00060646	00060647	00060648	00060649	00060650	00060651	00060652	00060653	00060654	00060655	00060656	00060657	00060658	00060659	00060661	00060662	00060664	00060665	00060666	00060667	00060668	00060669	00060670	00060671	00060672	00060673	00060674	00060675	00060676	00060677	00060678	00060679	00060680	00060681	00060683	00060684	00060685	00060686	00060687	00060688	00060689	00060690	00060691	00060692	00060693	00060694	00060695	00060696	00060697	00060698	00060699	00060700	00060702	00060703	00060704	00060705	00060706	00060707	00060708	00060709	00060710	00060711	00060712
712694918	3768634930	5250976236	00060713	00060714	00060715	00060716	00060717	00060718	00060719	00060721	00060722	00060723	00060724	00060725	00060726	00060727	00060728	00060729	00060730	00060731	00060732	00060733	00060734	00060735	00060736	00060737	00060738	00060739	00060740	00060741	00060742	00060743	00060744	00060745	00060746	00060747	00060748	00060749	00060750	00060751	00060752	00060753	00060754	00060755	00060756	00060757	00060758	00060759	00060760	00060761	00060762	00060763	00060764	00060765	00060766	00060767	00060768	00060769	00060770	00060771	00060772	00060773	00060774	00060775	00060776	00060777	00060778	00060779	00060780	00060781	00060782	00060783	00060784	00060785	00060786	00060787	00060788	00060789	00060790	00060791	00060792	00060793	00060794	00060795	00060797	00060798	00060799	00060800	00060801	00060802	00060803	00060804	00060805	00060806	00060807	00060808	00060809	00060810	00060811	00060812	00060813	00060814	00060816	00060817	00060818	00060819	00060820	00060821	00060822	00060823	00060824	00060825	00060826	00060827	00060828	00060829	00060830	00060831	00060832	00060833	00060835	00060836	00060837	00060838	00060839	00060840	00060841	00060842	00060843	00060844	00060845	00060846	00060847	00060848	00060849	00060850	00060851	00060852	00060853	00060854	00060855	00060856	00060857	00060858	00060859	00060860	00060861	00060862	00060863	00060864	00060865	00060866	00060867	00060868	00060869	00060870	00060871	00060873	00060874	00060875	00060876	00060877	00060878	00060879	00060880	00060881	00060882	00060883	00060884	00060885	00060886	00060887	00060888	00060889	00060890	00060891	00060892	00060893	00060894	00060895	00060896	00060897	00060898	00060899	00060900	00060901	00060902	00060903	00060904	00060905	00060906	00060907	00060908	00060909	00060911	00060912	00060913	00060914	00060915	00060916	00060917	00060918
715080402	3781087216	5268996348	00060919	00060920	00060921	00060922	00060923	00060924	00060925	00060926	00060927	00060928	00060930	00060931	00060932	00060933	00060934	00060935	00060936	00060937	00060938	00060939	00060940	00060941	00060942	00060943	00060944	00060945	00060946	00060947	00060949	00060950	00060951	00060952	00060953	00060954	00060955	00060956	00060957	00060958	00060959	00060960	00060961	00060962	00060963	00060964	00060965	00060966	00060967	00060968	00060969	00060970	00060971	00060972	00060973	00060974	00060975	00060976	00060977	00060978	00060979	00060980	00060981	00060982	00060983	00060984	00060985	00060986	00060987	00060988	00060989	00060990	00060991	00060992	00060993	00060994	00060995	00060996	00060997	00060998	00060999	00061000	00061001	00061002	00061003	00061004	00061005	00061006	00061007	00061008	00061009	00061010	00061011	00061012	00061013	00061014	00061015	00061016	00061017	00061018	00061019	00061020	00061021	00061022	00061023	00061024	00061025	00061026	00061027	00061028	00061029	00061030	00061031	00061032	00061033	00061034	00061035	00061036	00061037	00061038	00061039	00061040	00061041	00061042	00061043	00061044	00061045	00061046	00061047	00061048	00061049	00061050	00061051	00061052	00061053	00061054	00061055	00061056	00061057	00061058	00061059	00061060	00061061	00061062	00061063	00061064	00061065	00061066	00061067	00061068	00061069	00061070	00061071	00061072	00061073	00061074	00061075	00061076	00061077	00061078	00061079	00061080	00061082	00061083	00061084	00061085	00061086	00061087	00061088	00061089	00061090	00061091	00061092	00061093	00061094	00061095	00061096	00061097	00061098	00061099	00061100	00061101	00061102	00061103	00061104	00061105	00061106	00061107	00061108	00061109	00061110	00061111	00061112	00061113	00061114	00061115	00061116	00061117	00061118	00061120	00061121	00061122
717429280	3793626560	5286670959	00061123	00061124	00061125	00061126	00061127	00061128	00061129	00061130	00061131	00061132	00061133	00061134	00061135	00061136	00061137	00061138	00061139	00061140	00061141	00061142	00061143	00061144	00061145	00061146	00061147	00061148	00061149	00061150	00061151	00061152	00061153	00061154	00061155	00061156	00061158	00061159	00061160	00061161	00061162	00061163	00061164	00061165	00061166	00061167	00061168	00061169	00061170	00061171	00061172	00061173	00061174	00061175	00061176	00061177	00061178	00061179	00061180	00061181	00061182	00061183	00061184	00061185	00061186	00061187	00061188	00061189	00061190	00061191	00061192	00061193	00061194	00061196	00061197	00061198	00061199	00061200	00061201	00061202	00061203	00061204	00061205	00061206	00061207	00061208	00061209	00061210	00061211	00061212	00061213	00061215	00061216	00061217	00061218	00061219	00061220	00061221	00061222	00061223	00061224	00061225	00061226	00061227	00061228	00061229	00061230	00061231	00061232	00061233	00061234	00061235	00061236	00061237	00061238	00061239	00061240	00061241	00061242	00061243	00061244	00061245	00061246	00061247	00061248	00061249	00061250	00061251	00061252	00061253	00061254	00061255	00061256	00061257	00061258	00061259	00061260	00061261	00061262	00061263	00061264	00061265	00061266	00061267	00061268	00061269	00061270	00061271	00061272	00061273	00061274	00061275	00061276	00061277	00061278	00061279	00061280	00061281	00061282	00061283	00061284	00061285	00061286	00061287	00061288	00061289	00061290	00061291	00061292	00061293	00061294	00061295	00061296	00061297	00061298	00061299	00061300	00061301	00061302	00061303	00061304	00061305	00061306	00061307	00061308	00061309	00061310	00061311	00061312	00061313	00061314	00061315	00061316	00061317	00061318	00061319	00061320	00061321	00061322	00061323	00061324	00061325
719740593	3805805624	5303495621	00061326	00061327	00061328	00061329	00061330	00061331	00061332	00061333	00061334	00061335	00061336	00061337	00061338	00061339	00061340	00061341	00061342	00061343	00061344	00061345	00061346	00061347	00061348	00061349	00061350	00061351	00061352	00061353	00061354	00061355	00061356	00061357	00061358	00061359	00061360	00061361	00061362	00061363	00061364	00061365	00061366	00061367	00061368	00061369	00061370	00061371	00061372	00061373	00061374	00061375	00061376	00061377	00061378	00061379	00061380	00061381	00061382	00061383	00061384	00061385	00061386	00061387	00061388	00061389	00061390	00061391	00061392	00061393	00061394	00061395	00061396	00061397	00061398	00061399	00061400	00061401	00061402	00061403	00061404	00061405	00061406	00061407	00061408	00061409	00061410	00061411	00061412	00061413	00061414	00061415	00061416	00061417	00061418	00061419	00061420	00061421	00061422	00061423	00061424	00061425	00061426	00061427	00061428	00061429	00061430	00061431	00061432	00061433	00061434	00061435	00061436	00061437	00061438	00061439	00061440	00061441	00061442	00061443	00061444	00061445	00061446	00061447	00061448	00061449	00061450	00061451	00061452	00061453	00061454	00061455	00061456	00061457	00061458	00061459	00061460	00061461	00061462	00061463	00061464	00061465	00061466	00061467	00061468	00061469	00061470	00061471	00061472	00061473	00061474	00061475	00061476	00061477	00061478	00061479	00061480	00061481	00061482	00061483	00061484	00061485	00061486	00061487	00061488	00061489	00061490	00061491	00061492	00061493	00061494	00061495	00061496	00061497	00061498	00061499	00061500	00061501	00061502	00061503	00061504	00061505	00061506	00061507	00061508	00061509	00061510	00061511	00061512	00061513	00061514	00061515	00061516	00061517	00061518	00061519	00061520	00061521	00061522	00061523	00061524	00061525
722188433	3818728562	5322032329	00061526	00061527	00061528	00061529	00061530	00061531	00061532	00061533	00061534	00061535	00061536	00061537	00061538	00061539	00061540	00061541	00061542	00061543	00061544	00061545	00061546	00061547	00061548	00061549	00061550	00061551	00061552	00061553	00061554	00061555	00061556	00061557	00061558	00061559	00061560	00061561	00061562	00061563	00061564	00061565	00061566	00061567	00061568	00061569	00061570	00061571	00061572	00061573	00061574	00061575	00061576	00061577	00061578	00061579	00061580	00061581	00061582	00061583	00061584	00061585	00061586	00061587	00061588	00061589	00061590	00061591	00061592	00061593	00061594	00061595	00061596	00061597	00061598	00061599	00061600	00061601	00061602	00061603	00061604	00061605	00061606	00061607	00061608	00061609	00061610	00061611	00061612	00061613	00061614	00061615	00061616	00061617	00061618	00061619	00061620	00061621	00061622	00061623	00061624	00061625	00061626	00061627	00061628	00061629	00061630	00061631	00061632	00061633	00061634	00061635	00061636	00061637	00061638	00061639	00061640	00061641	00061642	00061643	00061644	00061645	00061646	00061647	00061648	00061649	00061650	00061651	00061652	00061653	00061654	00061655	00061656	00061657	00061658	00061659	00061660	00061661	00061662	00061663	00061664	00061665	00061666	00061667	00061668	00061669	00061670	00061671	00061672	00061673	00061674	00061675	00061676	00061677	00061678	00061679	00061680	00061681	00061682	00061683	00061684	00061685	00061686	00061687	00061688	00061689	00061690	00061691	00061692	00061693	00061694	00061695	00061696	00061697	00061698	00061699	00061700	00061701	00061702	00061703	00061704	00061705	00061706	00061707	00061708	00061709	00061710	00061711	00061712	00061713	00061714	00061715	00061716	00061717	00061718	00061719	00061720	00061721	00061722	00061723	00061724	00061725
724557080	3831171372	5339284931	00061726	00061727	00061728	00061729	00061730	00061731	00061732	00061733	00061734	00061735	00061736	00061737	00061738	00061739	00061740	00061741	00061742	00061743	00061744	00061745	00061746	00061747	00061748	00061749	00061750	00061751	00061752	00061753	00061754	00061755	00061756	00061757	00061758	00061759	00061760	00061761	00061762	00061763	00061764	00061765	00061766	00061767	00061768	00061769	00061770	00061771	00061772	00061773	00061774	00061775	00061776	00061777	00061778	00061779	00061780	00061781	00061782	00061783	00061784	00061785	00061786	00061787	00061788	00061789	00061790	00061791	00061792	00061793	00061794	00061795	00061796	00061797	00061798	00061799	00061800	00061801	00061802	00061803	00061804	00061805	00061806	00061807	00061808	00061809	00061810	00061811	00061812	00061813	00061814	00061815	00061816	00061817	00061818	00061819	00061820	00061821	00061822	00061823	00061824	00061825	00061826	00061827	00061828	00061829	00061830	00061831	00061832	00061833	00061834	00061835	00061836	00061837	00061838	00061839	00061840	00061841	00061842	00061843	00061844	00061845	00061846	00061847	00061848	00061849	00061850	00061851	00061852	00061853	00061854	00061855	00061856	00061857	00061858	00061859	00061860	00061861	00061862	00061863	00061864	00061865	00061866	00061867	00061868	00061869	00061870	00061871	00061872	00061873	00061874	00061875	00061877	00061878	00061879	00061880	00061881	00061882	00061883	00061884	00061885	00061886	00061887	00061888	00061889	00061890	00061891	00061892	00061893	00061894	00061895	00061896	00061897	00061898	00061899	00061900	00061901	00061902	00061903	00061904	00061905	00061906	00061907	00061908	00061909	00061910	00061911	00061912	00061913	00061914	00061915	00061916	00061917	00061918	00061919	00061920	00061921	00061922	00061923	00061924	00061925	00061926
726932188	3843781534	5357855995	00061927	00061928	00061929	00061930	00061931	00061932	00061933	00061934	00061935	00061936	00061937	00061938	00061939	00061940	00061941	00061942	00061943	00061944	00061945	00061946	00061947	00061948	00061949	00061950	00061951	00061952	00061953	00061954	00061955	00061956	00061957	00061958	00061959	00061960	00061961	00061962	00061963	00061964	00061965	00061966	00061967	00061968	00061969	00061970	00061971	00061972	00061973	00061974	00061975	00061976	00061977	00061978	00061979	00061980	00061981	00061982	00061983	00061984	00061985	00061986	00061987	00061988	00061989	00061990	00061991	00061992	00061993	00061994	00061995	00061996	00061997	00061998	00061999	00062000	00062001	00062002	00062003	00062004	00062005	00062006	00062007	00062008	00062009	00062010	00062011	00062012	00062013	00062014	00062015	00062016	00062017	00062018	00062019	00062020	00062021	00062022	00062023	00062024	00062025	00062026	00062027	00062028	00062029	00062030	00062031	00062032	00062033	00062034	00062035	00062036	00062037	00062038	00062039	00062040	00062041	00062042	00062043	00062044	00062045	00062046	00062047	00062048	00062049	00062050	00062051	00062052	00062053	00062054	00062055	00062056	00062057	00062058	00062059	00062060	00062061	00062062	00062063	00062064	00062065	00062066	00062067	00062068	00062069	00062070	00062071	00062072	00062073	00062074	00062075	00062076	00062077	00062078	00062079	00062080	00062081	00062082	00062083	00062084	00062085	00062086	00062087	00062088	00062089	00062090	00062091	00062092	00062093	00062094	00062095	00062096	00062097	00062098	00062099	00062100	00062101	00062102	00062103	00062104	00062105	00062106	00062107	00062108	00062109	00062110	00062111	00062112	00062113	00062114	00062115	00062116	00062117	00062118	00062119	00062120	00062121	00062122	00062123	00062124	00062125	00062126
729273415	3856136032	5374868438	00062127	00062128	00062129	00062130	00062131	00062132	00062133	00062134	00062135	00062136	00062137	00062138	00062139	00062140	00062141	00062142	00062143	00062144	00062145	00062146	00062147	00062148	00062149	00062150	00062151	00062152	00062153	00062154	00062155	00062156	00062157	00062158	00062159	00062160	00062161	00062162	00062163	00062164	00062165	00062166	00062167	00062168	00062169	00062170	00062171	00062172	00062173	00062174	00062175	00062176	00062177	00062178	00062179	00062180	00062181	00062182	00062183	00062184	00062185	00062186	00062187	00062188	00062189	00062190	00062191	00062192	00062193	00062194	00062195	00062196	00062197	00062198	00062199	00062200	00062201	00062202	00062203	00062204	00062205	00062206	00062207	00062208	00062209	00062210	00062211	00062212	00062213	00062214	00062215	00062216	00062217	00062218	00062219	00062220	00062221	00062222	00062223	00062224	00062225	00062226	00062227	00062228	00062229	00062230	00062231	00062232	00062233	00062234	00062235	00062236	00062237	00062238	00062239	00062240	00062241	00062242	00062243	00062244	00062245	00062246	00062247	00062248	00062249	00062250	00062251	00062252	00062253	00062254	00062255	00062256	00062257	00062258	00062259	00062260	00062261	00062262	00062263	00062264	00062265	00062266	00062267	00062268	00062269	00062270	00062271	00062272	00062273	00062274	00062275	00062276	00062277	00062278	00062279	00062280	00062281	00062282	00062283	00062284	00062285	00062286	00062287	00062288	00062289	00062290	00062291	00062292	00062293	00062294	00062295	00062296	00062297	00062298	00062299	00062300	00062301	00062302	00062303	00062304	00062305	00062306	00062307	00062308	00062309	00062310	00062311	00062312	00062313	00062314	00062315	00062316	00062317	00062318	00062319	00062320	00062321	00062322	00062323	00062324	00062325	00062326
731531635	3868076272	5391372305	00062327	00062328	00062329	00062330	00062331	00062332	00062333	00062334	00062335	00062336	00062337	00062338	00062339	00062340	00062341	00062342	00062343	00062344	00062345	00062346	00062347	00062348	00062349	00062350	00062351	00062352	00062353	00062354	00062355	00062356	00062357	00062358	00062359	00062360	00062361	00062362	00062363	00062364	00062365	00062366	00062367	00062368	00062369	00062370	00062371	00062372	00062373	00062374	00062375	00062376	00062377	00062378	00062379	00062380	00062381	00062382	00062383	00062384	00062385	00062386	00062387	00062388	00062389	00062390	00062391	00062392	00062393	00062394	00062395	00062396	00062397	00062398	00062399	00062400	00062401	00062402	00062403	00062404	00062405	00062406	00062407	00062408	00062409	00062410	00062411	00062412	00062413	00062414	00062415	00062416	00062417	00062418	00062419	00062420	00062421	00062422	00062423	00062424	00062425	00062426	00062427	00062428	00062429	00062430	00062431	00062432	00062433	00062434	00062435	00062436	00062437	00062438	00062439	00062440	00062441	00062442	00062443	00062444	00062445	00062446	00062447	00062448	00062449	00062450	00062451	00062452	00062453	00062454	00062455	00062456	00062457	00062458	00062459	00062460	00062461	00062462	00062463	00062464	00062465	00062466	00062467	00062468	00062469	00062470	00062471	00062472	00062473	00062474	00062475	00062476	00062477	00062478	00062479	00062480	00062481	00062482	00062483	00062484	00062485	00062486	00062487	00062488	00062489	00062490	00062491	00062492	00062493	00062494	00062495	00062496	00062497	00062498	00062499	00062500	00062501	00062502	00062503	00062504	00062505	00062506	00062507	00062508	00062509	00062510	00062511	00062512	00062513	00062514	00062515	00062516	00062517	00062518	00062519	00062520	00062521	00062522	00062523	00062524	00062525	00062526
733985203	3881079116	5409974258	00062527	00062528	00062529	00062530	00062531	00062532	00062533	00062534	00062535	00062536	00062537	00062538	00062539	00062540	00062541	00062542	00062543	00062544	00062545	00062546	00062547	00062548	00062549	00062550	00062551	00062552	00062553	00062554	00062555	00062556	00062557	00062558	00062559	00062560	00062561	00062562	00062563	00062564	00062565	00062566	00062567	00062568	00062569	00062570	00062571	00062572	00062573	00062574	00062575	00062576	00062577	00062578	00062579	00062580	00062581	00062582	00062583	00062584	00062585	00062586	00062587	00062588	00062589	00062590	00062591	00062592	00062593	00062594	00062595	00062596	00062597	00062598	00062599	00062600	00062601	00062602	00062603	00062604	00062605	00062606	00062607	00062608	00062609	00062610	00062611	00062612	00062613	00062614	00062615	00062616	00062617	00062618	00062619	00062620	00062621	00062622	00062623	00062624	00062625	00062626	00062627	00062628	00062629	00062630	00062631	00062632	00062633	00062634	00062635	00062636	00062637	00062638	00062639	00062640	00062641	00062642	00062643	00062644	00062645	00062646	00062647	00062648	00062649	00062650	00062651	00062652	00062653	00062654	00062655	00062656	00062657	00062658	00062659	00062660	00062661	00062662	00062663	00062664	00062665	00062666	00062667	00062668	00062669	00062670	00062671	00062672	00062673	00062674	00062675	00062676	00062677	00062678	00062679	00062680	00062681	00062682	00062683	00062684	00062685	00062686	00062687	00062688	00062689	00062690	00062691	00062692	00062693	00062694	00062695	00062696	00062697	00062698	00062699	00062700	00062701	00062702	00062703	00062704	00062705	00062706	00062707	00062708	00062709	00062710	00062711	00062712	00062713	00062714	00062715	00062716	00062717	00062718	00062719	00062720	00062721	00062722	00062723	00062724	00062725	00062726
736327995	3893394674	5426934200	00062727	00062728	00062729	00062730	00062731	00062732	00062733	00062734	00062735	00062736	00062737	00062738	00062739	00062740	00062741	00062742	00062743	00062744	00062745	00062746	00062747	00062748	00062749	00062750	00062751	00062752	00062753	00062754	00062755	00062756	00062757	00062758	00062759	00062760	00062761	00062762	00062763	00062764	00062765	00062766	00062767	00062768	00062769	00062770	00062771	00062772	00062773	00062774	00062775	00062776	00062777	00062778	00062779	00062780	00062781	00062782	00062783	00062784	00062785	00062786	00062787	00062788	00062789	00062790	00062791	00062792	00062793	00062794	00062795	00062796	00062797	00062798	00062799	00062800	00062801	00062802	00062803	00062804	00062805	00062806	00062807	00062808	00062809	00062810	00062811	00062812	00062813	00062814	00062815	00062817	00062818	00062819	00062820	00062821	00062822	00062823	00062824	00062825	00062826	00062827	00062828	00062829	00062830	00062831	00062832	00062833	00062834	00062835	00062836	00062837	00062838	00062839	00062840	00062841	00062842	00062843	00062844	00062845	00062846	00062847	00062848	00062849	00062850	00062851	00062852	00062853	00062854	00062855	00062856	00062857	00062858	00062859	00062860	00062861	00062862	00062863	00062864	00062865	00062866	00062867	00062868	00062869	00062870	00062871	00062872	00062873	00062874	00062875	00062876	00062877	00062878	00062879	00062880	00062881	00062882	00062883	00062884	00062885	00062886	00062887	00062888	00062889	00062890	00062891	00062892	00062893	00062894	00062895	00062896	00062897	00062898	00062899	00062900	00062901	00062902	00062903	00062904	00062905	00062906	00062907	00062908	00062909	00062910	00062911	00062912	00062913	00062914	00062915	00062916	00062917	00062918	00062919	00062920	00062921	00062922	00062923	00062924	00062925	00062926	00062927
738655382	3905642054	5443814410	00062928	00062929	00062930	00062931	00062932	00062933	00062934	00062935	00062936	00062937	00062938	00062939	00062940	00062941	00062942	00062943	00062944	00062945	00062946	00062947	00062948	00062949	00062950	00062951	00062952	00062953	00062954	00062955	00062956	00062957	00062958	00062959	00062960	00062961	00062962	00062963	00062964	00062965	00062966	00062967	00062968	00062969	00062970	00062971	00062972	00062973	00062974	00062975	00062976	00062977	00062978	00062979	00062980	00062981	00062982	00062983	00062984	00062985	00062986	00062987	00062988	00062989	00062990	00062991	00062992	00062993	00062994	00062995	00062996	00062997	00062998	00062999	00063000	00063001	00063002	00063003	00063004	00063005	00063006	00063007	00063008	00063009	00063010	00063011	00063012	00063013	00063014	00063015	00063016	00063017	00063018	00063019	00063020	00063021	00063022	00063023	00063024	00063025	00063026	00063027	00063028	00063029	00063030	00063031	00063032	00063033	00063034	00063035	00063036	00063037	00063038	00063039	00063040	00063041	00063042	00063043	00063044	00063045	00063046	00063047	00063048	00063049	00063050	00063051	00063052	00063053	00063054	00063055	00063056	00063057	00063058	00063059	00063060	00063061	00063062	00063063	00063064	00063065	00063066	00063067	00063068	00063069	00063070	00063071	00063072	00063073	00063074	00063075	00063076	00063077	00063078	00063079	00063080	00063081	00063082	00063083	00063084	00063085	00063086	00063087	00063088	00063089	00063090	00063091	00063092	00063093	00063094	00063095	00063096	00063097	00063098	00063099	00063100	00063101	00063102	00063103	00063104	00063105	00063106	00063107	00063108	00063109	00063110	00063111	00063112	00063113	00063114	00063115	00063116	00063117	00063118	00063119	00063120	00063121	00063122	00063123	00063124	00063125	00063126	00063127
741006163	3918050108	5461165648	00063128	00063129	00063130	00063131	00063132	00063133	00063134	00063135	00063136	00063137	00063138	00063139	00063140	00063141	00063142	00063143	00063144	00063145	00063146	00063147	00063148	00063149	00063150	00063151	00063152	00063153	00063154	00063155	00063156	00063157	00063158	00063159	00063160	00063161	00063162	00063163	00063164	00063165	00063166	00063167	00063168	00063169	00063170	00063171	00063172	00063173	00063174	00063175	00063176	00063177	00063178	00063179	00063180	00063181	00063182	00063184	00063185	00063186	00063187	00063188	00063189	00063190	00063191	00063192	00063193	00063194	00063195	00063196	00063197	00063198	00063199	00063200	00063201	00063202	00063203	00063204	00063205	00063206	00063207	00063208	00063209	00063210	00063211	00063212	00063213	00063214	00063215	00063216	00063217	00063218	00063219	00063220	00063221	00063222	00063223	00063224	00063225	00063226	00063227	00063228	00063229	00063230	00063231	00063232	00063233	00063234	00063235	00063236	00063237	00063238	00063239	00063240	00063241	00063242	00063243	00063244	00063245	00063246	00063247	00063248	00063249	00063250	00063251	00063252	00063253	00063254	00063255	00063256	00063257	00063258	00063259	00063260	00063261	00063262	00063263	00063264	00063265	00063266	00063267	00063268	00063269	00063270	00063271	00063272	00063273	00063274	00063275	00063276	00063277	00063278	00063279	00063280	00063281	00063282	00063283	00063284	00063285	00063286	00063287	00063288	00063289	00063290	00063291	00063292	00063293	00063294	00063295	00063296	00063297	00063298	00063299	00063300	00063301	00063302	00063303	00063304	00063305	00063306	00063307	00063308	00063309	00063310	00063311	00063312	00063313	00063314	00063315	00063316	00063317	00063318	00063319	00063320	00063321	00063322	00063323	00063324	00063325	00063326	00063327	00063328
743443192	3931079932	5479442722	00063329	00063330	00063331	00063332	00063333	00063334	00063335	00063336	00063337	00063338	00063339	00063340	00063341	00063342	00063343	00063344	00063345	00063346	00063347	00063348	00063349	00063350	00063351	00063352	00063353	00063354	00063355	00063356	00063357	00063358	00063359	00063360	00063361	00063362	00063363	00063364	00063365	00063366	00063367	00063368	00063369	00063370	00063371	00063372	00063373	00063374	00063375	00063376	00063377	00063378	00063379	00063380	00063381	00063382	00063383	00063384	00063385	00063386	00063387	00063388	00063389	00063390	00063391	00063392	00063393	00063394	00063395	00063396	00063397	00063398	00063399	00063400	00063401	00063402	00063403	00063404	00063405	00063406	00063407	00063408	00063409	00063410	00063411	00063412	00063413	00063414	00063415	00063416	00063417	00063418	00063419	00063420	00063421	00063422	00063423	00063424	00063425	00063426	00063427	00063428	00063429	00063430	00063431	00063432	00063433	00063434	00063435	00063436	00063437	00063438	00063439	00063440	00063441	00063442	00063443	00063444	00063445	00063446	00063447	00063448	00063449	00063450	00063451	00063452	00063453	00063454	00063455	00063456	00063457	00063458	00063459	00063460	00063461	00063462	00063463	00063464	00063465	00063466	00063467	00063468	00063469	00063470	00063471	00063472	00063473	00063474	00063475	00063476	00063477	00063478	00063479	00063480	00063481	00063482	00063483	00063484	00063485	00063486	00063487	00063488	00063489	00063490	00063491	00063492	00063493	00063494	00063495	00063496	00063497	00063498	00063499	00063500	00063501	00063502	00063503	00063504	00063505	00063506	00063507	00063508	00063509	00063510	00063511	00063512	00063513	00063514	00063515	00063516	00063517	00063518	00063519	00063520	00063521	00063522	00063523	00063524	00063525	00063526	00063527	00063528
745821379	3943768542	5496896782	00063529	00063530	00063531	00063532	00063533	00063534	00063535	00063536	00063537	00063538	00063539	00063540	00063541	00063542	00063543	00063544	00063545	00063546	00063547	00063548	00063549	00063550	00063551	00063552	00063553	00063554	00063555	00063556	00063557	00063558	00063559	00063560	00063561	00063562	00063563	00063564	00063565	00063566	00063567	00063568	00063569	00063570	00063571	00063572	00063573	00063574	00063575	00063576	00063577	00063578	00063579	00063580	00063581	00063582	00063583	00063584	00063585	00063586	00063587	00063588	00063589	00063590	00063591	00063592	00063593	00063594	00063595	00063596	00063597	00063598	00063599	00063600	00063601	00063602	00063603	00063604	00063605	00063606	00063607	00063608	00063609	00063610	00063611	00063612	00063613	00063614	00063615	00063616	00063617	00063618	00063619	00063620	00063621	00063622	00063623	00063624	00063625	00063626	00063627	00063628	00063629	00063630	00063631	00063632	00063633	00063634	00063635	00063636	00063637	00063638	00063639	00063640	00063641	00063642	00063643	00063644	00063645	00063646	00063647	00063648	00063649	00063650	00063651	00063652	00063653	00063654	00063655	00063656	00063657	00063658	00063659	00063660	00063661	00063662	00063663	00063664	00063665	00063666	00063667	00063668	00063669	00063670	00063671	00063672	00063673	00063674	00063675	00063676	00063677	00063678	00063679	00063680	00063681	00063682	00063683	00063684	00063685	00063686	00063687	00063688	00063689	00063690	00063691	00063692	00063693	00063694	00063695	00063696	00063697	00063698	00063699	00063700	00063701	00063702	00063703	00063704	00063705	00063706	00063707	00063708	00063709	00063710	00063711	00063712	00063713	00063714	00063715	00063716	00063717	00063718	00063719	00063720	00063721	00063722	00063723	00063724	00063725	00063726	00063727	00063728
748092348	3955753822	5513009987	00063729	00063730	00063731	00063732	00063733	00063734	00063735	00063736	00063737	00063738	00063739	00063740	00063741	00063742	00063743	00063744	00063745	00063746	00063747	00063748	00063749	00063750	00063751	00063752	00063753	00063754	00063755	00063756	00063757	00063758	00063759	00063760	00063761	00063762	00063763	00063764	00063765	00063766	00063767	00063768	00063769	00063770	00063771	00063772	00063773	00063774	00063775	00063776	00063777	00063778	00063779	00063780	00063781	00063782	00063783	00063784	00063785	00063786	00063787	00063788	00063789	00063790	00063791	00063792	00063793	00063794	00063795	00063796	00063797	00063798	00063799	00063800	00063801	00063802	00063803	00063804	00063805	00063806	00063807	00063808	00063809	00063810	00063811	00063812	00063813	00063814	00063815	00063816	00063817	00063818	00063819	00063820	00063821	00063822	00063823	00063824	00063825	00063826	00063827	00063828	00063829	00063830	00063831	00063832	00063833	00063834	00063835	00063836	00063837	00063838	00063839	00063840	00063841	00063842	00063843	00063844	00063845	00063846	00063847	00063848	00063849	00063850	00063851	00063852	00063853	00063854	00063855	00063856	00063857	00063858	00063859	00063860	00063861	00063862	00063863	00063864	00063865	00063866	00063867	00063868	00063869	00063870	00063871	00063872	00063873	00063874	00063875	00063876	00063877	00063878	00063879	00063880	00063881	00063882	00063883	00063884	00063885	00063886	00063887	00063888	00063889	00063890	00063891	00063892	00063893	00063894	00063895	00063896	00063897	00063898	00063899	00063900	00063901	00063902	00063903	00063904	00063905	00063906	00063907	00063908	00063909	00063910	00063911	00063912	00063913	00063914	00063915	00063916	00063917	00063918	00063919	00063920	00063921	00063922	00063923	00063924	00063925	00063926	00063927	00063928
750343939	3967636688	5529583947	00063929	00063930	00063931	00063932	00063933	00063934	00063935	00063936	00063937	00063938	00063939	00063940	00063941	00063942	00063943	00063944	00063945	00063946	00063947	00063948	00063949	00063950	00063951	00063952	00063953	00063954	00063955	00063956	00063957	00063958	00063959	00063960	00063961	00063962	00063963	00063964	00063965	00063966	00063967	00063968	00063969	00063970	00063971	00063972	00063973	00063974	00063975	00063976	00063977	00063978	00063979	00063980	00063981	00063982	00063983	00063984	00063985	00063986	00063987	00063988	00063989	00063990	00063991	00063992	00063993	00063994	00063995	00063996	00063997	00063998	00063999	00064000	00064001	00064002	00064003	00064004	00064005	00064006	00064007	00064008	00064009	00064010	00064011	00064012	00064013	00064014	00064015	00064016	00064017	00064018	00064019	00064020	00064021	00064022	00064023	00064024	00064025	00064026	00064027	00064028	00064029	00064030	00064031	00064032	00064033	00064034	00064035	00064036	00064037	00064038	00064039	00064040	00064041	00064042	00064043	00064044	00064045	00064046	00064047	00064048	00064049	00064050	00064051	00064052	00064053	00064054	00064055	00064056	00064057	00064058	00064059	00064060	00064061	00064062	00064063	00064064	00064065	00064066	00064067	00064068	00064069	00064070	00064071	00064072	00064073	00064074	00064075	00064076	00064077	00064078	00064079	00064080	00064081	00064082	00064083	00064084	00064085	00064086	00064087	00064088	00064089	00064090	00064091	00064092	00064093	00064094	00064095	00064096	00064097	00064098	00064099	00064100	00064101	00064102	00064103	00064104	00064105	00064106	00064107	00064108	00064109	00064110	00064111	00064112	00064113	00064114	00064115	00064116	00064117	00064118	00064119	00064120	00064121	00064122	00064123	00064124	00064125	00064126	00064127	00064128
752762352	3980407278	5547796586	00064129	00064130	00064131	00064132	00064133	00064134	00064135	00064136	00064137	00064138	00064139	00064140	00064141	00064142	00064143	00064144	00064145	00064146	00064147	00064148	00064149	00064150	00064151	00064152	00064153	00064154	00064155	00064156	00064157	00064158	00064159	00064160	00064161	00064162	00064163	00064164	00064165	00064166	00064167	00064168	00064169	00064170	00064171	00064172	00064173	00064174	00064175	00064176	00064177	00064178	00064179	00064180	00064181	00064182	00064183	00064184	00064185	00064186	00064187	00064188	00064189	00064190	00064192	00064193	00064194	00064195	00064196	00064197	00064198	00064199	00064200	00064201	00064202	00064203	00064204	00064205	00064206	00064207	00064208	00064209	00064210	00064211	00064212	00064213	00064214	00064215	00064216	00064217	00064218	00064219	00064220	00064221	00064222	00064223	00064224	00064225	00064226	00064227	00064228	00064229	00064230	00064231	00064232	00064233	00064234	00064235	00064236	00064237	00064238	00064239	00064240	00064241	00064242	00064243	00064244	00064245	00064246	00064247	00064248	00064249	00064250	00064251	00064252	00064253	00064254	00064255	00064256	00064257	00064258	00064259	00064260	00064261	00064262	00064263	00064264	00064265	00064266	00064267	00064268	00064269	00064270	00064271	00064272	00064273	00064274	00064275	00064276	00064278	00064279	00064280	00064281	00064282	00064283	00064284	00064285	00064286	00064287	00064288	00064289	00064290	00064291	00064292	00064293	00064294	00064295	00064296	00064297	00064298	00064299	00064300	00064301	00064302	00064303	00064304	00064305	00064306	00064307	00064308	00064309	00064310	00064311	00064312	00064313	00064314	00064315	00064316	00064317	00064318	00064319	00064320	00064321	00064322	00064323	00064324	00064325	00064326	00064327	00064328	00064329	00064330
755037088	3992433022	5564218493	00064331	00064332	00064333	00064334	00064335	00064336	00064337	00064338	00064339	00064340	00064341	00064342	00064343	00064344	00064345	00064346	00064347	00064348	00064349	00064350	00064351	00064352	00064353	00064354	00064355	00064356	00064357	00064358	00064359	00064360	00064361	00064362	00064363	00064364	00064365	00064366	00064367	00064368	00064369	00064370	00064371	00064372	00064373	00064374	00064375	00064376	00064377	00064378	00064379	00064380	00064381	00064382	00064383	00064384	00064385	00064386	00064387	00064388	00064389	00064390	00064391	00064392	00064393	00064394	00064395	00064396	00064397	00064398	00064399	00064400	00064401	00064402	00064403	00064404	00064405	00064406	00064407	00064408	00064409	00064410	00064411	00064412	00064413	00064414	00064415	00064416	00064417	00064418	00064419	00064420	00064421	00064422	00064423	00064424	00064425	00064426	00064427	00064428	00064429	00064430	00064431	00064432	00064433	00064434	00064435	00064436	00064437	00064438	00064439	00064440	00064441	00064442	00064443	00064444	00064445	00064446	00064447	00064448	00064449	00064450	00064451	00064452	00064453	00064454	00064455	00064456	00064457	00064458	00064459	00064460	00064461	00064462	00064463	00064464	00064465	00064466	00064467	00064468	00064469	00064470	00064471	00064472	00064473	00064474	00064475	00064476	00064477	00064478	00064479	00064480	00064481	00064482	00064483	00064484	00064485	00064486	00064487	00064488	00064489	00064490	00064491	00064492	00064493	00064494	00064495	00064496	00064497	00064498	00064499	00064500	00064501	00064502	00064503	00064504	00064505	00064506	00064507	00064508	00064509	00064510	00064511	00064512	00064513	00064514	00064515	00064516	00064517	00064518	00064519	00064520	00064521	00064522	00064523	00064524	00064525	00064526	00064527	00064528	00064529	00064530
757338035	4004567798	5581204738	00064531	00064532	00064533	00064534	00064535	00064536	00064537	00064538	00064539	00064540	00064541	00064542	00064543	00064544	00064545	00064546	00064547	00064548	00064549	00064550	00064551	00064552	00064553	00064554	00064555	00064556	00064557	00064558	00064559	00064560	00064561	00064562	00064563	00064564	00064565	00064566	00064567	00064568	00064569	00064570	00064571	00064572	00064573	00064574	00064575	00064576	00064577	00064578	00064579	00064580	00064581	00064582	00064583	00064584	00064585	00064586	00064587	00064588	00064589	00064590	00064591	00064592	00064593	00064594	00064595	00064596	00064597	00064598	00064599	00064600	00064601	00064602	00064603	00064604	00064605	00064606	00064607	00064608	00064609	00064610	00064611	00064612	00064613	00064614	00064615	00064616	00064617	00064618	00064619	00064620	00064621	00064622	00064623	00064624	00064625	00064626	00064627	00064628	00064629	00064630	00064631	00064632	00064633	00064634	00064635	00064636	00064637	00064638	00064639	00064640	00064641	00064642	00064643	00064644	00064645	00064646	00064647	00064648	00064649	00064650	00064651	00064652	00064653	00064654	00064655	00064656	00064657	00064658	00064659	00064660	00064661	00064662	00064663	00064664	00064665	00064666	00064667	00064668	00064669	00064670	00064671	00064672	00064673	00064674	00064675	00064676	00064677	00064678	00064679	00064680	00064681	00064682	00064683	00064684	00064685	00064686	00064687	00064688	00064689	00064690	00064691	00064692	00064693	00064694	00064695	00064696	00064697	00064698	00064699	00064700	00064701	00064702	00064703	00064704	00064705	00064706	00064707	00064708	00064709	00064710	00064711	00064712	00064713	00064714	00064715	00064716	00064717	00064718	00064719	00064720	00064721	00064722	00064723	00064724	00064725	00064726	00064727	00064728	00064729	00064730
759667334	4017002518	5598399911	00064731	00064732	00064733	00064734	00064735	00064736	00064737	00064738	00064739	00064740	00064741	00064742	00064743	00064744	00064745	00064746	00064747	00064748	00064749	00064750	00064751	00064752	00064753	00064754	00064755	00064756	00064757	00064758	00064759	00064760	00064761	00064762	00064763	00064764	00064765	00064766	00064767	00064768	00064769	00064770	00064771	00064772	00064773	00064774	00064775	00064776	00064777	00064778	00064779	00064780	00064781	00064782	00064783	00064784	00064785	00064786	00064787	00064788	00064789	00064790	00064791	00064792	00064793	00064794	00064795	00064796	00064797	00064798	00064799	00064800	00064801	00064802	00064803	00064804	00064805	00064806	00064807	00064808	00064809	00064810	00064811	00064812	00064813	00064814	00064815	00064816	00064817	00064818	00064819	00064820	00064821	00064822	00064823	00064824	00064825	00064826	00064827	00064828	00064829	00064830	00064831	00064832	00064833	00064834	00064835	00064836	00064837	00064838	00064839	00064840	00064841	00064842	00064843	00064844	00064845	00064846	00064847	00064848	00064849	00064850	00064851	00064852	00064853	00064854	00064855	00064856	00064857	00064858	00064859	00064860	00064861	00064862	00064863	00064864	00064865	00064866	00064867	00064868	00064869	00064870	00064871	00064872	00064873	00064874	00064875	00064876	00064877	00064878	00064879	00064880	00064881	00064882	00064883	00064884	00064885	00064886	00064887	00064888	00064889	00064890	00064891	00064892	00064893	00064894	00064895	00064896	00064897	00064898	00064899	00064900	00064901	00064902	00064903	00064904	00064905	00064906	00064907	00064908	00064909	00064910	00064911	00064912	00064913	00064914	00064915	00064916	00064917	00064918	00064919	00064920	00064921	00064922	00064923	00064924	00064925	00064926	00064927	00064928	00064929	00064930
761987894	4029257568	5615220330	00064931	00064932	00064933	00064934	00064935	00064936	00064937	00064938	00064939	00064940	00064941	00064942	00064943	00064944	00064945	00064946	00064947	00064948	00064949	00064950	00064951	00064952	00064953	00064954	00064955	00064956	00064957	00064958	00064959	00064960	00064961	00064962	00064963	00064964	00064965	00064966	00064967	00064968	00064969	00064970	00064971	00064972	00064973	00064974	00064975	00064976	00064977	00064978	00064979	00064980	00064981	00064982	00064983	00064984	00064985	00064986	00064987	00064988	00064989	00064990	00064991	00064992	00064993	00064994	00064995	00064996	00064997	00064998	00064999	00065000	00065001	00065002	00065003	00065004	00065005	00065006	00065007	00065008	00065009	00065010	00065011	00065012	00065013	00065014	00065015	00065016	00065017	00065018	00065019	00065020	00065021	00065022	00065023	00065024	00065025	00065026	00065027	00065028	00065029	00065030	00065031	00065032	00065033	00065034	00065035	00065036	00065037	00065038	00065039	00065040	00065041	00065042	00065043	00065044	00065045	00065046	00065047	00065048	00065049	00065050	00065051	00065052	00065053	00065054	00065055	00065056	00065057	00065058	00065059	00065060	00065061	00065062	00065063	00065064	00065065	00065066	00065067	00065068	00065069	00065070	00065071	00065072	00065073	00065074	00065075	00065076	00065077	00065078	00065079	00065080	00065081	00065082	00065083	00065084	00065085	00065086	00065087	00065088	00065089	00065090	00065091	00065092	00065093	00065094	00065095	00065096	00065097	00065098	00065099	00065100	00065101	00065102	00065103	00065104	00065105	00065106	00065107	00065108	00065109	00065110	00065111	00065112	00065113	00065114	00065115	00065116	00065117	00065118	00065119	00065120	00065121	00065122	00065123	00065124	00065125	00065126	00065127	00065128	00065129	00065130
764304849	4041371336	5631970720	00065131	00065132	00065133	00065134	00065135	00065136	00065137	00065138	00065139	00065140	00065141	00065142	00065143	00065144	00065145	00065146	00065147	00065148	00065149	00065150	00065151	00065152	00065153	00065154	00065155	00065156	00065157	00065158	00065159	00065160	00065161	00065162	00065163	00065164	00065165	00065166	00065167	00065168	00065169	00065170	00065171	00065172	00065173	00065174	00065175	00065176	00065177	00065178	00065179	00065180	00065181	00065182	00065183	00065184	00065185	00065186	00065187	00065188	00065189	00065190	00065191	00065192	00065193	00065194	00065195	00065196	00065197	00065198	00065199	00065200	00065201	00065202	00065203	00065204	00065205	00065206	00065207	00065208	00065209	00065210	00065211	00065212	00065213	00065214	00065215	00065216	00065217	00065218	00065219	00065220	00065221	00065222	00065223	00065224	00065225	00065226	00065227	00065228	00065229	00065230	00065231	00065232	00065233	00065234	00065235	00065236	00065237	00065238	00065239	00065240	00065241	00065242	00065243	00065244	00065245	00065246	00065247	00065248	00065249	00065250	00065251	00065252	00065253	00065254	00065255	00065256	00065257	00065258	00065259	00065260	00065261	00065262	00065263	00065264	00065265	00065266	00065267	00065268	00065269	00065270	00065271	00065272	00065273	00065274	00065275	00065276	00065277	00065278	00065279	00065280	00065281	00065282	00065283	00065284	00065285	00065286	00065287	00065288	00065289	00065290	00065291	00065292	00065293	00065294	00065295	00065296	00065297	00065298	00065299	00065300	00065301	00065302	00065303	00065304	00065305	00065306	00065307	00065308	00065309	00065310	00065311	00065312	00065313	00065314	00065315	00065316	00065317	00065318	00065319	00065320	00065321	00065322	00065323	00065324	00065325	00065326	00065327	00065328	00065329	00065330
766662049	4053909874	5649039352	00065331	00065332	00065333	00065334	00065335	00065336	00065337	00065338	00065339	00065340	00065341	00065342	00065343	00065344	00065345	00065346	00065347	00065348	00065349	00065350	00065351	00065352	00065353	00065354	00065355	00065356	00065357	00065358	00065359	00065360	00065361	00065362	00065363	00065364	00065365	00065366	00065367	00065368	00065369	00065370	00065371	00065372	00065373	00065374	00065375	00065376	00065377	00065378	00065379	00065380	00065381	00065382	00065383	00065384	00065385	00065386	00065387	00065388	00065389	00065390	00065391	00065392	00065393	00065394	00065395	00065396	00065397	00065398	00065399	00065400	00065401	00065402	00065403	00065404	00065405	00065406	00065407	00065408	00065409	00065410	00065411	00065412	00065413	00065414	00065415	00065416	00065417	00065418	00065419	00065420	00065421	00065422	00065423	00065424	00065425	00065426	00065427	00065428	00065429	00065430	00065431	00065432	00065433	00065434	00065435	00065436	00065437	00065438	00065439	00065440	00065441	00065442	00065443	00065444	00065445	00065446	00065447	00065448	00065449	00065450	00065451	00065452	00065453	00065454	00065455	00065456	00065457	00065458	00065459	00065460	00065461	00065462	00065463	00065464	00065465	00065466	00065467	00065468	00065469	00065470	00065471	00065472	00065473	00065474	00065475	00065476	00065477	00065478	00065479	00065480	00065481	00065482	00065483	00065484	00065485	00065486	00065487	00065488	00065489	00065490	00065491	00065492	00065493	00065494	00065495	00065496	00065497	00065498	00065499	00065500	00065501	00065502	00065503	00065504	00065505	00065506	00065507	00065508	00065509	00065510	00065511	00065512	00065513	00065514	00065515	00065516	00065517	00065518	00065519	00065520	00065521	00065522	00065523	00065524	00065525	00065526	00065527	00065528	00065529	00065530
769031925	4066438952	5666403296	00065531	00065532	00065533	00065534	00065535	00065536	00065537	00065538	00065539	00065540	00065541	00065542	00065543	00065544	00065545	00065546	00065547	00065548	00065549	00065550	00065551	00065552	00065553	00065554	00065555	00065556	00065557	00065558	00065559	00065560	00065561	00065562	00065563	00065564	00065565	00065566	00065567	00065568	00065569	00065570	00065571	00065572	00065573	00065574	00065575	00065576	00065577	00065578	00065579	00065580	00065581	00065582	00065583	00065584	00065585	00065586	00065587	00065588	00065589	00065590	00065591	00065592	00065593	00065594	00065595	00065596	00065597	00065598	00065599	00065600	00065601	00065602	00065603	00065604	00065605	00065606	00065607	00065608	00065609	00065610	00065611	00065612	00065613	00065614	00065615	00065616	00065617	00065618	00065619	00065620	00065621	00065622	00065623	00065624	00065625	00065626	00065627	00065628	00065629	00065630	00065631	00065632	00065633	00065634	00065635	00065636	00065637	00065638	00065639	00065640	00065641	00065642	00065643	00065644	00065645	00065646	00065647	00065648	00065649	00065650	00065651	00065652	00065653	00065654	00065655	00065656	00065657	00065658	00065659	00065660	00065661	00065662	00065663	00065664	00065665	00065666	00065667	00065668	00065669	00065670	00065671	00065672	00065673	00065674	00065675	00065676	00065677	00065678	00065679	00065680	00065681	00065682	00065683	00065684	00065685	00065686	00065687	00065688	00065689	00065690	00065691	00065692	00065693	00065694	00065695	00065696	00065697	00065698	00065699	00065700	00065701	00065702	00065703	00065704	00065705	00065706	00065707	00065708	00065709	00065710	00065711	00065712	00065713	00065714	00065715	00065716	00065717	00065718	00065719	00065720	00065721	00065722	00065723	00065724	00065725	00065726	00065727	00065728	00065729	00065730
771422960	4079175396	5684412055	00065731	00065732	00065733	00065734	00065735	00065736	00065737	00065738	00065739	00065740	00065741	00065742	00065743	00065744	00065745	00065746	00065747	00065748	00065749	00065750	00065751	00065752	00065753	00065754	00065755	00065756	00065757	00065758	00065759	00065760	00065761	00065762	00065763	00065764	00065765	00065766	00065767	00065768	00065769	00065770	00065771	00065772	00065773	00065774	00065775	00065776	00065777	00065778	00065779	00065780	00065781	00065782	00065783	00065784	00065785	00065786	00065787	00065788	00065789	00065790	00065791	00065792	00065793	00065794	00065795	00065796	00065797	00065798	00065799	00065800	00065801	00065802	00065803	00065804	00065805	00065806	00065807	00065808	00065809	00065810	00065811	00065812	00065813	00065814	00065815	00065816	00065817	00065818	00065819	00065820	00065821	00065822	00065823	00065824	00065825	00065826	00065827	00065828	00065829	00065830	00065831	00065832	00065833	00065834	00065835	00065836	00065837	00065838	00065839	00065840	00065841	00065842	00065843	00065844	00065845	00065846	00065847	00065848	00065849	00065850	00065851	00065852	00065853	00065854	00065855	00065856	00065857	00065858	00065859	00065860	00065861	00065862	00065863	00065864	00065865	00065866	00065867	00065868	00065869	00065870	00065871	00065872	00065873	00065874	00065875	00065876	00065877	00065878	00065879	00065880	00065881	00065882	00065883	00065884	00065885	00065886	00065887	00065888	00065889	00065890	00065891	00065892	00065893	00065894	00065895	00065896	00065897	00065898	00065899	00065900	00065901	00065902	00065903	00065904	00065905	00065906	00065907	00065908	00065909	00065910	00065911	00065912	00065913	00065914	00065915	00065916	00065917	00065918	00065919	00065920	00065921	00065922	00065923	00065924	00065925	00065926	00065927	00065928	00065929	00065930
773757078	4091490168	5701530109	00065931	00065932	00065933	00065934	00065935	00065936	00065937	00065938	00065939	00065940	00065941	00065942	00065943	00065944	00065945	00065946	00065947	00065948	00065949	00065950	00065951	00065952	00065953	00065954	00065955	00065956	00065957	00065958	00065959	00065960	00065961	00065962	00065963	00065964	00065965	00065966	00065967	00065968	00065969	00065970	00065971	00065972	00065973	00065974	00065975	00065976	00065977	00065978	00065979	00065980	00065981	00065982	00065983	00065984	00065985	00065986	00065987	00065988	00065989	00065990	00065991	00065992	00065993	00065994	00065995	00065996	00065997	00065998	00065999	00066000	00066001	00066002	00066003	00066004	00066005	00066006	00066007	00066008	00066009	00066010	00066011	00066012	00066013	00066014	00066015	00066016	00066017	00066018	00066019	00066020	00066021	00066022	00066023	00066024	00066025	00066026	00066027	00066028	00066029	00066030	00066031	00066032	00066033	00066034	00066035	00066036	00066037	00066038	00066039	00066040	00066041	00066042	00066043	00066044	00066045	00066046	00066047	00066048	00066049	00066050	00066051	00066052	00066053	00066054	00066055	00066056	00066057	00066058	00066059	00066060	00066061	00066062	00066063	00066064	00066065	00066066	00066067	00066068	00066069	00066070	00066071	00066072	00066073	00066074	00066075	00066076	00066077	00066078	00066079	00066080	00066081	00066082	00066083	00066084	00066085	00066086	00066087	00066088	00066089	00066090	00066091	00066092	00066093	00066094	00066095	00066096	00066097	00066098	00066099	00066100	00066101	00066102	00066103	00066104	00066105	00066106	00066107	00066108	00066109	00066110	00066111	00066112	00066113	00066114	00066115	00066116	00066117	00066118	00066119	00066120	00066121	00066122	00066123	00066124	00066125	00066126	00066127	00066128	00066129	00066130
776184957	4104360852	5719630908	00066131	00066132	00066133	00066134	00066135	00066136	00066137	00066138	00066139	00066140	00066141	00066142	00066143	00066144	00066145	00066146	00066147	00066148	00066149	00066150	00066151	00066152	00066153	00066154	00066155	00066156	00066157	00066158	00066159	00066160	00066161	00066162	00066163	00066164	00066165	00066166	00066167	00066168	00066169	00066170	00066171	00066172	00066173	00066174	00066175	00066176	00066177	00066178	00066179	00066180	00066181	00066182	00066183	00066184	00066185	00066186	00066187	00066188	00066189	00066190	00066191	00066192	00066193	00066194	00066195	00066196	00066197	00066198	00066199	00066200	00066201	00066202	00066203	00066204	00066205	00066206	00066207	00066208	00066209	00066210	00066211	00066212	00066213	00066214	00066215	00066216	00066217	00066218	00066219	00066220	00066221	00066222	00066223	00066224	00066225	00066226	00066227	00066228	00066229	00066230	00066231	00066232	00066233	00066234	00066235	00066236	00066237	00066238	00066239	00066240	00066241	00066242	00066243	00066244	00066245	00066246	00066247	00066248	00066249	00066250	00066251	00066252	00066253	00066254	00066255	00066256	00066257	00066258	00066259	00066260	00066261	00066262	00066263	00066264	00066265	00066266	00066267	00066268	00066269	00066270	00066271	00066272	00066273	00066274	00066275	00066276	00066277	00066278	00066279	00066280	00066281	00066282	00066283	00066284	00066285	00066286	00066287	00066288	00066289	00066290	00066291	00066292	00066293	00066294	00066295	00066296	00066297	00066298	00066299	00066300	00066301	00066302	00066303	00066304	00066305	00066306	00066307	00066308	00066309	00066310	00066311	00066312	00066313	00066314	00066315	00066316	00066317	00066318	00066319	00066320	00066321	00066322	00066323	00066324	00066325	00066326	00066327	00066328	00066329	00066330
778441087	4116095670	5735687081	00066331	00066332	00066333	00066334	00066335	00066336	00066337	00066338	00066339	00066340	00066341	00066342	00066343	00066344	00066345	00066346	00066347	00066348	00066349	00066350	00066351	00066352	00066353	00066354	00066355	00066356	00066357	00066358	00066359	00066360	00066361	00066362	00066363	00066364	00066365	00066366	00066367	00066368	00066369	00066370	00066371	00066372	00066373	00066374	00066375	00066376	00066377	00066378	00066379	00066380	00066381	00066382	00066383	00066384	00066385	00066386	00066387	00066388	00066389	00066390	00066391	00066392	00066393	00066394	00066395	00066396	00066397	00066398	00066399	00066400	00066401	00066402	00066403	00066404	00066405	00066406	00066407	00066408	00066409	00066410	00066411	00066412	00066413	00066414	00066415	00066416	00066417	00066418	00066419	00066420	00066421	00066422	00066423	00066424	00066425	00066426	00066427	00066428	00066429	00066430	00066431	00066432	00066433	00066434	00066435	00066436	00066437	00066438	00066439	00066440	00066441	00066442	00066443	00066444	00066445	00066446	00066447	00066448	00066449	00066450	00066451	00066452	00066453	00066454	00066455	00066456	00066457	00066458	00066459	00066460	00066461	00066462	00066463	00066464	00066465	00066466	00066467	00066468	00066469	00066470	00066471	00066472	00066473	00066474	00066475	00066476	00066477	00066478	00066479	00066480	00066481	00066482	00066483	00066484	00066485	00066486	00066487	00066488	00066489	00066490	00066491	00066492	00066493	00066494	00066495	00066496	00066497	00066498	00066499	00066500	00066501	00066502	00066503	00066504	00066505	00066506	00066507	00066508	00066509	00066510	00066511	00066512	00066513	00066514	00066515	00066516	00066517	00066518	00066519	00066520	00066521	00066522	00066523	00066524	00066525	00066526	00066527	00066528	00066529	00066530
780796970	4128573350	5753235870	00066531	00066532	00066533	00066534	00066535	00066536	00066537	00066538	00066539	00066540	00066541	00066542	00066543	00066544	00066545	00066546	00066547	00066548	00066549	00066550	00066551	00066552	00066553	00066554	00066555	00066556	00066557	00066558	00066559	00066560	00066561	00066562	00066563	00066564	00066565	00066566	00066567	00066568	00066569	00066570	00066571	00066572	00066573	00066574	00066575	00066576	00066577	00066578	00066579	00066580	00066581	00066582	00066583	00066584	00066585	00066586	00066587	00066588	00066589	00066590	00066591	00066592	00066593	00066594	00066595	00066596	00066597	00066598	00066599	00066600	00066601	00066602	00066603	00066604	00066605	00066606	00066607	00066608	00066609	00066610	00066611	00066612	00066613	00066614	00066615	00066616	00066617	00066618	00066619	00066620	00066621	00066622	00066623	00066624	00066625	00066626	00066627	00066628	00066629	00066630	00066631	00066632	00066633	00066634	00066635	00066636	00066637	00066638	00066639	00066640	00066641	00066642	00066643	00066644	00066645	00066646	00066647	00066648	00066649	00066650	00066651	00066652	00066653	00066654	00066655	00066656	00066657	00066658	00066659	00066660	00066661	00066662	00066663	00066664	00066665	00066666	00066667	00066668	00066669	00066670	00066671	00066672	00066673	00066674	00066675	00066676	00066677	00066678	00066679	00066680	00066681	00066682	00066683	00066684	00066685	00066686	00066687	00066688	00066689	00066690	00066691	00066692	00066693	00066694	00066695	00066696	00066697	00066698	00066699	00066700	00066701	00066702	00066703	00066704	00066705	00066706	00066707	00066708	00066709	00066710	00066711	00066712	00066713	00066714	00066715	00066716	00066717	00066718	00066719	00066720	00066721	00066722	00066723	00066724	00066725	00066726	00066727	00066728	00066729	00066730
783182953	4141083850	5771096055	00066731	00066732	00066733	00066734	00066735	00066736	00066737	00066738	00066739	00066740	00066741	00066742	00066743	00066744	00066745	00066746	00066747	00066748	00066749	00066750	00066751	00066752	00066753	00066754	00066755	00066756	00066757	00066758	00066759	00066760	00066761	00066762	00066763	00066764	00066765	00066766	00066767	00066768	00066769	00066770	00066771	00066772	00066773	00066774	00066775	00066776	00066777	00066778	00066779	00066780	00066781	00066782	00066783	00066784	00066785	00066786	00066787	00066788	00066789	00066790	00066791	00066792	00066793	00066794	00066795	00066796	00066797	00066798	00066799	00066800	00066801	00066802	00066803	00066804	00066805	00066806	00066807	00066808	00066809	00066810	00066811	00066812	00066813	00066814	00066815	00066816	00066817	00066818	00066819	00066820	00066821	00066822	00066823	00066824	00066825	00066826	00066827	00066828	00066829	00066830	00066831	00066832	00066833	00066834	00066835	00066836	00066837	00066838	00066839	00066840	00066841	00066842	00066843	00066844	00066845	00066846	00066847	00066848	00066849	00066850	00066851	00066852	00066853	00066854	00066855	00066856	00066857	00066858	00066859	00066860	00066861	00066862	00066863	00066864	00066865	00066866	00066867	00066868	00066869	00066870	00066871	00066872	00066873	00066874	00066875	00066876	00066877	00066878	00066879	00066880	00066881	00066882	00066883	00066884	00066885	00066886	00066887	00066888	00066889	00066890	00066891	00066892	00066893	00066894	00066895	00066896	00066897	00066898	00066899	00066900	00066901	00066902	00066903	00066904	00066905	00066906	00066907	00066908	00066909	00066910	00066911	00066912	00066913	00066914	00066915	00066916	00066917	00066918	00066919	00066920	00066921	00066922	00066923	00066924	00066925	00066926	00066927	00066928	00066929	00066930
785575225	4153729786	5788829358	00066931	00066932	00066933	00066934	00066935	00066936	00066937	00066938	00066939	00066940	00066941	00066942	00066943	00066944	00066945	00066946	00066947	00066948	00066949	00066950	00066951	00066952	00066953	00066954	00066955	00066956	00066957	00066958	00066959	00066960	00066961	00066962	00066963	00066964	00066965	00066966	00066967	00066968	00066969	00066970	00066971	00066972	00066973	00066974	00066975	00066976	00066977	00066978	00066979	00066980	00066981	00066982	00066983	00066984	00066985	00066986	00066987	00066988	00066989	00066990	00066991	00066992	00066993	00066994	00066995	00066996	00066997	00066998	00066999	00067000	00067001	00067002	00067003	00067004	00067005	00067006	00067007	00067008	00067009	00067010	00067011	00067012	00067013	00067014	00067015	00067016	00067017	00067018	00067019	00067020	00067021	00067022	00067023	00067024	00067025	00067026	00067027	00067028	00067029	00067030	00067031	00067032	00067033	00067034	00067035	00067036	00067037	00067038	00067039	00067040	00067041	00067042	00067043	00067044	00067045	00067046	00067047	00067048	00067049	00067050	00067051	00067052	00067053	00067054	00067055	00067056	00067057	00067058	00067059	00067060	00067061	00067062	00067063	00067064	00067065	00067066	00067067	00067068	00067069	00067070	00067071	00067072	00067073	00067074	00067075	00067076	00067077	00067078	00067079	00067080	00067081	00067082	00067083	00067084	00067085	00067086	00067087	00067088	00067089	00067090	00067091	00067092	00067093	00067094	00067095	00067096	00067097	00067098	00067099	00067100	00067101	00067102	00067103	00067104	00067105	00067106	00067107	00067108	00067109	00067110	00067111	00067112	00067113	00067114	00067115	00067116	00067117	00067118	00067119	00067120	00067121	00067122	00067123	00067124	00067125	00067126	00067127	00067128	00067129	00067130
787910300	4166058444	5805932985	00067131	00067132	00067133	00067134	00067135	00067136	00067137	00067138	00067139	00067140	00067141	00067142	00067143	00067144	00067145	00067146	00067147	00067148	00067149	00067150	00067151	00067152	00067153	00067154	00067155	00067156	00067157	00067158	00067159	00067160	00067161	00067162	00067163	00067164	00067165	00067166	00067167	00067168	00067169	00067170	00067171	00067172	00067173	00067174	00067175	00067176	00067177	00067178	00067179	00067180	00067181	00067182	00067183	00067184	00067185	00067186	00067187	00067188	00067189	00067190	00067191	00067192	00067193	00067194	00067195	00067196	00067197	00067198	00067199	00067200	00067201	00067202	00067203	00067204	00067205	00067206	00067207	00067208	00067209	00067210	00067211	00067212	00067213	00067214	00067215	00067216	00067217	00067218	00067219	00067220	00067221	00067222	00067223	00067224	00067225	00067226	00067227	00067228	00067229	00067230	00067231	00067232	00067233	00067234	00067235	00067236	00067237	00067238	00067239	00067240	00067241	00067242	00067243	00067244	00067245	00067246	00067247	00067248	00067249	00067250	00067251	00067252	00067253	00067254	00067255	00067256	00067257	00067258	00067259	00067260	00067261	00067262	00067263	00067264	00067265	00067266	00067267	00067268	00067269	00067270	00067271	00067272	00067273	00067274	00067275	00067276	00067277	00067278	00067279	00067280	00067281	00067282	00067283	00067284	00067285	00067286	00067287	00067288	00067289	00067290	00067291	00067292	00067293	00067294	00067295	00067296	00067297	00067298	00067299	00067300	00067301	00067302	00067303	00067304	00067305	00067306	00067307	00067308	00067309	00067310	00067311	00067312	00067313	00067314	00067315	00067316	00067317	00067318	00067319	00067320	00067321	00067322	00067323	00067324	00067325	00067326	00067327	00067328	00067329	00067330
790248312	4178278462	5823353236	00067331	00067332	00067333	00067334	00067335	00067336	00067337	00067338	00067339	00067340	00067341	00067342	00067343	00067344	00067345	00067346	00067347	00067348	00067349	00067350	00067351	00067352	00067353	00067354	00067355	00067356	00067357	00067358	00067359	00067360	00067361	00067362	00067363	00067364	00067365	00067366	00067367	00067368	00067369	00067370	00067371	00067372	00067373	00067374	00067375	00067376	00067377	00067378	00067379	00067380	00067381	00067382	00067383	00067384	00067385	00067386	00067387	00067388	00067389	00067390	00067391	00067392	00067393	00067394	00067395	00067396	00067397	00067398	00067399	00067400	00067401	00067402	00067403	00067404	00067405	00067406	00067407	00067408	00067409	00067410	00067411	00067412	00067413	00067414	00067415	00067416	00067417	00067418	00067419	00067420	00067421	00067422	00067423	00067424	00067425	00067426	00067427	00067428	00067429	00067430	00067431	00067432	00067433	00067434	00067435	00067436	00067437	00067438	00067439	00067440	00067441	00067442	00067443	00067444	00067445	00067446	00067447	00067448	00067449	00067450	00067451	00067452	00067453	00067454	00067455	00067456	00067457	00067458	00067459	00067460	00067461	00067462	00067463	00067464	00067465	00067466	00067467	00067468	00067469	00067470	00067471	00067472	00067473	00067474	00067475	00067476	00067477	00067478	00067479	00067480	00067481	00067482	00067483	00067484	00067485	00067486	00067487	00067488	00067489	00067490	00067491	00067492	00067493	00067494	00067495	00067496	00067497	00067498	00067499	00067500	00067501	00067502	00067503	00067504	00067505	00067506	00067507	00067508	00067509	00067510	00067511	00067512	00067513	00067514	00067515	00067516	00067517	00067518	00067519	00067520	00067521	00067522	00067523	00067524	00067525	00067526	00067527	00067528	00067529	00067530
792650373	4191063220	5841363931	00067531	00067532	00067533	00067534	00067535	00067536	00067537	00067538	00067539	00067540	00067541	00067542	00067543	00067544	00067545	00067546	00067547	00067548	00067549	00067550	00067551	00067552	00067553	00067554	00067555	00067556	00067557	00067558	00067559	00067560	00067561	00067562	00067563	00067564	00067565	00067566	00067567	00067568	00067569	00067570	00067571	00067572	00067573	00067574	00067575	00067576	00067577	00067578	00067579	00067580	00067581	00067582	00067583	00067584	00067585	00067586	00067587	00067588	00067589	00067590	00067591	00067592	00067593	00067594	00067595	00067596	00067597	00067598	00067599	00067600	00067601	00067602	00067603	00067604	00067605	00067606	00067607	00067608	00067609	00067610	00067611	00067612	00067613	00067614	00067615	00067616	00067617	00067618	00067619	00067620	00067621	00067622	00067623	00067624	00067625	00067626	00067627	00067628	00067629	00067630	00067631	00067632	00067633	00067634	00067635	00067636	00067637	00067638	00067639	00067640	00067641	00067642	00067643	00067644	00067645	00067646	00067647	00067648	00067649	00067650	00067651	00067652	00067653	00067654	00067655	00067656	00067657	00067658	00067659	00067660	00067661	00067662	00067663	00067664	00067665	00067666	00067667	00067668	00067669	00067670	00067671	00067672	00067673	00067674	00067675	00067676	00067677	00067678	00067679	00067680	00067681	00067682	00067683	00067684	00067685	00067686	00067687	00067688	00067689	00067690	00067691	00067692	00067693	00067694	00067695	00067696	00067697	00067698	00067699	00067700	00067701	00067702	00067703	00067704	00067705	00067706	00067707	00067708	00067709	00067710	00067711	00067712	00067713	00067714	00067715	00067716	00067717	00067718	00067719	00067720	00067721	00067722	00067723	00067724	00067725	00067726	00067727	00067728	00067729	00067730
794941908	4203044698	5858225182	00067731	00067732	00067733	00067734	00067735	00067736	00067737	00067738	00067739	00067740	00067741	00067742	00067743	00067744	00067745	00067746	00067747	00067748	00067749	00067750	00067751	00067752	00067753	00067754	00067755	00067756	00067757	00067758	00067759	00067760	00067761	00067762	00067763	00067764	00067765	00067766	00067767	00067768	00067769	00067770	00067771	00067772	00067773	00067774	00067775	00067776	00067777	00067778	00067779	00067780	00067781	00067782	00067783	00067784	00067785	00067786	00067787	00067788	00067789	00067790	00067791	00067792	00067793	00067794	00067795	00067796	00067797	00067798	00067799	00067800	00067801	00067802	00067803	00067804	00067805	00067806	00067807	00067808	00067809	00067810	00067811	00067812	00067813	00067814	00067815	00067816	00067817	00067818	00067819	00067820	00067821	00067822	00067823	00067824	00067825	00067826	00067827	00067828	00067829	00067830	00067831	00067832	00067833	00067834	00067835	00067836	00067837	00067838	00067839	00067840	00067841	00067842	00067843	00067844	00067845	00067846	00067847	00067848	00067849	00067850	00067851	00067852	00067853	00067854	00067855	00067856	00067857	00067858	00067859	00067860	00067861	00067862	00067863	00067864	00067865	00067866	00067867	00067868	00067869	00067870	00067871	00067872	00067873	00067874	00067875	00067876	00067877	00067878	00067879	00067880	00067881	00067882	00067883	00067884	00067885	00067886	00067887	00067888	00067889	00067890	00067891	00067892	00067893	00067894	00067895	00067896	00067897	00067898	00067899	00067900	00067901	00067902	00067903	00067904	00067905	00067906	00067907	00067908	00067909	00067910	00067911	00067912	00067913	00067914	00067915	00067916	00067917	00067918	00067919	00067920	00067921	00067922	00067923	00067924	00067925	00067926	00067927	00067928	00067929	00067930
797316590	4215714316	5876114692	00067931	00067932	00067933	00067934	00067935	00067936	00067937	00067938	00067939	00067940	00067941	00067942	00067943	00067944	00067945	00067946	00067947	00067948	00067949	00067950	00067951	00067952	00067953	00067954	00067955	00067956	00067957	00067958	00067959	00067960	00067961	00067962	00067963	00067964	00067965	00067966	00067967	00067968	00067969	00067970	00067971	00067972	00067973	00067974	00067975	00067976	00067977	00067978	00067979	00067980	00067981	00067982	00067983	00067984	00067985	00067986	00067987	00067988	00067989	00067990	00067991	00067992	00067993	00067994	00067995	00067996	00067997	00067998	00067999	00068000	00068001	00068002	00068003	00068004	00068005	00068006	00068007	00068008	00068009	00068010	00068011	00068012	00068013	00068014	00068015	00068016	00068017	00068018	00068019	00068020	00068021	00068022	00068023	00068024	00068025	00068026	00068027	00068028	00068029	00068030	00068031	00068032	00068033	00068034	00068035	00068036	00068037	00068038	00068039	00068040	00068041	00068042	00068043	00068044	00068045	00068046	00068047	00068048	00068049	00068050	00068051	00068052	00068053	00068054	00068055	00068056	00068057	00068058	00068059	00068060	00068061	00068062	00068063	00068064	00068065	00068066	00068067	00068068	00068069	00068070	00068071	00068072	00068073	00068074	00068075	00068076	00068077	00068078	00068079	00068080	00068081	00068082	00068083	00068084	00068085	00068086	00068087	00068088	00068089	00068090	00068091	00068092	00068093	00068094	00068095	00068096	00068097	00068098	00068099	00068100	00068101	00068102	00068103	00068104	00068105	00068106	00068107	00068108	00068109	00068110	00068111	00068112	00068113	00068114	00068115	00068116	00068117	00068118	00068119	00068120	00068121	00068122	00068123	00068124	00068125	00068126	00068127	00068128	00068129	00068130
799670726	4228168442	5893524307	00068131	00068132	00068133	00068134	00068135	00068136	00068137	00068138	00068139	00068140	00068141	00068142	00068143	00068144	00068145	00068146	00068147	00068148	00068149	00068150	00068151	00068152	00068153	00068154	00068155	00068156	00068157	00068158	00068159	00068160	00068161	00068162	00068163	00068164	00068165	00068166	00068167	00068168	00068169	00068170	00068171	00068172	00068173	00068174	00068175	00068176	00068177	00068178	00068179	00068180	00068181	00068182	00068183	00068184	00068185	00068186	00068187	00068188	00068189	00068190	00068191	00068192	00068193	00068194	00068195	00068196	00068197	00068198	00068199	00068200	00068201	00068202	00068203	00068204	00068205	00068206	00068207	00068208	00068209	00068210	00068211	00068212	00068213	00068214	00068215	00068216	00068217	00068218	00068219	00068220	00068221	00068222	00068223	00068224	00068225	00068226	00068227	00068228	00068229	00068230	00068231	00068232	00068233	00068234	00068235	00068236	00068237	00068238	00068239	00068240	00068241	00068242	00068243	00068244	00068245	00068246	00068247	00068248	00068249	00068250	00068251	00068252	00068253	00068254	00068255	00068256	00068257	00068258	00068259	00068260	00068261	00068262	00068263	00068264	00068265	00068266	00068267	00068268	00068269	00068270	00068271	00068272	00068273	00068274	00068275	00068276	00068277	00068278	00068279	00068280	00068281	00068282	00068283	00068284	00068285	00068286	00068287	00068288	00068289	00068290	00068291	00068292	00068293	00068294	00068295	00068296	00068297	00068298	00068299	00068300	00068301	00068302	00068303	00068304	00068305	00068306	00068307	00068308	00068309	00068310	00068311	00068312	00068313	00068314	00068315	00068316	00068317	00068318	00068319	00068320	00068321	00068322	00068323	00068324	00068325	00068326	00068327	00068328	00068329	00068330
801931245	4240027320	5909657920	00068331	00068332	00068333	00068334	00068335	00068336	00068337	00068338	00068339	00068340	00068341	00068342	00068343	00068344	00068345	00068346	00068347	00068348	00068349	00068350	00068351	00068352	00068353	00068354	00068355	00068356	00068357	00068358	00068359	00068360	00068361	00068362	00068363	00068364	00068365	00068366	00068367	00068368	00068369	00068370	00068371	00068372	00068373	00068374	00068375	00068376	00068377	00068378	00068379	00068380	00068381	00068382	00068383	00068384	00068385	00068386	00068387	00068388	00068389	00068390	00068391	00068392	00068393	00068394	00068395	00068396	00068397	00068398	00068399	00068400	00068401	00068402	00068403	00068404	00068405	00068406	00068407	00068408	00068409	00068410	00068411	00068412	00068413	00068414	00068415	00068416	00068417	00068418	00068419	00068420	00068421	00068422	00068423	00068424	00068425	00068426	00068427	00068428	00068429	00068430	00068431	00068432	00068433	00068434	00068435	00068436	00068437	00068438	00068439	00068440	00068441	00068442	00068443	00068444	00068445	00068446	00068447	00068448	00068449	00068450	00068451	00068452	00068453	00068454	00068455	00068456	00068457	00068458	00068459	00068460	00068461	00068462	00068463	00068464	00068465	00068466	00068467	00068468	00068469	00068470	00068471	00068472	00068473	00068474	00068475	00068476	00068477	00068478	00068479	00068480	00068481	00068482	00068483	00068484	00068485	00068486	00068487	00068488	00068489	00068490	00068491	00068492	00068493	00068494	00068495	00068496	00068497	00068498	00068499	00068500	00068501	00068502	00068503	00068504	00068505	00068506	00068507	00068508	00068509	00068510	00068511	00068512	00068513	00068514	00068515	00068516	00068517	00068518	00068519	00068520	00068521	00068522	00068523	00068524	00068525	00068526	00068527	00068528	00068529	00068530
804326081	4252680772	5927583581	00068531	00068532	00068533	00068534	00068535	00068536	00068537	00068538	00068539	00068540	00068541	00068542	00068543	00068544	00068545	00068546	00068547	00068548	00068549	00068550	00068551	00068552	00068553	00068554	00068555	00068556	00068557	00068558	00068559	00068560	00068561	00068562	00068563	00068564	00068565	00068566	00068567	00068568	00068569	00068570	00068571	00068572	00068573	00068574	00068575	00068576	00068577	00068578	00068579	00068580	00068581	00068582	00068583	00068584	00068585	00068586	00068587	00068588	00068589	00068590	00068591	00068592	00068593	00068594	00068595	00068596	00068597	00068598	00068599	00068600	00068601	00068602	00068603	00068604	00068605	00068606	00068607	00068608	00068609	00068610	00068611	00068612	00068613	00068614	00068615	00068616	00068617	00068618	00068619	00068620	00068621	00068622	00068623	00068624	00068625	00068626	00068627	00068628	00068629	00068630	00068631	00068632	00068633	00068634	00068635	00068636	00068637	00068638	00068639	00068640	00068641	00068642	00068643	00068644	00068645	00068646	00068647	00068648	00068649	00068650	00068651	00068652	00068653	00068654	00068655	00068656	00068657	00068658	00068659	00068660	00068661	00068662	00068663	00068664	00068665	00068666	00068667	00068668	00068669	00068670	00068671	00068672	00068673	00068674	00068675	00068676	00068677	00068678	00068679	00068680	00068681	00068682	00068683	00068684	00068685	00068686	00068687	00068688	00068689	00068690	00068691	00068692	00068693	00068694	00068695	00068696	00068697	00068698	00068699	00068700	00068701	00068702	00068703	00068704	00068705	00068706	00068707	00068708	00068709	00068710	00068711	00068712	00068713	00068714	00068715	00068716	00068717	00068718	00068719	00068720	00068721	00068722	00068723	00068724	00068725	00068726	00068727	00068728	00068729	00068730
806723715	4265311760	5945101078	00068731	00068732	00068733	00068734	00068735	00068736	00068737	00068738	00068739	00068740	00068741	00068742	00068743	00068744	00068745	00068746	00068747	00068748	00068749	00068750	00068751	00068752	00068753	00068754	00068755	00068756	00068757	00068758	00068759	00068760	00068761	00068762	00068763	00068764	00068765	00068766	00068767	00068768	00068769	00068770	00068771	00068772	00068773	00068774	00068775	00068776	00068777	00068778	00068779	00068780	00068781	00068782	00068783	00068784	00068785	00068786	00068787	00068788	00068789	00068790	00068791	00068792	00068793	00068794	00068795	00068796	00068797	00068798	00068799	00068800	00068801	00068802	00068803	00068804	00068805	00068806	00068807	00068808	00068809	00068810	00068811	00068812	00068813	00068814	00068815	00068816	00068817	00068818	00068819	00068820	00068821	00068822	00068823	00068824	00068825	00068826	00068827	00068828	00068829	00068830	00068831	00068832	00068833	00068834	00068835	00068836	00068837	00068838	00068839	00068840	00068841	00068842	00068843	00068844	00068845	00068846	00068847	00068848	00068849	00068850	00068851	00068852	00068853	00068854	00068855	00068856	00068857	00068858	00068859	00068860	00068861	00068862	00068863	00068864	00068865	00068866	00068867	00068868	00068869	00068870	00068871	00068872	00068873	00068874	00068875	00068876	00068877	00068878	00068879	00068880	00068881	00068882	00068883	00068884	00068885	00068886	00068887	00068888	00068889	00068890	00068891	00068892	00068893	00068894	00068895	00068896	00068897	00068898	00068899	00068900	00068901	00068902	00068903	00068904	00068905	00068906	00068907	00068908	00068909	00068910	00068911	00068912	00068913	00068914	00068915	00068916	00068917	00068918	00068919	00068920	00068921	00068922	00068923	00068924	00068925	00068926	00068927	00068928	00068929	00068930
809112950	4277969104	5962872098	00068931	00068932	00068933	00068934	00068935	00068936	00068937	00068938	00068939	00068940	00068941	00068942	00068943	00068944	00068945	00068946	00068947	00068948	00068949	00068950	00068951	00068952	00068953	00068954	00068955	00068956	00068957	00068958	00068959	00068960	00068961	00068962	00068963	00068964	00068965	00068966	00068967	00068968	00068969	00068970	00068971	00068972	00068973	00068974	00068975	00068976	00068977	00068978	00068979	00068980	00068981	00068982	00068983	00068984	00068985	00068986	00068987	00068988	00068989	00068990	00068991	00068992	00068993	00068994	00068995	00068996	00068997	00068998	00068999	00069000	00069001	00069002	00069003	00069004	00069005	00069006	00069007	00069008	00069009	00069010	00069011	00069012	00069013	00069014	00069015	00069016	00069017	00069018	00069019	00069020	00069021	00069022	00069023	00069024	00069025	00069026	00069027	00069028	00069029	00069030	00069031	00069032	00069033	00069034	00069035	00069036	00069037	00069038	00069039	00069040	00069041	00069042	00069043	00069044	00069045	00069046	00069047	00069048	00069049	00069050	00069051	00069052	00069053	00069054	00069055	00069056	00069057	00069058	00069059	00069060	00069061	00069062	00069063	00069064	00069065	00069066	00069067	00069068	00069069	00069070	00069071	00069072	00069073	00069074	00069075	00069076	00069077	00069078	00069079	00069080	00069081	00069082	00069083	00069084	00069085	00069086	00069087	00069088	00069089	00069090	00069091	00069092	00069093	00069094	00069095	00069096	00069097	00069098	00069099	00069100	00069101	00069102	00069103	00069104	00069105	00069106	00069107	00069108	00069109	00069110	00069111	00069112	00069113	00069114	00069115	00069116	00069117	00069118	00069119	00069120	00069121	00069122	00069123	00069124	00069125	00069126	00069127	00069128	00069129	00069130
811454939	4290332720	5980293648	00069131	00069132	00069133	00069134	00069135	00069136	00069137	00069138	00069139	00069140	00069141	00069142	00069143	00069144	00069145	00069146	00069147	00069148	00069149	00069150	00069151	00069152	00069153	00069154	00069155	00069156	00069157	00069158	00069159	00069160	00069161	00069162	00069163	00069164	00069165	00069166	00069167	00069168	00069169	00069170	00069171	00069172	00069173	00069174	00069175	00069176	00069177	00069178	00069179	00069180	00069181	00069182	00069183	00069184	00069185	00069186	00069187	00069188	00069189	00069190	00069191	00069192	00069193	00069194	00069195	00069196	00069197	00069198	00069199	00069200	00069201	00069202	00069203	00069204	00069205	00069206	00069207	00069208	00069209	00069210	00069211	00069212	00069213	00069214	00069215	00069216	00069217	00069218	00069219	00069220	00069221	00069222	00069223	00069224	00069225	00069226	00069227	00069228	00069229	00069230	00069231	00069232	00069233	00069234	00069235	00069236	00069237	00069238	00069239	00069240	00069241	00069242	00069243	00069244	00069245	00069246	00069247	00069248	00069249	00069250	00069251	00069252	00069253	00069254	00069255	00069256	00069257	00069258	00069259	00069260	00069261	00069262	00069263	00069264	00069265	00069266	00069267	00069268	00069269	00069270	00069271	00069272	00069273	00069274	00069275	00069276	00069277	00069278	00069279	00069280	00069281	00069282	00069283	00069284	00069285	00069286	00069287	00069288	00069289	00069290	00069291	00069292	00069293	00069294	00069295	00069296	00069297	00069298	00069299	00069300	00069301	00069302	00069303	00069304	00069305	00069306	00069307	00069308	00069309	00069310	00069311	00069312	00069313	00069315	00069316	00069317	00069318	00069319	00069320	00069321	00069322	00069323	00069324	00069325	00069326	00069327	00069328	00069329	00069330	00069331
813861786	4302955346	5998008487	00069332	00069333	00069334	00069335	00069336	00069337	00069338	00069339	00069340	00069341	00069342	00069343	00069344	00069345	00069346	00069347	00069348	00069349	00069350	00069351	00069352	00069353	00069354	00069355	00069356	00069357	00069358	00069359	00069360	00069361	00069362	00069363	00069364	00069365	00069366	00069367	00069368	00069369	00069370	00069371	00069372	00069373	00069374	00069375	00069376	00069377	00069378	00069379	00069380	00069381	00069382	00069383	00069384	00069385	00069386	00069387	00069388	00069389	00069390	00069391	00069392	00069393	00069394	00069395	00069396	00069397	00069398	00069399	00069400	00069401	00069402	00069403	00069404	00069405	00069406	00069407	00069408	00069409	00069410	00069411	00069412	00069413	00069414	00069415	00069416	00069417	00069418	00069419	00069420	00069421	00069422	00069423	00069424	00069425	00069426	00069427	00069428	00069429	00069430	00069431	00069432	00069433	00069434	00069435	00069436	00069437	00069438	00069439	00069440	00069441	00069442	00069443	00069444	00069445	00069446	00069447	00069448	00069449	00069450	00069451	00069452	00069453	00069454	00069455	00069456	00069457	00069458	00069459	00069460	00069461	00069462	00069463	00069464	00069465	00069466	00069467	00069468	00069469	00069470	00069471	00069472	00069473	00069474	00069475	00069476	00069477	00069478	00069479	00069480	00069481	00069482	00069483	00069484	00069485	00069486	00069487	00069488	00069489	00069490	00069491	00069492	00069493	00069494	00069495	00069496	00069497	00069498	00069499	00069500	00069501	00069502	00069503	00069504	00069505	00069506	00069507	00069508	00069509	00069510	00069511	00069512	00069513	00069514	00069515	00069516	00069517	00069518	00069519	00069520	00069521	00069522	00069523	00069524	00069525	00069526	00069527	00069528	00069529	00069530	00069531
816111704	4314733870	6013961352	00069532	00069533	00069534	00069535	00069536	00069537	00069538	00069539	00069540	00069541	00069542	00069543	00069544	00069545	00069546	00069547	00069548	00069549	00069550	00069551	00069552	00069553	00069554	00069555	00069556	00069557	00069558	00069559	00069560	00069561	00069562	00069563	00069564	00069565	00069566	00069567	00069568	00069569	00069570	00069571	00069572	00069573	00069574	00069575	00069576	00069577	00069578	00069579	00069580	00069581	00069582	00069583	00069584	00069585	00069586	00069587	00069588	00069589	00069590	00069591	00069592	00069593	00069594	00069595	00069596	00069597	00069598	00069599	00069600	00069601	00069602	00069603	00069604	00069605	00069606	00069607	00069608	00069609	00069610	00069611	00069612	00069613	00069614	00069615	00069616	00069617	00069618	00069619	00069620	00069621	00069622	00069623	00069624	00069625	00069626	00069627	00069628	00069629	00069630	00069631	00069632	00069633	00069634	00069635	00069636	00069637	00069638	00069639	00069640	00069641	00069642	00069643	00069644	00069645	00069646	00069647	00069648	00069649	00069650	00069651	00069652	00069653	00069654	00069655	00069656	00069657	00069658	00069659	00069660	00069661	00069662	00069663	00069664	00069665	00069666	00069667	00069668	00069669	00069670	00069671	00069672	00069673	00069674	00069675	00069676	00069677	00069678	00069679	00069680	00069681	00069682	00069683	00069684	00069685	00069686	00069687	00069688	00069689	00069690	00069691	00069692	00069693	00069694	00069695	00069696	00069697	00069698	00069699	00069700	00069701	00069702	00069703	00069704	00069705	00069706	00069707	00069708	00069709	00069710	00069711	00069712	00069713	00069714	00069715	00069716	00069717	00069718	00069719	00069720	00069721	00069722	00069723	00069724	00069725	00069726	00069727	00069728	00069729	00069730	00069731
818445520	4326929888	6031181551	00069732	00069733	00069734	00069735	00069736	00069737	00069738	00069739	00069740	00069741	00069742	00069743	00069744	00069745	00069746	00069747	00069748	00069749	00069750	00069751	00069752	00069753	00069754	00069755	00069756	00069757	00069758	00069759	00069760	00069761	00069762	00069763	00069764	00069765	00069766	00069767	00069768	00069769	00069770	00069771	00069772	00069773	00069774	00069775	00069776	00069777	00069778	00069779	00069780	00069781	00069782	00069783	00069784	00069785	00069786	00069787	00069788	00069789	00069790	00069791	00069792	00069793	00069794	00069795	00069796	00069797	00069798	00069799	00069800	00069801	00069802	00069803	00069804	00069805	00069806	00069807	00069808	00069809	00069810	00069811	00069812	00069813	00069814	00069815	00069816	00069817	00069818	00069819	00069820	00069821	00069822	00069823	00069824	00069825	00069826	00069827	00069828	00069829	00069830	00069831	00069832	00069833	00069834	00069835	00069836	00069837	00069838	00069839	00069840	00069841	00069842	00069843	00069844	00069845	00069846	00069847	00069848	00069849	00069850	00069851	00069852	00069853	00069854	00069855	00069856	00069857	00069858	00069859	00069860	00069861	00069862	00069863	00069864	00069865	00069866	00069867	00069868	00069869	00069870	00069871	00069872	00069873	00069874	00069875	00069876	00069877	00069878	00069879	00069880	00069881	00069882	00069883	00069884	00069885	00069886	00069887	00069888	00069889	00069890	00069891	00069892	00069893	00069894	00069895	00069896	00069897	00069898	00069899	00069900	00069901	00069902	00069903	00069904	00069905	00069906	00069907	00069908	00069909	00069910	00069911	00069912	00069913	00069914	00069915	00069916	00069917	00069918	00069919	00069920	00069921	00069922	00069923	00069924	00069925	00069926	00069927	00069928	00069929	00069930	00069931
820712873	4338933428	6047302063	00069932	00069933	00069934	00069935	00069936	00069937	00069938	00069939	00069940	00069941	00069942	00069943	00069944	00069945	00069946	00069947	00069948	00069949	00069950	00069951	00069952	00069953	00069954	00069955	00069956	00069957	00069958	00069959	00069960	00069961	00069962	00069963	00069964	00069965	00069966	00069967	00069968	00069969	00069970	00069971	00069972	00069973	00069974	00069975	00069976	00069977	00069978	00069979	00069980	00069981	00069982	00069983	00069984	00069985	00069986	00069987	00069988	00069989	00069990	00069991	00069992	00069993	00069994	00069995	00069996	00069997	00069998	00069999	00070000	00070001	00070002	00070003	00070004	00070005	00070006	00070007	00070008	00070009	00070010	00070011	00070012	00070013	00070014	00070015	00070016	00070017	00070018	00070019	00070020	00070021	00070022	00070023	00070024	00070025	00070026	00070027	00070028	00070029	00070030	00070031	00070032	00070033	00070034	00070035	00070036	00070037	00070038	00070039	00070040	00070041	00070042	00070043	00070044	00070045	00070046	00070047	00070048	00070049	00070050	00070051	00070052	00070053	00070054	00070055	00070056	00070057	00070058	00070059	00070060	00070061	00070062	00070063	00070064	00070065	00070066	00070067	00070068	00070069	00070070	00070071	00070072	00070073	00070074	00070075	00070076	00070077	00070078	00070079	00070080	00070081	00070082	00070083	00070084	00070085	00070086	00070087	00070088	00070089	00070090	00070091	00070092	00070093	00070094	00070095	00070096	00070097	00070098	00070099	00070100	00070101	00070102	00070103	00070104	00070105	00070106	00070107	00070108	00070109	00070110	00070111	00070112	00070113	00070114	00070115	00070116	00070117	00070118	00070119	00070120	00070121	00070122	00070123	00070124	00070125	00070126	00070127	00070128	00070129	00070130	00070131
823030939	4351301318	6064353083	00070132	00070133	00070134	00070135	00070136	00070137	00070138	00070139	00070140	00070141	00070142	00070143	00070144	00070145	00070146	00070147	00070148	00070149	00070150	00070151	00070152	00070153	00070154	00070155	00070156	00070157	00070158	00070159	00070160	00070161	00070162	00070163	00070164	00070165	00070166	00070167	00070168	00070169	00070170	00070171	00070172	00070173	00070174	00070175	00070176	00070177	00070178	00070179	00070180	00070181	00070182	00070183	00070184	00070185	00070186	00070187	00070188	00070189	00070190	00070191	00070192	00070193	00070194	00070195	00070196	00070197	00070198	00070199	00070200	00070201	00070202	00070203	00070204	00070205	00070206	00070207	00070208	00070209	00070210	00070211	00070212	00070213	00070214	00070215	00070216	00070217	00070218	00070219	00070220	00070221	00070222	00070223	00070224	00070225	00070226	00070227	00070228	00070229	00070230	00070231	00070232	00070233	00070234	00070235	00070236	00070237	00070238	00070239	00070240	00070241	00070242	00070243	00070244	00070245	00070246	00070247	00070248	00070249	00070250	00070251	00070252	00070253	00070254	00070255	00070256	00070257	00070258	00070259	00070260	00070261	00070262	00070263	00070264	00070265	00070266	00070267	00070268	00070269	00070270	00070271	00070272	00070273	00070274	00070275	00070276	00070277	00070278	00070279	00070280	00070281	00070282	00070283	00070284	00070285	00070286	00070287	00070288	00070289	00070290	00070291	00070292	00070293	00070294	00070295	00070296	00070297	00070298	00070299	00070300	00070301	00070302	00070303	00070304	00070305	00070306	00070307	00070308	00070309	00070310	00070311	00070312	00070313	00070314	00070315	00070316	00070317	00070318	00070319	00070320	00070321	00070322	00070323	00070324	00070325	00070326	00070327	00070328	00070329	00070330	00070331
825444431	4364123792	6082492858	00070332	00070333	00070334	00070335	00070336	00070337	00070338	00070339	00070340	00070341	00070342	00070343	00070344	00070345	00070346	00070347	00070348	00070349	00070350	00070351	00070352	00070353	00070354	00070355	00070356	00070357	00070358	00070359	00070360	00070361	00070362	00070363	00070364	00070365	00070366	00070367	00070368	00070369	00070370	00070371	00070372	00070373	00070374	00070375	00070376	00070377	00070378	00070379	00070380	00070381	00070382	00070383	00070384	00070385	00070386	00070387	00070388	00070389	00070390	00070391	00070392	00070393	00070394	00070395	00070396	00070397	00070398	00070399	00070400	00070401	00070402	00070403	00070404	00070405	00070406	00070407	00070408	00070409	00070410	00070411	00070412	00070413	00070414	00070415	00070416	00070417	00070418	00070419	00070420	00070421	00070422	00070423	00070424	00070425	00070426	00070427	00070428	00070429	00070430	00070431	00070432	00070433	00070434	00070435	00070436	00070437	00070438	00070439	00070440	00070441	00070442	00070443	00070444	00070445	00070446	00070447	00070448	00070449	00070450	00070451	00070452	00070453	00070454	00070455	00070456	00070457	00070458	00070459	00070460	00070461	00070462	00070463	00070464	00070465	00070466	00070467	00070468	00070469	00070470	00070471	00070472	00070473	00070474	00070475	00070476	00070477	00070478	00070479	00070480	00070481	00070482	00070483	00070484	00070485	00070486	00070487	00070488	00070489	00070490	00070491	00070492	00070493	00070494	00070495	00070496	00070497	00070498	00070499	00070500	00070501	00070502	00070503	00070504	00070505	00070506	00070507	00070508	00070509	00070510	00070511	00070512	00070513	00070514	00070515	00070516	00070517	00070518	00070519	00070520	00070521	00070522	00070523	00070524	00070525	00070526	00070527	00070528	00070529	00070530	00070531
827718100	4376041988	6099015163	00070532	00070533	00070534	00070535	00070536	00070537	00070538	00070539	00070540	00070541	00070542	00070543	00070544	00070545	00070546	00070547	00070548	00070549	00070550	00070551	00070552	00070553	00070554	00070555	00070556	00070557	00070558	00070559	00070560	00070561	00070562	00070563	00070564	00070565	00070566	00070567	00070568	00070569	00070570	00070571	00070572	00070573	00070574	00070575	00070576	00070577	00070578	00070579	00070580	00070581	00070582	00070583	00070584	00070585	00070586	00070587	00070588	00070589	00070590	00070591	00070592	00070593	00070594	00070595	00070596	00070597	00070598	00070599	00070600	00070601	00070602	00070603	00070604	00070605	00070606	00070607	00070608	00070609	00070610	00070611	00070612	00070613	00070614	00070615	00070616	00070617	00070618	00070619	00070620	00070621	00070622	00070623	00070624	00070625	00070626	00070627	00070628	00070629	00070630	00070631	00070632	00070633	00070634	00070635	00070636	00070637	00070638	00070639	00070640	00070641	00070642	00070643	00070644	00070645	00070646	00070647	00070648	00070649	00070650	00070651	00070652	00070653	00070654	00070655	00070656	00070657	00070658	00070659	00070660	00070661	00070662	00070663	00070664	00070665	00070666	00070667	00070668	00070669	00070670	00070671	00070672	00070673	00070674	00070675	00070676	00070677	00070678	00070679	00070680	00070681	00070682	00070683	00070684	00070685	00070686	00070687	00070688	00070689	00070690	00070691	00070692	00070693	00070694	00070695	00070696	00070697	00070698	00070699	00070700	00070701	00070702	00070703	00070704	00070705	00070706	00070707	00070708	00070709	00070710	00070711	00070712	00070713	00070714	00070715	00070716	00070717	00070718	00070719	00070720	00070721	00070722	00070723	00070724	00070725	00070726	00070727	00070728	00070729	00070730	00070731
829991504	4388112180	6115476149	00070732	00070733	00070734	00070735	00070736	00070737	00070738	00070739	00070740	00070741	00070742	00070743	00070744	00070745	00070746	00070747	00070748	00070749	00070750	00070751	00070752	00070753	00070754	00070755	00070756	00070757	00070758	00070759	00070760	00070761	00070762	00070763	00070764	00070765	00070766	00070767	00070768	00070769	00070770	00070771	00070772	00070773	00070774	00070775	00070776	00070777	00070778	00070779	00070780	00070781	00070782	00070783	00070784	00070785	00070786	00070787	00070788	00070789	00070790	00070791	00070792	00070793	00070794	00070795	00070796	00070797	00070798	00070799	00070800	00070801	00070802	00070803	00070804	00070805	00070806	00070807	00070808	00070809	00070810	00070811	00070812	00070813	00070814	00070815	00070816	00070817	00070818	00070819	00070820	00070821	00070822	00070823	00070824	00070825	00070826	00070827	00070828	00070829	00070830	00070831	00070832	00070833	00070834	00070835	00070836	00070837	00070838	00070839	00070840	00070841	00070842	00070843	00070844	00070845	00070846	00070847	00070848	00070849	00070850	00070851	00070852	00070853	00070854	00070855	00070856	00070857	00070858	00070859	00070860	00070861	00070862	00070863	00070864	00070865	00070866	00070867	00070868	00070869	00070870	00070871	00070872	00070873	00070874	00070875	00070876	00070877	00070878	00070879	00070880	00070881	00070882	00070883	00070884	00070885	00070886	00070887	00070888	00070889	00070890	00070891	00070892	00070893	00070894	00070895	00070896	00070897	00070898	00070899	00070900	00070901	00070902	00070903	00070904	00070905	00070906	00070907	00070908	00070909	00070910	00070911	00070912	00070913	00070914	00070915	00070916	00070917	00070918	00070919	00070920	00070921	00070922	00070923	00070924	00070925	00070926	00070927	00070928	00070929	00070930	00070931
832345463	4400403324	6132569615	00070932	00070933	00070934	00070935	00070936	00070937	00070938	00070939	00070940	00070941	00070942	00070943	00070944	00070945	00070946	00070947	00070948	00070949	00070950	00070951	00070952	00070953	00070954	00070955	00070956	00070957	00070958	00070959	00070960	00070961	00070962	00070963	00070964	00070965	00070966	00070967	00070968	00070969	00070970	00070971	00070972	00070973	00070974	00070975	00070976	00070977	00070978	00070979	00070980	00070981	00070982	00070983	00070984	00070985	00070986	00070987	00070988	00070989	00070990	00070991	00070992	00070993	00070994	00070995	00070996	00070997	00070998	00070999	00071000	00071001	00071002	00071003	00071004	00071005	00071006	00071007	00071008	00071009	00071010	00071011	00071012	00071013	00071014	00071015	00071016	00071017	00071018	00071019	00071020	00071021	00071022	00071023	00071024	00071025	00071026	00071027	00071028	00071029	00071030	00071031	00071032	00071033	00071034	00071035	00071036	00071037	00071038	00071039	00071040	00071041	00071042	00071043	00071044	00071045	00071046	00071047	00071048	00071049	00071050	00071051	00071052	00071053	00071054	00071055	00071056	00071057	00071058	00071059	00071060	00071061	00071062	00071063	00071064	00071065	00071066	00071067	00071068	00071069	00071070	00071071	00071072	00071073	00071074	00071075	00071076	00071077	00071078	00071079	00071080	00071081	00071082	00071083	00071084	00071085	00071086	00071087	00071088	00071089	00071090	00071091	00071092	00071093	00071094	00071095	00071096	00071097	00071098	00071099	00071100	00071101	00071102	00071103	00071104	00071105	00071106	00071107	00071108	00071109	00071110	00071111	00071112	00071113	00071114	00071115	00071116	00071117	00071118	00071119	00071120	00071121	00071122	00071123	00071124	00071125	00071126	00071127	00071128	00071129	00071130	00071131
834575849	4412166044	6148465279	00071132	00071133	00071134	00071135	00071136	00071137	00071138	00071139	00071140	00071141	00071142	00071143	00071144	00071145	00071146	00071147	00071148	00071149	00071150	00071151	00071152	00071153	00071154	00071155	00071156	00071157	00071158	00071159	00071160	00071161	00071162	00071163	00071164	00071165	00071166	00071167	00071168	00071169	00071170	00071171	00071172	00071173	00071174	00071175	00071176	00071177	00071178	00071179	00071180	00071181	00071182	00071183	00071184	00071185	00071186	00071187	00071188	00071189	00071190	00071191	00071192	00071193	00071194	00071195	00071196	00071197	00071198	00071199	00071200	00071201	00071202	00071203	00071204	00071205	00071206	00071207	00071208	00071209	00071210	00071211	00071212	00071213	00071214	00071215	00071216	00071217	00071218	00071219	00071220	00071221	00071222	00071223	00071224	00071225	00071226	00071227	00071228	00071229	00071230	00071231	00071232	00071233	00071234	00071235	00071236	00071237	00071238	00071239	00071240	00071241	00071242	00071243	00071244	00071245	00071246	00071247	00071248	00071249	00071250	00071251	00071252	00071253	00071254	00071255	00071256	00071257	00071258	00071259	00071260	00071261	00071262	00071263	00071264	00071265	00071266	00071267	00071268	00071269	00071270	00071271	00071272	00071273	00071274	00071275	00071276	00071277	00071278	00071279	00071280	00071281	00071282	00071283	00071284	00071285	00071286	00071287	00071288	00071289	00071290	00071291	00071292	00071293	00071294	00071295	00071296	00071297	00071298	00071299	00071300	00071301	00071302	00071303	00071304	00071305	00071306	00071307	00071308	00071309	00071310	00071311	00071312	00071313	00071314	00071315	00071316	00071317	00071318	00071319	00071320	00071321	00071322	00071323	00071324	00071325	00071326	00071327	00071328	00071329	00071330	00071331
836917659	4424491232	6165653898	00071332	00071333	00071334	00071335	00071336	00071337	00071338	00071339	00071340	00071341	00071342	00071343	00071344	00071345	00071346	00071347	00071348	00071349	00071350	00071351	00071352	00071353	00071354	00071355	00071356	00071357	00071358	00071359	00071360	00071361	00071362	00071363	00071364	00071365	00071366	00071367	00071368	00071369	00071370	00071371	00071372	00071373	00071374	00071375	00071376	00071377	00071378	00071379	00071380	00071381	00071382	00071383	00071384	00071385	00071386	00071387	00071388	00071389	00071390	00071391	00071392	00071393	00071394	00071395	00071396	00071397	00071398	00071399	00071400	00071401	00071402	00071403	00071404	00071405	00071406	00071407	00071408	00071409	00071410	00071411	00071412	00071413	00071414	00071415	00071416	00071417	00071418	00071419	00071420	00071421	00071422	00071423	00071424	00071425	00071426	00071427	00071428	00071429	00071430	00071431	00071432	00071433	00071434	00071435	00071436	00071437	00071438	00071439	00071440	00071441	00071442	00071443	00071444	00071445	00071446	00071447	00071448	00071449	00071450	00071451	00071452	00071453	00071454	00071455	00071456	00071457	00071458	00071459	00071460	00071461	00071462	00071463	00071464	00071465	00071466	00071467	00071468	00071469	00071470	00071471	00071472	00071473	00071474	00071475	00071476	00071477	00071478	00071479	00071480	00071481	00071482	00071483	00071484	00071485	00071486	00071487	00071488	00071489	00071490	00071491	00071492	00071493	00071494	00071495	00071496	00071497	00071498	00071499	00071500	00071501	00071502	00071503	00071504	00071505	00071506	00071507	00071508	00071509	00071510	00071511	00071512	00071513	00071514	00071515	00071516	00071517	00071518	00071519	00071520	00071521	00071522	00071523	00071524	00071525	00071526	00071527	00071528	00071529	00071530	00071531
839187907	4436291624	6181892446	00071532	00071533	00071534	00071535	00071536	00071537	00071538	00071539	00071540	00071541	00071542	00071543	00071544	00071545	00071546	00071547	00071548	00071549	00071550	00071551	00071552	00071553	00071554	00071555	00071556	00071557	00071558	00071559	00071560	00071561	00071562	00071563	00071564	00071565	00071566	00071567	00071568	00071569	00071570	00071571	00071572	00071573	00071574	00071575	00071576	00071577	00071578	00071579	00071580	00071581	00071582	00071583	00071584	00071585	00071586	00071587	00071588	00071589	00071590	00071591	00071592	00071593	00071594	00071595	00071596	00071597	00071598	00071599	00071600	00071601	00071602	00071603	00071604	00071605	00071606	00071607	00071608	00071609	00071610	00071611	00071612	00071613	00071614	00071615	00071616	00071617	00071618	00071619	00071620	00071621	00071622	00071623	00071624	00071625	00071626	00071627	00071628	00071629	00071630	00071631	00071632	00071633	00071634	00071635	00071636	00071637	00071638	00071639	00071640	00071641	00071642	00071643	00071644	00071645	00071646	00071647	00071648	00071649	00071650	00071651	00071652	00071653	00071654	00071655	00071656	00071657	00071658	00071659	00071660	00071661	00071662	00071663	00071664	00071665	00071666	00071667	00071668	00071669	00071670	00071671	00071672	00071673	00071674	00071675	00071676	00071677	00071678	00071679	00071680	00071681	00071682	00071683	00071684	00071685	00071686	00071687	00071688	00071689	00071690	00071691	00071692	00071693	00071694	00071695	00071696	00071697	00071698	00071699	00071700	00071701	00071702	00071703	00071704	00071705	00071706	00071707	00071708	00071709	00071710	00071711	00071712	00071713	00071714	00071715	00071716	00071717	00071718	00071719	00071720	00071721	00071722	00071723	00071724	00071725	00071726	00071727	00071728	00071729	00071730	00071731
841561418	4448993418	6199512459	00071732	00071733	00071734	00071735	00071736	00071737	00071738	00071739	00071740	00071741	00071742	00071743	00071744	00071745	00071746	00071747	00071748	00071749	00071750	00071751	00071752	00071753	00071754	00071755	00071756	00071757	00071758	00071759	00071760	00071761	00071762	00071763	00071764	00071765	00071766	00071767	00071768	00071769	00071770	00071771	00071772	00071773	00071774	00071775	00071776	00071777	00071778	00071779	00071780	00071781	00071782	00071783	00071784	00071785	00071786	00071787	00071788	00071789	00071790	00071791	00071792	00071793	00071794	00071795	00071796	00071797	00071798	00071799	00071800	00071801	00071802	00071803	00071804	00071805	00071806	00071807	00071808	00071809	00071810	00071811	00071812	00071813	00071814	00071815	00071816	00071817	00071818	00071819	00071820	00071821	00071822	00071823	00071824	00071825	00071826	00071827	00071828	00071829	00071830	00071831	00071832	00071833	00071834	00071835	00071836	00071837	00071838	00071839	00071840	00071841	00071842	00071843	00071844	00071845	00071846	00071847	00071848	00071849	00071850	00071851	00071852	00071853	00071854	00071855	00071856	00071857	00071858	00071859	00071860	00071861	00071862	00071863	00071864	00071865	00071866	00071867	00071868	00071869	00071870	00071871	00071872	00071873	00071874	00071875	00071876	00071877	00071878	00071879	00071880	00071881	00071882	00071883	00071884	00071885	00071886	00071887	00071888	00071889	00071890	00071891	00071892	00071893	00071894	00071895	00071896	00071897	00071898	00071899	00071900	00071901	00071902	00071903	00071904	00071905	00071906	00071907	00071908	00071909	00071910	00071911	00071912	00071913	00071914	00071915	00071916	00071917	00071918	00071919	00071920	00071921	00071922	00071923	00071924	00071925	00071926	00071927	00071928	00071929	00071930	00071931
843989000	4461786594	6217707296	00071932	00071933	00071934	00071935	00071936	00071937	00071938	00071939	00071940	00071941	00071942	00071943	00071944	00071945	00071946	00071947	00071948	00071949	00071950	00071951	00071952	00071953	00071954	00071955	00071956	00071957	00071958	00071959	00071960	00071961	00071962	00071963	00071964	00071965	00071966	00071967	00071968	00071969	00071970	00071971	00071972	00071973	00071974	00071975	00071976	00071977	00071978	00071979	00071980	00071981	00071982	00071983	00071984	00071985	00071986	00071987	00071988	00071989	00071990	00071991	00071992	00071993	00071994	00071995	00071996	00071997	00071998	00071999	00072000	00072001	00072002	00072003	00072004	00072005	00072006	00072007	00072008	00072009	00072010	00072011	00072012	00072013	00072014	00072015	00072016	00072017	00072018	00072019	00072020	00072021	00072022	00072023	00072024	00072025	00072026	00072027	00072028	00072029	00072030	00072031	00072032	00072033	00072034	00072035	00072036	00072037	00072038	00072039	00072040	00072041	00072042	00072043	00072044	00072045	00072046	00072047	00072048	00072049	00072050	00072051	00072052	00072053	00072054	00072055	00072056	00072057	00072058	00072059	00072060	00072061	00072062	00072063	00072064	00072065	00072066	00072067	00072068	00072069	00072070	00072071	00072072	00072073	00072074	00072075	00072076	00072077	00072078	00072079	00072080	00072081	00072082	00072083	00072084	00072085	00072086	00072087	00072088	00072089	00072090	00072091	00072092	00072093	00072094	00072095	00072096	00072097	00072098	00072099	00072100	00072101	00072102	00072103	00072104	00072105	00072106	00072107	00072108	00072109	00072110	00072111	00072112	00072113	00072114	00072115	00072116	00072117	00072118	00072119	00072120	00072121	00072122	00072123	00072124	00072125	00072126	00072127	00072128	00072129	00072130	00072131
846348738	4474261230	6234990170	00072132	00072133	00072134	00072135	00072136	00072137	00072138	00072139	00072140	00072141	00072142	00072143	00072144	00072145	00072146	00072147	00072148	00072149	00072150	00072151	00072152	00072153	00072154	00072155	00072156	00072157	00072158	00072159	00072160	00072161	00072162	00072163	00072164	00072165	00072166	00072167	00072168	00072169	00072170	00072171	00072172	00072173	00072174	00072175	00072176	00072177	00072178	00072179	00072180	00072181	00072182	00072183	00072184	00072185	00072186	00072187	00072188	00072189	00072190	00072191	00072192	00072193	00072194	00072195	00072196	00072197	00072198	00072199	00072200	00072201	00072202	00072203	00072204	00072205	00072206	00072207	00072208	00072209	00072210	00072211	00072212	00072213	00072214	00072215	00072216	00072217	00072218	00072219	00072220	00072221	00072222	00072223	00072224	00072225	00072226	00072227	00072228	00072229	00072230	00072231	00072232	00072233	00072234	00072235	00072236	00072237	00072238	00072239	00072240	00072241	00072242	00072243	00072244	00072245	00072246	00072247	00072248	00072249	00072250	00072251	00072252	00072253	00072254	00072255	00072256	00072257	00072258	00072259	00072260	00072261	00072262	00072263	00072264	00072265	00072266	00072267	00072268	00072269	00072270	00072271	00072272	00072273	00072274	00072275	00072276	00072277	00072278	00072279	00072280	00072281	00072282	00072283	00072284	00072285	00072286	00072287	00072288	00072289	00072290	00072291	00072292	00072293	00072294	00072295	00072296	00072297	00072298	00072299	00072300	00072301	00072302	00072303	00072304	00072305	00072306	00072307	00072308	00072309	00072310	00072311	00072312	00072313	00072314	00072315	00072316	00072317	00072318	00072319	00072320	00072321	00072322	00072323	00072324	00072325	00072326	00072327	00072328	00072329	00072330	00072331
848636460	4486349170	6251472603	00072332	00072333	00072334	00072335	00072336	00072337	00072338	00072339	00072340	00072341	00072342	00072343	00072344	00072345	00072346	00072347	00072348	00072349	00072350	00072351	00072352	00072353	00072354	00072355	00072356	00072357	00072358	00072359	00072360	00072361	00072362	00072363	00072364	00072365	00072366	00072367	00072368	00072369	00072370	00072371	00072372	00072373	00072374	00072375	00072376	00072377	00072378	00072379	00072380	00072381	00072382	00072383	00072384	00072385	00072386	00072387	00072388	00072389	00072390	00072391	00072392	00072393	00072394	00072395	00072396	00072397	00072398	00072399	00072400	00072401	00072402	00072403	00072404	00072405	00072406	00072407	00072408	00072409	00072410	00072411	00072412	00072413	00072414	00072415	00072416	00072417	00072418	00072419	00072420	00072421	00072422	00072423	00072424	00072425	00072426	00072427	00072428	00072429	00072430	00072431	00072432	00072433	00072434	00072435	00072436	00072437	00072438	00072439	00072440	00072441	00072442	00072443	00072444	00072445	00072446	00072447	00072448	00072449	00072450	00072451	00072452	00072453	00072454	00072455	00072456	00072457	00072458	00072459	00072460	00072461	00072462	00072463	00072464	00072465	00072466	00072467	00072468	00072469	00072470	00072471	00072472	00072473	00072474	00072475	00072476	00072477	00072478	00072479	00072480	00072481	00072482	00072483	00072484	00072485	00072486	00072487	00072488	00072489	00072490	00072491	00072492	00072493	00072494	00072495	00072496	00072497	00072498	00072499	00072500	00072501	00072502	00072503	00072504	00072505	00072506	00072507	00072508	00072509	00072510	00072511	00072512	00072513	00072514	00072515	00072516	00072517	00072518	00072519	00072520	00072521	00072522	00072523	00072524	00072525	00072526	00072527	00072528	00072529	00072530	00072531
850896698	4498179198	6267965713	00072532	00072533	00072534	00072535	00072536	00072537	00072538	00072539	00072540	00072541	00072542	00072543	00072544	00072545	00072546	00072547	00072548	00072549	00072550	00072551	00072552	00072553	00072554	00072555	00072556	00072557	00072558	00072559	00072560	00072561	00072562	00072563	00072564	00072565	00072566	00072567	00072568	00072569	00072570	00072571	00072572	00072573	00072574	00072575	00072576	00072577	00072578	00072579	00072580	00072581	00072582	00072583	00072584	00072585	00072586	00072587	00072588	00072589	00072590	00072591	00072592	00072593	00072594	00072595	00072596	00072597	00072598	00072599	00072600	00072601	00072602	00072603	00072604	00072605	00072606	00072607	00072608	00072609	00072610	00072611	00072612	00072613	00072614	00072615	00072616	00072617	00072618	00072619	00072620	00072621	00072622	00072623	00072624	00072625	00072626	00072627	00072628	00072629	00072630	00072631	00072632	00072633	00072634	00072635	00072636	00072637	00072638	00072639	00072640	00072641	00072642	00072643	00072644	00072645	00072646	00072647	00072648	00072649	00072650	00072651	00072652	00072653	00072654	00072655	00072656	00072657	00072658	00072659	00072660	00072661	00072662	00072663	00072664	00072665	00072666	00072667	00072668	00072669	00072670	00072671	00072672	00072673	00072674	00072675	00072676	00072677	00072678	00072679	00072680	00072681	00072682	00072683	00072684	00072685	00072686	00072687	00072688	00072689	00072690	00072691	00072692	00072693	00072694	00072695	00072696	00072697	00072698	00072699	00072700	00072701	00072702	00072703	00072704	00072705	00072706	00072707	00072708	00072709	00072710	00072711	00072712	00072713	00072714	00072715	00072716	00072717	00072718	00072719	00072720	00072721	00072722	00072723	00072724	00072725	00072726	00072727	00072728	00072729	00072730	00072731
853226807	4510533476	6284844845	00072732	00072733	00072734	00072735	00072736	00072737	00072738	00072739	00072740	00072741	00072742	00072743	00072744	00072745	00072746	00072747	00072748	00072749	00072750	00072751	00072752	00072753	00072754	00072755	00072756	00072757	00072758	00072759	00072760	00072761	00072762	00072763	00072764	00072765	00072766	00072767	00072768	00072770	00072771	00072772	00072773	00072774	00072775	00072776	00072777	00072778	00072779	00072780	00072781	00072782	00072783	00072784	00072785	00072786	00072787	00072788	00072789	00072790	00072791	00072792	00072793	00072794	00072795	00072796	00072797	00072798	00072799	00072800	00072801	00072802	00072803	00072804	00072805	00072806	00072807	00072808	00072809	00072810	00072811	00072812	00072813	00072814	00072815	00072816	00072817	00072818	00072819	00072820	00072821	00072822	00072823	00072824	00072825	00072826	00072827	00072828	00072829	00072830	00072831	00072832	00072833	00072834	00072835	00072836	00072837	00072838	00072839	00072840	00072841	00072842	00072843	00072844	00072845	00072846	00072847	00072848	00072849	00072850	00072851	00072852	00072853	00072854	00072855	00072856	00072857	00072858	00072859	00072860	00072861	00072862	00072863	00072864	00072865	00072866	00072867	00072868	00072869	00072870	00072871	00072872	00072873	00072874	00072875	00072876	00072877	00072878	00072879	00072880	00072881	00072882	00072883	00072884	00072885	00072886	00072887	00072888	00072889	00072890	00072891	00072892	00072893	00072894	00072895	00072896	00072897	00072898	00072899	00072900	00072901	00072902	00072903	00072904	00072905	00072906	00072907	00072908	00072909	00072910	00072911	00072912	00072913	00072914	00072915	00072916	00072917	00072918	00072919	00072920	00072921	00072922	00072923	00072924	00072925	00072926	00072927	00072928	00072929	00072930	00072931	00072932
855670950	4523494564	6303654833	00072933	00072934	00072935	00072936	00072937	00072938	00072939	00072940	00072941	00072942	00072943	00072944	00072945	00072946	00072947	00072948	00072949	00072950	00072951	00072952	00072953	00072954	00072955	00072956	00072957	00072958	00072959	00072960	00072961	00072962	00072963	00072964	00072965	00072966	00072967	00072968	00072969	00072970	00072971	00072973	00072974	00072975	00072976	00072977	00072978	00072979	00072980	00072981	00072982	00072983	00072984	00072985	00072986	00072987	00072988	00072989	00072990	00072991	00072992	00072993	00072994	00072995	00072996	00072997	00072998	00072999	00073000	00073001	00073002	00073003	00073004	00073005	00073006	00073007	00073008	00073009	00073010	00073011	00073012	00073013	00073014	00073015	00073016	00073017	00073018	00073019	00073020	00073021	00073022	00073023	00073024	00073025	00073026	00073027	00073028	00073029	00073030	00073031	00073032	00073033	00073034	00073035	00073036	00073037	00073038	00073039	00073040	00073041	00073042	00073043	00073044	00073045	00073046	00073047	00073048	00073049	00073050	00073051	00073052	00073053	00073054	00073055	00073056	00073057	00073058	00073059	00073060	00073061	00073062	00073063	00073064	00073065	00073066	00073067	00073068	00073069	00073070	00073071	00073072	00073073	00073074	00073075	00073076	00073077	00073078	00073079	00073080	00073081	00073082	00073083	00073084	00073085	00073086	00073087	00073088	00073089	00073090	00073091	00073092	00073093	00073094	00073095	00073096	00073097	00073098	00073099	00073100	00073101	00073102	00073103	00073104	00073105	00073106	00073107	00073108	00073109	00073110	00073111	00073112	00073113	00073114	00073115	00073116	00073117	00073118	00073119	00073120	00073121	00073122	00073123	00073124	00073125	00073126	00073127	00073128	00073129	00073130	00073131	00073132	00073133
858019193	4535934656	6321250208	00073134	00073135	00073136	00073137	00073138	00073139	00073140	00073141	00073142	00073143	00073144	00073145	00073146	00073147	00073148	00073149	00073150	00073151	00073152	00073153	00073154	00073155	00073156	00073157	00073158	00073159	00073160	00073161	00073162	00073163	00073164	00073165	00073166	00073167	00073168	00073169	00073170	00073171	00073172	00073173	00073174	00073175	00073176	00073177	00073178	00073179	00073180	00073181	00073182	00073183	00073184	00073185	00073186	00073187	00073188	00073189	00073190	00073191	00073192	00073193	00073194	00073195	00073196	00073197	00073198	00073199	00073200	00073201	00073202	00073203	00073204	00073205	00073206	00073207	00073208	00073209	00073210	00073211	00073212	00073213	00073214	00073215	00073216	00073217	00073218	00073219	00073220	00073221	00073222	00073223	00073224	00073225	00073226	00073227	00073228	00073229	00073230	00073231	00073232	00073233	00073234	00073235	00073236	00073237	00073238	00073239	00073240	00073241	00073242	00073243	00073244	00073245	00073246	00073247	00073248	00073249	00073250	00073251	00073252	00073253	00073254	00073255	00073256	00073257	00073258	00073259	00073260	00073261	00073262	00073263	00073264	00073265	00073266	00073267	00073268	00073269	00073270	00073271	00073272	00073273	00073274	00073275	00073276	00073277	00073278	00073279	00073280	00073281	00073282	00073283	00073284	00073285	00073286	00073287	00073288	00073289	00073290	00073291	00073292	00073293	00073294	00073295	00073296	00073297	00073298	00073299	00073300	00073301	00073302	00073303	00073304	00073305	00073306	00073307	00073308	00073309	00073310	00073311	00073312	00073313	00073314	00073315	00073316	00073317	00073318	00073319	00073320	00073321	00073322	00073323	00073324	00073325	00073326	00073327	00073328	00073329	00073330	00073331	00073332	00073333
860451402	4548860676	6339225744	00073334	00073335	00073336	00073337	00073338	00073339	00073340	00073341	00073342	00073343	00073344	00073345	00073346	00073347	00073348	00073349	00073350	00073351	00073352	00073353	00073354	00073355	00073356	00073357	00073358	00073359	00073360	00073361	00073362	00073363	00073364	00073365	00073366	00073367	00073368	00073369	00073370	00073371	00073372	00073373	00073374	00073375	00073376	00073377	00073378	00073379	00073380	00073381	00073382	00073383	00073384	00073385	00073386	00073387	00073388	00073389	00073390	00073391	00073392	00073393	00073394	00073395	00073396	00073397	00073398	00073399	00073400	00073401	00073402	00073403	00073404	00073405	00073406	00073407	00073408	00073409	00073410	00073411	00073412	00073413	00073414	00073415	00073416	00073417	00073418	00073419	00073420	00073421	00073422	00073423	00073424	00073425	00073426	00073427	00073428	00073429	00073430	00073431	00073432	00073433	00073434	00073435	00073436	00073437	00073438	00073439	00073440	00073441	00073442	00073443	00073444	00073445	00073446	00073447	00073448	00073449	00073450	00073451	00073452	00073453	00073454	00073455	00073456	00073457	00073458	00073459	00073460	00073461	00073462	00073463	00073464	00073465	00073466	00073467	00073468	00073469	00073470	00073471	00073472	00073473	00073474	00073475	00073476	00073477	00073478	00073479	00073480	00073481	00073482	00073483	00073484	00073485	00073486	00073487	00073488	00073489	00073490	00073491	00073492	00073493	00073494	00073495	00073496	00073497	00073498	00073499	00073500	00073501	00073502	00073503	00073504	00073505	00073506	00073507	00073508	00073509	00073510	00073511	00073512	00073513	00073514	00073515	00073516	00073517	00073518	00073519	00073520	00073521	00073522	00073523	00073524	00073525	00073526	00073527	00073528	00073529	00073530	00073531	00073532	00073533
862792706	4561313552	6356910998	00073534	00073535	00073536	00073537	00073538	00073539	00073540	00073541	00073542	00073543	00073544	00073545	00073546	00073547	00073548	00073549	00073550	00073551	00073552	00073553	00073554	00073555	00073556	00073557	00073558	00073559	00073560	00073561	00073562	00073563	00073564	00073565	00073566	00073567	00073568	00073569	00073570	00073571	00073572	00073573	00073574	00073575	00073576	00073577	00073578	00073579	00073580	00073581	00073582	00073583	00073584	00073585	00073586	00073587	00073588	00073589	00073590	00073591	00073592	00073593	00073594	00073595	00073596	00073597	00073598	00073599	00073600	00073601	00073602	00073603	00073604	00073605	00073606	00073607	00073608	00073609	00073610	00073611	00073612	00073613	00073614	00073615	00073616	00073617	00073618	00073619	00073620	00073621	00073622	00073623	00073624	00073625	00073626	00073627	00073628	00073629	00073630	00073631	00073632	00073633	00073634	00073635	00073636	00073637	00073638	00073639	00073640	00073641	00073642	00073643	00073644	00073645	00073646	00073647	00073648	00073649	00073650	00073651	00073652	00073653	00073654	00073655	00073656	00073657	00073658	00073659	00073660	00073661	00073662	00073663	00073664	00073665	00073666	00073667	00073668	00073669	00073670	00073671	00073672	00073673	00073674	00073675	00073676	00073677	00073678	00073679	00073680	00073681	00073682	00073683	00073684	00073685	00073686	00073687	00073688	00073689	00073690	00073691	00073692	00073693	00073694	00073695	00073696	00073697	00073698	00073699	00073700	00073701	00073702	00073703	00073704	00073705	00073706	00073707	00073708	00073709	00073710	00073711	00073712	00073713	00073714	00073715	00073716	00073717	00073718	00073719	00073720	00073721	00073722	00073723	00073724	00073725	00073726	00073727	00073728	00073729	00073730	00073731	00073732	00073733
865143775	4573770908	6374162711	00073734	00073735	00073736	00073737	00073738	00073739	00073740	00073741	00073742	00073743	00073744	00073745	00073746	00073747	00073748	00073749	00073750	00073751	00073752	00073753	00073754	00073755	00073756	00073757	00073758	00073759	00073760	00073761	00073762	00073763	00073764	00073765	00073766	00073767	00073768	00073769	00073770	00073771	00073772	00073773	00073774	00073775	00073776	00073777	00073778	00073779	00073780	00073781	00073782	00073783	00073784	00073785	00073786	00073787	00073788	00073789	00073790	00073791	00073792	00073793	00073794	00073795	00073796	00073797	00073798	00073799	00073800	00073801	00073802	00073803	00073804	00073805	00073806	00073807	00073808	00073809	00073810	00073811	00073812	00073813	00073814	00073815	00073816	00073817	00073818	00073819	00073820	00073821	00073822	00073823	00073824	00073825	00073826	00073827	00073828	00073829	00073830	00073831	00073832	00073833	00073834	00073835	00073836	00073837	00073838	00073839	00073840	00073841	00073842	00073843	00073844	00073845	00073846	00073847	00073848	00073849	00073850	00073851	00073852	00073853	00073854	00073855	00073856	00073857	00073858	00073859	00073860	00073861	00073862	00073863	00073864	00073865	00073866	00073867	00073868	00073869	00073870	00073871	00073872	00073873	00073874	00073875	00073876	00073877	00073878	00073879	00073880	00073881	00073882	00073883	00073884	00073885	00073886	00073887	00073888	00073889	00073890	00073891	00073892	00073893	00073894	00073895	00073896	00073897	00073898	00073899	00073900	00073901	00073902	00073903	00073904	00073905	00073906	00073907	00073908	00073909	00073910	00073911	00073912	00073913	00073914	00073915	00073916	00073917	00073918	00073919	00073920	00073921	00073922	00073923	00073924	00073925	00073926	00073927	00073928	00073929	00073930	00073931	00073932	00073933
867473001	4586108516	6391538876	00073934	00073935	00073936	00073937	00073938	00073939	00073940	00073941	00073942	00073943	00073944	00073945	00073946	00073947	00073948	00073949	00073950	00073951	00073952	00073953	00073954	00073955	00073956	00073957	00073958	00073959	00073960	00073961	00073962	00073963	00073964	00073965	00073966	00073967	00073968	00073969	00073970	00073971	00073972	00073973	00073974	00073975	00073976	00073977	00073978	00073979	00073980	00073981	00073982	00073983	00073984	00073985	00073986	00073987	00073988	00073989	00073990	00073991	00073992	00073993	00073994	00073995	00073996	00073997	00073998	00073999	00074000	00074001	00074002	00074003	00074004	00074005	00074006	00074007	00074008	00074009	00074010	00074011	00074012	00074013	00074014	00074015	00074016	00074017	00074018	00074019	00074020	00074021	00074022	00074023	00074024	00074025	00074026	00074027	00074028	00074029	00074030	00074031	00074032	00074033	00074034	00074035	00074036	00074037	00074038	00074039	00074040	00074041	00074042	00074043	00074044	00074045	00074046	00074047	00074048	00074049	00074050	00074051	00074052	00074053	00074054	00074055	00074056	00074057	00074058	00074059	00074060	00074061	00074062	00074063	00074064	00074065	00074066	00074067	00074068	00074069	00074070	00074071	00074072	00074073	00074074	00074075	00074076	00074077	00074078	00074079	00074080	00074081	00074082	00074083	00074084	00074085	00074086	00074087	00074088	00074089	00074090	00074091	00074092	00074093	00074094	00074095	00074096	00074097	00074098	00074099	00074100	00074101	00074102	00074103	00074104	00074105	00074106	00074107	00074108	00074109	00074110	00074111	00074112	00074113	00074114	00074115	00074116	00074117	00074118	00074119	00074120	00074121	00074122	00074123	00074124	00074125	00074126	00074127	00074128	00074129	00074130	00074131	00074132	00074133
869816447	4598479916	6408799325	00074134	00074135	00074136	00074137	00074138	00074139	00074140	00074141	00074142	00074143	00074144	00074145	00074146	00074147	00074148	00074149	00074150	00074151	00074152	00074153	00074154	00074155	00074156	00074157	00074158	00074159	00074160	00074161	00074162	00074163	00074164	00074165	00074166	00074167	00074168	00074169	00074170	00074171	00074172	00074173	00074174	00074175	00074176	00074177	00074178	00074179	00074180	00074181	00074182	00074183	00074184	00074185	00074186	00074187	00074188	00074189	00074190	00074191	00074192	00074193	00074194	00074195	00074196	00074197	00074198	00074199	00074200	00074201	00074202	00074203	00074204	00074205	00074206	00074207	00074208	00074209	00074210	00074211	00074212	00074213	00074214	00074215	00074216	00074217	00074218	00074219	00074220	00074221	00074222	00074223	00074224	00074225	00074226	00074227	00074228	00074229	00074230	00074231	00074232	00074233	00074234	00074235	00074236	00074237	00074238	00074239	00074240	00074241	00074242	00074243	00074244	00074245	00074246	00074247	00074248	00074249	00074250	00074251	00074252	00074253	00074254	00074255	00074256	00074257	00074258	00074259	00074260	00074261	00074262	00074263	00074264	00074265	00074266	00074267	00074268	00074269	00074270	00074271	00074272	00074273	00074274	00074275	00074276	00074277	00074278	00074279	00074280	00074281	00074282	00074283	00074284	00074285	00074286	00074287	00074288	00074289	00074290	00074291	00074292	00074293	00074294	00074295	00074296	00074297	00074298	00074299	00074300	00074301	00074302	00074303	00074304	00074305	00074306	00074307	00074308	00074309	00074310	00074311	00074312	00074313	00074314	00074315	00074316	00074317	00074318	00074319	00074320	00074321	00074322	00074323	00074324	00074325	00074326	00074327	00074328	00074329	00074330	00074331	00074332	00074333
872033369	4610227208	6424540761	00074334	00074335	00074336	00074337	00074338	00074339	00074340	00074341	00074342	00074343	00074344	00074345	00074346	00074347	00074348	00074349	00074350	00074351	00074352	00074353	00074354	00074355	00074356	00074357	00074358	00074359	00074360	00074361	00074362	00074363	00074364	00074365	00074366	00074367	00074368	00074369	00074370	00074371	00074372	00074373	00074374	00074375	00074376	00074377	00074378	00074379	00074380	00074381	00074382	00074383	00074384	00074385	00074386	00074387	00074388	00074389	00074390	00074391	00074392	00074393	00074394	00074395	00074396	00074397	00074398	00074399	00074400	00074401	00074402	00074403	00074404	00074405	00074406	00074407	00074408	00074409	00074410	00074411	00074412	00074413	00074414	00074415	00074416	00074417	00074418	00074419	00074420	00074421	00074422	00074423	00074424	00074425	00074426	00074427	00074428	00074429	00074430	00074431	00074432	00074433	00074434	00074435	00074436	00074437	00074438	00074439	00074440	00074441	00074442	00074443	00074444	00074445	00074446	00074447	00074448	00074449	00074450	00074451	00074452	00074453	00074454	00074455	00074456	00074457	00074458	00074459	00074460	00074461	00074462	00074463	00074464	00074465	00074466	00074467	00074468	00074469	00074470	00074471	00074472	00074473	00074474	00074475	00074476	00074477	00074478	00074479	00074480	00074481	00074482	00074483	00074484	00074485	00074486	00074487	00074488	00074489	00074490	00074491	00074492	00074493	00074494	00074495	00074496	00074497	00074498	00074499	00074500	00074501	00074502	00074503	00074504	00074505	00074506	00074507	00074508	00074509	00074510	00074511	00074512	00074513	00074514	00074515	00074516	00074517	00074518	00074519	00074520	00074521	00074522	00074523	00074524	00074525	00074526	00074527	00074528	00074529	00074530	00074531	00074532	00074533
874386312	4622727318	6441798162	00074534	00074535	00074536	00074537	00074538	00074539	00074540	00074541	00074542	00074543	00074544	00074545	00074546	00074547	00074548	00074549	00074550	00074551	00074552	00074553	00074554	00074555	00074556	00074557	00074558	00074559	00074560	00074561	00074562	00074563	00074564	00074565	00074566	00074567	00074568	00074569	00074570	00074571	00074572	00074573	00074574	00074575	00074576	00074577	00074578	00074579	00074580	00074581	00074582	00074583	00074584	00074585	00074586	00074587	00074588	00074589	00074590	00074591	00074592	00074593	00074594	00074595	00074596	00074597	00074598	00074599	00074600	00074601	00074602	00074603	00074604	00074605	00074606	00074607	00074608	00074609	00074610	00074611	00074612	00074613	00074614	00074615	00074616	00074617	00074618	00074619	00074620	00074621	00074622	00074623	00074624	00074625	00074626	00074627	00074628	00074629	00074630	00074631	00074632	00074633	00074634	00074635	00074636	00074637	00074638	00074639	00074640	00074641	00074642	00074643	00074644	00074645	00074646	00074647	00074648	00074649	00074650	00074651	00074652	00074653	00074654	00074655	00074656	00074657	00074658	00074659	00074660	00074661	00074662	00074663	00074664	00074665	00074666	00074667	00074668	00074669	00074670	00074671	00074672	00074673	00074674	00074675	00074676	00074677	00074678	00074679	00074680	00074681	00074682	00074683	00074684	00074685	00074686	00074687	00074688	00074689	00074690	00074691	00074692	00074693	00074694	00074695	00074696	00074697	00074698	00074699	00074700	00074701	00074702	00074703	00074704	00074705	00074706	00074707	00074708	00074709	00074710	00074711	00074712	00074713	00074714	00074715	00074716	00074717	00074718	00074719	00074720	00074721	00074722	00074723	00074724	00074725	00074726	00074727	00074728	00074729	00074730	00074731	00074732	00074733
876759168	4635344288	6459689558	00074734	00074735	00074736	00074737	00074738	00074739	00074740	00074741	00074742	00074743	00074744	00074745	00074746	00074747	00074748	00074749	00074750	00074751	00074752	00074753	00074754	00074755	00074756	00074757	00074758	00074759	00074760	00074761	00074762	00074763	00074764	00074765	00074766	00074767	00074768	00074769	00074770	00074771	00074772	00074773	00074774	00074775	00074776	00074777	00074778	00074779	00074780	00074781	00074782	00074783	00074784	00074785	00074786	00074787	00074788	00074789	00074790	00074791	00074792	00074793	00074794	00074795	00074796	00074797	00074798	00074799	00074800	00074801	00074802	00074803	00074804	00074805	00074806	00074807	00074808	00074809	00074810	00074811	00074812	00074813	00074814	00074815	00074816	00074817	00074818	00074819	00074820	00074821	00074822	00074823	00074824	00074825	00074826	00074827	00074828	00074829	00074830	00074831	00074832	00074833	00074835	00074836	00074837	00074838	00074839	00074840	00074841	00074842	00074843	00074844	00074845	00074846	00074847	00074848	00074849	00074850	00074851	00074852	00074853	00074854	00074855	00074856	00074857	00074858	00074859	00074860	00074861	00074862	00074863	00074864	00074865	00074866	00074867	00074868	00074869	00074870	00074871	00074872	00074873	00074874	00074875	00074876	00074877	00074878	00074879	00074880	00074881	00074882	00074883	00074884	00074885	00074886	00074887	00074888	00074889	00074890	00074891	00074892	00074893	00074894	00074895	00074896	00074897	00074898	00074899	00074900	00074901	00074902	00074903	00074904	00074905	00074906	00074907	00074908	00074909	00074910	00074911	00074912	00074913	00074914	00074915	00074916	00074917	00074918	00074919	00074920	00074921	00074922	00074923	00074924	00074925	00074926	00074927	00074928	00074929	00074930	00074931	00074932	00074933	00074934
879249143	4648686936	6479029790	00074935	00074936	00074937	00074938	00074939	00074940	00074941	00074942	00074943	00074944	00074945	00074946	00074947	00074948	00074949	00074950	00074951	00074952	00074953	00074954	00074955	00074956	00074957	00074958	00074959	00074960	00074961	00074962	00074963	00074964	00074965	00074966	00074967	00074968	00074969	00074970	00074971	00074972	00074973	00074974	00074975	00074976	00074977	00074978	00074979	00074980	00074981	00074982	00074983	00074984	00074985	00074986	00074987	00074988	00074989	00074990	00074991	00074993	00074994	00074995	00074996	00074997	00074998	00074999	00075000	00075001	00075002	00075003	00075004	00075005	00075006	00075007	00075008	00075009	00075010	00075011	00075012	00075013	00075014	00075015	00075016	00075017	00075018	00075019	00075020	00075021	00075022	00075023	00075024	00075025	00075026	00075027	00075028	00075029	00075030	00075031	00075032	00075033	00075034	00075035	00075036	00075037	00075038	00075039	00075040	00075041	00075042	00075043	00075044	00075045	00075046	00075047	00075048	00075049	00075050	00075051	00075052	00075053	00075054	00075055	00075056	00075057	00075058	00075059	00075060	00075061	00075062	00075063	00075064	00075065	00075066	00075067	00075068	00075069	00075070	00075071	00075072	00075073	00075074	00075075	00075076	00075077	00075078	00075079	00075080	00075081	00075082	00075083	00075084	00075085	00075086	00075087	00075088	00075089	00075090	00075091	00075092	00075093	00075094	00075095	00075096	00075097	00075098	00075099	00075100	00075101	00075102	00075103	00075104	00075105	00075106	00075107	00075108	00075109	00075110	00075111	00075112	00075113	00075114	00075115	00075116	00075117	00075118	00075119	00075120	00075121	00075122	00075123	00075124	00075125	00075126	00075127	00075128	00075129	00075130	00075131	00075132	00075133	00075134	00075135
881558363	4660816952	6495590726	00075136	00075137	00075138	00075139	00075140	00075141	00075142	00075143	00075144	00075145	00075146	00075147	00075148	00075149	00075150	00075151	00075152	00075153	00075154	00075155	00075156	00075157	00075158	00075159	00075160	00075161	00075162	00075163	00075164	00075165	00075166	00075167	00075168	00075169	00075170	00075171	00075172	00075173	00075174	00075175	00075176	00075177	00075178	00075179	00075180	00075181	00075182	00075183	00075184	00075185	00075186	00075187	00075188	00075189	00075190	00075191	00075192	00075193	00075194	00075195	00075196	00075197	00075198	00075199	00075200	00075201	00075202	00075203	00075204	00075205	00075206	00075207	00075208	00075209	00075210	00075211	00075212	00075213	00075214	00075215	00075216	00075217	00075218	00075219	00075220	00075221	00075222	00075223	00075224	00075225	00075226	00075227	00075228	00075229	00075230	00075231	00075232	00075233	00075234	00075235	00075236	00075237	00075238	00075239	00075240	00075241	00075242	00075243	00075244	00075245	00075246	00075247	00075248	00075249	00075250	00075251	00075252	00075253	00075254	00075255	00075256	00075257	00075258	00075259	00075260	00075261	00075262	00075263	00075264	00075265	00075266	00075267	00075268	00075269	00075270	00075271	00075272	00075273	00075274	00075275	00075276	00075277	00075278	00075279	00075280	00075281	00075282	00075283	00075284	00075285	00075286	00075287	00075288	00075289	00075290	00075291	00075292	00075293	00075294	00075295	00075296	00075297	00075298	00075299	00075300	00075301	00075302	00075303	00075304	00075305	00075306	00075307	00075308	00075309	00075310	00075311	00075312	00075313	00075314	00075315	00075316	00075317	00075318	00075319	00075320	00075321	00075322	00075323	00075324	00075325	00075326	00075327	00075328	00075329	00075330	00075331	00075332	00075333	00075334	00075335
883856520	4672978544	6512050411	00075336	00075337	00075338	00075339	00075340	00075341	00075342	00075343	00075344	00075345	00075346	00075347	00075348	00075349	00075350	00075351	00075352	00075353	00075354	00075355	00075356	00075357	00075358	00075359	00075360	00075361	00075362	00075363	00075364	00075365	00075366	00075367	00075368	00075369	00075370	00075371	00075372	00075373	00075374	00075375	00075376	00075377	00075378	00075379	00075380	00075381	00075382	00075383	00075384	00075385	00075386	00075387	00075388	00075389	00075390	00075391	00075392	00075393	00075394	00075395	00075396	00075397	00075398	00075399	00075400	00075401	00075402	00075403	00075404	00075405	00075406	00075407	00075408	00075409	00075410	00075411	00075412	00075413	00075414	00075415	00075416	00075417	00075418	00075419	00075420	00075421	00075422	00075423	00075424	00075425	00075426	00075427	00075428	00075429	00075430	00075431	00075432	00075433	00075434	00075435	00075436	00075437	00075438	00075439	00075440	00075441	00075442	00075443	00075444	00075445	00075446	00075447	00075448	00075449	00075450	00075451	00075452	00075453	00075454	00075455	00075456	00075457	00075458	00075459	00075460	00075461	00075462	00075463	00075464	00075465	00075466	00075467	00075468	00075469	00075470	00075471	00075472	00075473	00075474	00075475	00075476	00075477	00075478	00075479	00075480	00075481	00075482	00075483	00075484	00075485	00075486	00075487	00075488	00075489	00075490	00075491	00075492	00075493	00075494	00075495	00075496	00075497	00075498	00075499	00075500	00075501	00075502	00075503	00075504	00075505	00075506	00075507	00075508	00075509	00075510	00075511	00075512	00075513	00075514	00075515	00075516	00075517	00075518	00075519	00075520	00075521	00075522	00075523	00075524	00075525	00075526	00075527	00075528	00075529	00075530	00075531	00075532	00075533	00075534	00075535
886099466	4684700078	6527911578	00075536	00075537	00075538	00075539	00075540	00075541	00075542	00075543	00075544	00075545	00075546	00075547	00075548	00075549	00075550	00075551	00075552	00075553	00075554	00075555	00075556	00075557	00075558	00075559	00075560	00075561	00075562	00075563	00075564	00075565	00075566	00075567	00075568	00075569	00075570	00075571	00075572	00075573	00075574	00075575	00075576	00075577	00075578	00075579	00075580	00075581	00075582	00075583	00075584	00075585	00075586	00075587	00075588	00075589	00075590	00075591	00075592	00075593	00075594	00075595	00075596	00075597	00075598	00075599	00075600	00075601	00075602	00075603	00075604	00075605	00075606	00075607	00075608	00075609	00075610	00075611	00075612	00075613	00075614	00075615	00075616	00075617	00075618	00075619	00075620	00075621	00075622	00075623	00075624	00075625	00075626	00075627	00075628	00075629	00075630	00075631	00075632	00075633	00075634	00075635	00075636	00075637	00075638	00075639	00075640	00075641	00075642	00075643	00075644	00075645	00075646	00075647	00075648	00075649	00075650	00075651	00075652	00075653	00075654	00075655	00075656	00075657	00075658	00075659	00075660	00075661	00075662	00075663	00075664	00075665	00075666	00075667	00075668	00075669	00075670	00075671	00075672	00075673	00075674	00075675	00075676	00075677	00075678	00075679	00075680	00075681	00075682	00075683	00075684	00075685	00075686	00075687	00075688	00075689	00075690	00075691	00075692	00075693	00075694	00075695	00075696	00075697	00075698	00075699	00075700	00075701	00075702	00075703	00075704	00075705	00075706	00075707	00075708	00075709	00075710	00075711	00075712	00075713	00075714	00075715	00075716	00075717	00075718	00075719	00075720	00075721	00075722	00075723	00075724	00075725	00075726	00075727	00075728	00075729	00075730	00075731	00075732	00075733	00075734	00075735
888480865	4697228956	6545318392	00075736	00075737	00075738	00075739	00075740	00075741	00075742	00075743	00075744	00075745	00075746	00075747	00075748	00075749	00075750	00075751	00075752	00075753	00075754	00075755	00075756	00075757	00075758	00075759	00075760	00075761	00075762	00075763	00075764	00075765	00075766	00075767	00075768	00075769	00075770	00075771	00075772	00075773	00075774	00075775	00075776	00075777	00075778	00075779	00075780	00075781	00075782	00075783	00075784	00075785	00075786	00075787	00075788	00075789	00075790	00075791	00075792	00075793	00075794	00075795	00075796	00075797	00075798	00075799	00075800	00075801	00075802	00075803	00075804	00075805	00075806	00075807	00075808	00075809	00075810	00075811	00075812	00075813	00075814	00075815	00075816	00075817	00075818	00075819	00075820	00075821	00075822	00075823	00075824	00075825	00075826	00075827	00075828	00075829	00075830	00075831	00075832	00075833	00075834	00075835	00075836	00075837	00075838	00075839	00075840	00075841	00075842	00075843	00075844	00075845	00075846	00075847	00075848	00075849	00075850	00075851	00075852	00075853	00075854	00075855	00075856	00075857	00075858	00075859	00075860	00075861	00075862	00075863	00075864	00075865	00075866	00075867	00075868	00075869	00075870	00075871	00075872	00075873	00075874	00075875	00075876	00075877	00075878	00075879	00075880	00075881	00075882	00075883	00075884	00075885	00075886	00075887	00075888	00075889	00075890	00075891	00075892	00075893	00075894	00075895	00075896	00075897	00075898	00075899	00075900	00075901	00075902	00075903	00075904	00075905	00075906	00075907	00075908	00075909	00075910	00075911	00075912	00075913	00075914	00075915	00075916	00075917	00075918	00075919	00075920	00075921	00075922	00075923	00075924	00075925	00075926	00075927	00075928	00075929	00075930	00075931	00075932	00075933	00075934	00075935
890755597	4709264076	6561621756	00075936	00075937	00075938	00075939	00075940	00075941	00075942	00075943	00075944	00075945	00075946	00075947	00075948	00075949	00075950	00075951	00075952	00075953	00075954	00075955	00075956	00075957	00075958	00075959	00075960	00075961	00075962	00075963	00075964	00075965	00075966	00075967	00075968	00075969	00075970	00075971	00075972	00075973	00075974	00075975	00075976	00075977	00075978	00075979	00075980	00075981	00075982	00075983	00075984	00075985	00075986	00075987	00075988	00075989	00075990	00075991	00075992	00075993	00075994	00075995	00075996	00075997	00075998	00075999	00076000	00076001	00076002	00076003	00076004	00076005	00076006	00076007	00076008	00076009	00076010	00076011	00076012	00076013	00076014	00076015	00076016	00076017	00076018	00076019	00076020	00076021	00076022	00076023	00076024	00076025	00076026	00076027	00076028	00076029	00076030	00076031	00076032	00076033	00076034	00076035	00076036	00076037	00076038	00076039	00076040	00076041	00076042	00076043	00076044	00076045	00076046	00076047	00076048	00076049	00076050	00076051	00076052	00076053	00076054	00076055	00076056	00076057	00076058	00076059	00076060	00076061	00076062	00076063	00076064	00076065	00076066	00076067	00076068	00076069	00076070	00076071	00076072	00076073	00076074	00076075	00076076	00076077	00076078	00076079	00076080	00076081	00076082	00076083	00076084	00076085	00076086	00076087	00076088	00076089	00076090	00076091	00076092	00076093	00076094	00076095	00076096	00076097	00076098	00076099	00076100	00076101	00076102	00076103	00076104	00076105	00076106	00076107	00076108	00076109	00076110	00076111	00076112	00076113	00076114	00076115	00076116	00076117	00076118	00076119	00076120	00076121	00076122	00076123	00076124	00076125	00076126	00076127	00076128	00076129	00076130	00076131	00076132	00076133	00076134	00076135
893182962	4722118850	6580291808	00076136	00076137	00076138	00076139	00076140	00076141	00076142	00076143	00076144	00076145	00076146	00076147	00076148	00076149	00076150	00076151	00076152	00076153	00076154	00076155	00076156	00076157	00076158	00076159	00076160	00076161	00076162	00076163	00076164	00076165	00076166	00076167	00076168	00076169	00076170	00076171	00076172	00076173	00076174	00076175	00076176	00076177	00076178	00076179	00076180	00076181	00076182	00076183	00076184	00076185	00076186	00076187	00076188	00076189	00076190	00076191	00076192	00076193	00076194	00076195	00076196	00076197	00076198	00076199	00076200	00076201	00076202	00076203	00076204	00076205	00076206	00076207	00076208	00076209	00076210	00076211	00076212	00076213	00076214	00076215	00076216	00076217	00076218	00076219	00076220	00076221	00076222	00076223	00076224	00076225	00076226	00076227	00076228	00076229	00076230	00076231	00076232	00076233	00076234	00076235	00076236	00076237	00076238	00076239	00076240	00076241	00076242	00076243	00076244	00076245	00076246	00076247	00076248	00076249	00076250	00076251	00076252	00076253	00076254	00076255	00076256	00076257	00076258	00076259	00076260	00076261	00076262	00076263	00076264	00076265	00076266	00076267	00076268	00076269	00076270	00076271	00076272	00076273	00076274	00076275	00076276	00076277	00076278	00076279	00076280	00076281	00076282	00076283	00076284	00076285	00076286	00076287	00076288	00076289	00076290	00076291	00076292	00076293	00076294	00076295	00076296	00076297	00076298	00076299	00076300	00076301	00076302	00076303	00076304	00076305	00076306	00076307	00076308	00076309	00076310	00076311	00076312	00076313	00076314	00076315	00076316	00076317	00076318	00076319	00076320	00076321	00076322	00076323	00076324	00076325	00076326	00076327	00076328	00076329	00076330	00076331	00076332	00076333	00076334	00076335
895497671	4734287834	6597356444	00076336	00076337	00076338	00076339	00076340	00076341	00076342	00076343	00076344	00076345	00076346	00076347	00076348	00076349	00076350	00076351	00076352	00076353	00076354	00076355	00076356	00076357	00076358	00076359	00076360	00076361	00076362	00076363	00076364	00076365	00076366	00076367	00076368	00076369	00076370	00076371	00076372	00076373	00076374	00076375	00076376	00076377	00076378	00076379	00076380	00076381	00076382	00076383	00076384	00076385	00076386	00076387	00076388	00076389	00076390	00076391	00076392	00076393	00076394	00076395	00076396	00076397	00076398	00076399	00076400	00076401	00076402	00076403	00076404	00076405	00076406	00076407	00076408	00076409	00076410	00076411	00076412	00076413	00076414	00076415	00076416	00076417	00076418	00076419	00076420	00076421	00076422	00076423	00076424	00076425	00076426	00076427	00076428	00076429	00076430	00076431	00076432	00076433	00076434	00076435	00076436	00076437	00076438	00076439	00076440	00076441	00076442	00076443	00076444	00076445	00076446	00076447	00076448	00076449	00076450	00076451	00076452	00076453	00076454	00076455	00076456	00076457	00076458	00076459	00076460	00076461	00076462	00076463	00076464	00076465	00076466	00076467	00076468	00076469	00076470	00076471	00076472	00076473	00076474	00076475	00076476	00076477	00076478	00076479	00076480	00076481	00076482	00076483	00076484	00076485	00076486	00076487	00076488	00076489	00076490	00076491	00076492	00076493	00076494	00076495	00076496	00076497	00076498	00076499	00076500	00076501	00076502	00076503	00076504	00076505	00076506	00076507	00076508	00076509	00076510	00076512	00076513	00076514	00076515	00076516	00076517	00076518	00076519	00076520	00076521	00076522	00076523	00076524	00076525	00076526	00076527	00076528	00076529	00076530	00076531	00076532	00076533	00076534	00076535	00076536
897844632	4746567550	6614583342	00076537	00076538	00076539	00076540	00076541	00076542	00076543	00076544	00076545	00076546	00076547	00076548	00076549	00076550	00076551	00076552	00076553	00076554	00076555	00076556	00076557	00076558	00076559	00076560	00076561	00076562	00076563	00076564	00076565	00076566	00076567	00076568	00076569	00076570	00076571	00076572	00076573	00076574	00076575	00076576	00076577	00076578	00076579	00076580	00076581	00076582	00076583	00076584	00076585	00076586	00076587	00076588	00076589	00076590	00076591	00076592	00076593	00076594	00076595	00076596	00076597	00076598	00076599	00076600	00076601	00076602	00076603	00076604	00076605	00076606	00076607	00076608	00076609	00076610	00076611	00076612	00076613	00076614	00076615	00076616	00076617	00076618	00076619	00076620	00076621	00076622	00076623	00076624	00076625	00076626	00076627	00076628	00076629	00076630	00076631	00076632	00076633	00076634	00076635	00076636	00076637	00076638	00076639	00076640	00076641	00076642	00076643	00076644	00076645	00076646	00076647	00076648	00076649	00076650	00076651	00076652	00076653	00076654	00076655	00076656	00076657	00076658	00076659	00076660	00076661	00076662	00076663	00076664	00076665	00076666	00076667	00076668	00076669	00076670	00076671	00076672	00076673	00076674	00076675	00076676	00076677	00076678	00076679	00076680	00076681	00076682	00076683	00076684	00076685	00076686	00076687	00076688	00076689	00076690	00076691	00076692	00076693	00076694	00076695	00076696	00076697	00076698	00076699	00076700	00076701	00076702	00076703	00076704	00076705	00076706	00076707	00076708	00076709	00076710	00076711	00076712	00076713	00076714	00076715	00076716	00076717	00076718	00076719	00076720	00076721	00076722	00076723	00076724	00076725	00076726	00076727	00076728	00076729	00076730	00076731	00076732	00076733	00076734	00076735	00076736
900142105	4758651148	6631767877	00076737	00076738	00076739	00076740	00076741	00076742	00076743	00076744	00076745	00076746	00076747	00076748	00076749	00076750	00076751	00076752	00076753	00076754	00076755	00076756	00076757	00076758	00076759	00076760	00076761	00076762	00076763	00076764	00076765	00076766	00076767	00076768	00076769	00076770	00076771	00076772	00076773	00076774	00076775	00076776	00076777	00076778	00076779	00076780	00076781	00076782	00076783	00076784	00076785	00076786	00076787	00076788	00076789	00076790	00076791	00076792	00076793	00076794	00076795	00076796	00076797	00076798	00076799	00076800	00076801	00076802	00076803	00076804	00076805	00076806	00076807	00076808	00076809	00076810	00076811	00076812	00076813	00076814	00076815	00076816	00076817	00076818	00076819	00076820	00076821	00076822	00076823	00076824	00076825	00076826	00076827	00076828	00076829	00076830	00076831	00076832	00076833	00076834	00076835	00076836	00076837	00076838	00076839	00076840	00076841	00076842	00076843	00076844	00076845	00076846	00076847	00076848	00076849	00076850	00076851	00076852	00076853	00076854	00076855	00076856	00076857	00076858	00076859	00076860	00076861	00076862	00076863	00076864	00076865	00076866	00076867	00076868	00076869	00076870	00076871	00076872	00076873	00076874	00076875	00076876	00076877	00076878	00076879	00076880	00076881	00076882	00076883	00076884	00076885	00076887	00076888	00076889	00076890	00076891	00076892	00076893	00076894	00076895	00076896	00076897	00076898	00076899	00076900	00076901	00076902	00076903	00076904	00076905	00076906	00076907	00076908	00076909	00076910	00076911	00076912	00076913	00076914	00076915	00076916	00076917	00076918	00076919	00076920	00076921	00076922	00076923	00076924	00076925	00076926	00076927	00076928	00076929	00076930	00076931	00076932	00076933	00076934	00076935	00076936	00076937
902532856	4771269532	6649902092	00076938	00076939	00076940	00076941	00076942	00076943	00076944	00076945	00076946	00076947	00076948	00076949	00076950	00076951	00076952	00076953	00076954	00076955	00076956	00076957	00076958	00076959	00076960	00076961	00076962	00076963	00076964	00076965	00076966	00076967	00076968	00076969	00076970	00076971	00076972	00076973	00076974	00076975	00076976	00076977	00076978	00076979	00076980	00076981	00076982	00076983	00076984	00076985	00076986	00076987	00076988	00076989	00076990	00076991	00076992	00076993	00076994	00076995	00076996	00076997	00076998	00076999	00077000	00077001	00077002	00077003	00077004	00077005	00077006	00077007	00077008	00077009	00077010	00077011	00077012	00077013	00077014	00077015	00077016	00077017	00077018	00077019	00077020	00077021	00077022	00077023	00077024	00077025	00077026	00077027	00077028	00077029	00077030	00077031	00077032	00077033	00077034	00077035	00077036	00077037	00077038	00077039	00077040	00077041	00077042	00077043	00077044	00077045	00077046	00077047	00077048	00077049	00077050	00077051	00077052	00077053	00077054	00077055	00077056	00077057	00077058	00077059	00077060	00077061	00077062	00077063	00077064	00077065	00077066	00077067	00077068	00077069	00077070	00077071	00077072	00077073	00077074	00077075	00077076	00077077	00077078	00077079	00077080	00077081	00077082	00077083	00077084	00077085	00077086	00077087	00077088	00077089	00077090	00077091	00077092	00077093	00077094	00077095	00077096	00077097	00077098	00077099	00077100	00077101	00077102	00077103	00077104	00077105	00077106	00077107	00077108	00077109	00077110	00077111	00077112	00077113	00077114	00077115	00077116	00077117	00077118	00077119	00077120	00077121	00077122	00077123	00077124	00077125	00077126	00077127	00077128	00077129	00077130	00077131	00077132	00077133	00077134	00077135	00077136	00077137
904855678	4783548924	6666771593	00077138	00077139	00077140	00077141	00077142	00077143	00077144	00077145	00077146	00077147	00077148	00077149	00077150	00077151	00077152	00077153	00077154	00077155	00077156	00077157	00077158	00077159	00077160	00077161	00077162	00077163	00077164	00077165	00077166	00077167	00077168	00077169	00077170	00077171	00077172	00077173	00077174	00077175	00077176	00077177	00077178	00077179	00077180	00077181	00077182	00077183	00077184	00077185	00077186	00077187	00077188	00077189	00077190	00077191	00077192	00077193	00077194	00077195	00077196	00077197	00077198	00077199	00077200	00077201	00077202	00077203	00077204	00077205	00077206	00077207	00077208	00077209	00077210	00077211	00077212	00077213	00077214	00077215	00077216	00077217	00077218	00077219	00077220	00077221	00077222	00077223	00077224	00077225	00077226	00077227	00077228	00077229	00077230	00077231	00077232	00077233	00077234	00077235	00077236	00077237	00077238	00077239	00077240	00077241	00077242	00077243	00077244	00077245	00077246	00077247	00077248	00077249	00077250	00077251	00077252	00077253	00077254	00077255	00077256	00077257	00077258	00077259	00077260	00077261	00077262	00077263	00077264	00077265	00077266	00077267	00077268	00077269	00077270	00077271	00077272	00077273	00077274	00077275	00077276	00077277	00077278	00077279	00077280	00077281	00077282	00077283	00077284	00077285	00077286	00077287	00077288	00077289	00077290	00077291	00077292	00077293	00077294	00077295	00077296	00077297	00077298	00077299	00077300	00077301	00077302	00077303	00077304	00077305	00077306	00077307	00077308	00077309	00077310	00077311	00077312	00077313	00077314	00077315	00077316	00077317	00077318	00077319	00077320	00077321	00077322	00077323	00077325	00077326	00077327	00077328	00077329	00077330	00077331	00077332	00077333	00077334	00077335	00077336	00077337	00077338
907210252	4796044034	6683963063	00077339	00077340	00077341	00077342	00077343	00077344	00077345	00077346	00077347	00077348	00077349	00077350	00077351	00077352	00077353	00077354	00077355	00077356	00077357	00077358	00077359	00077360	00077361	00077362	00077363	00077364	00077365	00077366	00077367	00077368	00077369	00077370	00077371	00077372	00077373	00077374	00077375	00077376	00077377	00077378	00077379	00077380	00077381	00077382	00077383	00077384	00077385	00077386	00077387	00077388	00077389	00077390	00077391	00077392	00077393	00077394	00077395	00077396	00077397	00077398	00077399	00077400	00077401	00077402	00077403	00077404	00077405	00077406	00077407	00077408	00077409	00077410	00077411	00077412	00077413	00077414	00077415	00077416	00077417	00077418	00077419	00077420	00077421	00077422	00077423	00077424	00077425	00077426	00077427	00077428	00077429	00077430	00077431	00077432	00077433	00077434	00077435	00077436	00077437	00077438	00077439	00077440	00077441	00077442	00077443	00077444	00077445	00077446	00077447	00077448	00077449	00077450	00077451	00077452	00077453	00077454	00077455	00077456	00077457	00077458	00077459	00077460	00077461	00077462	00077463	00077464	00077465	00077466	00077467	00077468	00077469	00077470	00077471	00077472	00077473	00077474	00077475	00077476	00077477	00077478	00077479	00077480	00077481	00077482	00077483	00077484	00077485	00077486	00077487	00077488	00077489	00077490	00077491	00077492	00077493	00077494	00077495	00077496	00077497	00077498	00077499	00077500	00077501	00077502	00077503	00077504	00077505	00077506	00077507	00077508	00077509	00077510	00077511	00077512	00077513	00077514	00077515	00077516	00077517	00077518	00077519	00077520	00077521	00077522	00077523	00077524	00077525	00077526	00077527	00077528	00077529	00077530	00077531	00077532	00077533	00077534	00077535	00077536	00077537	00077538
909625700	4808833516	6702058491	00077539	00077540	00077541	00077542	00077543	00077544	00077545	00077546	00077547	00077548	00077549	00077550	00077551	00077552	00077553	00077554	00077555	00077556	00077557	00077558	00077559	00077560	00077561	00077562	00077563	00077564	00077565	00077566	00077567	00077568	00077569	00077570	00077571	00077572	00077573	00077574	00077575	00077576	00077577	00077578	00077579	00077580	00077581	00077582	00077583	00077584	00077585	00077586	00077587	00077588	00077589	00077590	00077591	00077592	00077593	00077594	00077595	00077596	00077597	00077598	00077599	00077600	00077601	00077602	00077603	00077604	00077605	00077606	00077607	00077608	00077609	00077610	00077611	00077612	00077613	00077614	00077615	00077616	00077617	00077618	00077619	00077620	00077621	00077622	00077623	00077624	00077625	00077626	00077627	00077628	00077629	00077630	00077631	00077632	00077633	00077634	00077635	00077636	00077637	00077638	00077639	00077640	00077641	00077642	00077643	00077644	00077645	00077646	00077647	00077648	00077649	00077650	00077651	00077652	00077653	00077654	00077655	00077656	00077657	00077658	00077659	00077660	00077661	00077662	00077663	00077664	00077665	00077666	00077667	00077668	00077669	00077670	00077671	00077672	00077673	00077674	00077675	00077676	00077677	00077678	00077679	00077680	00077681	00077682	00077683	00077684	00077685	00077686	00077687	00077688	00077689	00077690	00077691	00077692	00077693	00077694	00077695	00077696	00077697	00077698	00077699	00077700	00077701	00077702	00077703	00077704	00077705	00077706	00077707	00077708	00077709	00077710	00077711	00077712	00077713	00077714	00077715	00077716	00077717	00077718	00077719	00077720	00077721	00077722	00077723	00077724	00077725	00077726	00077727	00077728	00077729	00077730	00077731	00077732	00077733	00077734	00077735	00077736	00077737	00077738
911974553	4821262892	6719616417	00077739	00077740	00077741	00077742	00077743	00077744	00077745	00077746	00077747	00077748	00077749	00077750	00077751	00077752	00077753	00077754	00077755	00077756	00077757	00077758	00077759	00077760	00077761	00077762	00077763	00077764	00077765	00077766	00077767	00077768	00077769	00077770	00077771	00077772	00077773	00077774	00077775	00077776	00077777	00077778	00077779	00077780	00077781	00077782	00077783	00077784	00077785	00077786	00077787	00077788	00077789	00077790	00077791	00077792	00077793	00077794	00077795	00077796	00077797	00077798	00077799	00077800	00077801	00077802	00077803	00077804	00077805	00077806	00077807	00077808	00077809	00077810	00077811	00077812	00077813	00077814	00077815	00077816	00077817	00077818	00077819	00077820	00077821	00077822	00077823	00077824	00077825	00077826	00077827	00077828	00077829	00077830	00077831	00077832	00077833	00077834	00077835	00077836	00077837	00077838	00077839	00077840	00077841	00077842	00077843	00077844	00077845	00077846	00077847	00077848	00077849	00077850	00077851	00077852	00077853	00077854	00077855	00077856	00077857	00077858	00077859	00077860	00077861	00077862	00077863	00077864	00077865	00077866	00077867	00077868	00077869	00077870	00077871	00077872	00077873	00077874	00077875	00077876	00077877	00077878	00077879	00077880	00077881	00077882	00077883	00077884	00077885	00077886	00077887	00077888	00077889	00077890	00077891	00077892	00077893	00077894	00077895	00077896	00077897	00077898	00077899	00077900	00077901	00077902	00077903	00077904	00077905	00077906	00077907	00077908	00077909	00077910	00077911	00077912	00077913	00077914	00077915	00077916	00077917	00077918	00077919	00077920	00077921	00077922	00077923	00077924	00077925	00077926	00077927	00077928	00077929	00077930	00077931	00077932	00077933	00077934	00077935	00077936	00077937	00077938
914240450	4833137240	6735578199	00077939	00077940	00077941	00077942	00077943	00077944	00077945	00077946	00077947	00077948	00077949	00077950	00077951	00077952	00077953	00077954	00077955	00077956	00077957	00077958	00077959	00077960	00077961	00077962	00077963	00077964	00077965	00077966	00077967	00077968	00077969	00077970	00077971	00077972	00077973	00077974	00077975	00077976	00077977	00077978	00077979	00077980	00077981	00077982	00077983	00077984	00077985	00077986	00077987	00077988	00077989	00077990	00077991	00077992	00077993	00077994	00077995	00077996	00077997	00077998	00077999	00078000	00078001	00078002	00078003	00078004	00078005	00078006	00078007	00078008	00078009	00078010	00078011	00078012	00078013	00078014	00078015	00078016	00078017	00078018	00078019	00078020	00078021	00078022	00078023	00078024	00078025	00078026	00078027	00078028	00078029	00078030	00078031	00078032	00078033	00078034	00078035	00078036	00078037	00078038	00078039	00078040	00078041	00078042	00078043	00078044	00078045	00078046	00078047	00078048	00078049	00078050	00078051	00078052	00078053	00078054	00078055	00078056	00078057	00078058	00078059	00078060	00078061	00078062	00078063	00078064	00078065	00078066	00078067	00078068	00078069	00078070	00078071	00078072	00078073	00078074	00078075	00078076	00078077	00078078	00078079	00078080	00078081	00078082	00078083	00078084	00078085	00078086	00078087	00078088	00078089	00078090	00078091	00078092	00078093	00078094	00078095	00078096	00078097	00078098	00078099	00078100	00078101	00078102	00078103	00078104	00078105	00078106	00078107	00078108	00078109	00078110	00078111	00078112	00078113	00078114	00078115	00078116	00078117	00078118	00078119	00078120	00078121	00078122	00078123	00078124	00078125	00078126	00078127	00078128	00078129	00078130	00078131	00078132	00078133	00078134	00078135	00078136	00078137	00078138
916609231	4845746234	6753399316	00078139	00078140	00078141	00078142	00078143	00078144	00078145	00078146	00078147	00078148	00078149	00078150	00078151	00078152	00078153	00078154	00078155	00078156	00078157	00078158	00078159	00078160	00078161	00078162	00078163	00078164	00078165	00078166	00078167	00078168	00078169	00078170	00078171	00078173	00078174	00078175	00078176	00078177	00078178	00078179	00078180	00078181	00078182	00078183	00078184	00078185	00078186	00078187	00078188	00078189	00078190	00078191	00078192	00078193	00078194	00078195	00078196	00078197	00078198	00078199	00078200	00078201	00078202	00078203	00078204	00078205	00078206	00078207	00078208	00078209	00078210	00078211	00078212	00078213	00078214	00078215	00078216	00078217	00078218	00078219	00078220	00078221	00078222	00078223	00078224	00078225	00078226	00078227	00078228	00078229	00078230	00078231	00078232	00078233	00078234	00078235	00078236	00078237	00078238	00078239	00078240	00078241	00078242	00078243	00078244	00078245	00078246	00078247	00078248	00078249	00078250	00078251	00078252	00078253	00078254	00078255	00078256	00078257	00078258	00078259	00078260	00078261	00078262	00078263	00078264	00078265	00078266	00078267	00078268	00078269	00078270	00078271	00078272	00078273	00078274	00078275	00078276	00078277	00078278	00078279	00078280	00078281	00078282	00078283	00078284	00078285	00078286	00078287	00078288	00078289	00078290	00078291	00078292	00078293	00078294	00078295	00078296	00078297	00078298	00078299	00078300	00078301	00078302	00078303	00078304	00078305	00078306	00078307	00078308	00078309	00078310	00078311	00078312	00078313	00078314	00078315	00078316	00078317	00078318	00078319	00078320	00078321	00078322	00078323	00078324	00078325	00078326	00078327	00078328	00078329	00078330	00078331	00078332	00078333	00078334	00078335	00078336	00078337	00078338	00078339
919021373	4858560092	6771281563	00078340	00078341	00078342	00078343	00078344	00078345	00078346	00078347	00078348	00078349	00078350	00078351	00078352	00078353	00078354	00078355	00078356	00078357	00078358	00078359	00078360	00078361	00078362	00078363	00078364	00078365	00078366	00078367	00078368	00078369	00078370	00078371	00078372	00078373	00078374	00078375	00078376	00078377	00078378	00078379	00078380	00078381	00078382	00078383	00078384	00078385	00078386	00078387	00078388	00078389	00078390	00078391	00078392	00078393	00078394	00078395	00078396	00078397	00078398	00078399	00078400	00078401	00078402	00078403	00078404	00078405	00078406	00078407	00078408	00078409	00078410	00078411	00078412	00078413	00078414	00078415	00078416	00078417	00078418	00078419	00078420	00078421	00078422	00078423	00078424	00078425	00078426	00078427	00078428	00078429	00078430	00078431	00078432	00078433	00078434	00078435	00078436	00078437	00078438	00078439	00078440	00078441	00078442	00078443	00078444	00078445	00078446	00078447	00078448	00078449	00078450	00078451	00078452	00078453	00078454	00078455	00078456	00078457	00078458	00078459	00078460	00078461	00078462	00078463	00078464	00078465	00078466	00078467	00078468	00078469	00078470	00078471	00078472	00078473	00078474	00078475	00078476	00078477	00078478	00078479	00078480	00078481	00078482	00078483	00078484	00078485	00078486	00078487	00078488	00078489	00078490	00078491	00078492	00078493	00078494	00078495	00078496	00078497	00078498	00078499	00078500	00078501	00078502	00078503	00078504	00078505	00078506	00078507	00078508	00078509	00078510	00078511	00078512	00078513	00078514	00078515	00078516	00078517	00078518	00078519	00078520	00078521	00078522	00078523	00078524	00078525	00078526	00078527	00078528	00078529	00078530	00078531	00078532	00078533	00078534	00078535	00078536	00078537	00078538	00078539
921380768	4870845000	6788373733	00078540	00078541	00078542	00078543	00078544	00078545	00078546	00078547	00078548	00078549	00078550	00078551	00078552	00078553	00078554	00078555	00078556	00078557	00078558	00078559	00078560	00078561	00078562	00078563	00078564	00078565	00078566	00078567	00078568	00078569	00078570	00078571	00078572	00078573	00078574	00078575	00078576	00078577	00078578	00078579	00078580	00078581	00078582	00078583	00078584	00078585	00078586	00078587	00078588	00078589	00078590	00078591	00078592	00078593	00078594	00078595	00078596	00078597	00078598	00078599	00078600	00078601	00078602	00078603	00078604	00078605	00078606	00078607	00078608	00078609	00078610	00078611	00078612	00078613	00078614	00078615	00078616	00078617	00078618	00078619	00078620	00078621	00078622	00078623	00078624	00078625	00078626	00078627	00078628	00078629	00078630	00078631	00078632	00078633	00078634	00078635	00078636	00078637	00078638	00078639	00078640	00078641	00078642	00078643	00078644	00078645	00078646	00078647	00078648	00078649	00078650	00078651	00078652	00078653	00078654	00078655	00078656	00078657	00078658	00078659	00078660	00078661	00078662	00078663	00078664	00078665	00078666	00078667	00078668	00078669	00078670	00078671	00078672	00078673	00078674	00078675	00078676	00078677	00078678	00078679	00078680	00078681	00078682	00078683	00078684	00078685	00078686	00078687	00078688	00078689	00078690	00078691	00078692	00078693	00078694	00078695	00078696	00078697	00078698	00078699	00078700	00078701	00078702	00078703	00078704	00078705	00078706	00078707	00078708	00078709	00078710	00078711	00078712	00078713	00078714	00078715	00078716	00078717	00078718	00078719	00078720	00078721	00078722	00078723	00078724	00078725	00078726	00078727	00078728	00078729	00078730	00078731	00078732	00078733	00078734	00078735	00078736	00078737	00078738	00078739
923621831	4882696986	6804402656	00078740	00078741	00078742	00078743	00078744	00078745	00078746	00078747	00078748	00078749	00078750	00078751	00078752	00078753	00078754	00078755	00078756	00078757	00078758	00078759	00078760	00078761	00078762	00078763	00078764	00078765	00078766	00078767	00078768	00078769	00078770	00078771	00078772	00078773	00078774	00078775	00078776	00078777	00078778	00078779	00078780	00078781	00078782	00078783	00078784	00078785	00078786	00078787	00078788	00078789	00078790	00078791	00078792	00078793	00078794	00078795	00078796	00078797	00078798	00078799	00078800	00078801	00078802	00078803	00078804	00078805	00078806	00078807	00078808	00078809	00078810	00078811	00078812	00078813	00078814	00078815	00078816	00078817	00078818	00078819	00078820	00078821	00078822	00078823	00078824	00078825	00078826	00078827	00078828	00078829	00078830	00078831	00078832	00078833	00078834	00078835	00078836	00078837	00078838	00078839	00078840	00078841	00078842	00078843	00078844	00078845	00078846	00078847	00078848	00078849	00078850	00078851	00078852	00078853	00078854	00078855	00078856	00078857	00078858	00078859	00078860	00078861	00078862	00078863	00078864	00078865	00078866	00078867	00078868	00078869	00078870	00078871	00078872	00078873	00078874	00078875	00078876	00078877	00078878	00078879	00078880	00078881	00078882	00078883	00078884	00078885	00078886	00078887	00078888	00078889	00078890	00078891	00078892	00078893	00078894	00078895	00078896	00078897	00078898	00078899	00078900	00078901	00078902	00078903	00078904	00078905	00078906	00078907	00078908	00078909	00078910	00078911	00078912	00078913	00078914	00078915	00078916	00078917	00078918	00078919	00078920	00078921	00078922	00078923	00078924	00078925	00078926	00078927	00078928	00078929	00078930	00078931	00078932	00078933	00078934	00078935	00078936	00078937	00078938	00078939
925934862	4894836042	6821142926	00078940	00078941	00078942	00078943	00078944	00078945	00078946	00078947	00078948	00078949	00078950	00078951	00078952	00078953	00078954	00078955	00078956	00078957	00078958	00078959	00078960	00078961	00078962	00078963	00078964	00078965	00078966	00078967	00078968	00078969	00078970	00078971	00078972	00078973	00078974	00078975	00078976	00078977	00078978	00078979	00078980	00078981	00078982	00078983	00078984	00078985	00078986	00078987	00078988	00078989	00078990	00078991	00078992	00078993	00078994	00078995	00078996	00078997	00078998	00078999	00079000	00079001	00079002	00079003	00079004	00079005	00079006	00079007	00079008	00079009	00079010	00079011	00079012	00079013	00079014	00079015	00079016	00079017	00079018	00079019	00079020	00079021	00079022	00079023	00079024	00079025	00079026	00079027	00079028	00079029	00079030	00079031	00079032	00079033	00079034	00079035	00079036	00079037	00079038	00079039	00079040	00079041	00079042	00079043	00079044	00079045	00079046	00079047	00079048	00079049	00079050	00079051	00079052	00079053	00079054	00079055	00079056	00079057	00079058	00079059	00079060	00079061	00079062	00079063	00079064	00079065	00079066	00079067	00079068	00079069	00079070	00079071	00079072	00079073	00079074	00079075	00079076	00079077	00079078	00079079	00079080	00079081	00079082	00079083	00079084	00079085	00079086	00079087	00079088	00079089	00079090	00079091	00079092	00079093	00079094	00079095	00079096	00079097	00079098	00079099	00079100	00079101	00079102	00079103	00079104	00079105	00079106	00079107	00079108	00079109	00079110	00079111	00079112	00079113	00079114	00079115	00079116	00079117	00079118	00079119	00079120	00079121	00079122	00079123	00079124	00079125	00079126	00079127	00079128	00079129	00079130	00079131	00079132	00079133	00079134	00079135	00079136	00079137	00079138	00079139
928298036	4907308720	6838782525	00079140	00079141	00079142	00079143	00079144	00079145	00079146	00079147	00079148	00079149	00079150	00079151	00079152	00079153	00079154	00079155	00079156	00079157	00079158	00079159	00079160	00079161	00079162	00079163	00079164	00079165	00079166	00079167	00079168	00079169	00079170	00079171	00079172	00079173	00079174	00079175	00079176	00079177	00079178	00079179	00079180	00079181	00079182	00079183	00079184	00079185	00079186	00079187	00079188	00079189	00079190	00079191	00079192	00079193	00079194	00079195	00079196	00079197	00079198	00079199	00079200	00079201	00079202	00079203	00079204	00079205	00079206	00079207	00079208	00079209	00079210	00079211	00079212	00079213	00079214	00079215	00079216	00079217	00079218	00079219	00079220	00079221	00079222	00079223	00079224	00079225	00079226	00079227	00079228	00079229	00079230	00079231	00079232	00079233	00079234	00079235	00079236	00079237	00079238	00079239	00079240	00079241	00079242	00079243	00079244	00079245	00079246	00079247	00079248	00079249	00079250	00079251	00079252	00079253	00079254	00079255	00079256	00079257	00079258	00079259	00079260	00079261	00079262	00079263	00079264	00079265	00079266	00079267	00079268	00079269	00079270	00079271	00079272	00079273	00079274	00079275	00079276	00079277	00079278	00079279	00079280	00079281	00079282	00079283	00079284	00079285	00079286	00079287	00079288	00079289	00079290	00079291	00079292	00079293	00079294	00079295	00079296	00079297	00079298	00079299	00079300	00079301	00079302	00079303	00079304	00079305	00079306	00079307	00079308	00079309	00079310	00079311	00079312	00079313	00079314	00079315	00079316	00079317	00079318	00079319	00079320	00079321	00079322	00079323	00079324	00079325	00079326	00079327	00079328	00079329	00079330	00079331	00079332	00079333	00079334	00079335	00079336	00079337	00079338	00079339
930633491	4919716734	6856224666	00079340	00079341	00079342	00079343	00079344	00079345	00079346	00079347	00079348	00079349	00079350	00079351	00079352	00079353	00079354	00079355	00079356	00079357	00079358	00079359	00079360	00079361	00079362	00079363	00079364	00079365	00079366	00079367	00079368	00079369	00079370	00079371	00079372	00079373	00079374	00079375	00079376	00079377	00079378	00079379	00079380	00079381	00079382	00079383	00079384	00079385	00079386	00079387	00079388	00079389	00079390	00079391	00079392	00079393	00079394	00079395	00079396	00079397	00079398	00079399	00079400	00079401	00079402	00079403	00079404	00079405	00079406	00079407	00079408	00079409	00079410	00079411	00079412	00079413	00079414	00079415	00079416	00079417	00079418	00079419	00079420	00079421	00079422	00079423	00079424	00079425	00079426	00079427	00079428	00079429	00079430	00079431	00079432	00079433	00079434	00079435	00079436	00079437	00079438	00079439	00079440	00079441	00079442	00079443	00079444	00079445	00079446	00079447	00079448	00079449	00079450	00079451	00079452	00079453	00079454	00079455	00079456	00079457	00079458	00079459	00079460	00079461	00079462	00079463	00079464	00079465	00079466	00079467	00079468	00079469	00079470	00079471	00079472	00079473	00079474	00079475	00079476	00079477	00079478	00079479	00079480	00079481	00079482	00079483	00079484	00079485	00079486	00079487	00079488	00079489	00079490	00079491	00079492	00079493	00079494	00079495	00079496	00079497	00079498	00079499	00079500	00079501	00079502	00079503	00079504	00079505	00079506	00079507	00079508	00079509	00079510	00079511	00079512	00079513	00079514	00079515	00079516	00079517	00079518	00079519	00079520	00079521	00079522	00079523	00079524	00079525	00079526	00079527	00079528	00079529	00079530	00079531	00079532	00079533	00079534	00079535	00079536	00079537	00079538	00079539
932984708	4932123196	6873315474	00079540	00079541	00079542	00079543	00079544	00079545	00079546	00079547	00079548	00079549	00079550	00079551	00079552	00079553	00079554	00079555	00079556	00079557	00079558	00079559	00079560	00079561	00079562	00079563	00079564	00079565	00079566	00079567	00079568	00079569	00079570	00079571	00079572	00079573	00079574	00079575	00079576	00079577	00079578	00079579	00079580	00079581	00079582	00079583	00079584	00079585	00079586	00079587	00079588	00079589	00079590	00079591	00079592	00079593	00079594	00079595	00079596	00079597	00079598	00079599	00079600	00079601	00079602	00079603	00079604	00079605	00079606	00079607	00079608	00079609	00079610	00079611	00079612	00079613	00079614	00079615	00079616	00079617	00079618	00079619	00079620	00079621	00079622	00079623	00079624	00079625	00079626	00079627	00079628	00079629	00079630	00079631	00079632	00079633	00079634	00079635	00079636	00079637	00079638	00079639	00079640	00079641	00079642	00079643	00079644	00079645	00079646	00079647	00079648	00079649	00079650	00079651	00079652	00079653	00079654	00079655	00079656	00079657	00079658	00079659	00079660	00079661	00079662	00079663	00079664	00079665	00079666	00079667	00079668	00079669	00079670	00079671	00079672	00079673	00079674	00079675	00079676	00079677	00079678	00079679	00079680	00079681	00079682	00079683	00079684	00079685	00079686	00079687	00079688	00079689	00079690	00079691	00079692	00079693	00079694	00079695	00079696	00079697	00079698	00079699	00079700	00079701	00079702	00079703	00079704	00079705	00079706	00079707	00079708	00079709	00079710	00079711	00079712	00079713	00079714	00079715	00079716	00079717	00079718	00079719	00079720	00079721	00079722	00079723	00079724	00079725	00079726	00079727	00079728	00079729	00079730	00079731	00079732	00079733	00079734	00079735	00079736	00079737	00079738	00079739
935265266	4944140054	6889698967	00079740	00079741	00079742	00079743	00079744	00079745	00079746	00079747	00079748	00079749	00079750	00079751	00079752	00079753	00079754	00079755	00079756	00079757	00079758	00079759	00079760	00079761	00079762	00079763	00079764	00079765	00079766	00079767	00079768	00079769	00079770	00079771	00079772	00079773	00079774	00079775	00079776	00079777	00079778	00079779	00079780	00079781	00079782	00079783	00079784	00079785	00079786	00079787	00079788	00079789	00079790	00079791	00079792	00079793	00079794	00079795	00079796	00079797	00079798	00079799	00079800	00079801	00079802	00079803	00079804	00079805	00079806	00079807	00079808	00079809	00079810	00079811	00079812	00079813	00079814	00079815	00079816	00079817	00079818	00079819	00079820	00079821	00079822	00079823	00079824	00079825	00079826	00079827	00079828	00079829	00079830	00079831	00079832	00079833	00079834	00079835	00079836	00079837	00079838	00079839	00079840	00079841	00079842	00079843	00079844	00079845	00079846	00079847	00079848	00079849	00079850	00079851	00079852	00079853	00079854	00079855	00079856	00079857	00079858	00079859	00079860	00079861	00079862	00079863	00079864	00079865	00079866	00079867	00079868	00079869	00079870	00079871	00079872	00079873	00079874	00079875	00079876	00079877	00079878	00079879	00079880	00079881	00079882	00079883	00079884	00079885	00079886	00079887	00079888	00079889	00079890	00079891	00079892	00079893	00079894	00079895	00079896	00079897	00079898	00079899	00079900	00079901	00079902	00079903	00079904	00079905	00079906	00079907	00079908	00079909	00079910	00079911	00079912	00079913	00079914	00079915	00079916	00079917	00079918	00079919	00079920	00079921	00079922	00079923	00079924	00079925	00079926	00079927	00079928	00079929	00079930	00079931	00079932	00079933	00079934	00079935	00079936	00079937	00079938	00079939
937634007	4956698898	6907192714	00079940	00079941	00079942	00079943	00079944	00079945	00079946	00079947	00079948	00079949	00079950	00079951	00079952	00079953	00079954	00079955	00079956	00079957	00079958	00079959	00079960	00079961	00079962	00079963	00079964	00079965	00079966	00079967	00079968	00079969	00079970	00079971	00079972	00079973	00079974	00079975	00079976	00079977	00079978	00079979	00079980	00079981	00079982	00079983	00079984	00079985	00079986	00079987	00079988	00079989	00079990	00079991	00079992	00079993	00079994	00079995	00079996	00079997	00079998	00079999	00080000	00080001	00080002	00080003	00080004	00080005	00080006	00080007	00080008	00080009	00080010	00080011	00080012	00080013	00080014	00080015	00080016	00080017	00080018	00080019	00080020	00080021	00080022	00080023	00080024	00080025	00080026	00080027	00080028	00080029	00080030	00080031	00080032	00080033	00080034	00080035	00080036	00080037	00080038	00080039	00080040	00080041	00080042	00080043	00080044	00080045	00080046	00080047	00080048	00080049	00080050	00080051	00080052	00080053	00080054	00080055	00080056	00080057	00080058	00080059	00080060	00080061	00080062	00080063	00080064	00080065	00080066	00080067	00080068	00080069	00080070	00080071	00080072	00080073	00080074	00080075	00080076	00080077	00080078	00080079	00080080	00080081	00080082	00080083	00080084	00080085	00080086	00080087	00080088	00080089	00080090	00080091	00080092	00080093	00080094	00080095	00080096	00080097	00080098	00080099	00080100	00080101	00080102	00080103	00080104	00080105	00080106	00080107	00080108	00080109	00080110	00080111	00080112	00080113	00080114	00080115	00080116	00080117	00080118	00080119	00080120	00080121	00080122	00080123	00080124	00080125	00080126	00080127	00080128	00080129	00080130	00080131	00080132	00080133	00080134	00080135	00080136	00080137	00080138	00080139
940078478	4969584874	6925527173	00080140	00080141	00080142	00080143	00080144	00080145	00080146	00080147	00080148	00080149	00080150	00080151	00080152	00080153	00080154	00080155	00080156	00080157	00080158	00080159	00080160	00080161	00080162	00080163	00080164	00080165	00080166	00080167	00080168	00080169	00080170	00080171	00080172	00080173	00080174	00080175	00080176	00080177	00080178	00080179	00080180	00080181	00080182	00080183	00080184	00080185	00080186	00080187	00080188	00080189	00080190	00080191	00080192	00080193	00080194	00080195	00080196	00080197	00080198	00080199	00080200	00080201	00080202	00080203	00080204	00080205	00080206	00080207	00080208	00080209	00080210	00080211	00080212	00080213	00080214	00080215	00080216	00080217	00080218	00080219	00080220	00080221	00080222	00080223	00080224	00080225	00080226	00080227	00080228	00080229	00080230	00080231	00080232	00080233	00080234	00080235	00080236	00080237	00080238	00080239	00080240	00080241	00080242	00080243	00080244	00080245	00080246	00080247	00080248	00080249	00080250	00080251	00080252	00080253	00080254	00080255	00080256	00080257	00080258	00080259	00080260	00080261	00080262	00080263	00080264	00080265	00080266	00080267	00080268	00080269	00080270	00080271	00080272	00080273	00080274	00080275	00080276	00080277	00080278	00080279	00080280	00080281	00080282	00080283	00080284	00080285	00080286	00080287	00080288	00080289	00080290	00080291	00080292	00080293	00080294	00080295	00080296	00080297	00080298	00080299	00080300	00080301	00080302	00080303	00080304	00080305	00080306	00080307	00080308	00080309	00080310	00080311	00080312	00080313	00080314	00080315	00080316	00080317	00080318	00080319	00080320	00080321	00080322	00080323	00080324	00080325	00080326	00080327	00080328	00080329	00080330	00080331	00080332	00080333	00080334	00080335	00080336	00080337	00080338	00080339
942402335	4981830716	6942658457	00080340	00080341	00080342	00080343	00080344	00080345	00080346	00080347	00080348	00080349	00080350	00080351	00080352	00080353	00080354	00080355	00080356	00080357	00080358	00080359	00080360	00080361	00080362	00080363	00080364	00080365	00080366	00080367	00080368	00080369	00080370	00080371	00080372	00080373	00080374	00080375	00080376	00080377	00080378	00080379	00080380	00080381	00080382	00080383	00080384	00080385	00080386	00080387	00080388	00080389	00080390	00080391	00080392	00080393	00080394	00080395	00080396	00080397	00080398	00080399	00080400	00080401	00080402	00080403	00080404	00080405	00080406	00080407	00080408	00080409	00080410	00080411	00080412	00080413	00080414	00080415	00080416	00080417	00080418	00080419	00080420	00080421	00080422	00080423	00080424	00080425	00080426	00080427	00080428	00080429	00080430	00080431	00080432	00080433	00080434	00080435	00080436	00080437	00080438	00080439	00080440	00080441	00080442	00080443	00080444	00080445	00080446	00080447	00080448	00080449	00080450	00080451	00080452	00080453	00080454	00080455	00080456	00080457	00080458	00080459	00080460	00080461	00080462	00080463	00080464	00080465	00080466	00080467	00080468	00080469	00080470	00080471	00080472	00080473	00080474	00080475	00080476	00080477	00080478	00080479	00080480	00080481	00080482	00080483	00080484	00080485	00080486	00080487	00080488	00080489	00080490	00080491	00080492	00080493	00080494	00080495	00080496	00080497	00080498	00080499	00080500	00080501	00080502	00080503	00080504	00080505	00080506	00080507	00080508	00080509	00080510	00080511	00080512	00080513	00080514	00080515	00080516	00080517	00080518	00080519	00080520	00080521	00080522	00080523	00080524	00080525	00080526	00080527	00080528	00080529	00080530	00080531	00080532	00080533	00080534	00080535	00080536	00080537	00080538	00080539
944792397	4994651082	6960516925	00080540	00080541	00080542	00080543	00080544	00080545	00080546	00080547	00080548	00080549	00080550	00080551	00080552	00080553	00080554	00080555	00080556	00080557	00080558	00080559	00080560	00080561	00080562	00080563	00080564	00080565	00080566	00080567	00080568	00080569	00080570	00080571	00080572	00080573	00080574	00080575	00080576	00080577	00080578	00080579	00080580	00080581	00080582	00080583	00080584	00080585	00080586	00080587	00080588	00080589	00080590	00080591	00080592	00080593	00080594	00080595	00080596	00080597	00080598	00080599	00080600	00080601	00080602	00080603	00080604	00080605	00080606	00080607	00080608	00080609	00080610	00080611	00080612	00080613	00080614	00080615	00080616	00080617	00080618	00080619	00080620	00080621	00080622	00080623	00080624	00080625	00080626	00080627	00080628	00080629	00080630	00080631	00080632	00080633	00080634	00080635	00080636	00080637	00080638	00080639	00080640	00080641	00080642	00080643	00080644	00080645	00080646	00080647	00080648	00080649	00080650	00080651	00080652	00080653	00080654	00080655	00080656	00080657	00080658	00080659	00080660	00080661	00080662	00080663	00080664	00080665	00080666	00080667	00080668	00080669	00080670	00080671	00080672	00080673	00080674	00080675	00080676	00080677	00080678	00080679	00080680	00080681	00080682	00080683	00080684	00080685	00080686	00080687	00080688	00080689	00080690	00080691	00080692	00080693	00080694	00080695	00080696	00080697	00080698	00080699	00080700	00080701	00080702	00080703	00080704	00080705	00080706	00080707	00080708	00080709	00080710	00080711	00080712	00080713	00080714	00080715	00080716	00080717	00080718	00080719	00080720	00080721	00080722	00080723	00080724	00080725	00080726	00080727	00080728	00080729	00080730	00080731	00080732	00080733	00080734	00080735	00080736	00080737	00080738	00080739
947233638	5007598272	6978986553	00080740	00080741	00080742	00080743	00080744	00080745	00080746	00080747	00080748	00080749	00080750	00080751	00080752	00080753	00080754	00080755	00080756	00080757	00080758	00080759	00080760	00080761	00080762	00080763	00080764	00080765	00080766	00080767	00080768	00080769	00080770	00080771	00080772	00080773	00080774	00080775	00080776	00080777	00080778	00080779	00080780	00080781	00080782	00080783	00080784	00080785	00080786	00080787	00080788	00080789	00080790	00080791	00080792	00080793	00080794	00080795	00080796	00080797	00080798	00080799	00080800	00080801	00080802	00080803	00080804	00080805	00080806	00080807	00080808	00080809	00080810	00080811	00080812	00080813	00080814	00080815	00080816	00080817	00080818	00080819	00080820	00080821	00080822	00080823	00080824	00080825	00080826	00080827	00080828	00080829	00080830	00080831	00080832	00080833	00080834	00080835	00080836	00080837	00080838	00080839	00080840	00080841	00080842	00080843	00080844	00080845	00080846	00080847	00080848	00080849	00080850	00080851	00080852	00080853	00080854	00080855	00080856	00080857	00080858	00080859	00080860	00080861	00080862	00080863	00080864	00080865	00080866	00080867	00080868	00080869	00080870	00080871	00080872	00080873	00080874	00080875	00080876	00080877	00080878	00080879	00080880	00080881	00080882	00080883	00080884	00080885	00080886	00080887	00080888	00080889	00080890	00080891	00080892	00080893	00080894	00080895	00080896	00080897	00080898	00080899	00080900	00080901	00080902	00080903	00080904	00080905	00080906	00080907	00080908	00080909	00080910	00080911	00080912	00080913	00080914	00080915	00080916	00080917	00080918	00080919	00080920	00080921	00080922	00080923	00080924	00080925	00080926	00080927	00080928	00080929	00080930	00080931	00080932	00080933	00080934	00080935	00080936	00080937	00080938	00080939
949541916	5019788470	6995973033	00080940	00080941	00080942	00080943	00080944	00080945	00080946	00080947	00080948	00080949	00080950	00080951	00080952	00080953	00080954	00080955	00080956	00080957	00080958	00080959	00080960	00080961	00080962	00080963	00080964	00080965	00080966	00080967	00080968	00080969	00080970	00080971	00080972	00080973	00080974	00080975	00080976	00080977	00080978	00080979	00080980	00080981	00080982	00080983	00080984	00080985	00080986	00080987	00080988	00080989	00080990	00080991	00080992	00080993	00080994	00080995	00080996	00080997	00080998	00080999	00081000	00081001	00081002	00081003	00081004	00081005	00081006	00081007	00081008	00081009	00081010	00081011	00081012	00081013	00081014	00081015	00081016	00081017	00081018	00081019	00081020	00081021	00081022	00081023	00081024	00081025	00081026	00081027	00081028	00081029	00081030	00081031	00081032	00081033	00081034	00081035	00081036	00081037	00081038	00081039	00081040	00081041	00081042	00081043	00081044	00081045	00081046	00081047	00081048	00081049	00081050	00081051	00081052	00081053	00081054	00081055	00081056	00081057	00081058	00081059	00081060	00081061	00081062	00081063	00081064	00081065	00081066	00081067	00081068	00081069	00081070	00081071	00081072	00081073	00081074	00081075	00081076	00081077	00081078	00081079	00081080	00081081	00081082	00081083	00081084	00081085	00081086	00081087	00081088	00081089	00081090	00081091	00081092	00081093	00081094	00081095	00081096	00081097	00081098	00081099	00081100	00081101	00081102	00081103	00081104	00081105	00081106	00081107	00081108	00081109	00081110	00081111	00081112	00081113	00081114	00081115	00081116	00081117	00081118	00081119	00081120	00081121	00081122	00081123	00081124	00081125	00081126	00081127	00081128	00081129	00081130	00081131	00081132	00081133	00081134	00081135	00081136	00081137	00081138	00081139
951823473	5031814740	7012254451	00081140	00081141	00081142	00081143	00081144	00081145	00081146	00081147	00081148	00081149	00081150	00081151	00081152	00081153	00081154	00081155	00081156	00081157	00081158	00081159	00081160	00081161	00081162	00081163	00081164	00081165	00081166	00081167	00081168	00081169	00081170	00081171	00081172	00081173	00081174	00081175	00081176	00081177	00081178	00081179	00081180	00081181	00081182	00081183	00081184	00081185	00081186	00081187	00081188	00081189	00081190	00081191	00081192	00081193	00081194	00081195	00081196	00081197	00081198	00081199	00081200	00081201	00081202	00081203	00081204	00081205	00081206	00081207	00081208	00081209	00081210	00081211	00081212	00081213	00081214	00081215	00081216	00081217	00081218	00081219	00081220	00081221	00081222	00081223	00081224	00081225	00081226	00081227	00081228	00081229	00081230	00081231	00081232	00081233	00081234	00081235	00081236	00081237	00081238	00081239	00081240	00081241	00081242	00081243	00081244	00081245	00081246	00081247	00081248	00081249	00081250	00081251	00081252	00081253	00081254	00081255	00081256	00081257	00081258	00081259	00081260	00081261	00081262	00081263	00081264	00081265	00081266	00081267	00081268	00081269	00081270	00081271	00081272	00081273	00081274	00081275	00081276	00081277	00081278	00081279	00081280	00081281	00081282	00081283	00081284	00081285	00081286	00081287	00081288	00081289	00081290	00081291	00081292	00081293	00081294	00081295	00081296	00081297	00081298	00081299	00081300	00081301	00081302	00081303	00081304	00081305	00081306	00081307	00081308	00081309	00081310	00081311	00081312	00081313	00081314	00081315	00081316	00081317	00081318	00081319	00081320	00081321	00081322	00081323	00081324	00081325	00081326	00081327	00081328	00081329	00081330	00081331	00081332	00081333	00081334	00081335	00081336	00081337	00081338	00081339
954230436	5044473456	7030330145	00081340	00081341	00081342	00081343	00081344	00081345	00081346	00081347	00081348	00081349	00081350	00081351	00081352	00081353	00081354	00081355	00081356	00081357	00081358	00081359	00081360	00081361	00081362	00081363	00081364	00081365	00081366	00081367	00081368	00081369	00081370	00081371	00081372	00081373	00081374	00081375	00081376	00081377	00081378	00081379	00081380	00081381	00081382	00081383	00081384	00081385	00081386	00081387	00081388	00081389	00081390	00081391	00081392	00081393	00081394	00081395	00081396	00081397	00081398	00081399	00081400	00081401	00081402	00081403	00081404	00081405	00081406	00081407	00081408	00081409	00081410	00081411	00081412	00081413	00081414	00081415	00081416	00081417	00081418	00081419	00081420	00081421	00081422	00081423	00081424	00081425	00081426	00081427	00081428	00081429	00081430	00081431	00081432	00081433	00081434	00081435	00081436	00081437	00081438	00081439	00081440	00081441	00081442	00081443	00081444	00081445	00081446	00081447	00081448	00081449	00081450	00081451	00081452	00081453	00081454	00081455	00081456	00081457	00081458	00081459	00081460	00081461	00081462	00081463	00081464	00081465	00081466	00081467	00081468	00081469	00081470	00081471	00081472	00081473	00081474	00081475	00081476	00081477	00081478	00081479	00081480	00081481	00081482	00081483	00081484	00081485	00081486	00081487	00081488	00081489	00081490	00081491	00081492	00081493	00081494	00081495	00081496	00081497	00081498	00081499	00081500	00081501	00081502	00081503	00081504	00081505	00081506	00081507	00081508	00081509	00081510	00081511	00081512	00081513	00081514	00081515	00081516	00081517	00081518	00081519	00081520	00081521	00081522	00081523	00081524	00081525	00081526	00081527	00081528	00081529	00081530	00081531	00081532	00081533	00081534	00081535	00081536	00081537	00081538	00081539
956666933	5057397102	7048934590	00081540	00081541	00081542	00081543	00081544	00081545	00081546	00081547	00081548	00081549	00081550	00081551	00081552	00081553	00081554	00081555	00081556	00081557	00081558	00081559	00081560	00081561	00081562	00081563	00081564	00081565	00081566	00081567	00081568	00081569	00081570	00081571	00081572	00081573	00081574	00081575	00081576	00081577	00081578	00081579	00081580	00081581	00081582	00081583	00081584	00081585	00081586	00081587	00081588	00081589	00081590	00081591	00081592	00081593	00081594	00081595	00081596	00081597	00081598	00081599	00081600	00081601	00081602	00081603	00081604	00081605	00081606	00081607	00081608	00081609	00081610	00081611	00081612	00081613	00081614	00081615	00081616	00081617	00081618	00081619	00081620	00081621	00081622	00081623	00081624	00081625	00081626	00081627	00081628	00081629	00081630	00081631	00081632	00081633	00081634	00081635	00081636	00081637	00081638	00081639	00081640	00081641	00081642	00081643	00081644	00081645	00081646	00081647	00081648	00081649	00081650	00081651	00081652	00081653	00081654	00081655	00081656	00081657	00081658	00081659	00081660	00081661	00081662	00081663	00081664	00081665	00081666	00081667	00081668	00081669	00081670	00081671	00081672	00081673	00081674	00081675	00081676	00081677	00081678	00081679	00081680	00081681	00081682	00081683	00081684	00081685	00081686	00081687	00081688	00081689	00081690	00081691	00081692	00081693	00081694	00081695	00081696	00081697	00081698	00081699	00081700	00081701	00081702	00081703	00081704	00081705	00081706	00081707	00081708	00081709	00081710	00081711	00081712	00081713	00081714	00081715	00081716	00081717	00081718	00081719	00081720	00081721	00081722	00081723	00081724	00081725	00081726	00081727	00081728	00081729	00081730	00081731	00081732	00081733	00081734	00081735	00081736	00081737	00081738	00081739
958970964	5069506250	7065551483	00081740	00081741	00081742	00081743	00081744	00081745	00081746	00081747	00081748	00081749	00081750	00081751	00081752	00081753	00081754	00081755	00081756	00081757	00081758	00081759	00081760	00081761	00081762	00081763	00081764	00081765	00081766	00081767	00081768	00081769	00081770	00081771	00081772	00081773	00081774	00081775	00081776	00081777	00081778	00081779	00081780	00081781	00081782	00081783	00081784	00081785	00081786	00081787	00081788	00081789	00081790	00081791	00081792	00081793	00081794	00081795	00081796	00081797	00081798	00081799	00081800	00081801	00081802	00081803	00081804	00081805	00081806	00081807	00081808	00081809	00081810	00081811	00081812	00081813	00081814	00081815	00081816	00081817	00081818	00081819	00081820	00081821	00081822	00081823	00081824	00081825	00081826	00081827	00081828	00081829	00081830	00081831	00081832	00081833	00081834	00081835	00081836	00081837	00081838	00081839	00081840	00081841	00081842	00081843	00081844	00081845	00081846	00081847	00081848	00081849	00081850	00081851	00081852	00081853	00081854	00081855	00081856	00081857	00081858	00081859	00081860	00081861	00081862	00081863	00081864	00081865	00081866	00081867	00081868	00081869	00081870	00081871	00081872	00081873	00081874	00081875	00081876	00081877	00081878	00081879	00081880	00081881	00081882	00081883	00081884	00081885	00081886	00081887	00081888	00081889	00081890	00081891	00081892	00081893	00081894	00081895	00081896	00081897	00081898	00081899	00081900	00081901	00081902	00081903	00081904	00081905	00081906	00081907	00081908	00081909	00081910	00081911	00081912	00081913	00081914	00081915	00081916	00081917	00081918	00081919	00081920	00081921	00081922	00081923	00081924	00081925	00081926	00081927	00081928	00081929	00081930	00081931	00081932	00081933	00081934	00081935	00081936	00081937	00081938	00081939
961330925	5082099980	7083342954	00081940	00081941	00081942	00081943	00081944	00081945	00081946	00081947	00081948	00081949	00081950	00081951	00081952	00081953	00081954	00081955	00081956	00081957	00081958	00081959	00081960	00081961	00081962	00081963	00081964	00081965	00081966	00081967	00081968	00081969	00081970	00081971	00081972	00081973	00081974	00081975	00081976	00081977	00081978	00081979	00081980	00081981	00081982	00081983	00081984	00081985	00081986	00081987	00081988	00081989	00081990	00081991	00081992	00081993	00081994	00081995	00081996	00081997	00081998	00081999	00082000	00082001	00082002	00082003	00082004	00082005	00082006	00082007	00082008	00082009	00082010	00082011	00082012	00082013	00082014	00082015	00082016	00082017	00082018	00082019	00082020	00082021	00082022	00082023	00082024	00082025	00082026	00082027	00082028	00082029	00082030	00082031	00082032	00082033	00082034	00082035	00082036	00082037	00082038	00082039	00082040	00082041	00082042	00082043	00082044	00082045	00082046	00082047	00082048	00082049	00082050	00082051	00082052	00082053	00082054	00082055	00082056	00082057	00082058	00082059	00082060	00082061	00082062	00082063	00082064	00082065	00082066	00082067	00082068	00082069	00082070	00082071	00082072	00082073	00082074	00082075	00082076	00082077	00082078	00082079	00082080	00082081	00082082	00082083	00082084	00082085	00082086	00082087	00082088	00082089	00082090	00082091	00082092	00082093	00082094	00082095	00082096	00082097	00082098	00082099	00082100	00082101	00082102	00082103	00082104	00082105	00082106	00082107	00082108	00082109	00082110	00082111	00082112	00082113	00082114	00082115	00082116	00082117	00082118	00082119	00082120	00082121	00082122	00082123	00082124	00082125	00082126	00082127	00082128	00082129	00082130	00082131	00082132	00082133	00082134	00082135	00082136	00082137	00082138	00082139
963763704	5095043268	7101718400	00082140	00082141	00082142	00082143	00082144	00082145	00082146	00082147	00082148	00082149	00082150	00082151	00082152	00082153	00082154	00082155	00082156	00082157	00082158	00082159	00082160	00082161	00082162	00082163	00082164	00082165	00082166	00082167	00082168	00082169	00082170	00082171	00082172	00082173	00082174	00082175	00082176	00082177	00082178	00082179	00082180	00082181	00082182	00082183	00082184	00082185	00082186	00082187	00082188	00082189	00082190	00082191	00082192	00082193	00082194	00082195	00082196	00082197	00082198	00082199	00082200	00082201	00082202	00082203	00082204	00082205	00082206	00082207	00082208	00082209	00082210	00082211	00082212	00082213	00082214	00082215	00082216	00082217	00082218	00082219	00082220	00082221	00082222	00082223	00082224	00082225	00082226	00082227	00082228	00082229	00082230	00082231	00082232	00082233	00082234	00082235	00082236	00082237	00082238	00082239	00082240	00082241	00082242	00082243	00082244	00082245	00082246	00082247	00082248	00082249	00082250	00082251	00082252	00082253	00082254	00082255	00082256	00082257	00082258	00082259	00082260	00082261	00082262	00082263	00082264	00082265	00082266	00082267	00082268	00082269	00082270	00082271	00082272	00082273	00082274	00082275	00082276	00082277	00082278	00082279	00082280	00082281	00082282	00082283	00082284	00082285	00082286	00082287	00082288	00082289	00082290	00082291	00082292	00082293	00082294	00082295	00082296	00082297	00082298	00082299	00082300	00082301	00082302	00082303	00082304	00082305	00082306	00082307	00082308	00082309	00082310	00082311	00082313	00082314	00082315	00082316	00082317	00082318	00082319	00082320	00082321	00082322	00082323	00082324	00082325	00082326	00082327	00082328	00082329	00082330	00082331	00082332	00082333	00082334	00082335	00082336	00082337	00082338	00082339	00082340
966166541	5107805444	7119203570	00082341	00082342	00082343	00082344	00082345	00082346	00082347	00082348	00082349	00082350	00082351	00082352	00082353	00082354	00082355	00082356	00082357	00082358	00082359	00082360	00082361	00082362	00082363	00082364	00082365	00082366	00082367	00082368	00082369	00082370	00082371	00082372	00082373	00082374	00082375	00082376	00082377	00082378	00082379	00082380	00082381	00082382	00082383	00082384	00082385	00082386	00082387	00082388	00082389	00082390	00082391	00082392	00082393	00082394	00082395	00082396	00082397	00082398	00082399	00082400	00082401	00082402	00082403	00082404	00082405	00082406	00082407	00082408	00082409	00082410	00082411	00082412	00082413	00082414	00082415	00082416	00082417	00082418	00082419	00082420	00082421	00082422	00082423	00082424	00082425	00082426	00082427	00082428	00082429	00082430	00082431	00082432	00082433	00082434	00082435	00082436	00082437	00082438	00082439	00082440	00082441	00082442	00082443	00082444	00082445	00082446	00082447	00082448	00082449	00082450	00082451	00082452	00082453	00082454	00082455	00082456	00082457	00082458	00082459	00082460	00082461	00082462	00082463	00082464	00082465	00082466	00082467	00082468	00082469	00082470	00082471	00082472	00082473	00082474	00082475	00082476	00082477	00082478	00082479	00082480	00082481	00082482	00082483	00082484	00082485	00082486	00082487	00082488	00082489	00082490	00082491	00082492	00082493	00082494	00082495	00082496	00082497	00082498	00082499	00082500	00082501	00082502	00082503	00082504	00082505	00082506	00082507	00082508	00082509	00082510	00082511	00082512	00082513	00082514	00082515	00082516	00082517	00082518	00082519	00082520	00082521	00082522	00082523	00082524	00082525	00082526	00082527	00082528	00082529	00082530	00082531	00082532	00082533	00082534	00082535	00082536	00082537	00082538	00082539	00082540
968416458	5119630778	7135320320	00082541	00082542	00082543	00082544	00082545	00082546	00082547	00082548	00082549	00082550	00082551	00082552	00082553	00082554	00082555	00082556	00082557	00082558	00082559	00082560	00082561	00082562	00082563	00082564	00082565	00082566	00082567	00082568	00082569	00082570	00082571	00082572	00082573	00082574	00082575	00082576	00082577	00082578	00082579	00082580	00082581	00082582	00082583	00082584	00082585	00082586	00082587	00082588	00082589	00082590	00082591	00082592	00082593	00082594	00082595	00082596	00082597	00082598	00082599	00082600	00082601	00082602	00082603	00082604	00082605	00082606	00082607	00082608	00082609	00082610	00082611	00082612	00082613	00082614	00082615	00082616	00082617	00082618	00082619	00082620	00082621	00082622	00082623	00082624	00082625	00082626	00082627	00082628	00082629	00082630	00082631	00082632	00082633	00082634	00082635	00082636	00082637	00082638	00082639	00082640	00082641	00082642	00082643	00082644	00082645	00082646	00082647	00082648	00082649	00082650	00082651	00082652	00082653	00082654	00082655	00082656	00082657	00082658	00082659	00082660	00082661	00082662	00082663	00082664	00082665	00082666	00082667	00082668	00082669	00082670	00082671	00082672	00082673	00082674	00082675	00082676	00082677	00082678	00082679	00082680	00082681	00082682	00082683	00082684	00082685	00082686	00082687	00082688	00082689	00082690	00082691	00082692	00082693	00082694	00082695	00082696	00082697	00082698	00082699	00082700	00082701	00082702	00082703	00082704	00082705	00082706	00082707	00082708	00082709	00082710	00082711	00082712	00082713	00082714	00082715	00082716	00082717	00082718	00082719	00082720	00082721	00082722	00082723	00082724	00082725	00082726	00082727	00082728	00082729	00082730	00082731	00082732	00082733	00082734	00082735	00082736	00082737	00082738	00082739	00082740
970779664	5132097688	7152658343	00082741	00082742	00082743	00082744	00082745	00082746	00082747	00082748	00082749	00082750	00082751	00082752	00082753	00082754	00082755	00082756	00082757	00082758	00082759	00082760	00082761	00082762	00082763	00082764	00082765	00082766	00082767	00082768	00082769	00082770	00082771	00082772	00082773	00082774	00082775	00082776	00082777	00082778	00082779	00082780	00082781	00082782	00082783	00082784	00082785	00082786	00082787	00082788	00082789	00082790	00082791	00082792	00082793	00082794	00082795	00082796	00082797	00082798	00082799	00082800	00082801	00082802	00082803	00082804	00082805	00082806	00082807	00082808	00082809	00082810	00082811	00082812	00082813	00082814	00082815	00082816	00082817	00082818	00082819	00082820	00082821	00082822	00082823	00082824	00082825	00082826	00082827	00082828	00082829	00082830	00082831	00082832	00082833	00082834	00082835	00082836	00082837	00082838	00082839	00082840	00082841	00082842	00082843	00082844	00082845	00082846	00082847	00082848	00082849	00082850	00082851	00082852	00082853	00082854	00082855	00082856	00082857	00082858	00082859	00082860	00082861	00082862	00082863	00082864	00082865	00082866	00082867	00082868	00082869	00082870	00082871	00082872	00082873	00082874	00082875	00082876	00082877	00082878	00082879	00082880	00082881	00082882	00082883	00082884	00082885	00082886	00082887	00082888	00082889	00082890	00082891	00082892	00082893	00082894	00082895	00082896	00082897	00082898	00082899	00082900	00082901	00082902	00082903	00082904	00082905	00082906	00082907	00082908	00082909	00082910	00082911	00082912	00082913	00082914	00082915	00082916	00082917	00082918	00082919	00082920	00082921	00082922	00082923	00082924	00082925	00082926	00082927	00082928	00082929	00082930	00082931	00082932	00082933	00082934	00082935	00082936	00082937	00082938	00082939	00082940
973148073	5144719936	7170270800	00082941	00082942	00082943	00082944	00082945	00082946	00082947	00082948	00082949	00082950	00082951	00082952	00082953	00082954	00082955	00082956	00082957	00082958	00082959	00082960	00082961	00082962	00082963	00082964	00082965	00082966	00082967	00082968	00082969	00082970	00082971	00082972	00082973	00082974	00082975	00082976	00082977	00082978	00082979	00082980	00082981	00082982	00082983	00082984	00082985	00082986	00082987	00082988	00082989	00082990	00082991	00082992	00082993	00082994	00082995	00082996	00082997	00082998	00082999	00083000	00083001	00083002	00083003	00083004	00083005	00083006	00083007	00083008	00083009	00083010	00083011	00083012	00083013	00083014	00083015	00083016	00083017	00083018	00083019	00083020	00083021	00083022	00083023	00083024	00083025	00083026	00083027	00083028	00083029	00083030	00083031	00083032	00083033	00083034	00083035	00083036	00083037	00083038	00083039	00083040	00083041	00083042	00083043	00083044	00083045	00083046	00083047	00083048	00083049	00083050	00083051	00083052	00083053	00083054	00083055	00083056	00083057	00083058	00083059	00083060	00083061	00083062	00083063	00083064	00083065	00083066	00083067	00083068	00083069	00083070	00083071	00083072	00083073	00083074	00083075	00083076	00083077	00083078	00083079	00083080	00083081	00083082	00083083	00083084	00083085	00083086	00083087	00083088	00083089	00083090	00083091	00083092	00083093	00083094	00083095	00083096	00083097	00083098	00083099	00083100	00083101	00083102	00083103	00083104	00083105	00083106	00083107	00083108	00083109	00083110	00083111	00083112	00083113	00083114	00083115	00083116	00083117	00083118	00083119	00083120	00083121	00083122	00083123	00083124	00083125	00083126	00083127	00083128	00083129	00083130	00083131	00083132	00083133	00083134	00083135	00083136	00083137	00083138	00083139	00083140
975520322	5157246344	7188026471	00083141	00083142	00083143	00083144	00083145	00083146	00083147	00083148	00083149	00083150	00083151	00083152	00083153	00083154	00083155	00083156	00083157	00083158	00083159	00083160	00083161	00083162	00083163	00083164	00083165	00083166	00083167	00083168	00083169	00083170	00083171	00083172	00083173	00083174	00083175	00083176	00083177	00083178	00083179	00083180	00083181	00083182	00083183	00083184	00083185	00083186	00083187	00083188	00083189	00083190	00083191	00083192	00083193	00083194	00083195	00083196	00083197	00083198	00083199	00083200	00083201	00083202	00083203	00083204	00083205	00083206	00083207	00083208	00083209	00083210	00083211	00083212	00083213	00083214	00083215	00083216	00083217	00083218	00083219	00083220	00083221	00083222	00083223	00083224	00083225	00083226	00083227	00083228	00083229	00083230	00083231	00083232	00083233	00083234	00083235	00083236	00083237	00083238	00083239	00083240	00083241	00083242	00083243	00083244	00083245	00083246	00083247	00083248	00083249	00083250	00083251	00083252	00083253	00083254	00083255	00083256	00083257	00083258	00083259	00083260	00083261	00083262	00083263	00083264	00083265	00083266	00083267	00083268	00083269	00083270	00083271	00083272	00083273	00083274	00083275	00083276	00083277	00083278	00083279	00083280	00083281	00083282	00083283	00083284	00083285	00083286	00083287	00083288	00083289	00083290	00083291	00083292	00083293	00083294	00083295	00083296	00083297	00083298	00083299	00083300	00083301	00083302	00083303	00083304	00083305	00083306	00083307	00083308	00083309	00083310	00083311	00083312	00083313	00083314	00083315	00083316	00083317	00083318	00083319	00083320	00083321	00083322	00083323	00083324	00083325	00083326	00083327	00083328	00083329	00083330	00083331	00083332	00083333	00083334	00083335	00083336	00083337	00083338	00083339	00083340
977889011	5169789018	7205284041	00083341	00083342	00083343	00083344	00083345	00083346	00083347	00083348	00083349	00083350	00083351	00083352	00083353	00083354	00083355	00083356	00083357	00083358	00083359	00083360	00083361	00083362	00083363	00083364	00083365	00083366	00083367	00083368	00083369	00083370	00083371	00083372	00083373	00083374	00083375	00083376	00083377	00083378	00083379	00083380	00083381	00083382	00083383	00083384	00083385	00083386	00083387	00083388	00083389	00083390	00083391	00083392	00083393	00083394	00083395	00083396	00083397	00083398	00083399	00083400	00083401	00083402	00083403	00083404	00083405	00083406	00083407	00083408	00083409	00083410	00083411	00083412	00083413	00083414	00083415	00083416	00083417	00083418	00083419	00083420	00083421	00083422	00083423	00083424	00083425	00083426	00083427	00083428	00083429	00083430	00083431	00083432	00083433	00083434	00083435	00083436	00083437	00083438	00083439	00083440	00083441	00083442	00083443	00083444	00083445	00083446	00083447	00083448	00083449	00083450	00083451	00083452	00083453	00083454	00083455	00083456	00083457	00083458	00083459	00083460	00083461	00083462	00083463	00083464	00083465	00083466	00083467	00083468	00083469	00083470	00083471	00083472	00083473	00083474	00083475	00083476	00083477	00083478	00083479	00083480	00083481	00083482	00083483	00083484	00083485	00083486	00083487	00083488	00083489	00083490	00083491	00083492	00083493	00083494	00083495	00083496	00083497	00083498	00083499	00083500	00083501	00083502	00083503	00083504	00083505	00083506	00083507	00083508	00083509	00083510	00083511	00083512	00083513	00083514	00083515	00083516	00083517	00083518	00083519	00083520	00083521	00083522	00083523	00083524	00083525	00083526	00083527	00083528	00083529	00083530	00083531	00083532	00083533	00083534	00083535	00083536	00083537	00083538	00083539	00083540
980218472	5182174618	7222149875	00083541	00083542	00083543	00083544	00083545	00083546	00083547	00083548	00083549	00083550	00083551	00083552	00083553	00083554	00083555	00083556	00083557	00083558	00083559	00083560	00083561	00083562	00083563	00083564	00083565	00083566	00083567	00083568	00083569	00083570	00083571	00083572	00083573	00083574	00083575	00083576	00083577	00083578	00083579	00083580	00083581	00083582	00083583	00083584	00083585	00083586	00083587	00083588	00083589	00083590	00083591	00083592	00083593	00083594	00083595	00083596	00083597	00083598	00083599	00083600	00083601	00083602	00083603	00083604	00083605	00083606	00083607	00083608	00083609	00083610	00083611	00083612	00083613	00083614	00083615	00083616	00083617	00083618	00083619	00083620	00083621	00083622	00083623	00083624	00083625	00083626	00083627	00083628	00083629	00083630	00083631	00083632	00083633	00083634	00083635	00083636	00083637	00083638	00083639	00083640	00083641	00083642	00083643	00083644	00083645	00083646	00083647	00083648	00083649	00083650	00083651	00083652	00083653	00083654	00083655	00083656	00083657	00083658	00083659	00083660	00083661	00083662	00083663	00083664	00083665	00083666	00083667	00083668	00083669	00083670	00083671	00083672	00083673	00083674	00083675	00083676	00083677	00083678	00083679	00083680	00083681	00083682	00083683	00083684	00083685	00083686	00083687	00083688	00083689	00083690	00083691	00083692	00083693	00083694	00083695	00083696	00083697	00083698	00083699	00083700	00083701	00083702	00083703	00083704	00083705	00083706	00083707	00083708	00083709	00083710	00083711	00083712	00083713	00083714	00083715	00083716	00083717	00083718	00083719	00083720	00083721	00083722	00083723	00083724	00083725	00083726	00083727	00083728	00083729	00083730	00083731	00083732	00083733	00083734	00083735	00083736	00083737	00083738	00083739	00083740
982402097	5193634096	7237183189	00083741	00083742	00083743	00083744	00083745	00083746	00083747	00083748	00083749	00083750	00083751	00083752	00083753	00083754	00083755	00083756	00083757	00083758	00083759	00083760	00083761	00083762	00083763	00083764	00083765	00083766	00083767	00083768	00083769	00083770	00083771	00083772	00083773	00083774	00083775	00083776	00083777	00083778	00083779	00083780	00083781	00083782	00083783	00083784	00083785	00083786	00083787	00083788	00083789	00083790	00083791	00083792	00083793	00083794	00083795	00083796	00083797	00083798	00083799	00083800	00083801	00083802	00083803	00083804	00083805	00083806	00083807	00083808	00083809	00083810	00083811	00083812	00083813	00083814	00083815	00083816	00083817	00083818	00083819	00083820	00083821	00083822	00083823	00083824	00083825	00083826	00083827	00083828	00083829	00083830	00083831	00083832	00083833	00083834	00083835	00083836	00083837	00083838	00083839	00083840	00083841	00083842	00083843	00083844	00083845	00083846	00083847	00083848	00083849	00083850	00083851	00083852	00083853	00083854	00083855	00083856	00083857	00083858	00083859	00083860	00083861	00083862	00083863	00083864	00083865	00083866	00083867	00083868	00083869	00083870	00083871	00083872	00083873	00083874	00083875	00083876	00083877	00083878	00083879	00083880	00083881	00083882	00083883	00083884	00083885	00083886	00083887	00083888	00083889	00083890	00083891	00083892	00083893	00083894	00083895	00083896	00083897	00083898	00083899	00083900	00083901	00083902	00083903	00083904	00083905	00083906	00083907	00083908	00083909	00083910	00083911	00083912	00083913	00083914	00083915	00083916	00083917	00083918	00083919	00083920	00083922	00083923	00083924	00083925	00083926	00083927	00083928	00083929	00083930	00083931	00083932	00083933	00083934	00083935	00083936	00083937	00083938	00083939	00083940	00083941
984812438	5206429708	7255470442	00083942	00083943	00083944	00083945	00083946	00083947	00083948	00083949	00083950	00083951	00083952	00083953	00083954	00083955	00083956	00083957	00083958	00083959	00083960	00083961	00083962	00083963	00083964	00083965	00083966	00083967	00083968	00083969	00083970	00083971	00083972	00083973	00083974	00083975	00083976	00083977	00083978	00083979	00083980	00083981	00083982	00083983	00083984	00083985	00083986	00083987	00083988	00083989	00083990	00083991	00083992	00083993	00083994	00083995	00083996	00083997	00083998	00083999	00084000	00084001	00084002	00084003	00084004	00084005	00084006	00084007	00084008	00084009	00084010	00084011	00084012	00084013	00084014	00084015	00084016	00084017	00084018	00084019	00084020	00084021	00084022	00084023	00084024	00084025	00084026	00084027	00084028	00084029	00084030	00084031	00084032	00084033	00084034	00084035	00084036	00084037	00084038	00084039	00084040	00084041	00084042	00084043	00084044	00084045	00084046	00084047	00084048	00084049	00084050	00084051	00084052	00084053	00084054	00084055	00084056	00084057	00084058	00084059	00084060	00084061	00084062	00084063	00084064	00084065	00084066	00084067	00084068	00084069	00084070	00084071	00084072	00084073	00084074	00084075	00084076	00084077	00084078	00084079	00084080	00084081	00084082	00084083	00084084	00084085	00084086	00084087	00084088	00084089	00084090	00084091	00084092	00084093	00084094	00084095	00084096	00084097	00084098	00084099	00084100	00084101	00084102	00084103	00084104	00084105	00084106	00084107	00084108	00084109	00084110	00084111	00084112	00084113	00084114	00084115	00084116	00084117	00084118	00084119	00084120	00084121	00084122	00084123	00084124	00084125	00084126	00084127	00084128	00084129	00084130	00084131	00084132	00084133	00084134	00084135	00084136	00084137	00084138	00084139	00084140	00084141
987079034	5218353164	7271158216	00084142	00084143	00084144	00084145	00084146	00084147	00084148	00084149	00084150	00084151	00084152	00084153	00084154	00084155	00084156	00084157	00084158	00084159	00084160	00084161	00084162	00084163	00084164	00084165	00084166	00084167	00084168	00084169	00084170	00084171	00084172	00084173	00084174	00084175	00084176	00084177	00084178	00084179	00084180	00084181	00084182	00084183	00084184	00084185	00084186	00084187	00084188	00084189	00084190	00084191	00084192	00084193	00084194	00084195	00084196	00084197	00084198	00084199	00084200	00084201	00084202	00084203	00084204	00084205	00084206	00084207	00084208	00084209	00084210	00084211	00084212	00084213	00084214	00084215	00084216	00084217	00084218	00084219	00084220	00084221	00084222	00084223	00084224	00084225	00084226	00084227	00084228	00084229	00084230	00084231	00084232	00084233	00084234	00084235	00084236	00084237	00084238	00084239	00084240	00084241	00084242	00084243	00084244	00084245	00084246	00084247	00084248	00084249	00084250	00084251	00084252	00084253	00084254	00084255	00084256	00084257	00084258	00084259	00084260	00084261	00084262	00084263	00084264	00084265	00084266	00084267	00084268	00084269	00084270	00084271	00084272	00084273	00084274	00084275	00084276	00084277	00084278	00084279	00084280	00084281	00084282	00084283	00084284	00084285	00084286	00084287	00084288	00084289	00084290	00084291	00084292	00084293	00084294	00084295	00084296	00084297	00084298	00084299	00084300	00084301	00084302	00084303	00084304	00084305	00084306	00084307	00084308	00084309	00084310	00084311	00084312	00084313	00084314	00084315	00084316	00084317	00084318	00084319	00084320	00084321	00084322	00084323	00084324	00084325	00084326	00084327	00084328	00084329	00084330	00084331	00084332	00084333	00084334	00084335	00084336	00084337	00084338	00084339	00084340	00084341
989397319	5230614344	7288079938	00084342	00084343	00084344	00084345	00084346	00084347	00084348	00084349	00084350	00084351	00084352	00084353	00084354	00084355	00084356	00084357	00084358	00084359	00084360	00084361	00084362	00084363	00084364	00084365	00084366	00084367	00084368	00084369	00084370	00084371	00084372	00084373	00084374	00084375	00084376	00084377	00084378	00084379	00084380	00084381	00084382	00084383	00084384	00084385	00084386	00084387	00084388	00084389	00084390	00084391	00084392	00084393	00084394	00084395	00084396	00084397	00084398	00084399	00084400	00084401	00084402	00084403	00084404	00084405	00084406	00084407	00084408	00084409	00084410	00084411	00084412	00084413	00084414	00084415	00084416	00084417	00084418	00084419	00084420	00084421	00084422	00084423	00084424	00084425	00084426	00084427	00084428	00084429	00084430	00084431	00084432	00084433	00084434	00084435	00084436	00084437	00084438	00084439	00084440	00084441	00084442	00084443	00084444	00084445	00084446	00084447	00084448	00084449	00084450	00084451	00084452	00084453	00084454	00084455	00084456	00084457	00084458	00084459	00084460	00084461	00084462	00084463	00084464	00084465	00084466	00084467	00084468	00084469	00084470	00084471	00084472	00084473	00084474	00084475	00084476	00084477	00084478	00084479	00084480	00084481	00084482	00084483	00084484	00084485	00084486	00084487	00084488	00084489	00084490	00084491	00084492	00084493	00084494	00084495	00084496	00084497	00084498	00084499	00084500	00084501	00084502	00084503	00084504	00084505	00084506	00084507	00084508	00084509	00084510	00084511	00084512	00084513	00084514	00084515	00084516	00084517	00084518	00084519	00084520	00084521	00084522	00084523	00084524	00084525	00084526	00084527	00084528	00084529	00084530	00084531	00084532	00084533	00084534	00084535	00084536	00084537	00084538	00084539	00084540	00084541
991814044	5243428666	7306305604	00084542	00084543	00084544	00084545	00084546	00084547	00084548	00084549	00084550	00084551	00084552	00084553	00084554	00084555	00084556	00084557	00084558	00084559	00084560	00084561	00084562	00084563	00084564	00084565	00084566	00084567	00084568	00084569	00084570	00084571	00084572	00084573	00084574	00084575	00084576	00084577	00084578	00084579	00084580	00084581	00084582	00084583	00084584	00084585	00084586	00084587	00084588	00084589	00084590	00084591	00084592	00084593	00084594	00084595	00084596	00084597	00084598	00084599	00084600	00084601	00084602	00084603	00084604	00084605	00084606	00084607	00084608	00084609	00084610	00084611	00084612	00084613	00084614	00084615	00084616	00084617	00084618	00084619	00084620	00084621	00084622	00084623	00084624	00084625	00084626	00084627	00084628	00084629	00084630	00084631	00084632	00084633	00084634	00084635	00084636	00084637	00084638	00084639	00084640	00084641	00084642	00084643	00084644	00084645	00084646	00084647	00084648	00084649	00084650	00084651	00084652	00084653	00084654	00084655	00084656	00084657	00084658	00084659	00084660	00084661	00084662	00084663	00084664	00084665	00084666	00084668	00084669	00084670	00084671	00084672	00084673	00084674	00084675	00084676	00084677	00084678	00084679	00084680	00084681	00084682	00084683	00084684	00084685	00084686	00084687	00084688	00084689	00084690	00084691	00084692	00084693	00084694	00084695	00084696	00084697	00084698	00084699	00084700	00084701	00084702	00084703	00084704	00084705	00084706	00084707	00084708	00084709	00084710	00084711	00084712	00084713	00084714	00084715	00084716	00084717	00084718	00084719	00084720	00084721	00084722	00084723	00084724	00084725	00084726	00084727	00084728	00084729	00084730	00084731	00084732	00084733	00084734	00084735	00084736	00084737	00084738	00084739	00084740	00084741	00084742
994091516	5255395306	7322937217	00084743	00084744	00084745	00084746	00084747	00084748	00084749	00084750	00084751	00084752	00084753	00084754	00084755	00084756	00084757	00084758	00084759	00084760	00084761	00084762	00084763	00084764	00084765	00084766	00084767	00084768	00084769	00084770	00084771	00084772	00084773	00084774	00084775	00084776	00084777	00084778	00084779	00084780	00084781	00084782	00084783	00084784	00084785	00084786	00084787	00084788	00084789	00084790	00084791	00084792	00084793	00084794	00084795	00084796	00084797	00084798	00084799	00084800	00084801	00084802	00084803	00084804	00084805	00084806	00084807	00084808	00084809	00084810	00084811	00084812	00084813	00084814	00084815	00084816	00084817	00084818	00084819	00084820	00084821	00084822	00084823	00084824	00084825	00084826	00084827	00084828	00084829	00084830	00084831	00084832	00084833	00084834	00084835	00084836	00084837	00084838	00084839	00084840	00084841	00084842	00084843	00084844	00084845	00084846	00084847	00084848	00084849	00084850	00084851	00084852	00084853	00084854	00084855	00084856	00084857	00084858	00084859	00084860	00084861	00084862	00084863	00084864	00084865	00084866	00084867	00084868	00084869	00084870	00084871	00084872	00084873	00084874	00084875	00084876	00084877	00084878	00084879	00084880	00084881	00084882	00084883	00084884	00084885	00084886	00084887	00084888	00084889	00084890	00084891	00084892	00084893	00084894	00084895	00084896	00084897	00084898	00084899	00084900	00084901	00084902	00084903	00084904	00084905	00084906	00084907	00084908	00084909	00084910	00084911	00084912	00084913	00084914	00084915	00084916	00084917	00084918	00084919	00084920	00084921	00084922	00084923	00084924	00084925	00084926	00084927	00084928	00084929	00084930	00084931	00084932	00084933	00084934	00084935	00084936	00084937	00084938	00084939	00084940	00084941	00084942
996446338	5267854140	7340216072	00084943	00084944	00084945	00084946	00084947	00084948	00084949	00084950	00084951	00084952	00084953	00084954	00084955	00084956	00084957	00084958	00084959	00084960	00084961	00084962	00084963	00084964	00084965	00084966	00084967	00084968	00084969	00084970	00084971	00084972	00084973	00084974	00084975	00084976	00084977	00084978	00084979	00084980	00084981	00084982	00084983	00084984	00084985	00084986	00084987	00084988	00084989	00084990	00084991	00084992	00084993	00084994	00084995	00084996	00084997	00084998	00084999	00085000	00085001	00085002	00085003	00085004	00085005	00085006	00085007	00085008	00085009	00085010	00085011	00085012	00085013	00085014	00085015	00085016	00085017	00085018	00085019	00085020	00085021	00085022	00085023	00085024	00085025	00085026	00085027	00085028	00085029	00085030	00085031	00085032	00085033	00085034	00085035	00085036	00085037	00085038	00085039	00085040	00085041	00085042	00085043	00085044	00085045	00085046	00085047	00085048	00085049	00085050	00085051	00085052	00085053	00085054	00085055	00085056	00085057	00085058	00085059	00085060	00085061	00085062	00085063	00085064	00085065	00085066	00085067	00085068	00085069	00085070	00085071	00085072	00085073	00085074	00085075	00085076	00085077	00085078	00085079	00085080	00085081	00085082	00085083	00085084	00085085	00085086	00085087	00085088	00085089	00085090	00085091	00085092	00085093	00085094	00085095	00085096	00085097	00085098	00085099	00085100	00085101	00085102	00085103	00085104	00085105	00085106	00085107	00085108	00085109	00085110	00085111	00085112	00085113	00085114	00085115	00085116	00085117	00085118	00085119	00085120	00085121	00085122	00085123	00085124	00085125	00085126	00085127	00085128	00085129	00085130	00085131	00085132	00085133	00085134	00085135	00085136	00085137	00085138	00085139	00085140	00085141	00085142
998834792	5280633148	7358408271	00085143	00085144	00085145	00085146	00085147	00085148	00085149	00085150	00085151	00085152	00085153	00085154	00085155	00085156	00085157	00085158	00085159	00085160	00085161	00085162	00085163	00085164	00085165	00085166	00085167	00085168	00085169	00085170	00085171	00085172	00085173	00085174	00085175	00085176	00085177	00085178	00085179	00085180	00085181	00085182	00085183	00085184	00085185	00085186	00085187	00085188	00085189	00085190	00085191	00085192	00085193	00085194	00085195	00085196	00085197	00085198	00085199	00085200	00085201	00085202	00085203	00085204	00085205	00085206	00085207	00085208	00085209	00085210	00085211	00085212	00085213	00085214	00085215	00085216	00085217	00085218	00085219	00085220	00085221	00085222	00085223	00085224	00085225	00085226	00085227	00085228	00085229	00085230	00085231	00085232	00085233	00085234	00085235	00085236	00085237	00085238	00085239	00085240	00085241	00085242	00085243	00085244	00085245	00085246	00085247	00085248	00085249	00085250	00085251	00085252	00085253	00085254	00085255	00085256	00085257	00085258	00085259	00085260	00085261	00085262	00085263	00085264	00085265	00085266	00085267	00085268	00085269	00085270	00085271	00085272	00085273	00085274	00085275	00085276	00085277	00085278	00085279	00085280	00085281	00085282	00085283	00085284	00085285	00085286	00085287	00085288	00085289	00085290	00085291	00085292	00085293	00085294	00085295	00085296	00085297	00085298	00085299	00085300	00085301	00085302	00085303	00085304	00085305	00085306	00085307	00085308	00085309	00085310	00085311	00085312	00085313	00085314	00085315	00085316	00085317	00085318	00085319	00085320	00085321	00085322	00085323	00085324	00085325	00085326	00085327	00085328	00085329	00085330	00085331	00085332	00085333	00085334	00085335	00085336	00085337	00085338	00085339	00085340	00085341	00085342
1001244965	5293473638	7377105171	00085343	00085344	00085345	00085346	00085347	00085348	00085349	00085350	00085351	00085352	00085353	00085354	00085355	00085356	00085357	00085358	00085359	00085360	00085361	00085362	00085363	00085364	00085365	00085366	00085367	00085368	00085369	00085370	00085371	00085372	00085373	00085374	00085375	00085376	00085377	00085378	00085379	00085380	00085381	00085382	00085383	00085384	00085385	00085386	00085387	00085388	00085389	00085390	00085391	00085392	00085393	00085394	00085395	00085396	00085397	00085398	00085399	00085400	00085401	00085402	00085403	00085404	00085405	00085406	00085407	00085408	00085409	00085410	00085411	00085412	00085413	00085414	00085415	00085416	00085417	00085418	00085419	00085420	00085421	00085422	00085424	00085425	00085426	00085427	00085428	00085429	00085430	00085431	00085432	00085433	00085434	00085435	00085436	00085437	00085438	00085439	00085440	00085441	00085442	00085443	00085444	00085445	00085446	00085447	00085448	00085449	00085450	00085451	00085452	00085453	00085454	00085455	00085456	00085457	00085458	00085459	00085460	00085461	00085462	00085463	00085464	00085465	00085466	00085467	00085468	00085469	00085470	00085471	00085472	00085473	00085474	00085475	00085476	00085477	00085478	00085479	00085480	00085481	00085482	00085483	00085484	00085485	00085486	00085487	00085488	00085489	00085490	00085491	00085492	00085493	00085494	00085495	00085496	00085497	00085498	00085499	00085500	00085501	00085502	00085503	00085504	00085505	00085506	00085507	00085508	00085509	00085510	00085511	00085512	00085513	00085514	00085515	00085516	00085517	00085518	00085519	00085520	00085521	00085522	00085523	00085524	00085525	00085526	00085527	00085528	00085529	00085530	00085531	00085532	00085533	00085534	00085535	00085536	00085537	00085538	00085539	00085540	00085541	00085542	00085543
1003573917	5305801262	7393905813	00085544	00085545	00085546	00085547	00085548	00085549	00085550	00085551	00085552	00085553	00085554	00085555	00085556	00085557	00085558	00085559	00085560	00085561	00085562	00085563	00085564	00085565	00085566	00085567	00085568	00085569	00085570	00085571	00085572	00085573	00085574	00085575	00085576	00085577	00085578	00085579	00085580	00085581	00085582	00085583	00085584	00085585	00085586	00085587	00085588	00085589	00085590	00085591	00085592	00085593	00085594	00085595	00085596	00085597	00085598	00085599	00085600	00085601	00085602	00085603	00085604	00085605	00085606	00085607	00085608	00085609	00085610	00085611	00085612	00085613	00085614	00085615	00085616	00085617	00085618	00085619	00085620	00085621	00085622	00085623	00085624	00085625	00085626	00085627	00085628	00085629	00085630	00085631	00085632	00085633	00085634	00085635	00085636	00085637	00085638	00085639	00085640	00085641	00085642	00085643	00085644	00085645	00085646	00085647	00085648	00085649	00085650	00085651	00085652	00085653	00085654	00085655	00085656	00085657	00085658	00085659	00085660	00085661	00085662	00085663	00085664	00085665	00085666	00085667	00085668	00085669	00085670	00085671	00085672	00085673	00085674	00085675	00085676	00085677	00085678	00085679	00085680	00085681	00085682	00085683	00085684	00085685	00085686	00085687	00085688	00085689	00085690	00085691	00085692	00085693	00085694	00085695	00085696	00085697	00085698	00085699	00085700	00085701	00085702	00085703	00085704	00085705	00085706	00085707	00085708	00085709	00085710	00085711	00085712	00085713	00085714	00085715	00085716	00085717	00085718	00085719	00085720	00085721	00085722	00085723	00085724	00085725	00085726	00085727	00085728	00085729	00085730	00085731	00085732	00085733	00085734	00085735	00085736	00085737	00085738	00085739	00085740	00085741	00085742	00085743
1005888363	5318075462	7410866060	00085744	00085745	00085746	00085747	00085748	00085749	00085750	00085751	00085752	00085753	00085754	00085755	00085756	00085757	00085758	00085759	00085760	00085761	00085762	00085763	00085764	00085765	00085766	00085767	00085768	00085769	00085770	00085771	00085772	00085773	00085774	00085775	00085776	00085777	00085778	00085779	00085780	00085781	00085782	00085783	00085784	00085785	00085786	00085787	00085788	00085789	00085790	00085791	00085792	00085793	00085794	00085795	00085796	00085797	00085798	00085799	00085800	00085801	00085802	00085803	00085804	00085805	00085806	00085807	00085808	00085809	00085810	00085811	00085812	00085813	00085814	00085815	00085816	00085817	00085818	00085819	00085820	00085821	00085822	00085823	00085824	00085825	00085826	00085827	00085828	00085829	00085830	00085831	00085832	00085833	00085834	00085835	00085836	00085837	00085838	00085839	00085840	00085841	00085842	00085843	00085844	00085845	00085846	00085847	00085848	00085849	00085850	00085851	00085852	00085853	00085854	00085855	00085856	00085857	00085858	00085859	00085860	00085861	00085862	00085863	00085864	00085865	00085866	00085867	00085868	00085869	00085870	00085871	00085872	00085873	00085874	00085875	00085876	00085877	00085878	00085879	00085880	00085881	00085882	00085883	00085884	00085885	00085886	00085887	00085888	00085889	00085890	00085891	00085892	00085893	00085894	00085895	00085896	00085897	00085898	00085899	00085900	00085901	00085902	00085903	00085904	00085905	00085906	00085907	00085908	00085909	00085910	00085911	00085912	00085913	00085914	00085915	00085916	00085917	00085918	00085919	00085920	00085921	00085922	00085923	00085924	00085925	00085926	00085927	00085928	00085929	00085930	00085931	00085932	00085933	00085934	00085935	00085936	00085937	00085938	00085939	00085940	00085941	00085942	00085943
1008287945	5330783520	7428718654	00085944	00085945	00085946	00085947	00085948	00085949	00085950	00085951	00085952	00085953	00085954	00085955	00085956	00085957	00085958	00085959	00085960	00085961	00085962	00085963	00085964	00085965	00085966	00085967	00085968	00085969	00085970	00085971	00085972	00085973	00085974	00085975	00085976	00085977	00085978	00085979	00085980	00085981	00085982	00085983	00085984	00085985	00085986	00085987	00085988	00085989	00085990	00085991	00085992	00085993	00085994	00085995	00085996	00085997	00085998	00085999	00086000	00086001	00086002	00086003	00086004	00086005	00086006	00086007	00086008	00086009	00086010	00086011	00086012	00086013	00086014	00086015	00086016	00086017	00086018	00086019	00086020	00086021	00086022	00086023	00086024	00086025	00086026	00086027	00086028	00086029	00086030	00086031	00086032	00086033	00086034	00086035	00086036	00086037	00086038	00086039	00086040	00086041	00086042	00086043	00086044	00086045	00086046	00086047	00086048	00086049	00086050	00086051	00086052	00086053	00086054	00086055	00086056	00086057	00086058	00086059	00086060	00086061	00086062	00086063	00086064	00086065	00086066	00086067	00086068	00086069	00086070	00086071	00086072	00086073	00086074	00086075	00086076	00086077	00086078	00086079	00086080	00086081	00086082	00086083	00086084	00086085	00086086	00086087	00086088	00086089	00086090	00086091	00086092	00086093	00086094	00086095	00086096	00086097	00086098	00086099	00086100	00086101	00086102	00086103	00086104	00086105	00086106	00086107	00086108	00086109	00086110	00086111	00086112	00086113	00086114	00086115	00086116	00086117	00086118	00086119	00086120	00086121	00086122	00086123	00086124	00086125	00086126	00086127	00086128	00086129	00086130	00086131	00086132	00086133	00086134	00086135	00086136	00086137	00086138	00086139	00086140	00086141	00086142	00086143
1010732342	5343789928	7447405068	00086144	00086145	00086146	00086147	00086148	00086149	00086150	00086151	00086152	00086153	00086154	00086155	00086156	00086157	00086158	00086159	00086160	00086161	00086162	00086163	00086164	00086165	00086166	00086167	00086168	00086169	00086170	00086171	00086172	00086173	00086174	00086175	00086176	00086177	00086178	00086179	00086180	00086181	00086182	00086183	00086184	00086185	00086186	00086187	00086188	00086189	00086190	00086191	00086192	00086193	00086194	00086195	00086196	00086197	00086198	00086199	00086200	00086201	00086202	00086203	00086204	00086205	00086206	00086207	00086208	00086209	00086210	00086211	00086212	00086213	00086214	00086215	00086216	00086217	00086218	00086219	00086220	00086221	00086222	00086223	00086224	00086225	00086226	00086227	00086228	00086229	00086230	00086231	00086232	00086233	00086234	00086235	00086236	00086237	00086238	00086239	00086240	00086241	00086242	00086243	00086244	00086245	00086246	00086247	00086248	00086249	00086250	00086251	00086252	00086253	00086254	00086255	00086256	00086257	00086258	00086259	00086260	00086261	00086262	00086263	00086264	00086265	00086266	00086267	00086268	00086269	00086270	00086271	00086272	00086273	00086274	00086275	00086276	00086277	00086278	00086279	00086280	00086281	00086282	00086283	00086284	00086285	00086286	00086287	00086288	00086289	00086290	00086291	00086292	00086293	00086294	00086295	00086296	00086297	00086298	00086299	00086300	00086301	00086302	00086303	00086304	00086305	00086306	00086307	00086308	00086309	00086310	00086311	00086312	00086313	00086314	00086315	00086316	00086317	00086318	00086319	00086320	00086321	00086322	00086323	00086324	00086325	00086326	00086327	00086328	00086329	00086330	00086331	00086332	00086333	00086334	00086335	00086336	00086337	00086338	00086339	00086340	00086341	00086342	00086343
1013038211	5356052204	7464457107	00086344	00086345	00086346	00086347	00086348	00086349	00086350	00086351	00086352	00086353	00086354	00086355	00086356	00086357	00086358	00086359	00086360	00086361	00086362	00086363	00086364	00086365	00086366	00086367	00086368	00086369	00086370	00086371	00086372	00086373	00086374	00086375	00086376	00086377	00086378	00086379	00086380	00086381	00086382	00086383	00086384	00086385	00086386	00086387	00086388	00086389	00086390	00086391	00086392	00086393	00086394	00086395	00086396	00086397	00086398	00086399	00086400	00086401	00086402	00086403	00086404	00086405	00086406	00086407	00086408	00086409	00086410	00086411	00086412	00086413	00086414	00086415	00086416	00086417	00086418	00086419	00086420	00086421	00086422	00086423	00086424	00086425	00086426	00086427	00086428	00086429	00086430	00086431	00086432	00086433	00086434	00086435	00086436	00086437	00086438	00086439	00086440	00086441	00086442	00086443	00086444	00086445	00086446	00086447	00086448	00086449	00086450	00086451	00086452	00086453	00086454	00086455	00086456	00086457	00086458	00086459	00086460	00086461	00086462	00086463	00086464	00086465	00086466	00086467	00086468	00086469	00086470	00086471	00086472	00086473	00086474	00086475	00086476	00086477	00086478	00086479	00086480	00086481	00086482	00086483	00086484	00086485	00086486	00086487	00086488	00086489	00086490	00086491	00086492	00086493	00086494	00086495	00086496	00086497	00086498	00086499	00086500	00086501	00086502	00086503	00086504	00086505	00086506	00086507	00086508	00086509	00086510	00086511	00086512	00086513	00086514	00086515	00086516	00086517	00086518	00086519	00086520	00086521	00086522	00086523	00086524	00086525	00086526	00086527	00086528	00086529	00086530	00086531	00086532	00086533	00086534	00086535	00086536	00086537	00086538	00086539	00086540	00086541	00086542	00086543
1015434991	5368766986	7482061067	00086544	00086545	00086546	00086547	00086548	00086549	00086550	00086551	00086552	00086553	00086554	00086555	00086556	00086557	00086558	00086559	00086560	00086561	00086562	00086563	00086564	00086565	00086566	00086567	00086568	00086569	00086570	00086571	00086572	00086573	00086574	00086575	00086576	00086577	00086578	00086579	00086580	00086581	00086582	00086583	00086584	00086585	00086586	00086587	00086588	00086589	00086590	00086591	00086592	00086593	00086594	00086595	00086596	00086597	00086598	00086599	00086600	00086601	00086602	00086603	00086604	00086605	00086606	00086607	00086608	00086609	00086610	00086611	00086612	00086613	00086614	00086615	00086616	00086617	00086618	00086619	00086620	00086621	00086622	00086623	00086624	00086625	00086626	00086627	00086628	00086629	00086630	00086631	00086632	00086633	00086634	00086635	00086636	00086637	00086638	00086639	00086640	00086641	00086642	00086643	00086644	00086645	00086646	00086647	00086648	00086649	00086650	00086651	00086652	00086653	00086654	00086655	00086656	00086657	00086658	00086659	00086660	00086661	00086662	00086663	00086664	00086665	00086666	00086667	00086668	00086669	00086670	00086671	00086672	00086673	00086674	00086675	00086676	00086677	00086678	00086679	00086680	00086681	00086682	00086683	00086684	00086685	00086686	00086687	00086688	00086689	00086690	00086691	00086692	00086693	00086694	00086695	00086696	00086697	00086698	00086699	00086700	00086701	00086702	00086703	00086704	00086705	00086706	00086707	00086708	00086709	00086710	00086711	00086712	00086713	00086714	00086715	00086716	00086717	00086718	00086719	00086720	00086721	00086722	00086723	00086724	00086725	00086726	00086727	00086728	00086729	00086730	00086731	00086732	00086733	00086734	00086735	00086736	00086737	00086738	00086739	00086740	00086741	00086742	00086743
1017668131	5380582474	7497928017	00086744	00086745	00086746	00086747	00086748	00086749	00086750	00086751	00086752	00086753	00086754	00086755	00086756	00086757	00086758	00086759	00086760	00086761	00086762	00086763	00086764	00086765	00086766	00086767	00086768	00086769	00086770	00086771	00086772	00086773	00086774	00086775	00086776	00086777	00086778	00086779	00086780	00086781	00086782	00086783	00086784	00086785	00086786	00086787	00086788	00086789	00086790	00086791	00086792	00086793	00086794	00086795	00086796	00086797	00086798	00086799	00086800	00086801	00086802	00086803	00086804	00086805	00086806	00086807	00086808	00086809	00086810	00086811	00086812	00086813	00086814	00086815	00086816	00086817	00086818	00086819	00086820	00086821	00086822	00086823	00086824	00086825	00086826	00086827	00086828	00086829	00086830	00086831	00086832	00086833	00086834	00086835	00086836	00086837	00086838	00086839	00086840	00086841	00086842	00086843	00086844	00086845	00086846	00086847	00086848	00086849	00086850	00086851	00086852	00086853	00086854	00086855	00086856	00086857	00086858	00086859	00086860	00086861	00086862	00086863	00086864	00086865	00086866	00086867	00086868	00086869	00086870	00086871	00086872	00086873	00086874	00086875	00086876	00086877	00086878	00086879	00086880	00086881	00086882	00086883	00086884	00086885	00086886	00086887	00086888	00086889	00086890	00086891	00086892	00086893	00086894	00086895	00086896	00086897	00086898	00086899	00086900	00086901	00086902	00086903	00086904	00086905	00086906	00086907	00086908	00086909	00086910	00086911	00086912	00086913	00086914	00086915	00086916	00086917	00086918	00086919	00086920	00086921	00086922	00086923	00086924	00086925	00086926	00086927	00086928	00086929	00086930	00086931	00086932	00086933	00086934	00086935	00086936	00086937	00086938	00086939	00086940	00086941	00086942	00086943
1019908090	5392348144	7513815687	00086944	00086945	00086946	00086947	00086948	00086949	00086950	00086951	00086952	00086953	00086954	00086955	00086956	00086957	00086958	00086959	00086960	00086961	00086962	00086963	00086964	00086965	00086966	00086967	00086968	00086969	00086970	00086971	00086972	00086973	00086974	00086975	00086976	00086977	00086978	00086979	00086980	00086981	00086982	00086983	00086984	00086985	00086986	00086987	00086988	00086989	00086990	00086991	00086992	00086993	00086994	00086995	00086996	00086997	00086998	00086999	00087000	00087001	00087002	00087003	00087004	00087005	00087006	00087007	00087008	00087009	00087010	00087011	00087012	00087013	00087014	00087015	00087016	00087017	00087018	00087019	00087020	00087021	00087022	00087023	00087024	00087025	00087026	00087027	00087028	00087029	00087030	00087031	00087032	00087033	00087034	00087035	00087036	00087037	00087038	00087039	00087040	00087041	00087042	00087043	00087044	00087045	00087046	00087047	00087048	00087049	00087050	00087051	00087052	00087053	00087054	00087055	00087056	00087057	00087058	00087059	00087060	00087061	00087062	00087063	00087064	00087065	00087066	00087067	00087068	00087069	00087070	00087071	00087072	00087073	00087074	00087075	00087076	00087077	00087078	00087079	00087080	00087081	00087082	00087083	00087084	00087085	00087086	00087087	00087088	00087089	00087090	00087091	00087092	00087093	00087094	00087095	00087096	00087097	00087098	00087099	00087100	00087101	00087102	00087103	00087104	00087105	00087106	00087107	00087108	00087109	00087110	00087111	00087112	00087113	00087114	00087115	00087116	00087117	00087118	00087119	00087120	00087121	00087122	00087123	00087124	00087125	00087126	00087127	00087128	00087129	00087130	00087131	00087132	00087133	00087134	00087135	00087136	00087137	00087138	00087139	00087140	00087141	00087142	00087143
1022191377	5404435128	7530511941	00087144	00087145	00087146	00087147	00087148	00087149	00087150	00087151	00087152	00087153	00087154	00087155	00087156	00087157	00087158	00087159	00087160	00087161	00087162	00087163	00087164	00087165	00087166	00087167	00087168	00087169	00087170	00087171	00087172	00087173	00087174	00087175	00087176	00087177	00087178	00087179	00087180	00087181	00087182	00087183	00087184	00087185	00087186	00087187	00087188	00087189	00087190	00087191	00087192	00087193	00087194	00087195	00087196	00087197	00087198	00087199	00087200	00087201	00087202	00087203	00087204	00087205	00087206	00087207	00087208	00087209	00087210	00087211	00087212	00087213	00087214	00087215	00087216	00087217	00087218	00087219	00087220	00087221	00087222	00087223	00087224	00087225	00087226	00087227	00087228	00087229	00087230	00087231	00087232	00087233	00087234	00087235	00087236	00087237	00087238	00087239	00087240	00087241	00087242	00087243	00087244	00087245	00087246	00087247	00087248	00087249	00087250	00087251	00087252	00087253	00087254	00087255	00087256	00087257	00087258	00087259	00087260	00087261	00087262	00087263	00087264	00087265	00087266	00087267	00087268	00087269	00087270	00087271	00087272	00087273	00087274	00087275	00087276	00087277	00087278	00087279	00087280	00087281	00087282	00087283	00087284	00087285	00087286	00087287	00087288	00087289	00087290	00087291	00087292	00087293	00087294	00087295	00087296	00087297	00087298	00087299	00087300	00087301	00087302	00087303	00087304	00087305	00087306	00087307	00087308	00087309	00087310	00087311	00087312	00087313	00087314	00087315	00087316	00087317	00087318	00087319	00087320	00087321	00087322	00087323	00087324	00087325	00087326	00087327	00087328	00087329	00087330	00087331	00087332	00087333	00087334	00087335	00087336	00087337	00087338	00087339	00087340	00087341	00087342	00087343
1024591198	5417208056	7548392763	00087344	00087345	00087346	00087347	00087348	00087349	00087350	00087351	00087352	00087353	00087354	00087355	00087356	00087357	00087358	00087359	00087360	00087361	00087362	00087363	00087364	00087365	00087366	00087367	00087368	00087369	00087370	00087371	00087372	00087373	00087374	00087375	00087376	00087377	00087378	00087379	00087380	00087381	00087382	00087383	00087384	00087386	00087387	00087388	00087389	00087390	00087391	00087392	00087393	00087394	00087395	00087396	00087397	00087398	00087399	00087400	00087401	00087402	00087403	00087404	00087405	00087406	00087407	00087408	00087409	00087410	00087411	00087412	00087413	00087414	00087415	00087416	00087417	00087418	00087419	00087420	00087421	00087422	00087423	00087424	00087425	00087426	00087427	00087428	00087429	00087430	00087431	00087432	00087433	00087434	00087435	00087436	00087437	00087438	00087439	00087440	00087441	00087442	00087443	00087444	00087445	00087446	00087447	00087448	00087449	00087450	00087451	00087452	00087453	00087454	00087455	00087456	00087457	00087458	00087459	00087460	00087461	00087462	00087463	00087464	00087465	00087466	00087467	00087468	00087469	00087470	00087471	00087472	00087473	00087474	00087475	00087476	00087477	00087478	00087479	00087480	00087481	00087482	00087483	00087484	00087485	00087486	00087487	00087488	00087489	00087490	00087491	00087492	00087493	00087494	00087495	00087496	00087497	00087498	00087499	00087500	00087501	00087502	00087503	00087504	00087505	00087506	00087507	00087508	00087509	00087510	00087511	00087512	00087513	00087514	00087515	00087516	00087517	00087518	00087519	00087520	00087521	00087522	00087523	00087524	00087525	00087526	00087527	00087528	00087529	00087530	00087531	00087532	00087533	00087534	00087535	00087536	00087537	00087538	00087539	00087540	00087541	00087542	00087543	00087544
1026991625	5429873744	7565958292	00087545	00087546	00087547	00087548	00087549	00087550	00087551	00087552	00087553	00087554	00087555	00087556	00087557	00087558	00087559	00087560	00087561	00087562	00087563	00087564	00087565	00087566	00087567	00087568	00087569	00087570	00087571	00087572	00087573	00087574	00087575	00087576	00087577	00087578	00087579	00087580	00087581	00087582	00087583	00087584	00087585	00087586	00087587	00087588	00087589	00087590	00087591	00087592	00087593	00087594	00087595	00087596	00087597	00087598	00087599	00087600	00087601	00087602	00087603	00087604	00087605	00087606	00087607	00087608	00087609	00087610	00087611	00087612	00087613	00087614	00087615	00087616	00087617	00087618	00087619	00087620	00087621	00087622	00087623	00087624	00087625	00087626	00087627	00087628	00087629	00087630	00087631	00087632	00087633	00087634	00087635	00087636	00087637	00087638	00087639	00087640	00087641	00087642	00087643	00087644	00087645	00087646	00087647	00087648	00087649	00087650	00087651	00087652	00087653	00087654	00087655	00087656	00087657	00087658	00087659	00087660	00087661	00087662	00087663	00087664	00087665	00087666	00087667	00087668	00087669	00087670	00087671	00087672	00087673	00087674	00087675	00087676	00087677	00087678	00087679	00087680	00087681	00087682	00087683	00087684	00087685	00087686	00087687	00087688	00087689	00087690	00087691	00087692	00087693	00087694	00087695	00087696	00087697	00087698	00087699	00087700	00087701	00087702	00087703	00087704	00087705	00087706	00087707	00087708	00087709	00087710	00087711	00087712	00087713	00087714	00087715	00087716	00087717	00087718	00087719	00087720	00087721	00087722	00087723	00087724	00087725	00087726	00087727	00087728	00087729	00087730	00087731	00087732	00087733	00087734	00087735	00087736	00087737	00087738	00087739	00087740	00087741	00087742	00087743	00087744
1029247058	5441853122	7582363002	00087745	00087746	00087747	00087748	00087749	00087750	00087751	00087752	00087753	00087754	00087755	00087756	00087757	00087758	00087759	00087760	00087761	00087762	00087763	00087764	00087765	00087766	00087767	00087768	00087769	00087770	00087771	00087772	00087773	00087774	00087775	00087776	00087777	00087778	00087779	00087780	00087781	00087782	00087783	00087784	00087785	00087786	00087787	00087788	00087789	00087790	00087791	00087792	00087793	00087794	00087795	00087796	00087797	00087798	00087799	00087800	00087801	00087802	00087803	00087804	00087805	00087806	00087807	00087808	00087809	00087810	00087811	00087812	00087813	00087814	00087815	00087816	00087817	00087818	00087819	00087820	00087821	00087822	00087823	00087824	00087825	00087826	00087827	00087828	00087829	00087830	00087831	00087832	00087833	00087834	00087835	00087836	00087837	00087838	00087839	00087840	00087841	00087842	00087843	00087844	00087845	00087846	00087847	00087848	00087849	00087850	00087851	00087852	00087853	00087854	00087855	00087856	00087857	00087858	00087859	00087860	00087861	00087862	00087863	00087864	00087865	00087866	00087867	00087868	00087869	00087870	00087871	00087872	00087873	00087874	00087875	00087876	00087877	00087878	00087879	00087880	00087881	00087882	00087883	00087884	00087885	00087886	00087887	00087888	00087889	00087890	00087891	00087892	00087893	00087894	00087895	00087896	00087897	00087898	00087899	00087900	00087901	00087902	00087903	00087904	00087905	00087906	00087907	00087908	00087909	00087910	00087911	00087912	00087913	00087914	00087915	00087916	00087917	00087918	00087919	00087920	00087921	00087922	00087923	00087924	00087925	00087926	00087927	00087928	00087929	00087930	00087931	00087932	00087933	00087934	00087935	00087936	00087937	00087938	00087939	00087940	00087941	00087942	00087943	00087944
1031617758	5454386784	7599657128	00087945	00087946	00087947	00087948	00087949	00087950	00087951	00087952	00087953	00087954	00087955	00087956	00087957	00087958	00087959	00087960	00087961	00087962	00087963	00087964	00087965	00087966	00087967	00087968	00087969	00087970	00087971	00087972	00087973	00087974	00087975	00087976	00087977	00087978	00087979	00087980	00087981	00087982	00087983	00087984	00087985	00087986	00087987	00087988	00087989	00087990	00087991	00087992	00087993	00087994	00087995	00087996	00087997	00087998	00087999	00088000	00088001	00088002	00088003	00088004	00088005	00088006	00088007	00088008	00088009	00088010	00088011	00088012	00088013	00088014	00088015	00088016	00088017	00088018	00088019	00088020	00088021	00088022	00088023	00088024	00088025	00088026	00088027	00088028	00088029	00088030	00088031	00088032	00088033	00088034	00088035	00088036	00088037	00088038	00088039	00088040	00088041	00088042	00088043	00088044	00088045	00088046	00088047	00088048	00088049	00088050	00088051	00088052	00088053	00088054	00088055	00088056	00088057	00088058	00088059	00088060	00088061	00088062	00088063	00088064	00088065	00088066	00088067	00088068	00088069	00088070	00088071	00088072	00088073	00088074	00088075	00088076	00088077	00088078	00088079	00088080	00088081	00088082	00088083	00088084	00088085	00088086	00088087	00088088	00088089	00088090	00088091	00088092	00088093	00088094	00088095	00088096	00088097	00088098	00088099	00088100	00088101	00088102	00088103	00088104	00088105	00088106	00088107	00088108	00088109	00088110	00088111	00088112	00088113	00088114	00088115	00088116	00088117	00088118	00088119	00088120	00088121	00088122	00088123	00088124	00088125	00088126	00088127	00088128	00088129	00088130	00088131	00088132	00088133	00088134	00088135	00088136	00088137	00088138	00088139	00088140	00088141	00088142	00088143	00088144
1033931720	5466588278	7616645263	00088145	00088146	00088147	00088148	00088149	00088150	00088151	00088152	00088153	00088154	00088155	00088156	00088157	00088158	00088159	00088160	00088161	00088162	00088163	00088164	00088165	00088166	00088167	00088168	00088169	00088170	00088171	00088172	00088173	00088174	00088175	00088176	00088177	00088178	00088179	00088180	00088181	00088182	00088183	00088184	00088185	00088186	00088187	00088188	00088189	00088190	00088191	00088192	00088193	00088194	00088195	00088196	00088197	00088198	00088199	00088200	00088201	00088202	00088203	00088204	00088205	00088206	00088207	00088208	00088209	00088210	00088211	00088212	00088213	00088214	00088215	00088216	00088217	00088218	00088219	00088220	00088221	00088222	00088223	00088224	00088225	00088226	00088227	00088228	00088229	00088230	00088231	00088232	00088233	00088234	00088235	00088236	00088237	00088238	00088239	00088240	00088241	00088242	00088243	00088244	00088245	00088246	00088247	00088248	00088249	00088250	00088251	00088252	00088253	00088254	00088255	00088256	00088257	00088258	00088259	00088260	00088261	00088263	00088264	00088265	00088266	00088267	00088268	00088269	00088270	00088271	00088272	00088273	00088274	00088275	00088276	00088277	00088278	00088279	00088280	00088281	00088282	00088283	00088284	00088285	00088286	00088287	00088288	00088289	00088290	00088291	00088292	00088293	00088294	00088295	00088296	00088297	00088298	00088299	00088300	00088301	00088302	00088303	00088304	00088305	00088306	00088307	00088308	00088309	00088310	00088311	00088312	00088313	00088314	00088315	00088316	00088317	00088318	00088319	00088320	00088321	00088322	00088323	00088324	00088325	00088326	00088327	00088328	00088329	00088330	00088331	00088332	00088333	00088334	00088335	00088336	00088337	00088338	00088339	00088340	00088341	00088342	00088343	00088344	00088345
1036394359	5479721726	7635540467	00088346	00088347	00088348	00088349	00088350	00088351	00088352	00088353	00088354	00088355	00088356	00088357	00088358	00088359	00088360	00088361	00088362	00088363	00088364	00088365	00088366	00088367	00088368	00088369	00088370	00088371	00088372	00088373	00088374	00088375	00088376	00088377	00088378	00088379	00088380	00088381	00088382	00088383	00088384	00088385	00088386	00088387	00088388	00088389	00088390	00088391	00088392	00088393	00088394	00088395	00088396	00088397	00088398	00088399	00088400	00088401	00088402	00088403	00088404	00088405	00088406	00088407	00088408	00088409	00088410	00088411	00088412	00088413	00088414	00088415	00088416	00088417	00088418	00088419	00088420	00088421	00088422	00088423	00088424	00088425	00088426	00088427	00088428	00088429	00088430	00088431	00088432	00088433	00088434	00088435	00088436	00088437	00088438	00088439	00088440	00088441	00088442	00088443	00088444	00088445	00088446	00088447	00088448	00088449	00088450	00088451	00088452	00088453	00088454	00088455	00088456	00088457	00088458	00088459	00088460	00088461	00088462	00088463	00088464	00088465	00088466	00088467	00088468	00088469	00088470	00088471	00088472	00088473	00088474	00088475	00088476	00088477	00088478	00088479	00088480	00088481	00088482	00088483	00088484	00088485	00088486	00088487	00088488	00088489	00088490	00088491	00088492	00088493	00088494	00088495	00088496	00088497	00088498	00088499	00088500	00088501	00088502	00088503	00088504	00088505	00088506	00088507	00088508	00088509	00088510	00088511	00088512	00088513	00088514	00088515	00088516	00088517	00088518	00088519	00088520	00088521	00088522	00088523	00088524	00088525	00088526	00088527	00088528	00088529	00088530	00088531	00088532	00088533	00088534	00088535	00088536	00088537	00088538	00088539	00088540	00088541	00088542	00088543	00088544	00088545
1038717253	5491963452	7652578622	00088546	00088547	00088548	00088549	00088550	00088551	00088552	00088553	00088554	00088555	00088556	00088557	00088558	00088559	00088560	00088561	00088562	00088563	00088564	00088565	00088566	00088567	00088568	00088569	00088570	00088571	00088572	00088573	00088574	00088575	00088576	00088577	00088578	00088579	00088580	00088581	00088582	00088583	00088584	00088585	00088586	00088587	00088588	00088589	00088590	00088591	00088592	00088593	00088594	00088595	00088596	00088597	00088598	00088599	00088600	00088601	00088602	00088603	00088604	00088605	00088606	00088607	00088608	00088609	00088610	00088611	00088612	00088613	00088614	00088615	00088616	00088617	00088618	00088619	00088620	00088621	00088622	00088623	00088624	00088625	00088626	00088627	00088628	00088629	00088630	00088631	00088632	00088633	00088634	00088635	00088636	00088637	00088638	00088639	00088640	00088641	00088642	00088643	00088644	00088645	00088646	00088647	00088648	00088649	00088650	00088651	00088652	00088653	00088654	00088655	00088656	00088657	00088658	00088659	00088660	00088661	00088662	00088663	00088664	00088665	00088666	00088667	00088668	00088669	00088670	00088671	00088672	00088673	00088674	00088675	00088676	00088677	00088678	00088679	00088680	00088681	00088682	00088683	00088684	00088685	00088686	00088687	00088688	00088689	00088690	00088691	00088692	00088693	00088694	00088695	00088696	00088697	00088698	00088699	00088700	00088701	00088702	00088703	00088704	00088705	00088706	00088707	00088708	00088709	00088710	00088711	00088712	00088713	00088714	00088715	00088716	00088717	00088718	00088719	00088720	00088721	00088722	00088723	00088724	00088725	00088726	00088727	00088728	00088729	00088730	00088731	00088732	00088733	00088734	00088735	00088736	00088737	00088738	00088739	00088740	00088741	00088742	00088743	00088744	00088745
1041095039	5504601622	7669978126	00088746	00088747	00088748	00088749	00088750	00088751	00088752	00088753	00088754	00088755	00088756	00088757	00088758	00088759	00088760	00088761	00088762	00088763	00088764	00088765	00088766	00088767	00088768	00088769	00088770	00088771	00088772	00088773	00088774	00088775	00088776	00088777	00088778	00088779	00088780	00088781	00088782	00088783	00088784	00088785	00088786	00088787	00088788	00088789	00088790	00088791	00088792	00088793	00088794	00088795	00088796	00088797	00088798	00088799	00088800	00088801	00088802	00088803	00088804	00088805	00088806	00088807	00088808	00088809	00088810	00088811	00088812	00088813	00088814	00088815	00088816	00088817	00088818	00088819	00088820	00088821	00088822	00088823	00088824	00088825	00088826	00088827	00088828	00088829	00088830	00088831	00088832	00088833	00088834	00088835	00088836	00088837	00088838	00088839	00088840	00088841	00088842	00088843	00088844	00088845	00088846	00088847	00088848	00088849	00088850	00088851	00088852	00088853	00088854	00088855	00088856	00088857	00088858	00088859	00088860	00088861	00088862	00088863	00088864	00088865	00088866	00088867	00088868	00088869	00088870	00088871	00088872	00088873	00088874	00088875	00088876	00088877	00088878	00088879	00088880	00088881	00088882	00088883	00088884	00088885	00088886	00088887	00088888	00088889	00088890	00088891	00088892	00088893	00088894	00088895	00088896	00088897	00088898	00088899	00088900	00088901	00088902	00088903	00088904	00088905	00088906	00088907	00088908	00088909	00088910	00088911	00088912	00088913	00088914	00088915	00088916	00088917	00088918	00088919	00088920	00088921	00088922	00088923	00088924	00088925	00088926	00088927	00088928	00088929	00088930	00088931	00088932	00088933	00088934	00088935	00088936	00088937	00088938	00088939	00088940	00088941	00088942	00088943	00088944	00088945
1043447898	5516967402	7687380146	00088946	00088947	00088948	00088949	00088950	00088951	00088952	00088953	00088954	00088955	00088956	00088957	00088958	00088959	00088960	00088961	00088962	00088963	00088964	00088965	00088966	00088967	00088968	00088969	00088970	00088971	00088972	00088973	00088974	00088975	00088976	00088977	00088978	00088979	00088980	00088981	00088982	00088983	00088984	00088985	00088986	00088987	00088988	00088989	00088990	00088991	00088992	00088993	00088994	00088995	00088996	00088997	00088998	00088999	00089000	00089001	00089002	00089003	00089004	00089005	00089006	00089007	00089008	00089009	00089010	00089011	00089012	00089013	00089014	00089015	00089016	00089017	00089018	00089019	00089020	00089021	00089022	00089023	00089024	00089025	00089026	00089027	00089028	00089029	00089030	00089031	00089032	00089033	00089034	00089035	00089036	00089037	00089038	00089039	00089040	00089041	00089042	00089043	00089044	00089045	00089046	00089047	00089048	00089049	00089050	00089051	00089052	00089053	00089054	00089055	00089056	00089057	00089058	00089059	00089060	00089061	00089062	00089063	00089064	00089065	00089066	00089067	00089068	00089069	00089070	00089071	00089072	00089073	00089074	00089075	00089076	00089077	00089078	00089079	00089080	00089081	00089082	00089083	00089084	00089085	00089086	00089087	00089088	00089089	00089090	00089091	00089092	00089093	00089094	00089095	00089096	00089097	00089098	00089099	00089100	00089101	00089102	00089103	00089104	00089105	00089106	00089107	00089108	00089109	00089110	00089111	00089112	00089113	00089114	00089115	00089116	00089117	00089118	00089119	00089120	00089121	00089122	00089123	00089124	00089125	00089126	00089127	00089128	00089129	00089130	00089131	00089132	00089133	00089134	00089135	00089136	00089137	00089138	00089139	00089140	00089141	00089142	00089143	00089144	00089145
1045833848	5529624126	7705180442	00089146	00089147	00089148	00089149	00089150	00089151	00089152	00089153	00089154	00089155	00089156	00089157	00089158	00089159	00089160	00089161	00089162	00089163	00089164	00089165	00089166	00089167	00089168	00089169	00089170	00089171	00089172	00089173	00089174	00089175	00089176	00089177	00089178	00089179	00089180	00089181	00089182	00089183	00089184	00089185	00089186	00089187	00089188	00089189	00089190	00089191	00089192	00089193	00089194	00089195	00089196	00089197	00089198	00089199	00089200	00089201	00089202	00089203	00089204	00089205	00089206	00089207	00089208	00089209	00089210	00089211	00089212	00089213	00089214	00089215	00089216	00089217	00089218	00089219	00089220	00089221	00089222	00089223	00089224	00089225	00089226	00089227	00089228	00089229	00089230	00089231	00089232	00089233	00089234	00089235	00089236	00089237	00089238	00089239	00089240	00089241	00089242	00089243	00089244	00089245	00089246	00089247	00089248	00089249	00089250	00089251	00089252	00089253	00089254	00089255	00089256	00089257	00089258	00089259	00089260	00089261	00089262	00089263	00089264	00089265	00089266	00089267	00089268	00089269	00089270	00089271	00089272	00089273	00089274	00089275	00089276	00089277	00089278	00089279	00089280	00089281	00089282	00089283	00089284	00089285	00089286	00089287	00089288	00089289	00089290	00089291	00089292	00089293	00089294	00089295	00089296	00089297	00089298	00089299	00089300	00089301	00089302	00089303	00089304	00089305	00089306	00089307	00089308	00089309	00089310	00089311	00089312	00089313	00089314	00089315	00089316	00089317	00089318	00089319	00089320	00089321	00089322	00089323	00089324	00089325	00089326	00089327	00089328	00089329	00089330	00089331	00089332	00089333	00089334	00089335	00089336	00089337	00089338	00089339	00089340	00089341	00089342	00089343	00089344	00089345
1048204779	5542203174	7722849465	00089346	00089347	00089348	00089349	00089350	00089351	00089352	00089353	00089354	00089355	00089356	00089357	00089358	00089359	00089360	00089361	00089362	00089363	00089364	00089365	00089366	00089367	00089368	00089369	00089370	00089371	00089372	00089373	00089374	00089375	00089376	00089377	00089378	00089379	00089380	00089381	00089382	00089383	00089384	00089385	00089386	00089387	00089388	00089389	00089390	00089391	00089392	00089393	00089394	00089395	00089396	00089397	00089398	00089399	00089400	00089401	00089402	00089403	00089404	00089405	00089406	00089407	00089408	00089409	00089410	00089411	00089412	00089413	00089414	00089415	00089416	00089417	00089418	00089419	00089420	00089421	00089422	00089423	00089424	00089425	00089426	00089427	00089428	00089429	00089430	00089431	00089432	00089433	00089434	00089435	00089436	00089437	00089438	00089439	00089440	00089441	00089442	00089443	00089444	00089445	00089446	00089447	00089448	00089449	00089450	00089451	00089452	00089453	00089454	00089455	00089456	00089457	00089458	00089459	00089460	00089461	00089462	00089463	00089464	00089465	00089466	00089467	00089468	00089469	00089470	00089471	00089472	00089473	00089474	00089475	00089476	00089477	00089478	00089479	00089480	00089481	00089482	00089483	00089484	00089485	00089486	00089487	00089488	00089489	00089490	00089491	00089492	00089493	00089494	00089495	00089496	00089497	00089498	00089499	00089500	00089501	00089502	00089503	00089504	00089505	00089506	00089507	00089508	00089509	00089510	00089511	00089512	00089513	00089514	00089515	00089516	00089517	00089518	00089519	00089520	00089521	00089522	00089523	00089524	00089525	00089526	00089527	00089528	00089529	00089530	00089531	00089532	00089533	00089534	00089535	00089536	00089537	00089538	00089539	00089540	00089541	00089542	00089543	00089544	00089545
1050509459	5554439926	7739469601	00089546	00089547	00089548	00089549	00089550	00089551	00089552	00089553	00089554	00089555	00089556	00089557	00089558	00089559	00089560	00089561	00089562	00089563	00089564	00089565	00089566	00089567	00089568	00089569	00089570	00089571	00089572	00089573	00089574	00089575	00089576	00089577	00089578	00089579	00089580	00089581	00089582	00089583	00089584	00089585	00089586	00089587	00089588	00089589	00089590	00089591	00089592	00089593	00089594	00089595	00089596	00089597	00089598	00089599	00089600	00089601	00089602	00089603	00089604	00089605	00089606	00089607	00089608	00089609	00089610	00089611	00089612	00089613	00089614	00089615	00089616	00089617	00089618	00089619	00089620	00089621	00089622	00089623	00089624	00089625	00089626	00089627	00089628	00089629	00089630	00089631	00089632	00089633	00089634	00089635	00089636	00089637	00089638	00089639	00089640	00089641	00089642	00089643	00089644	00089645	00089646	00089647	00089648	00089649	00089650	00089651	00089652	00089653	00089654	00089655	00089656	00089657	00089658	00089659	00089660	00089661	00089662	00089663	00089664	00089665	00089666	00089667	00089668	00089669	00089670	00089671	00089672	00089673	00089674	00089675	00089676	00089677	00089678	00089679	00089680	00089681	00089682	00089683	00089684	00089685	00089686	00089687	00089688	00089689	00089690	00089691	00089692	00089693	00089694	00089695	00089696	00089697	00089698	00089699	00089700	00089701	00089702	00089703	00089704	00089705	00089706	00089707	00089708	00089709	00089710	00089711	00089712	00089713	00089714	00089715	00089716	00089717	00089718	00089719	00089720	00089721	00089722	00089723	00089724	00089725	00089726	00089727	00089728	00089729	00089730	00089731	00089732	00089733	00089734	00089735	00089736	00089737	00089738	00089739	00089740	00089741	00089742	00089743	00089744	00089745
1052785063	5566493186	7755912477	00089746	00089747	00089748	00089749	00089750	00089751	00089752	00089753	00089754	00089755	00089756	00089757	00089758	00089759	00089760	00089761	00089762	00089763	00089764	00089765	00089766	00089767	00089768	00089769	00089770	00089771	00089772	00089773	00089774	00089775	00089776	00089777	00089778	00089779	00089780	00089781	00089782	00089783	00089784	00089785	00089786	00089787	00089788	00089789	00089790	00089791	00089792	00089793	00089794	00089795	00089796	00089797	00089798	00089799	00089800	00089801	00089802	00089803	00089804	00089805	00089806	00089807	00089808	00089809	00089810	00089811	00089812	00089813	00089814	00089815	00089816	00089817	00089818	00089819	00089820	00089821	00089822	00089823	00089824	00089825	00089826	00089827	00089828	00089829	00089830	00089831	00089832	00089833	00089834	00089835	00089836	00089837	00089838	00089839	00089840	00089841	00089842	00089843	00089844	00089845	00089846	00089847	00089848	00089849	00089850	00089851	00089852	00089853	00089854	00089855	00089856	00089857	00089858	00089859	00089860	00089861	00089862	00089863	00089864	00089865	00089866	00089867	00089868	00089869	00089870	00089871	00089872	00089873	00089874	00089875	00089876	00089877	00089878	00089879	00089880	00089881	00089882	00089883	00089884	00089885	00089886	00089887	00089888	00089889	00089890	00089891	00089892	00089893	00089894	00089895	00089896	00089897	00089898	00089899	00089900	00089901	00089902	00089903	00089904	00089905	00089906	00089907	00089908	00089909	00089910	00089911	00089912	00089913	00089914	00089915	00089916	00089917	00089918	00089919	00089920	00089921	00089922	00089923	00089924	00089925	00089926	00089927	00089928	00089929	00089930	00089931	00089932	00089933	00089934	00089935	00089936	00089937	00089938	00089939	00089940	00089941	00089942	00089943	00089944	00089945
1055061463	5578653242	7772704785	00089946	00089947	00089948	00089949	00089950	00089951	00089952	00089953	00089954	00089955	00089956	00089957	00089958	00089959	00089960	00089961	00089962	00089963	00089964	00089965	00089966	00089967	00089968	00089969	00089970	00089971	00089972	00089973	00089974	00089975	00089976	00089977	00089978	00089979	00089980	00089981	00089982	00089983	00089984	00089985	00089986	00089987	00089988	00089989	00089990	00089991	00089992	00089993	00089994	00089995	00089996	00089997	00089998	00089999	00090000	00090001	00090002	00090003	00090004	00090005	00090006	00090007	00090008	00090009	00090010	00090011	00090012	00090013	00090014	00090015	00090016	00090017	00090018	00090019	00090020	00090021	00090022	00090023	00090024	00090025	00090026	00090027	00090028	00090029	00090030	00090031	00090032	00090033	00090034	00090035	00090036	00090037	00090038	00090039	00090040	00090041	00090042	00090043	00090044	00090045	00090046	00090047	00090048	00090049	00090050	00090051	00090052	00090053	00090054	00090055	00090056	00090057	00090058	00090059	00090060	00090061	00090062	00090063	00090064	00090065	00090066	00090067	00090068	00090069	00090070	00090071	00090072	00090073	00090074	00090075	00090076	00090077	00090078	00090079	00090080	00090081	00090082	00090083	00090084	00090085	00090086	00090087	00090088	00090089	00090090	00090091	00090092	00090093	00090094	00090095	00090096	00090097	00090098	00090099	00090100	00090101	00090102	00090103	00090104	00090105	00090106	00090107	00090108	00090109	00090110	00090111	00090112	00090113	00090114	00090115	00090116	00090117	00090118	00090119	00090120	00090121	00090122	00090123	00090124	00090125	00090126	00090127	00090128	00090129	00090130	00090131	00090132	00090133	00090134	00090135	00090136	00090137	00090138	00090139	00090140	00090141	00090142	00090143	00090144	00090145
1057352907	5590776012	7789041018	00090146	00090147	00090148	00090149	00090150	00090151	00090152	00090153	00090154	00090155	00090156	00090157	00090158	00090159	00090160	00090161	00090162	00090163	00090164	00090165	00090166	00090167	00090168	00090169	00090170	00090171	00090172	00090173	00090174	00090175	00090176	00090177	00090178	00090179	00090180	00090181	00090182	00090183	00090184	00090185	00090186	00090187	00090188	00090189	00090190	00090191	00090192	00090193	00090194	00090195	00090196	00090197	00090198	00090199	00090200	00090201	00090202	00090203	00090204	00090205	00090206	00090207	00090208	00090209	00090210	00090211	00090212	00090213	00090214	00090215	00090216	00090217	00090218	00090219	00090220	00090221	00090222	00090223	00090224	00090225	00090226	00090227	00090228	00090229	00090230	00090231	00090232	00090233	00090234	00090235	00090236	00090237	00090238	00090239	00090240	00090241	00090242	00090243	00090244	00090245	00090246	00090247	00090248	00090249	00090250	00090251	00090252	00090253	00090254	00090255	00090256	00090257	00090258	00090259	00090260	00090261	00090262	00090263	00090264	00090265	00090266	00090267	00090268	00090269	00090270	00090271	00090272	00090273	00090274	00090275	00090276	00090277	00090278	00090279	00090280	00090281	00090282	00090283	00090284	00090285	00090286	00090287	00090288	00090289	00090290	00090291	00090292	00090293	00090294	00090295	00090296	00090297	00090298	00090299	00090300	00090301	00090302	00090303	00090304	00090305	00090306	00090307	00090308	00090309	00090310	00090311	00090312	00090313	00090314	00090315	00090316	00090317	00090318	00090319	00090320	00090321	00090322	00090323	00090324	00090325	00090326	00090327	00090328	00090329	00090330	00090331	00090332	00090333	00090334	00090335	00090336	00090337	00090338	00090339	00090340	00090341	00090342	00090343	00090344	00090345
1059704413	5603215718	7806372077	00090346	00090347	00090348	00090349	00090350	00090351	00090352	00090353	00090354	00090355	00090356	00090357	00090358	00090359	00090360	00090361	00090362	00090363	00090364	00090365	00090366	00090367	00090368	00090369	00090370	00090371	00090372	00090373	00090374	00090375	00090376	00090377	00090378	00090379	00090380	00090381	00090382	00090383	00090384	00090385	00090386	00090387	00090388	00090389	00090390	00090391	00090392	00090393	00090394	00090395	00090396	00090397	00090398	00090399	00090400	00090401	00090402	00090403	00090404	00090405	00090406	00090407	00090408	00090409	00090410	00090411	00090412	00090413	00090414	00090415	00090416	00090417	00090418	00090419	00090420	00090421	00090422	00090423	00090424	00090425	00090426	00090427	00090428	00090429	00090430	00090431	00090432	00090433	00090434	00090435	00090436	00090437	00090438	00090439	00090440	00090441	00090442	00090443	00090444	00090445	00090446	00090447	00090448	00090449	00090450	00090451	00090452	00090453	00090454	00090455	00090456	00090457	00090458	00090459	00090460	00090461	00090462	00090463	00090464	00090465	00090466	00090467	00090468	00090469	00090470	00090471	00090472	00090473	00090474	00090475	00090476	00090477	00090478	00090479	00090480	00090481	00090482	00090483	00090484	00090485	00090486	00090487	00090488	00090489	00090490	00090491	00090492	00090493	00090494	00090495	00090496	00090497	00090498	00090499	00090500	00090501	00090502	00090503	00090504	00090505	00090506	00090507	00090508	00090509	00090510	00090511	00090512	00090513	00090514	00090515	00090516	00090517	00090518	00090519	00090520	00090521	00090522	00090523	00090524	00090525	00090526	00090527	00090528	00090529	00090530	00090531	00090532	00090533	00090534	00090535	00090536	00090537	00090538	00090539	00090540	00090541	00090542	00090543	00090544	00090545
1062125761	5616072478	7824162012	00090546	00090547	00090548	00090549	00090550	00090551	00090552	00090553	00090554	00090555	00090556	00090557	00090558	00090559	00090560	00090561	00090562	00090563	00090564	00090565	00090566	00090567	00090568	00090569	00090570	00090571	00090572	00090573	00090574	00090575	00090576	00090577	00090578	00090579	00090580	00090581	00090582	00090583	00090584	00090585	00090586	00090587	00090588	00090589	00090590	00090591	00090592	00090593	00090594	00090595	00090596	00090597	00090598	00090599	00090600	00090601	00090602	00090603	00090604	00090605	00090606	00090607	00090608	00090609	00090610	00090611	00090612	00090613	00090614	00090615	00090616	00090617	00090618	00090619	00090620	00090621	00090622	00090623	00090624	00090625	00090626	00090627	00090628	00090629	00090630	00090631	00090632	00090633	00090634	00090635	00090636	00090637	00090638	00090639	00090640	00090641	00090642	00090643	00090644	00090645	00090646	00090647	00090648	00090649	00090650	00090651	00090652	00090653	00090654	00090655	00090656	00090657	00090658	00090659	00090660	00090661	00090662	00090663	00090664	00090665	00090666	00090667	00090668	00090669	00090670	00090671	00090672	00090673	00090674	00090675	00090676	00090677	00090678	00090679	00090680	00090681	00090682	00090683	00090684	00090685	00090686	00090687	00090688	00090689	00090690	00090691	00090692	00090693	00090694	00090695	00090696	00090697	00090698	00090699	00090700	00090701	00090702	00090703	00090704	00090705	00090706	00090707	00090708	00090709	00090710	00090711	00090712	00090713	00090714	00090715	00090716	00090717	00090718	00090719	00090720	00090721	00090722	00090723	00090724	00090725	00090726	00090727	00090728	00090729	00090730	00090731	00090732	00090733	00090734	00090735	00090736	00090737	00090738	00090739	00090740	00090741	00090742	00090743	00090744	00090745
1064489460	5628631830	7841576163	00090746	00090747	00090748	00090749	00090750	00090751	00090752	00090753	00090754	00090755	00090756	00090757	00090758	00090759	00090760	00090761	00090762	00090763	00090764	00090765	00090766	00090767	00090768	00090769	00090770	00090771	00090772	00090773	00090774	00090775	00090776	00090777	00090778	00090779	00090780	00090781	00090782	00090783	00090784	00090785	00090786	00090787	00090788	00090789	00090790	00090791	00090792	00090793	00090794	00090795	00090796	00090797	00090798	00090799	00090800	00090801	00090802	00090803	00090804	00090805	00090806	00090807	00090808	00090809	00090810	00090811	00090812	00090813	00090814	00090815	00090816	00090817	00090818	00090819	00090820	00090821	00090822	00090823	00090824	00090825	00090826	00090827	00090828	00090829	00090830	00090831	00090832	00090833	00090834	00090835	00090836	00090837	00090838	00090839	00090840	00090841	00090842	00090843	00090844	00090845	00090846	00090847	00090848	00090849	00090850	00090851	00090852	00090853	00090854	00090855	00090856	00090857	00090858	00090859	00090860	00090861	00090862	00090863	00090864	00090865	00090866	00090867	00090868	00090869	00090870	00090871	00090872	00090873	00090874	00090875	00090876	00090877	00090878	00090879	00090880	00090881	00090882	00090883	00090884	00090885	00090886	00090887	00090888	00090889	00090890	00090891	00090892	00090893	00090894	00090895	00090896	00090897	00090898	00090899	00090900	00090901	00090902	00090903	00090904	00090905	00090906	00090907	00090908	00090909	00090910	00090911	00090912	00090913	00090914	00090915	00090916	00090917	00090918	00090919	00090920	00090921	00090922	00090923	00090924	00090925	00090926	00090927	00090928	00090929	00090930	00090931	00090932	00090933	00090934	00090935	00090936	00090937	00090938	00090939	00090940	00090941	00090942	00090943	00090944	00090945
1066866354	5641244694	7859038926	00090946	00090947	00090948	00090949	00090950	00090951	00090952	00090953	00090954	00090955	00090956	00090957	00090958	00090959	00090960	00090961	00090962	00090963	00090964	00090965	00090966	00090967	00090968	00090969	00090970	00090971	00090972	00090973	00090974	00090975	00090976	00090977	00090978	00090979	00090980	00090981	00090982	00090983	00090984	00090985	00090986	00090987	00090988	00090989	00090990	00090991	00090992	00090993	00090994	00090995	00090996	00090997	00090998	00090999	00091000	00091001	00091002	00091003	00091004	00091005	00091006	00091007	00091008	00091009	00091010	00091011	00091012	00091013	00091014	00091015	00091016	00091017	00091018	00091019	00091020	00091021	00091022	00091023	00091024	00091025	00091026	00091027	00091028	00091029	00091030	00091031	00091032	00091033	00091034	00091035	00091036	00091037	00091038	00091039	00091040	00091041	00091042	00091043	00091044	00091045	00091046	00091047	00091048	00091049	00091050	00091051	00091052	00091053	00091054	00091055	00091056	00091057	00091058	00091059	00091060	00091061	00091062	00091063	00091064	00091065	00091066	00091067	00091068	00091069	00091070	00091071	00091072	00091073	00091074	00091075	00091076	00091077	00091078	00091079	00091080	00091081	00091082	00091083	00091084	00091085	00091086	00091087	00091088	00091089	00091090	00091091	00091092	00091093	00091094	00091095	00091096	00091097	00091098	00091099	00091100	00091101	00091102	00091103	00091104	00091105	00091106	00091107	00091108	00091109	00091110	00091111	00091112	00091113	00091114	00091115	00091116	00091117	00091118	00091119	00091120	00091121	00091122	00091123	00091124	00091125	00091126	00091127	00091128	00091129	00091130	00091131	00091132	00091133	00091134	00091135	00091136	00091137	00091138	00091139	00091140	00091141	00091142	00091143	00091144	00091145
1069179062	5653541774	7876221073	00091146	00091147	00091148	00091149	00091150	00091151	00091152	00091153	00091154	00091155	00091156	00091157	00091158	00091159	00091160	00091161	00091162	00091163	00091164	00091165	00091166	00091167	00091168	00091169	00091170	00091171	00091172	00091173	00091174	00091175	00091176	00091177	00091178	00091179	00091180	00091181	00091182	00091183	00091184	00091185	00091186	00091187	00091188	00091189	00091190	00091191	00091192	00091193	00091194	00091195	00091196	00091197	00091198	00091199	00091200	00091201	00091202	00091203	00091204	00091205	00091206	00091207	00091208	00091209	00091210	00091211	00091212	00091213	00091214	00091215	00091216	00091217	00091218	00091219	00091220	00091221	00091222	00091223	00091224	00091225	00091226	00091227	00091228	00091229	00091230	00091231	00091232	00091233	00091234	00091235	00091236	00091237	00091238	00091239	00091240	00091241	00091242	00091243	00091244	00091245	00091246	00091247	00091248	00091249	00091250	00091251	00091252	00091253	00091254	00091255	00091256	00091257	00091258	00091259	00091260	00091261	00091262	00091263	00091264	00091265	00091266	00091267	00091268	00091269	00091270	00091271	00091272	00091273	00091274	00091275	00091276	00091277	00091278	00091279	00091280	00091281	00091282	00091283	00091284	00091285	00091286	00091287	00091288	00091289	00091290	00091291	00091292	00091293	00091294	00091295	00091296	00091297	00091298	00091299	00091300	00091301	00091302	00091303	00091304	00091305	00091306	00091307	00091308	00091309	00091310	00091311	00091312	00091313	00091314	00091315	00091316	00091317	00091318	00091319	00091320	00091321	00091322	00091323	00091324	00091325	00091326	00091327	00091328	00091329	00091330	00091331	00091332	00091333	00091334	00091335	00091336	00091337	00091338	00091339	00091340	00091341	00091342	00091343	00091344	00091345
1071570251	5666238738	7893992809	00091346	00091347	00091348	00091349	00091350	00091351	00091352	00091353	00091354	00091355	00091356	00091357	00091358	00091359	00091360	00091361	00091362	00091363	00091364	00091365	00091366	00091367	00091368	00091369	00091370	00091371	00091372	00091373	00091374	00091375	00091376	00091377	00091378	00091379	00091380	00091381	00091382	00091383	00091384	00091385	00091386	00091387	00091388	00091389	00091390	00091391	00091392	00091393	00091394	00091395	00091396	00091397	00091398	00091399	00091400	00091401	00091402	00091403	00091404	00091405	00091406	00091407	00091408	00091409	00091410	00091411	00091412	00091413	00091414	00091415	00091416	00091417	00091418	00091419	00091420	00091421	00091422	00091423	00091424	00091425	00091426	00091427	00091428	00091429	00091430	00091431	00091432	00091433	00091434	00091435	00091436	00091437	00091438	00091439	00091440	00091441	00091442	00091443	00091444	00091445	00091446	00091447	00091448	00091449	00091450	00091451	00091452	00091453	00091454	00091455	00091456	00091457	00091458	00091459	00091460	00091461	00091462	00091463	00091464	00091465	00091466	00091467	00091468	00091469	00091470	00091471	00091472	00091473	00091474	00091475	00091476	00091477	00091478	00091479	00091480	00091481	00091482	00091483	00091484	00091485	00091486	00091487	00091488	00091489	00091490	00091491	00091492	00091493	00091494	00091495	00091496	00091497	00091498	00091499	00091500	00091501	00091502	00091503	00091504	00091505	00091506	00091507	00091508	00091509	00091510	00091511	00091512	00091513	00091514	00091515	00091516	00091517	00091518	00091519	00091520	00091521	00091522	00091523	00091524	00091525	00091526	00091527	00091528	00091529	00091530	00091531	00091532	00091533	00091534	00091535	00091536	00091537	00091538	00091539	00091540	00091541	00091542	00091543	00091544	00091545
1073955753	5678837830	7911727261	00091546	00091547	00091548	00091549	00091550	00091551	00091552	00091553	00091554	00091555	00091556	00091557	00091558	00091559	00091560	00091561	00091562	00091563	00091564	00091565	00091566	00091567	00091568	00091569	00091570	00091571	00091572	00091573	00091574	00091575	00091576	00091577	00091578	00091579	00091580	00091581	00091582	00091583	00091584	00091585	00091586	00091587	00091588	00091589	00091590	00091591	00091592	00091593	00091594	00091595	00091596	00091597	00091598	00091599	00091600	00091601	00091602	00091603	00091604	00091605	00091606	00091607	00091608	00091609	00091610	00091611	00091612	00091613	00091614	00091615	00091616	00091617	00091618	00091619	00091620	00091621	00091622	00091623	00091624	00091625	00091626	00091627	00091628	00091629	00091630	00091631	00091632	00091633	00091634	00091635	00091636	00091637	00091638	00091639	00091640	00091641	00091642	00091643	00091644	00091645	00091646	00091647	00091648	00091649	00091650	00091651	00091652	00091653	00091654	00091655	00091656	00091657	00091658	00091659	00091660	00091661	00091662	00091663	00091664	00091665	00091666	00091667	00091668	00091669	00091670	00091671	00091672	00091673	00091674	00091675	00091676	00091677	00091678	00091679	00091680	00091681	00091682	00091683	00091684	00091685	00091686	00091687	00091688	00091689	00091690	00091691	00091692	00091693	00091694	00091695	00091696	00091697	00091698	00091699	00091700	00091701	00091702	00091703	00091704	00091705	00091706	00091707	00091708	00091709	00091710	00091711	00091712	00091713	00091714	00091715	00091716	00091717	00091718	00091719	00091720	00091721	00091722	00091723	00091724	00091725	00091726	00091727	00091728	00091729	00091730	00091731	00091732	00091733	00091734	00091735	00091736	00091737	00091738	00091739	00091740	00091741	00091742	00091743	00091744	00091745
1076304325	5691321966	7928934556	00091746	00091747	00091748	00091749	00091750	00091751	00091752	00091753	00091754	00091755	00091756	00091757	00091758	00091759	00091760	00091761	00091762	00091763	00091764	00091765	00091766	00091767	00091768	00091769	00091770	00091771	00091772	00091773	00091774	00091775	00091776	00091777	00091778	00091779	00091780	00091781	00091782	00091783	00091784	00091785	00091786	00091787	00091788	00091789	00091790	00091791	00091792	00091793	00091794	00091795	00091796	00091797	00091798	00091799	00091800	00091801	00091802	00091803	00091804	00091805	00091806	00091807	00091808	00091809	00091810	00091811	00091812	00091813	00091814	00091815	00091816	00091817	00091818	00091819	00091820	00091821	00091822	00091823	00091824	00091825	00091826	00091827	00091828	00091829	00091830	00091831	00091832	00091833	00091834	00091835	00091836	00091837	00091838	00091839	00091840	00091841	00091842	00091843	00091844	00091845	00091846	00091847	00091848	00091849	00091850	00091851	00091852	00091853	00091854	00091855	00091856	00091857	00091858	00091859	00091860	00091861	00091862	00091863	00091864	00091865	00091866	00091867	00091868	00091869	00091870	00091871	00091872	00091873	00091874	00091875	00091876	00091877	00091878	00091879	00091880	00091881	00091882	00091883	00091884	00091885	00091886	00091887	00091888	00091889	00091890	00091891	00091892	00091893	00091894	00091895	00091896	00091897	00091898	00091899	00091900	00091901	00091902	00091903	00091904	00091905	00091906	00091907	00091908	00091909	00091910	00091911	00091912	00091913	00091914	00091915	00091916	00091917	00091918	00091919	00091920	00091921	00091922	00091923	00091924	00091925	00091926	00091927	00091928	00091929	00091930	00091931	00091932	00091933	00091934	00091935	00091936	00091937	00091938	00091939	00091940	00091941	00091942	00091943	00091944	00091945
1078661403	5703752554	7946412348	00091946	00091947	00091948	00091949	00091950	00091951	00091952	00091953	00091954	00091955	00091956	00091957	00091958	00091959	00091960	00091961	00091962	00091963	00091964	00091965	00091966	00091967	00091968	00091969	00091970	00091971	00091972	00091973	00091974	00091975	00091976	00091977	00091978	00091979	00091980	00091981	00091982	00091983	00091984	00091985	00091986	00091987	00091988	00091989	00091990	00091991	00091992	00091993	00091994	00091995	00091996	00091997	00091998	00091999	00092000	00092001	00092002	00092003	00092004	00092005	00092006	00092007	00092008	00092009	00092010	00092011	00092012	00092013	00092014	00092015	00092016	00092017	00092018	00092019	00092020	00092021	00092022	00092023	00092024	00092025	00092026	00092027	00092028	00092029	00092030	00092031	00092032	00092033	00092034	00092035	00092036	00092037	00092038	00092039	00092040	00092041	00092042	00092043	00092044	00092045	00092046	00092047	00092048	00092049	00092050	00092051	00092052	00092053	00092054	00092055	00092056	00092057	00092058	00092059	00092060	00092061	00092062	00092063	00092064	00092065	00092066	00092067	00092068	00092069	00092070	00092071	00092072	00092073	00092074	00092075	00092076	00092077	00092078	00092079	00092080	00092081	00092082	00092083	00092084	00092085	00092086	00092087	00092088	00092089	00092090	00092091	00092092	00092093	00092094	00092095	00092096	00092097	00092098	00092099	00092100	00092101	00092102	00092103	00092104	00092105	00092106	00092107	00092108	00092109	00092110	00092111	00092112	00092113	00092114	00092115	00092116	00092117	00092118	00092119	00092120	00092121	00092122	00092123	00092124	00092125	00092126	00092127	00092128	00092129	00092130	00092131	00092132	00092133	00092134	00092135	00092136	00092137	00092138	00092139	00092140	00092141	00092142	00092143	00092144	00092145
1081021149	5716291966	7963565767	00092146	00092147	00092148	00092149	00092150	00092151	00092152	00092153	00092154	00092155	00092156	00092157	00092158	00092159	00092160	00092161	00092162	00092163	00092164	00092165	00092166	00092167	00092168	00092169	00092170	00092171	00092172	00092173	00092174	00092175	00092176	00092177	00092178	00092179	00092180	00092181	00092182	00092183	00092184	00092185	00092186	00092187	00092188	00092189	00092190	00092191	00092192	00092193	00092194	00092195	00092196	00092197	00092198	00092199	00092200	00092201	00092202	00092203	00092204	00092205	00092206	00092207	00092208	00092209	00092210	00092211	00092212	00092213	00092214	00092215	00092216	00092217	00092218	00092219	00092220	00092221	00092222	00092223	00092224	00092225	00092226	00092227	00092228	00092229	00092230	00092231	00092232	00092233	00092234	00092235	00092236	00092237	00092238	00092239	00092240	00092241	00092242	00092243	00092244	00092245	00092246	00092247	00092248	00092249	00092250	00092251	00092252	00092253	00092254	00092255	00092256	00092257	00092258	00092259	00092260	00092261	00092262	00092263	00092264	00092265	00092266	00092267	00092268	00092269	00092270	00092271	00092272	00092273	00092274	00092275	00092276	00092277	00092278	00092279	00092280	00092281	00092282	00092283	00092284	00092285	00092286	00092287	00092288	00092289	00092290	00092291	00092292	00092293	00092294	00092295	00092296	00092297	00092298	00092299	00092300	00092301	00092302	00092303	00092304	00092305	00092306	00092307	00092308	00092309	00092310	00092311	00092312	00092313	00092314	00092315	00092316	00092317	00092318	00092319	00092320	00092321	00092322	00092323	00092324	00092325	00092326	00092327	00092328	00092329	00092330	00092331	00092332	00092333	00092334	00092335	00092336	00092337	00092338	00092339	00092340	00092341	00092342	00092343	00092344	00092345
1083303133	5728275906	7980004549	00092346	00092347	00092348	00092349	00092350	00092351	00092352	00092353	00092354	00092355	00092356	00092357	00092358	00092359	00092360	00092361	00092362	00092363	00092364	00092365	00092366	00092367	00092368	00092369	00092370	00092371	00092372	00092373	00092374	00092375	00092376	00092377	00092378	00092379	00092380	00092381	00092382	00092383	00092384	00092385	00092386	00092387	00092388	00092389	00092390	00092391	00092392	00092393	00092394	00092395	00092396	00092397	00092398	00092399	00092400	00092401	00092402	00092403	00092404	00092405	00092406	00092407	00092408	00092409	00092410	00092411	00092412	00092413	00092414	00092415	00092416	00092417	00092418	00092419	00092420	00092421	00092422	00092423	00092424	00092425	00092426	00092427	00092428	00092429	00092430	00092431	00092432	00092433	00092434	00092435	00092436	00092437	00092438	00092439	00092440	00092441	00092442	00092443	00092444	00092445	00092446	00092447	00092448	00092449	00092450	00092451	00092452	00092453	00092454	00092455	00092456	00092457	00092458	00092459	00092460	00092461	00092462	00092463	00092464	00092465	00092466	00092467	00092468	00092469	00092470	00092471	00092472	00092473	00092474	00092475	00092476	00092477	00092478	00092479	00092480	00092481	00092482	00092483	00092484	00092485	00092486	00092487	00092488	00092489	00092490	00092491	00092492	00092493	00092494	00092495	00092496	00092497	00092498	00092499	00092500	00092501	00092502	00092503	00092504	00092505	00092506	00092507	00092508	00092509	00092510	00092511	00092512	00092513	00092514	00092515	00092516	00092517	00092518	00092519	00092520	00092521	00092522	00092523	00092524	00092525	00092526	00092527	00092528	00092529	00092530	00092531	00092532	00092533	00092534	00092535	00092536	00092537	00092538	00092539	00092540	00092541	00092542	00092543	00092544	00092545
1085689785	5740953650	7997677111	00092546	00092547	00092548	00092549	00092550	00092551	00092552	00092553	00092554	00092555	00092556	00092557	00092558	00092559	00092560	00092561	00092562	00092563	00092564	00092565	00092566	00092567	00092568	00092569	00092570	00092571	00092572	00092573	00092574	00092575	00092576	00092577	00092578	00092579	00092580	00092581	00092582	00092583	00092584	00092585	00092586	00092587	00092588	00092589	00092590	00092591	00092592	00092593	00092594	00092595	00092596	00092597	00092598	00092599	00092600	00092601	00092602	00092603	00092604	00092605	00092606	00092607	00092608	00092609	00092610	00092611	00092612	00092613	00092614	00092615	00092616	00092617	00092618	00092619	00092620	00092621	00092622	00092623	00092624	00092625	00092626	00092627	00092628	00092629	00092630	00092631	00092632	00092633	00092634	00092635	00092636	00092637	00092638	00092639	00092640	00092641	00092642	00092643	00092644	00092645	00092646	00092647	00092648	00092649	00092650	00092651	00092652	00092653	00092654	00092655	00092656	00092657	00092658	00092659	00092660	00092661	00092662	00092663	00092664	00092665	00092666	00092667	00092668	00092669	00092670	00092671	00092672	00092673	00092674	00092675	00092676	00092677	00092678	00092679	00092680	00092681	00092682	00092683	00092684	00092685	00092686	00092687	00092688	00092689	00092690	00092691	00092692	00092693	00092694	00092695	00092696	00092697	00092698	00092699	00092700	00092701	00092702	00092703	00092704	00092705	00092706	00092707	00092708	00092709	00092710	00092711	00092712	00092713	00092714	00092715	00092716	00092717	00092718	00092719	00092720	00092721	00092722	00092723	00092724	00092725	00092726	00092727	00092728	00092729	00092730	00092731	00092732	00092733	00092734	00092735	00092736	00092737	00092738	00092739	00092740	00092741	00092742	00092743	00092744	00092745
1088081076	5753604122	8015800282	00092746	00092747	00092748	00092749	00092750	00092751	00092752	00092753	00092754	00092755	00092756	00092757	00092758	00092759	00092760	00092761	00092762	00092763	00092764	00092765	00092766	00092767	00092768	00092769	00092770	00092771	00092772	00092773	00092774	00092775	00092776	00092777	00092778	00092779	00092780	00092781	00092782	00092783	00092784	00092785	00092786	00092787	00092788	00092789	00092790	00092791	00092792	00092793	00092794	00092795	00092796	00092797	00092798	00092799	00092800	00092801	00092802	00092803	00092804	00092805	00092806	00092807	00092808	00092809	00092810	00092811	00092812	00092813	00092814	00092815	00092816	00092817	00092818	00092819	00092820	00092821	00092822	00092823	00092824	00092825	00092826	00092827	00092828	00092829	00092830	00092831	00092832	00092833	00092834	00092835	00092836	00092837	00092838	00092839	00092840	00092841	00092842	00092843	00092844	00092845	00092846	00092847	00092848	00092849	00092850	00092851	00092852	00092853	00092854	00092855	00092856	00092857	00092858	00092859	00092860	00092861	00092862	00092863	00092864	00092865	00092866	00092867	00092868	00092869	00092870	00092871	00092872	00092873	00092874	00092875	00092876	00092877	00092878	00092879	00092880	00092881	00092882	00092883	00092884	00092885	00092886	00092887	00092888	00092889	00092890	00092891	00092892	00092893	00092894	00092895	00092896	00092897	00092898	00092899	00092900	00092901	00092902	00092903	00092904	00092905	00092906	00092907	00092908	00092909	00092910	00092911	00092912	00092913	00092914	00092915	00092916	00092917	00092918	00092919	00092920	00092921	00092922	00092923	00092924	00092925	00092926	00092927	00092928	00092929	00092930	00092931	00092932	00092933	00092934	00092935	00092936	00092937	00092938	00092939	00092940	00092941	00092942	00092943	00092944	00092945
1090360592	5765609540	8032325255	00092946	00092947	00092948	00092949	00092950	00092951	00092952	00092953	00092954	00092955	00092956	00092957	00092958	00092959	00092960	00092961	00092962	00092963	00092964	00092965	00092966	00092967	00092968	00092969	00092970	00092971	00092972	00092973	00092974	00092975	00092976	00092977	00092978	00092979	00092980	00092981	00092982	00092983	00092984	00092985	00092986	00092987	00092988	00092989	00092990	00092991	00092992	00092993	00092994	00092995	00092996	00092997	00092998	00092999	00093000	00093001	00093002	00093003	00093004	00093005	00093006	00093007	00093008	00093009	00093010	00093011	00093012	00093013	00093014	00093015	00093016	00093017	00093018	00093019	00093020	00093021	00093022	00093023	00093024	00093025	00093026	00093027	00093028	00093029	00093030	00093031	00093032	00093033	00093034	00093035	00093036	00093037	00093038	00093039	00093040	00093041	00093042	00093043	00093044	00093045	00093046	00093047	00093048	00093049	00093050	00093051	00093052	00093053	00093054	00093055	00093056	00093057	00093058	00093059	00093060	00093061	00093062	00093063	00093064	00093065	00093066	00093067	00093068	00093069	00093070	00093071	00093072	00093073	00093074	00093075	00093076	00093077	00093078	00093079	00093080	00093081	00093082	00093083	00093084	00093085	00093086	00093087	00093088	00093089	00093090	00093091	00093092	00093093	00093094	00093095	00093096	00093097	00093098	00093099	00093100	00093101	00093102	00093103	00093104	00093105	00093106	00093107	00093108	00093109	00093110	00093111	00093112	00093113	00093114	00093115	00093116	00093117	00093118	00093119	00093120	00093121	00093122	00093123	00093124	00093125	00093126	00093127	00093128	00093129	00093130	00093131	00093132	00093133	00093134	00093135	00093136	00093137	00093138	00093139	00093140	00093141	00093142	00093143	00093144	00093145
1092667574	5777816368	8048863220	00093146	00093147	00093148	00093149	00093150	00093151	00093152	00093153	00093154	00093155	00093156	00093157	00093158	00093159	00093160	00093161	00093162	00093163	00093164	00093165	00093166	00093167	00093168	00093169	00093170	00093171	00093172	00093173	00093174	00093175	00093176	00093177	00093178	00093179	00093180	00093181	00093182	00093183	00093184	00093185	00093186	00093187	00093188	00093189	00093190	00093191	00093192	00093193	00093194	00093195	00093196	00093197	00093198	00093199	00093200	00093201	00093202	00093203	00093204	00093205	00093206	00093207	00093208	00093209	00093210	00093211	00093212	00093213	00093214	00093215	00093216	00093217	00093218	00093219	00093220	00093221	00093222	00093223	00093224	00093225	00093226	00093227	00093228	00093229	00093230	00093231	00093232	00093233	00093234	00093235	00093236	00093237	00093238	00093239	00093240	00093241	00093242	00093243	00093244	00093245	00093246	00093247	00093248	00093249	00093250	00093251	00093252	00093253	00093254	00093255	00093256	00093257	00093258	00093259	00093260	00093261	00093262	00093263	00093264	00093265	00093266	00093267	00093268	00093269	00093270	00093271	00093272	00093273	00093274	00093275	00093276	00093277	00093278	00093279	00093280	00093281	00093282	00093283	00093284	00093285	00093286	00093287	00093288	00093289	00093290	00093291	00093292	00093293	00093294	00093295	00093296	00093297	00093298	00093299	00093300	00093301	00093302	00093303	00093304	00093305	00093306	00093307	00093308	00093309	00093310	00093311	00093312	00093313	00093314	00093315	00093316	00093317	00093318	00093319	00093320	00093321	00093322	00093323	00093324	00093325	00093326	00093327	00093328	00093329	00093330	00093331	00093332	00093333	00093334	00093335	00093336	00093337	00093338	00093339	00093340	00093341	00093342	00093343	00093344	00093345
1095031344	5790331350	8066676853	00093346	00093347	00093348	00093349	00093350	00093351	00093352	00093353	00093354	00093355	00093356	00093357	00093358	00093359	00093360	00093361	00093362	00093363	00093364	00093365	00093366	00093367	00093368	00093369	00093370	00093371	00093372	00093373	00093374	00093375	00093376	00093377	00093378	00093379	00093380	00093381	00093382	00093383	00093384	00093385	00093386	00093387	00093388	00093389	00093390	00093391	00093392	00093393	00093394	00093395	00093396	00093397	00093398	00093399	00093400	00093401	00093402	00093403	00093404	00093405	00093406	00093407	00093408	00093409	00093410	00093411	00093412	00093413	00093414	00093415	00093416	00093417	00093418	00093419	00093420	00093421	00093422	00093423	00093424	00093425	00093426	00093427	00093428	00093429	00093430	00093431	00093432	00093433	00093434	00093435	00093436	00093437	00093438	00093439	00093440	00093441	00093442	00093443	00093444	00093445	00093446	00093447	00093448	00093449	00093450	00093451	00093452	00093453	00093454	00093455	00093456	00093457	00093458	00093459	00093460	00093461	00093462	00093463	00093464	00093465	00093466	00093467	00093468	00093469	00093470	00093471	00093472	00093473	00093474	00093475	00093476	00093477	00093478	00093479	00093480	00093481	00093482	00093483	00093484	00093485	00093486	00093487	00093488	00093489	00093490	00093491	00093492	00093493	00093494	00093495	00093496	00093497	00093498	00093499	00093500	00093501	00093502	00093503	00093504	00093505	00093506	00093507	00093508	00093509	00093510	00093511	00093512	00093513	00093514	00093515	00093516	00093517	00093518	00093519	00093520	00093521	00093522	00093523	00093524	00093525	00093526	00093527	00093528	00093529	00093530	00093531	00093532	00093533	00093534	00093535	00093536	00093537	00093538	00093539	00093540	00093541	00093542	00093543	00093544	00093545
1097399458	5802886390	8084253966	00093546	00093547	00093548	00093549	00093550	00093551	00093552	00093553	00093554	00093555	00093556	00093557	00093558	00093559	00093560	00093561	00093562	00093563	00093564	00093565	00093566	00093567	00093568	00093569	00093570	00093571	00093572	00093573	00093574	00093575	00093576	00093577	00093578	00093579	00093580	00093581	00093582	00093583	00093584	00093585	00093586	00093587	00093588	00093589	00093590	00093591	00093592	00093593	00093594	00093595	00093596	00093597	00093598	00093599	00093600	00093601	00093602	00093603	00093604	00093605	00093606	00093607	00093608	00093609	00093610	00093611	00093612	00093613	00093614	00093615	00093616	00093617	00093618	00093619	00093620	00093621	00093622	00093623	00093624	00093625	00093626	00093627	00093628	00093629	00093630	00093631	00093632	00093633	00093634	00093635	00093636	00093637	00093638	00093639	00093640	00093641	00093642	00093643	00093644	00093645	00093646	00093647	00093648	00093649	00093650	00093651	00093652	00093653	00093654	00093655	00093656	00093657	00093658	00093659	00093660	00093661	00093662	00093663	00093664	00093665	00093666	00093667	00093668	00093669	00093670	00093671	00093672	00093673	00093674	00093675	00093676	00093677	00093678	00093679	00093680	00093681	00093682	00093683	00093684	00093685	00093686	00093687	00093688	00093689	00093690	00093691	00093692	00093693	00093694	00093695	00093696	00093697	00093698	00093699	00093700	00093701	00093702	00093703	00093704	00093705	00093706	00093707	00093708	00093709	00093710	00093711	00093712	00093713	00093714	00093715	00093716	00093717	00093718	00093719	00093720	00093721	00093722	00093723	00093724	00093725	00093726	00093727	00093728	00093729	00093730	00093731	00093732	00093733	00093734	00093735	00093736	00093737	00093738	00093739	00093740	00093741	00093742	00093743	00093744	00093745
1099705730	5814994000	8100663648	00093746	00093747	00093748	00093749	00093750	00093751	00093752	00093753	00093754	00093755	00093756	00093757	00093758	00093759	00093760	00093761	00093762	00093763	00093764	00093765	00093766	00093767	00093768	00093769	00093770	00093771	00093772	00093773	00093774	00093775	00093776	00093777	00093778	00093779	00093780	00093781	00093782	00093783	00093784	00093785	00093786	00093787	00093788	00093789	00093790	00093791	00093792	00093793	00093794	00093795	00093796	00093797	00093798	00093799	00093800	00093801	00093802	00093803	00093804	00093805	00093806	00093807	00093808	00093809	00093810	00093811	00093812	00093813	00093814	00093815	00093816	00093817	00093818	00093819	00093820	00093821	00093822	00093823	00093824	00093825	00093826	00093827	00093828	00093829	00093830	00093831	00093832	00093833	00093834	00093835	00093836	00093837	00093838	00093839	00093840	00093841	00093842	00093843	00093844	00093845	00093846	00093847	00093848	00093849	00093850	00093851	00093852	00093853	00093854	00093855	00093856	00093857	00093858	00093859	00093860	00093861	00093862	00093863	00093864	00093865	00093866	00093867	00093868	00093869	00093870	00093871	00093872	00093873	00093874	00093875	00093876	00093877	00093878	00093879	00093880	00093881	00093882	00093883	00093884	00093885	00093886	00093887	00093888	00093889	00093890	00093891	00093892	00093893	00093894	00093895	00093896	00093897	00093898	00093899	00093900	00093901	00093902	00093903	00093904	00093905	00093906	00093907	00093908	00093909	00093910	00093911	00093912	00093913	00093914	00093915	00093916	00093917	00093918	00093919	00093920	00093921	00093922	00093923	00093924	00093925	00093926	00093927	00093928	00093929	00093930	00093931	00093932	00093933	00093934	00093935	00093936	00093937	00093938	00093939	00093940	00093941	00093942	00093943	00093944	00093945
1101975154	5827066046	8117427808	00093946	00093947	00093948	00093949	00093950	00093951	00093952	00093953	00093954	00093955	00093956	00093957	00093958	00093959	00093960	00093961	00093962	00093963	00093964	00093965	00093966	00093967	00093968	00093969	00093970	00093971	00093972	00093973	00093974	00093975	00093976	00093977	00093978	00093979	00093980	00093981	00093982	00093983	00093984	00093985	00093986	00093987	00093988	00093989	00093990	00093991	00093992	00093993	00093994	00093995	00093996	00093997	00093998	00093999	00094000	00094001	00094002	00094003	00094004	00094005	00094006	00094007	00094008	00094009	00094010	00094011	00094012	00094013	00094014	00094015	00094016	00094017	00094018	00094019	00094020	00094021	00094022	00094023	00094024	00094025	00094026	00094027	00094028	00094029	00094030	00094031	00094032	00094033	00094034	00094035	00094036	00094037	00094038	00094039	00094040	00094041	00094042	00094043	00094044	00094045	00094046	00094047	00094048	00094049	00094050	00094051	00094052	00094053	00094054	00094055	00094056	00094057	00094058	00094059	00094060	00094061	00094062	00094063	00094064	00094065	00094066	00094067	00094068	00094069	00094070	00094071	00094072	00094073	00094074	00094075	00094076	00094077	00094078	00094079	00094080	00094081	00094082	00094083	00094084	00094085	00094086	00094087	00094088	00094089	00094090	00094091	00094092	00094093	00094094	00094095	00094096	00094097	00094098	00094099	00094100	00094101	00094102	00094103	00094104	00094105	00094106	00094107	00094108	00094109	00094110	00094111	00094112	00094113	00094114	00094115	00094116	00094117	00094118	00094119	00094120	00094121	00094122	00094123	00094124	00094125	00094126	00094127	00094128	00094129	00094130	00094131	00094132	00094133	00094134	00094135	00094136	00094137	00094138	00094139	00094140	00094141	00094142	00094143	00094144	00094145
1104335761	5839587932	8134667184	00094146	00094147	00094148	00094149	00094150	00094151	00094152	00094153	00094154	00094155	00094156	00094157	00094158	00094159	00094160	00094161	00094162	00094163	00094164	00094165	00094166	00094167	00094168	00094169	00094170	00094171	00094172	00094173	00094174	00094175	00094176	00094177	00094178	00094179	00094180	00094181	00094182	00094183	00094184	00094185	00094186	00094187	00094188	00094189	00094190	00094191	00094192	00094193	00094194	00094195	00094196	00094197	00094198	00094199	00094200	00094201	00094202	00094203	00094204	00094205	00094206	00094207	00094208	00094209	00094210	00094211	00094212	00094213	00094214	00094215	00094216	00094217	00094218	00094219	00094220	00094221	00094222	00094223	00094224	00094225	00094226	00094227	00094228	00094229	00094230	00094231	00094232	00094233	00094234	00094235	00094236	00094237	00094238	00094239	00094240	00094241	00094242	00094243	00094244	00094245	00094246	00094247	00094248	00094249	00094250	00094251	00094252	00094253	00094254	00094255	00094256	00094257	00094258	00094259	00094260	00094261	00094262	00094263	00094264	00094265	00094266	00094267	00094268	00094269	00094270	00094271	00094272	00094273	00094274	00094275	00094276	00094277	00094278	00094279	00094280	00094281	00094282	00094283	00094284	00094285	00094286	00094287	00094288	00094289	00094290	00094291	00094292	00094293	00094294	00094295	00094296	00094297	00094298	00094299	00094300	00094301	00094302	00094303	00094304	00094305	00094306	00094307	00094308	00094309	00094310	00094311	00094312	00094313	00094314	00094315	00094316	00094317	00094318	00094319	00094320	00094321	00094322	00094323	00094324	00094325	00094326	00094327	00094328	00094329	00094330	00094331	00094332	00094333	00094334	00094335	00094336	00094337	00094338	00094339	00094340	00094341	00094342	00094343	00094344	00094345
1106745089	5852356764	8152841625	00094346	00094347	00094348	00094349	00094350	00094351	00094352	00094353	00094354	00094355	00094356	00094357	00094358	00094359	00094360	00094361	00094362	00094363	00094364	00094365	00094366	00094367	00094368	00094369	00094370	00094371	00094372	00094373	00094374	00094375	00094376	00094377	00094378	00094379	00094380	00094381	00094382	00094383	00094384	00094385	00094386	00094387	00094388	00094389	00094390	00094391	00094392	00094393	00094394	00094395	00094396	00094397	00094398	00094399	00094400	00094401	00094402	00094403	00094404	00094405	00094406	00094407	00094408	00094409	00094410	00094411	00094412	00094413	00094414	00094415	00094416	00094417	00094418	00094419	00094420	00094421	00094422	00094423	00094424	00094425	00094426	00094427	00094428	00094429	00094430	00094431	00094432	00094433	00094434	00094435	00094436	00094437	00094438	00094439	00094440	00094441	00094442	00094443	00094444	00094445	00094446	00094447	00094448	00094449	00094450	00094451	00094452	00094453	00094454	00094455	00094456	00094457	00094458	00094459	00094460	00094461	00094462	00094463	00094464	00094465	00094466	00094467	00094468	00094469	00094470	00094471	00094472	00094473	00094474	00094475	00094476	00094477	00094478	00094479	00094480	00094481	00094482	00094483	00094484	00094485	00094486	00094487	00094488	00094489	00094490	00094491	00094492	00094493	00094494	00094495	00094496	00094497	00094498	00094499	00094500	00094501	00094502	00094503	00094504	00094505	00094506	00094507	00094508	00094509	00094510	00094511	00094512	00094513	00094514	00094515	00094516	00094517	00094518	00094519	00094520	00094521	00094522	00094523	00094524	00094525	00094526	00094527	00094528	00094529	00094530	00094531	00094532	00094533	00094534	00094535	00094536	00094537	00094538	00094539	00094540	00094541	00094542	00094543	00094544	00094545
1109163609	5865209444	8170808582	00094546	00094547	00094548	00094549	00094550	00094551	00094552	00094553	00094554	00094555	00094556	00094557	00094558	00094559	00094560	00094561	00094562	00094563	00094564	00094565	00094566	00094567	00094568	00094569	00094570	00094571	00094572	00094573	00094574	00094575	00094576	00094577	00094578	00094579	00094580	00094581	00094582	00094583	00094584	00094585	00094586	00094587	00094588	00094589	00094590	00094591	00094592	00094593	00094594	00094595	00094596	00094597	00094598	00094599	00094600	00094601	00094602	00094603	00094604	00094605	00094606	00094607	00094608	00094609	00094610	00094611	00094612	00094613	00094614	00094615	00094616	00094617	00094618	00094619	00094620	00094621	00094622	00094623	00094624	00094625	00094626	00094627	00094628	00094629	00094630	00094631	00094632	00094633	00094634	00094635	00094636	00094637	00094638	00094639	00094640	00094641	00094642	00094643	00094644	00094645	00094646	00094647	00094648	00094649	00094650	00094651	00094652	00094653	00094654	00094655	00094656	00094657	00094658	00094659	00094660	00094661	00094662	00094663	00094664	00094665	00094666	00094667	00094668	00094669	00094670	00094671	00094672	00094673	00094674	00094675	00094676	00094677	00094678	00094679	00094680	00094681	00094682	00094683	00094684	00094685	00094686	00094687	00094688	00094689	00094690	00094691	00094692	00094693	00094694	00094695	00094696	00094697	00094698	00094699	00094700	00094701	00094702	00094703	00094704	00094705	00094706	00094707	00094708	00094709	00094710	00094711	00094712	00094713	00094714	00094715	00094716	00094717	00094718	00094719	00094720	00094721	00094722	00094723	00094724	00094725	00094726	00094727	00094728	00094729	00094730	00094731	00094732	00094733	00094734	00094735	00094736	00094737	00094738	00094739	00094740	00094741	00094742	00094743	00094744	00094745
1111448100	5877309230	8187646220	00094746	00094747	00094748	00094749	00094750	00094751	00094752	00094753	00094754	00094755	00094756	00094757	00094758	00094759	00094760	00094761	00094762	00094763	00094764	00094765	00094766	00094767	00094768	00094769	00094770	00094771	00094772	00094773	00094774	00094775	00094776	00094777	00094778	00094779	00094780	00094781	00094782	00094783	00094784	00094785	00094786	00094787	00094788	00094789	00094790	00094791	00094792	00094793	00094794	00094795	00094796	00094797	00094798	00094799	00094800	00094801	00094802	00094803	00094804	00094805	00094806	00094807	00094808	00094809	00094810	00094811	00094812	00094813	00094814	00094815	00094816	00094817	00094818	00094819	00094820	00094821	00094822	00094823	00094824	00094825	00094826	00094827	00094828	00094829	00094830	00094831	00094832	00094833	00094834	00094835	00094836	00094837	00094838	00094839	00094840	00094841	00094842	00094843	00094844	00094845	00094846	00094847	00094848	00094849	00094850	00094851	00094852	00094853	00094854	00094855	00094856	00094857	00094858	00094859	00094860	00094861	00094862	00094863	00094864	00094865	00094866	00094867	00094868	00094869	00094870	00094871	00094872	00094873	00094874	00094875	00094876	00094877	00094878	00094879	00094880	00094881	00094882	00094883	00094884	00094885	00094886	00094887	00094888	00094889	00094890	00094891	00094892	00094893	00094894	00094895	00094896	00094897	00094898	00094899	00094900	00094901	00094902	00094903	00094904	00094905	00094906	00094907	00094908	00094909	00094910	00094911	00094912	00094913	00094914	00094915	00094916	00094917	00094918	00094919	00094920	00094921	00094922	00094923	00094924	00094925	00094926	00094927	00094928	00094929	00094930	00094931	00094932	00094933	00094934	00094935	00094936	00094937	00094938	00094939	00094940	00094941	00094942	00094943	00094944	00094945
1113687230	5889122488	8203911711	00094946	00094947	00094948	00094949	00094950	00094951	00094952	00094953	00094954	00094955	00094956	00094957	00094958	00094959	00094960	00094961	00094962	00094963	00094964	00094965	00094966	00094967	00094968	00094969	00094970	00094971	00094972	00094973	00094974	00094975	00094976	00094977	00094978	00094979	00094980	00094981	00094982	00094983	00094984	00094985	00094986	00094987	00094988	00094989	00094990	00094991	00094992	00094993	00094994	00094995	00094996	00094997	00094998	00094999	00095000	00095001	00095002	00095003	00095004	00095005	00095006	00095007	00095008	00095009	00095010	00095011	00095012	00095013	00095014	00095015	00095016	00095017	00095018	00095019	00095020	00095021	00095022	00095023	00095024	00095025	00095026	00095027	00095028	00095029	00095030	00095031	00095032	00095033	00095034	00095035	00095036	00095037	00095038	00095039	00095040	00095041	00095042	00095043	00095044	00095045	00095046	00095047	00095048	00095049	00095050	00095051	00095052	00095053	00095054	00095055	00095056	00095057	00095058	00095059	00095060	00095061	00095062	00095063	00095064	00095065	00095066	00095067	00095068	00095069	00095070	00095071	00095072	00095073	00095074	00095075	00095076	00095077	00095078	00095079	00095080	00095081	00095082	00095083	00095084	00095085	00095086	00095087	00095088	00095089	00095090	00095091	00095092	00095093	00095094	00095095	00095096	00095097	00095098	00095099	00095100	00095101	00095102	00095103	00095104	00095105	00095106	00095107	00095108	00095109	00095110	00095111	00095112	00095113	00095114	00095115	00095116	00095117	00095118	00095119	00095120	00095121	00095122	00095123	00095124	00095125	00095126	00095127	00095128	00095129	00095130	00095131	00095132	00095133	00095134	00095135	00095136	00095137	00095138	00095139	00095140	00095141	00095142	00095143	00095144	00095145
1115944476	5901060370	8219862292	00095146	00095147	00095148	00095149	00095150	00095151	00095152	00095153	00095154	00095155	00095156	00095157	00095158	00095159	00095160	00095161	00095162	00095163	00095164	00095165	00095166	00095167	00095168	00095169	00095170	00095171	00095172	00095173	00095174	00095175	00095176	00095177	00095178	00095179	00095180	00095181	00095182	00095183	00095184	00095185	00095186	00095187	00095188	00095189	00095190	00095191	00095192	00095193	00095194	00095195	00095196	00095197	00095198	00095199	00095200	00095201	00095202	00095203	00095204	00095205	00095206	00095207	00095208	00095209	00095210	00095211	00095212	00095213	00095214	00095215	00095216	00095217	00095218	00095219	00095220	00095221	00095222	00095223	00095224	00095225	00095226	00095227	00095228	00095229	00095230	00095231	00095232	00095233	00095234	00095235	00095236	00095237	00095238	00095239	00095240	00095241	00095242	00095243	00095244	00095245	00095246	00095247	00095248	00095249	00095250	00095251	00095252	00095253	00095254	00095255	00095256	00095257	00095258	00095259	00095260	00095261	00095262	00095263	00095264	00095265	00095266	00095267	00095268	00095269	00095270	00095271	00095272	00095273	00095274	00095275	00095276	00095277	00095278	00095279	00095280	00095281	00095282	00095283	00095284	00095285	00095286	00095287	00095288	00095289	00095290	00095291	00095292	00095293	00095294	00095295	00095296	00095297	00095298	00095299	00095300	00095301	00095302	00095303	00095304	00095305	00095306	00095307	00095308	00095309	00095310	00095311	00095312	00095313	00095314	00095315	00095316	00095317	00095318	00095319	00095320	00095321	00095322	00095323	00095324	00095325	00095326	00095327	00095328	00095329	00095330	00095331	00095332	00095333	00095334	00095335	00095336	00095337	00095338	00095339	00095340	00095341	00095342	00095343	00095344	00095345
1118274911	5913259400	8236642901	00095346	00095347	00095348	00095349	00095350	00095351	00095352	00095353	00095354	00095355	00095356	00095357	00095358	00095359	00095360	00095361	00095362	00095363	00095364	00095365	00095366	00095367	00095368	00095369	00095370	00095371	00095372	00095373	00095374	00095375	00095376	00095377	00095378	00095379	00095380	00095381	00095382	00095383	00095384	00095385	00095386	00095387	00095388	00095389	00095390	00095391	00095392	00095393	00095394	00095395	00095396	00095397	00095398	00095399	00095400	00095401	00095402	00095403	00095404	00095405	00095406	00095407	00095408	00095409	00095410	00095411	00095412	00095413	00095414	00095415	00095416	00095417	00095418	00095419	00095420	00095421	00095422	00095423	00095424	00095425	00095426	00095427	00095428	00095429	00095430	00095431	00095432	00095433	00095434	00095435	00095436	00095437	00095438	00095439	00095440	00095441	00095442	00095443	00095444	00095445	00095446	00095447	00095448	00095449	00095450	00095451	00095452	00095453	00095454	00095455	00095456	00095457	00095458	00095459	00095460	00095461	00095462	00095463	00095464	00095465	00095466	00095467	00095468	00095469	00095470	00095471	00095472	00095473	00095474	00095475	00095476	00095477	00095478	00095479	00095480	00095481	00095482	00095483	00095484	00095485	00095486	00095487	00095488	00095489	00095490	00095491	00095492	00095493	00095494	00095495	00095496	00095497	00095498	00095499	00095500	00095501	00095502	00095503	00095504	00095505	00095506	00095507	00095508	00095509	00095510	00095511	00095512	00095513	00095514	00095515	00095516	00095517	00095518	00095519	00095520	00095521	00095522	00095523	00095524	00095525	00095526	00095527	00095528	00095529	00095530	00095531	00095532	00095533	00095534	00095535	00095536	00095537	00095538	00095539	00095540	00095541	00095542	00095543	00095544	00095545
1120609506	5925566744	8253784722	00095546	00095547	00095548	00095549	00095550	00095551	00095552	00095553	00095554	00095555	00095556	00095557	00095558	00095559	00095560	00095561	00095562	00095563	00095564	00095565	00095566	00095567	00095568	00095569	00095570	00095571	00095572	00095573	00095574	00095575	00095576	00095577	00095578	00095579	00095580	00095581	00095582	00095583	00095584	00095585	00095586	00095587	00095588	00095589	00095590	00095591	00095592	00095593	00095594	00095595	00095596	00095597	00095598	00095599	00095600	00095601	00095602	00095603	00095604	00095605	00095606	00095607	00095608	00095609	00095610	00095611	00095612	00095613	00095614	00095615	00095616	00095617	00095618	00095619	00095620	00095621	00095622	00095623	00095624	00095625	00095626	00095627	00095628	00095629	00095630	00095631	00095632	00095633	00095634	00095635	00095636	00095637	00095638	00095639	00095640	00095641	00095642	00095643	00095644	00095645	00095646	00095647	00095648	00095649	00095650	00095651	00095652	00095653	00095654	00095655	00095656	00095657	00095658	00095659	00095660	00095661	00095662	00095663	00095664	00095665	00095666	00095667	00095668	00095669	00095670	00095671	00095672	00095673	00095674	00095675	00095676	00095677	00095678	00095679	00095680	00095681	00095682	00095683	00095684	00095685	00095686	00095687	00095688	00095689	00095690	00095691	00095692	00095693	00095694	00095695	00095696	00095697	00095698	00095699	00095700	00095701	00095702	00095703	00095704	00095705	00095706	00095707	00095708	00095709	00095710	00095711	00095712	00095713	00095714	00095715	00095716	00095717	00095718	00095719	00095720	00095721	00095722	00095723	00095724	00095725	00095726	00095727	00095728	00095729	00095730	00095731	00095732	00095733	00095734	00095735	00095736	00095737	00095738	00095739	00095740	00095741	00095742	00095743	00095744	00095745
1123107034	5938818976	8272808053	00095746	00095747	00095748	00095749	00095750	00095751	00095752	00095753	00095754	00095755	00095756	00095757	00095758	00095759	00095760	00095761	00095762	00095763	00095764	00095765	00095766	00095767	00095768	00095769	00095770	00095771	00095772	00095773	00095774	00095775	00095776	00095777	00095778	00095779	00095780	00095781	00095782	00095783	00095784	00095785	00095786	00095787	00095788	00095789	00095790	00095791	00095792	00095793	00095794	00095795	00095796	00095797	00095798	00095799	00095800	00095801	00095802	00095803	00095804	00095805	00095806	00095807	00095808	00095809	00095810	00095811	00095812	00095813	00095814	00095815	00095816	00095817	00095818	00095819	00095820	00095821	00095822	00095823	00095824	00095825	00095826	00095827	00095828	00095829	00095830	00095831	00095832	00095833	00095834	00095835	00095836	00095837	00095838	00095839	00095840	00095841	00095842	00095843	00095844	00095845	00095846	00095847	00095848	00095849	00095850	00095851	00095852	00095853	00095854	00095855	00095856	00095857	00095858	00095859	00095860	00095861	00095862	00095863	00095864	00095865	00095866	00095867	00095868	00095869	00095870	00095871	00095872	00095873	00095874	00095875	00095876	00095877	00095878	00095879	00095880	00095881	00095882	00095883	00095884	00095885	00095886	00095887	00095888	00095889	00095890	00095891	00095892	00095893	00095894	00095895	00095896	00095897	00095898	00095899	00095900	00095901	00095902	00095903	00095904	00095905	00095906	00095907	00095908	00095909	00095910	00095911	00095912	00095913	00095914	00095915	00095916	00095917	00095918	00095919	00095920	00095921	00095923	00095924	00095925	00095926	00095927	00095928	00095929	00095930	00095931	00095932	00095933	00095934	00095935	00095936	00095937	00095938	00095939	00095940	00095941	00095942	00095943	00095944	00095945	00095946
1125514752	5951512062	8290763447	00095947	00095948	00095949	00095950	00095951	00095952	00095953	00095954	00095955	00095956	00095957	00095958	00095959	00095960	00095961	00095962	00095963	00095964	00095965	00095966	00095967	00095968	00095969	00095970	00095971	00095972	00095973	00095974	00095975	00095976	00095977	00095978	00095979	00095980	00095981	00095982	00095983	00095984	00095985	00095986	00095987	00095988	00095989	00095990	00095991	00095992	00095993	00095994	00095995	00095996	00095997	00095998	00095999	00096000	00096001	00096002	00096003	00096004	00096005	00096006	00096007	00096008	00096009	00096010	00096011	00096012	00096013	00096014	00096015	00096016	00096017	00096018	00096019	00096020	00096021	00096022	00096023	00096024	00096025	00096026	00096027	00096028	00096029	00096030	00096031	00096032	00096033	00096034	00096035	00096036	00096037	00096038	00096039	00096040	00096041	00096042	00096043	00096044	00096045	00096046	00096047	00096048	00096049	00096050	00096051	00096052	00096053	00096054	00096055	00096056	00096057	00096058	00096059	00096060	00096061	00096062	00096063	00096064	00096065	00096066	00096067	00096068	00096069	00096070	00096071	00096072	00096073	00096074	00096075	00096076	00096077	00096078	00096079	00096080	00096081	00096082	00096083	00096084	00096085	00096086	00096087	00096088	00096089	00096090	00096091	00096092	00096093	00096094	00096095	00096096	00096097	00096098	00096099	00096100	00096101	00096102	00096103	00096104	00096105	00096106	00096107	00096108	00096109	00096110	00096111	00096112	00096113	00096114	00096115	00096116	00096117	00096118	00096119	00096120	00096121	00096122	00096123	00096124	00096125	00096126	00096127	00096128	00096129	00096130	00096131	00096132	00096133	00096134	00096135	00096136	00096137	00096138	00096139	00096140	00096141	00096142	00096143	00096144	00096145	00096146
1127770475	5963428136	8306809439	00096147	00096148	00096149	00096150	00096151	00096152	00096153	00096154	00096155	00096156	00096157	00096158	00096159	00096160	00096161	00096162	00096163	00096164	00096165	00096166	00096167	00096168	00096169	00096170	00096171	00096172	00096173	00096174	00096176	00096177	00096178	00096179	00096180	00096181	00096182	00096183	00096184	00096185	00096186	00096187	00096188	00096189	00096190	00096191	00096192	00096193	00096194	00096195	00096196	00096197	00096198	00096199	00096200	00096201	00096202	00096203	00096204	00096205	00096206	00096207	00096208	00096209	00096210	00096211	00096212	00096213	00096214	00096215	00096216	00096217	00096218	00096219	00096220	00096221	00096222	00096223	00096224	00096225	00096226	00096227	00096228	00096229	00096230	00096231	00096232	00096233	00096234	00096235	00096236	00096237	00096238	00096239	00096240	00096241	00096242	00096243	00096244	00096245	00096246	00096247	00096248	00096249	00096250	00096251	00096252	00096253	00096254	00096255	00096256	00096257	00096258	00096259	00096260	00096261	00096262	00096263	00096264	00096265	00096266	00096267	00096268	00096269	00096270	00096271	00096272	00096273	00096274	00096275	00096276	00096277	00096278	00096279	00096280	00096281	00096282	00096283	00096284	00096285	00096286	00096287	00096288	00096289	00096290	00096291	00096292	00096293	00096294	00096295	00096296	00096297	00096298	00096299	00096300	00096301	00096302	00096303	00096304	00096305	00096306	00096307	00096308	00096309	00096310	00096311	00096312	00096313	00096314	00096315	00096316	00096317	00096318	00096319	00096320	00096321	00096322	00096323	00096324	00096325	00096326	00096327	00096328	00096329	00096330	00096331	00096332	00096333	00096334	00096335	00096336	00096337	00096338	00096339	00096340	00096341	00096342	00096343	00096344	00096345	00096346	00096347
1130069242	5975560756	8323417383	00096348	00096349	00096350	00096351	00096352	00096353	00096354	00096355	00096356	00096357	00096358	00096359	00096360	00096361	00096362	00096363	00096364	00096365	00096366	00096367	00096368	00096369	00096370	00096371	00096372	00096373	00096374	00096375	00096376	00096377	00096378	00096379	00096380	00096381	00096382	00096383	00096384	00096385	00096386	00096387	00096388	00096389	00096390	00096391	00096392	00096393	00096394	00096395	00096396	00096397	00096398	00096399	00096400	00096401	00096402	00096403	00096404	00096405	00096406	00096407	00096408	00096409	00096410	00096411	00096412	00096413	00096414	00096415	00096416	00096417	00096418	00096419	00096420	00096421	00096422	00096423	00096424	00096425	00096426	00096427	00096428	00096429	00096430	00096431	00096432	00096433	00096434	00096435	00096436	00096437	00096438	00096439	00096440	00096441	00096442	00096443	00096444	00096445	00096446	00096447	00096448	00096449	00096450	00096451	00096452	00096453	00096454	00096455	00096456	00096457	00096458	00096459	00096460	00096461	00096462	00096463	00096464	00096465	00096466	00096467	00096468	00096469	00096470	00096471	00096472	00096473	00096474	00096475	00096476	00096477	00096478	00096479	00096480	00096481	00096482	00096483	00096484	00096485	00096486	00096487	00096488	00096489	00096490	00096491	00096492	00096493	00096494	00096495	00096496	00096497	00096498	00096499	00096500	00096501	00096502	00096503	00096504	00096505	00096506	00096507	00096508	00096509	00096510	00096511	00096512	00096513	00096514	00096515	00096516	00096517	00096518	00096519	00096520	00096521	00096522	00096523	00096524	00096525	00096526	00096527	00096528	00096529	00096530	00096531	00096532	00096533	00096534	00096535	00096536	00096537	00096538	00096539	00096540	00096541	00096542	00096543	00096544	00096545	00096546	00096547
1132492562	5988464814	8341468908	00096548	00096549	00096550	00096551	00096552	00096553	00096554	00096555	00096556	00096557	00096558	00096559	00096560	00096561	00096562	00096563	00096564	00096565	00096566	00096567	00096568	00096569	00096570	00096571	00096572	00096573	00096574	00096575	00096576	00096577	00096578	00096579	00096580	00096581	00096582	00096583	00096584	00096585	00096586	00096587	00096588	00096589	00096590	00096591	00096592	00096593	00096594	00096595	00096596	00096597	00096598	00096599	00096600	00096601	00096602	00096603	00096604	00096605	00096606	00096607	00096608	00096609	00096610	00096611	00096612	00096613	00096614	00096615	00096616	00096617	00096618	00096619	00096620	00096621	00096622	00096623	00096624	00096625	00096626	00096627	00096628	00096629	00096630	00096631	00096632	00096633	00096634	00096635	00096636	00096637	00096638	00096639	00096640	00096641	00096642	00096643	00096644	00096645	00096646	00096647	00096648	00096649	00096650	00096651	00096652	00096653	00096654	00096655	00096656	00096657	00096658	00096659	00096660	00096661	00096662	00096663	00096664	00096665	00096666	00096667	00096668	00096669	00096670	00096671	00096672	00096673	00096674	00096675	00096676	00096677	00096678	00096679	00096680	00096681	00096682	00096683	00096684	00096685	00096686	00096687	00096688	00096689	00096690	00096691	00096692	00096693	00096694	00096695	00096696	00096697	00096698	00096699	00096700	00096701	00096702	00096703	00096704	00096705	00096706	00096707	00096708	00096709	00096710	00096711	00096712	00096713	00096714	00096715	00096716	00096717	00096718	00096719	00096720	00096721	00096722	00096723	00096724	00096725	00096726	00096727	00096728	00096729	00096730	00096731	00096732	00096733	00096734	00096735	00096736	00096737	00096738	00096739	00096740	00096741	00096742	00096743	00096744	00096745	00096747	00096748
1134825371	6000863710	8358528886	00096749	00096750	00096751	00096752	00096753	00096754	00096755	00096756	00096757	00096758	00096759	00096760	00096761	00096762	00096763	00096764	00096765	00096766	00096767	00096768	00096769	00096770	00096771	00096772	00096773	00096774	00096775	00096776	00096777	00096778	00096779	00096780	00096781	00096782	00096783	00096784	00096785	00096786	00096787	00096788	00096789	00096790	00096791	00096792	00096793	00096794	00096795	00096796	00096797	00096798	00096799	00096800	00096801	00096802	00096803	00096804	00096805	00096806	00096807	00096808	00096809	00096810	00096811	00096812	00096813	00096814	00096815	00096816	00096817	00096818	00096819	00096820	00096821	00096822	00096823	00096824	00096825	00096826	00096827	00096828	00096829	00096830	00096831	00096832	00096833	00096834	00096835	00096836	00096837	00096838	00096839	00096840	00096841	00096842	00096843	00096844	00096845	00096846	00096847	00096848	00096849	00096850	00096851	00096852	00096853	00096854	00096855	00096856	00096857	00096858	00096859	00096860	00096861	00096862	00096863	00096864	00096865	00096866	00096867	00096868	00096869	00096870	00096871	00096872	00096873	00096874	00096875	00096876	00096877	00096878	00096879	00096880	00096881	00096882	00096883	00096884	00096885	00096886	00096887	00096888	00096889	00096890	00096891	00096892	00096893	00096894	00096895	00096896	00096897	00096898	00096899	00096900	00096901	00096902	00096903	00096904	00096905	00096906	00096907	00096908	00096909	00096910	00096911	00096912	00096913	00096914	00096915	00096916	00096917	00096918	00096919	00096920	00096921	00096922	00096923	00096924	00096925	00096926	00096927	00096928	00096929	00096930	00096931	00096932	00096933	00096934	00096935	00096936	00096937	00096938	00096939	00096940	00096941	00096942	00096943	00096944	00096945	00096946	00096947	00096948
1137196512	6013388082	8375717884	00096949	00096950	00096951	00096952	00096953	00096954	00096955	00096956	00096957	00096958	00096959	00096960	00096961	00096962	00096963	00096964	00096965	00096966	00096967	00096968	00096969	00096970	00096971	00096972	00096973	00096974	00096975	00096976	00096977	00096978	00096979	00096980	00096981	00096982	00096983	00096984	00096985	00096986	00096987	00096988	00096989	00096990	00096991	00096992	00096993	00096994	00096995	00096996	00096997	00096998	00096999	00097000	00097001	00097002	00097003	00097004	00097005	00097006	00097007	00097008	00097009	00097010	00097011	00097012	00097013	00097014	00097015	00097016	00097017	00097018	00097019	00097020	00097021	00097022	00097023	00097024	00097025	00097026	00097027	00097028	00097029	00097030	00097031	00097032	00097033	00097034	00097035	00097036	00097037	00097038	00097039	00097040	00097041	00097042	00097043	00097044	00097045	00097046	00097047	00097048	00097049	00097050	00097051	00097052	00097053	00097054	00097055	00097056	00097057	00097058	00097059	00097060	00097061	00097062	00097063	00097064	00097065	00097066	00097067	00097068	00097069	00097070	00097071	00097072	00097073	00097074	00097075	00097076	00097077	00097078	00097079	00097080	00097081	00097082	00097083	00097084	00097085	00097086	00097087	00097088	00097089	00097090	00097091	00097092	00097093	00097094	00097095	00097096	00097097	00097098	00097099	00097100	00097101	00097102	00097103	00097104	00097105	00097106	00097107	00097108	00097109	00097110	00097111	00097112	00097113	00097114	00097115	00097116	00097117	00097118	00097119	00097120	00097121	00097122	00097123	00097124	00097125	00097126	00097127	00097128	00097129	00097130	00097131	00097132	00097133	00097134	00097135	00097136	00097137	00097138	00097139	00097140	00097141	00097142	00097143	00097144	00097145	00097146	00097147	00097148
1139583488	6026049606	8393767160	00097149	00097150	00097151	00097152	00097153	00097154	00097155	00097156	00097157	00097158	00097159	00097160	00097161	00097162	00097163	00097164	00097165	00097166	00097167	00097168	00097169	00097170	00097171	00097172	00097173	00097174	00097175	00097176	00097177	00097178	00097179	00097180	00097181	00097182	00097183	00097184	00097185	00097186	00097187	00097188	00097189	00097190	00097191	00097192	00097193	00097194	00097195	00097196	00097197	00097198	00097199	00097200	00097201	00097202	00097203	00097204	00097205	00097206	00097207	00097208	00097209	00097210	00097211	00097212	00097213	00097214	00097215	00097216	00097217	00097218	00097219	00097220	00097221	00097222	00097223	00097224	00097225	00097226	00097227	00097228	00097229	00097230	00097231	00097232	00097233	00097234	00097235	00097236	00097237	00097238	00097239	00097240	00097241	00097242	00097243	00097244	00097245	00097246	00097247	00097248	00097249	00097250	00097251	00097252	00097253	00097254	00097255	00097256	00097257	00097258	00097259	00097260	00097261	00097262	00097263	00097264	00097265	00097266	00097267	00097268	00097269	00097270	00097271	00097272	00097273	00097274	00097275	00097276	00097277	00097278	00097279	00097280	00097281	00097282	00097283	00097284	00097285	00097286	00097287	00097288	00097289	00097290	00097291	00097292	00097293	00097294	00097295	00097296	00097297	00097298	00097299	00097300	00097301	00097302	00097303	00097304	00097305	00097306	00097307	00097308	00097309	00097310	00097311	00097312	00097313	00097314	00097315	00097316	00097317	00097318	00097319	00097320	00097321	00097322	00097323	00097324	00097325	00097326	00097327	00097328	00097329	00097330	00097331	00097332	00097333	00097334	00097335	00097336	00097337	00097338	00097339	00097340	00097341	00097342	00097343	00097344	00097345	00097346	00097347	00097348
1141937577	6038505520	8410981267	00097349	00097350	00097351	00097352	00097353	00097354	00097355	00097356	00097357	00097358	00097359	00097360	00097361	00097362	00097363	00097364	00097365	00097366	00097367	00097368	00097369	00097370	00097371	00097372	00097373	00097374	00097375	00097376	00097377	00097378	00097379	00097380	00097381	00097382	00097383	00097384	00097385	00097386	00097387	00097388	00097389	00097390	00097391	00097392	00097393	00097394	00097395	00097396	00097397	00097398	00097399	00097400	00097401	00097402	00097403	00097404	00097405	00097406	00097407	00097408	00097409	00097410	00097411	00097412	00097413	00097414	00097415	00097416	00097417	00097418	00097419	00097420	00097421	00097422	00097423	00097424	00097425	00097426	00097427	00097428	00097429	00097430	00097431	00097432	00097433	00097434	00097435	00097436	00097437	00097438	00097439	00097440	00097441	00097442	00097443	00097444	00097445	00097446	00097447	00097448	00097449	00097450	00097451	00097452	00097453	00097454	00097455	00097456	00097457	00097458	00097459	00097460	00097461	00097462	00097463	00097464	00097465	00097466	00097467	00097468	00097469	00097470	00097471	00097472	00097473	00097474	00097475	00097476	00097477	00097478	00097479	00097480	00097481	00097482	00097483	00097484	00097485	00097486	00097487	00097488	00097489	00097490	00097491	00097492	00097493	00097494	00097495	00097496	00097497	00097498	00097499	00097500	00097501	00097502	00097503	00097504	00097505	00097506	00097507	00097508	00097509	00097510	00097511	00097512	00097513	00097514	00097515	00097516	00097517	00097518	00097519	00097520	00097521	00097522	00097523	00097524	00097525	00097526	00097527	00097528	00097529	00097530	00097531	00097532	00097533	00097534	00097535	00097536	00097537	00097538	00097539	00097540	00097541	00097542	00097543	00097544	00097545	00097546	00097547	00097548
1144259428	6050719888	8427883660	00097549	00097550	00097551	00097552	00097553	00097554	00097555	00097556	00097557	00097558	00097559	00097560	00097561	00097562	00097563	00097564	00097565	00097566	00097567	00097568	00097569	00097570	00097571	00097572	00097573	00097574	00097575	00097576	00097577	00097578	00097579	00097580	00097581	00097582	00097583	00097584	00097585	00097586	00097587	00097588	00097589	00097590	00097591	00097592	00097593	00097594	00097595	00097596	00097597	00097598	00097599	00097600	00097601	00097602	00097603	00097604	00097605	00097606	00097607	00097608	00097609	00097610	00097611	00097612	00097613	00097614	00097615	00097616	00097617	00097618	00097619	00097620	00097622	00097623	00097624	00097625	00097626	00097627	00097628	00097629	00097630	00097631	00097632	00097633	00097634	00097635	00097636	00097637	00097638	00097639	00097640	00097641	00097642	00097643	00097644	00097645	00097646	00097647	00097648	00097649	00097650	00097651	00097652	00097653	00097654	00097655	00097656	00097657	00097658	00097659	00097660	00097661	00097662	00097663	00097664	00097665	00097666	00097667	00097668	00097669	00097670	00097671	00097672	00097673	00097674	00097675	00097676	00097677	00097678	00097679	00097680	00097681	00097682	00097683	00097684	00097685	00097686	00097687	00097688	00097689	00097690	00097691	00097692	00097693	00097694	00097695	00097696	00097697	00097698	00097699	00097700	00097701	00097702	00097703	00097704	00097705	00097706	00097707	00097708	00097709	00097710	00097711	00097712	00097713	00097714	00097715	00097716	00097717	00097718	00097719	00097720	00097721	00097722	00097723	00097724	00097725	00097726	00097727	00097728	00097729	00097730	00097731	00097732	00097733	00097734	00097735	00097736	00097737	00097738	00097739	00097740	00097741	00097742	00097743	00097744	00097745	00097746	00097747	00097748	00097749
1146615466	6063211564	8445040214	00097750	00097751	00097752	00097753	00097754	00097755	00097756	00097757	00097758	00097759	00097760	00097761	00097762	00097763	00097764	00097765	00097766	00097767	00097768	00097769	00097770	00097771	00097772	00097773	00097774	00097775	00097776	00097777	00097778	00097779	00097780	00097781	00097782	00097783	00097784	00097785	00097786	00097787	00097788	00097789	00097790	00097791	00097792	00097793	00097794	00097795	00097796	00097797	00097798	00097799	00097800	00097801	00097802	00097803	00097804	00097805	00097806	00097807	00097808	00097809	00097810	00097811	00097812	00097813	00097814	00097815	00097816	00097817	00097818	00097819	00097820	00097821	00097822	00097823	00097825	00097826	00097827	00097828	00097829	00097830	00097831	00097832	00097833	00097834	00097835	00097836	00097837	00097838	00097839	00097840	00097841	00097842	00097843	00097844	00097845	00097846	00097847	00097848	00097849	00097850	00097851	00097852	00097853	00097854	00097855	00097856	00097857	00097858	00097859	00097860	00097861	00097862	00097863	00097864	00097865	00097866	00097867	00097868	00097869	00097870	00097871	00097872	00097873	00097874	00097875	00097876	00097877	00097878	00097879	00097880	00097881	00097882	00097883	00097884	00097885	00097886	00097887	00097888	00097889	00097890	00097891	00097892	00097893	00097894	00097895	00097896	00097897	00097898	00097899	00097900	00097901	00097902	00097903	00097904	00097905	00097906	00097907	00097908	00097909	00097910	00097911	00097912	00097913	00097914	00097915	00097916	00097917	00097918	00097919	00097920	00097921	00097922	00097923	00097924	00097925	00097926	00097927	00097928	00097929	00097930	00097931	00097932	00097933	00097934	00097935	00097936	00097937	00097938	00097939	00097940	00097941	00097942	00097943	00097944	00097945	00097946	00097947	00097948	00097949	00097950
1148988518	6075762452	8462515112	00097951	00097952	00097953	00097954	00097955	00097956	00097957	00097958	00097959	00097960	00097961	00097962	00097963	00097964	00097965	00097966	00097967	00097968	00097969	00097970	00097971	00097972	00097973	00097974	00097975	00097976	00097977	00097978	00097979	00097980	00097981	00097982	00097983	00097984	00097985	00097986	00097987	00097988	00097989	00097990	00097991	00097992	00097993	00097994	00097995	00097996	00097997	00097998	00097999	00098000	00098001	00098002	00098003	00098004	00098005	00098006	00098007	00098008	00098009	00098010	00098011	00098012	00098013	00098014	00098015	00098016	00098017	00098018	00098019	00098020	00098021	00098022	00098023	00098024	00098025	00098026	00098027	00098028	00098029	00098030	00098031	00098032	00098033	00098034	00098035	00098036	00098037	00098038	00098039	00098040	00098041	00098042	00098043	00098044	00098045	00098046	00098047	00098048	00098049	00098050	00098051	00098052	00098053	00098054	00098055	00098056	00098057	00098058	00098059	00098060	00098061	00098062	00098063	00098064	00098065	00098066	00098067	00098068	00098069	00098070	00098071	00098072	00098073	00098074	00098075	00098076	00098077	00098078	00098079	00098080	00098081	00098082	00098083	00098084	00098085	00098086	00098087	00098088	00098089	00098090	00098091	00098092	00098093	00098094	00098095	00098096	00098097	00098098	00098099	00098100	00098101	00098102	00098103	00098104	00098105	00098106	00098107	00098108	00098109	00098110	00098111	00098112	00098113	00098114	00098115	00098116	00098117	00098118	00098119	00098120	00098121	00098122	00098123	00098124	00098125	00098126	00098127	00098128	00098129	00098130	00098131	00098132	00098133	00098134	00098135	00098136	00098137	00098138	00098139	00098140	00098141	00098142	00098143	00098144	00098145	00098146	00098147	00098148	00098149	00098150
1151346982	6088381896	8480027391	00098151	00098152	00098153	00098154	00098155	00098156	00098157	00098158	00098159	00098160	00098161	00098162	00098163	00098164	00098165	00098166	00098167	00098168	00098169	00098170	00098171	00098172	00098173	00098174	00098175	00098176	00098177	00098178	00098179	00098180	00098181	00098182	00098183	00098184	00098185	00098186	00098187	00098188	00098189	00098190	00098191	00098192	00098193	00098194	00098195	00098196	00098197	00098198	00098199	00098200	00098201	00098202	00098203	00098204	00098205	00098206	00098207	00098208	00098209	00098210	00098211	00098212	00098213	00098214	00098215	00098216	00098217	00098218	00098219	00098220	00098221	00098222	00098223	00098224	00098225	00098226	00098227	00098228	00098229	00098230	00098231	00098232	00098233	00098234	00098235	00098236	00098237	00098238	00098239	00098240	00098241	00098242	00098243	00098244	00098245	00098246	00098247	00098248	00098249	00098250	00098251	00098252	00098253	00098254	00098255	00098256	00098257	00098258	00098259	00098260	00098261	00098262	00098263	00098264	00098265	00098266	00098267	00098268	00098269	00098270	00098271	00098272	00098273	00098274	00098275	00098276	00098277	00098278	00098279	00098280	00098281	00098282	00098283	00098284	00098285	00098286	00098287	00098288	00098289	00098290	00098291	00098292	00098293	00098294	00098295	00098296	00098297	00098298	00098299	00098300	00098301	00098302	00098303	00098304	00098305	00098306	00098307	00098308	00098309	00098310	00098311	00098312	00098313	00098314	00098315	00098316	00098317	00098318	00098319	00098320	00098321	00098322	00098323	00098324	00098325	00098326	00098327	00098328	00098329	00098330	00098331	00098332	00098333	00098334	00098335	00098336	00098337	00098338	00098339	00098340	00098341	00098342	00098343	00098344	00098345	00098346	00098347	00098348	00098349	00098350
1153632215	6100392394	8496422148	00098351	00098352	00098353	00098354	00098355	00098356	00098357	00098358	00098359	00098360	00098361	00098362	00098363	00098364	00098365	00098366	00098367	00098368	00098369	00098370	00098371	00098372	00098373	00098374	00098375	00098376	00098377	00098378	00098379	00098380	00098381	00098382	00098383	00098384	00098385	00098386	00098387	00098388	00098389	00098390	00098391	00098392	00098393	00098394	00098395	00098396	00098397	00098398	00098399	00098400	00098401	00098402	00098403	00098404	00098405	00098406	00098407	00098408	00098409	00098410	00098411	00098412	00098413	00098414	00098415	00098416	00098417	00098418	00098419	00098420	00098421	00098422	00098423	00098424	00098425	00098426	00098427	00098428	00098429	00098430	00098431	00098432	00098433	00098434	00098435	00098436	00098437	00098438	00098439	00098440	00098441	00098442	00098443	00098444	00098445	00098446	00098447	00098448	00098449	00098450	00098451	00098452	00098453	00098454	00098455	00098456	00098457	00098458	00098459	00098460	00098461	00098462	00098463	00098464	00098465	00098466	00098467	00098468	00098469	00098470	00098471	00098472	00098473	00098474	00098475	00098476	00098477	00098478	00098479	00098480	00098481	00098482	00098483	00098484	00098485	00098486	00098487	00098488	00098489	00098490	00098491	00098492	00098493	00098494	00098495	00098496	00098497	00098498	00098499	00098500	00098501	00098502	00098503	00098504	00098505	00098506	00098507	00098508	00098509	00098510	00098511	00098512	00098513	00098514	00098515	00098516	00098517	00098518	00098519	00098520	00098521	00098522	00098523	00098524	00098525	00098526	00098527	00098528	00098529	00098530	00098531	00098532	00098533	00098534	00098535	00098536	00098537	00098538	00098539	00098540	00098541	00098542	00098543	00098544	00098545	00098546	00098547	00098548	00098549	00098550
1155990346	6112859104	8513564776	00098551	00098552	00098553	00098554	00098555	00098556	00098557	00098558	00098559	00098560	00098561	00098562	00098563	00098564	00098565	00098566	00098567	00098568	00098569	00098570	00098571	00098572	00098573	00098574	00098575	00098576	00098577	00098578	00098579	00098580	00098581	00098582	00098583	00098584	00098585	00098586	00098587	00098588	00098589	00098590	00098591	00098592	00098593	00098594	00098595	00098596	00098597	00098598	00098599	00098600	00098601	00098602	00098603	00098604	00098605	00098606	00098607	00098608	00098609	00098610	00098611	00098612	00098613	00098614	00098615	00098616	00098617	00098618	00098619	00098620	00098621	00098622	00098623	00098624	00098625	00098626	00098627	00098628	00098629	00098630	00098631	00098632	00098633	00098634	00098635	00098636	00098637	00098638	00098639	00098640	00098641	00098642	00098643	00098644	00098645	00098646	00098647	00098648	00098649	00098650	00098651	00098652	00098653	00098654	00098655	00098656	00098657	00098658	00098659	00098660	00098661	00098662	00098663	00098664	00098665	00098666	00098667	00098668	00098669	00098670	00098671	00098672	00098673	00098674	00098675	00098676	00098677	00098678	00098679	00098680	00098681	00098682	00098683	00098684	00098685	00098686	00098687	00098688	00098689	00098690	00098691	00098692	00098693	00098694	00098695	00098696	00098697	00098698	00098699	00098700	00098701	00098702	00098703	00098704	00098705	00098706	00098707	00098708	00098709	00098710	00098711	00098712	00098713	00098714	00098715	00098716	00098717	00098718	00098719	00098720	00098721	00098722	00098723	00098724	00098725	00098726	00098727	00098728	00098729	00098730	00098731	00098732	00098733	00098734	00098735	00098736	00098737	00098738	00098739	00098740	00098741	00098742	00098743	00098744	00098745	00098746	00098747	00098748	00098749	00098750
1158354228	6125295622	8531487598	00098751	00098752	00098753	00098754	00098755	00098756	00098757	00098758	00098759	00098760	00098761	00098762	00098763	00098764	00098765	00098766	00098767	00098768	00098769	00098770	00098771	00098772	00098773	00098774	00098775	00098776	00098777	00098778	00098779	00098780	00098781	00098782	00098783	00098784	00098785	00098786	00098787	00098788	00098789	00098790	00098791	00098792	00098793	00098794	00098795	00098796	00098797	00098798	00098799	00098800	00098801	00098802	00098803	00098804	00098805	00098806	00098807	00098808	00098809	00098810	00098811	00098812	00098813	00098814	00098815	00098816	00098817	00098818	00098819	00098820	00098821	00098822	00098823	00098824	00098825	00098826	00098827	00098828	00098829	00098830	00098831	00098832	00098833	00098834	00098835	00098836	00098837	00098838	00098839	00098840	00098841	00098842	00098843	00098844	00098845	00098846	00098847	00098848	00098849	00098850	00098851	00098852	00098853	00098854	00098855	00098856	00098857	00098858	00098859	00098860	00098861	00098862	00098863	00098864	00098865	00098866	00098867	00098868	00098869	00098870	00098871	00098872	00098873	00098874	00098875	00098876	00098877	00098878	00098879	00098880	00098881	00098882	00098883	00098884	00098885	00098886	00098887	00098888	00098889	00098890	00098891	00098892	00098893	00098894	00098895	00098896	00098897	00098898	00098899	00098900	00098901	00098902	00098903	00098904	00098905	00098906	00098907	00098908	00098909	00098910	00098911	00098912	00098913	00098914	00098915	00098916	00098917	00098918	00098919	00098920	00098921	00098922	00098923	00098924	00098925	00098926	00098927	00098928	00098929	00098930	00098931	00098932	00098933	00098934	00098935	00098936	00098937	00098938	00098939	00098940	00098941	00098942	00098943	00098944	00098945	00098946	00098947	00098948	00098949	00098950
1160587451	6137059500	8547592936	00098951	00098952	00098953	00098954	00098955	00098956	00098957	00098958	00098959	00098960	00098961	00098962	00098963	00098964	00098965	00098966	00098967	00098968	00098969	00098970	00098971	00098972	00098973	00098974	00098975	00098976	00098977	00098978	00098979	00098980	00098981	00098982	00098983	00098984	00098985	00098986	00098987	00098988	00098989	00098990	00098991	00098992	00098993	00098994	00098995	00098996	00098997	00098998	00098999	00099000	00099001	00099002	00099003	00099004	00099005	00099006	00099007	00099008	00099009	00099010	00099011	00099012	00099013	00099014	00099015	00099016	00099017	00099018	00099019	00099020	00099021	00099022	00099023	00099024	00099025	00099026	00099027	00099028	00099029	00099030	00099031	00099032	00099033	00099034	00099035	00099036	00099037	00099038	00099039	00099040	00099041	00099042	00099043	00099044	00099045	00099046	00099047	00099048	00099049	00099050	00099051	00099052	00099053	00099054	00099055	00099056	00099057	00099058	00099059	00099060	00099061	00099062	00099063	00099064	00099065	00099066	00099067	00099068	00099069	00099070	00099072	00099073	00099074	00099075	00099076	00099077	00099078	00099079	00099080	00099081	00099082	00099083	00099084	00099085	00099086	00099087	00099088	00099089	00099090	00099091	00099092	00099093	00099094	00099095	00099096	00099097	00099098	00099099	00099100	00099101	00099102	00099103	00099104	00099105	00099106	00099107	00099108	00099109	00099110	00099111	00099112	00099113	00099114	00099115	00099116	00099117	00099118	00099119	00099120	00099121	00099122	00099123	00099124	00099125	00099126	00099127	00099128	00099129	00099130	00099131	00099132	00099133	00099134	00099135	00099136	00099137	00099138	00099139	00099140	00099141	00099142	00099143	00099144	00099145	00099146	00099147	00099148	00099149	00099150	00099151
1162877493	6149144696	8564203651	00099152	00099153	00099154	00099155	00099156	00099157	00099158	00099159	00099160	00099161	00099162	00099163	00099164	00099165	00099166	00099167	00099168	00099169	00099170	00099171	00099172	00099173	00099174	00099175	00099176	00099177	00099178	00099179	00099180	00099181	00099182	00099183	00099184	00099185	00099186	00099187	00099188	00099189	00099190	00099191	00099192	00099193	00099194	00099195	00099196	00099197	00099198	00099199	00099200	00099201	00099202	00099203	00099204	00099205	00099206	00099207	00099208	00099209	00099210	00099211	00099212	00099213	00099214	00099215	00099216	00099217	00099218	00099219	00099220	00099221	00099222	00099223	00099224	00099225	00099226	00099227	00099228	00099229	00099230	00099231	00099232	00099233	00099234	00099235	00099236	00099237	00099238	00099239	00099240	00099241	00099242	00099243	00099244	00099245	00099246	00099247	00099248	00099249	00099250	00099251	00099252	00099253	00099254	00099255	00099256	00099257	00099258	00099259	00099260	00099261	00099262	00099263	00099264	00099265	00099266	00099267	00099268	00099269	00099270	00099271	00099272	00099273	00099274	00099275	00099276	00099277	00099278	00099279	00099280	00099281	00099282	00099283	00099284	00099285	00099286	00099287	00099288	00099289	00099290	00099291	00099292	00099293	00099294	00099295	00099296	00099297	00099298	00099299	00099300	00099301	00099302	00099303	00099304	00099305	00099306	00099307	00099308	00099309	00099310	00099311	00099312	00099313	00099314	00099315	00099316	00099317	00099318	00099319	00099320	00099321	00099322	00099323	00099324	00099325	00099326	00099327	00099328	00099329	00099330	00099331	00099332	00099333	00099334	00099335	00099336	00099337	00099338	00099339	00099340	00099341	00099342	00099343	00099344	00099345	00099346	00099347	00099348	00099349	00099350	00099351
1165279608	6161890886	8582396308	00099352	00099353	00099354	00099355	00099356	00099357	00099358	00099359	00099360	00099361	00099362	00099363	00099364	00099365	00099366	00099367	00099368	00099369	00099370	00099371	00099372	00099373	00099374	00099375	00099376	00099377	00099378	00099379	00099380	00099381	00099382	00099383	00099384	00099385	00099386	00099387	00099388	00099389	00099390	00099391	00099392	00099393	00099394	00099395	00099396	00099397	00099398	00099399	00099400	00099401	00099402	00099403	00099404	00099405	00099406	00099407	00099408	00099409	00099410	00099411	00099412	00099413	00099414	00099415	00099416	00099417	00099418	00099419	00099420	00099421	00099422	00099423	00099424	00099425	00099426	00099427	00099428	00099429	00099430	00099431	00099432	00099433	00099434	00099435	00099436	00099437	00099438	00099439	00099440	00099441	00099442	00099443	00099444	00099445	00099446	00099447	00099448	00099449	00099450	00099451	00099452	00099453	00099454	00099455	00099456	00099457	00099458	00099459	00099460	00099461	00099462	00099463	00099464	00099465	00099466	00099467	00099468	00099469	00099470	00099471	00099472	00099473	00099474	00099475	00099476	00099477	00099478	00099479	00099480	00099481	00099482	00099483	00099484	00099485	00099486	00099487	00099488	00099489	00099490	00099491	00099492	00099493	00099494	00099495	00099496	00099497	00099498	00099499	00099500	00099501	00099502	00099503	00099504	00099505	00099506	00099507	00099508	00099509	00099510	00099511	00099512	00099513	00099514	00099515	00099516	00099517	00099518	00099519	00099520	00099521	00099522	00099523	00099524	00099525	00099526	00099527	00099528	00099529	00099530	00099531	00099532	00099533	00099534	00099535	00099536	00099537	00099538	00099539	00099540	00099541	00099542	00099543	00099544	00099545	00099546	00099547	00099548	00099549	00099550	00099551
1167619361	6174284582	8599642278	00099552	00099553	00099554	00099555	00099556	00099557	00099558	00099559	00099560	00099561	00099562	00099563	00099564	00099565	00099566	00099567	00099568	00099569	00099570	00099571	00099572	00099573	00099574	00099575	00099576	00099577	00099578	00099579	00099580	00099581	00099582	00099583	00099584	00099585	00099586	00099587	00099588	00099589	00099590	00099591	00099592	00099593	00099594	00099595	00099596	00099597	00099598	00099599	00099600	00099601	00099602	00099603	00099604	00099605	00099606	00099607	00099608	00099609	00099610	00099611	00099612	00099613	00099614	00099615	00099616	00099617	00099618	00099619	00099620	00099621	00099622	00099623	00099624	00099625	00099626	00099627	00099628	00099629	00099630	00099631	00099632	00099633	00099634	00099635	00099636	00099637	00099638	00099639	00099640	00099641	00099642	00099643	00099644	00099645	00099646	00099647	00099648	00099649	00099650	00099651	00099652	00099653	00099654	00099655	00099656	00099657	00099658	00099659	00099660	00099661	00099662	00099663	00099664	00099665	00099666	00099667	00099668	00099669	00099670	00099671	00099672	00099673	00099674	00099675	00099676	00099677	00099678	00099679	00099680	00099681	00099682	00099683	00099684	00099685	00099686	00099687	00099688	00099689	00099690	00099691	00099692	00099693	00099694	00099695	00099696	00099697	00099698	00099699	00099700	00099701	00099702	00099703	00099704	00099705	00099706	00099707	00099708	00099709	00099710	00099711	00099712	00099713	00099714	00099715	00099716	00099717	00099718	00099719	00099720	00099721	00099722	00099723	00099724	00099725	00099726	00099727	00099728	00099729	00099730	00099731	00099732	00099733	00099734	00099735	00099736	00099737	00099738	00099739	00099740	00099741	00099742	00099743	00099744	00099745	00099746	00099747	00099748	00099749	00099750	00099751
1169924458	6186402298	8616276049	00099752	00099753	00099754	00099755	00099756	00099757	00099758	00099759	00099760	00099761	00099762	00099763	00099764	00099765	00099766	00099767	00099768	00099769	00099770	00099771	00099772	00099773	00099774	00099775	00099776	00099777	00099778	00099779	00099780	00099781	00099782	00099783	00099784	00099785	00099786	00099787	00099788	00099789	00099790	00099791	00099792	00099793	00099794	00099795	00099796	00099797	00099798	00099799	00099800	00099801	00099802	00099803	00099804	00099805	00099806	00099807	00099808	00099809	00099810	00099811	00099812	00099813	00099814	00099815	00099816	00099817	00099818	00099819	00099820	00099821	00099822	00099823	00099824	00099825	00099826	00099827	00099828	00099829	00099830	00099831	00099832	00099833	00099834	00099835	00099836	00099837	00099838	00099839	00099840	00099841	00099842	00099843	00099844	00099845	00099846	00099847	00099848	00099849	00099850	00099851	00099852	00099853	00099854	00099855	00099856	00099857	00099858	00099859	00099860	00099861	00099862	00099863	00099864	00099865	00099866	00099867	00099868	00099869	00099870	00099871	00099872	00099873	00099874	00099875	00099876	00099877	00099878	00099879	00099880	00099881	00099882	00099883	00099884	00099885	00099886	00099887	00099888	00099889	00099890	00099891	00099892	00099893	00099894	00099895	00099896	00099897	00099898	00099899	00099900	00099901	00099902	00099903	00099904	00099905	00099906	00099907	00099908	00099909	00099910	00099911	00099912	00099913	00099914	00099915	00099916	00099917	00099918	00099919	00099920	00099921	00099922	00099923	00099924	00099925	00099926	00099927	00099928	00099929	00099930	00099931	00099932	00099933	00099934	00099935	00099936	00099937	00099938	00099939	00099940	00099941	00099942	00099943	00099944	00099945	00099946	00099947	00099948	00099949	00099950	00099951
1170497954	6189505090	8620717872	00099952	00099953	00099954	00099955	00099956	00099957	00099958	00099959	00099960	00099961	00099962	00099963	00099964	00099965	00099966	00099967	00099968	00099969	00099970	00099971	00099972	00099973	00099974	00099975	00099976	00099977	00099978	00099979	00099980	00099981	00099982	00099983	00099984	00099985	00099986	00099987	00099988	00099989	00099990	00099991	00099992	00099993	00099994	00099995	00099996	00099997	00099998	00099999
