stem,ours_0,ours_1,ours_2,ours_3,ours_4,ours_5,ours_6,ours_7,ours_8,ours_9,ours_10,ours_11,ours_12,ours_13,ours_14,ours_16,ours_17,ours_18,ours_19,ours_20,ours_21,ours_22,ours_23,ours_24,auth_0,auth_1,auth_2,auth_3,auth_4,auth_5,auth_6,auth_7,auth_8,auth_9,auth_10,auth_11,auth_12,auth_13,auth_14,auth_16,auth_17,auth_18,auth_19,auth_20,auth_21,auth_22,auth_23,auth_24,delta_0,delta_1,delta_2,delta_3,delta_4,delta_5,delta_6,delta_7,delta_8,delta_9,delta_10,delta_11,delta_12,delta_13,delta_14,delta_16,delta_17,delta_18,delta_19,delta_20,delta_21,delta_22,delta_23,delta_24
00000001,12,0,0,0,0,0,0,0,0,2,4,0,0,0,21,0,0,0,0,0,0,0,0,0,11,0,0,0,0,0,0,0,0,3,4,0,0,0,21,0,0,0,0,0,0,0,0,0,1,0,0,0,0,0,0,0,0,-1,0,0,0,0,0,0,0,0,0,0,0,0,0,0
00000012,11,2,0,0,3,0,0,0,0,0,0,4,0,0,0,0,0,0,0,0,5,0,0,0,10,3,0,0,3,0,0,0,0,0,0,4,0,0,0,0,0,0,0,0,5,0,0,0,1,-1,0,0,0,0,0,0,0,0,0,0,0,0,0,0,0,0,0,0,0,0,0,0
00000013,22,0,0,5,12,0,0,0,0,0,0,0,5,0,0,0,0,0,0,0,0,3,0,0,21,0,0,5,13,0,0,0,0,0,0,0,5,0,0,0,0,0,0,0,0,3,0,0,1,0,0,0,-1,0,0,0,0,0,0,0,0,0,0,0,0,0,0,0,0,0,0,0
00000069,27,3,0,0,3,0,1,0,0,0,0,8,0,0,0,0,0,0,0,0,0,0,0,0,26,3,0,0,3,0,2,0,0,0,0,8,0,0,0,0,0,0,0,0,0,0,0,0,1,0,0,0,0,0,-1,0,0,0,0,0,0,0,0,0,0,0,0,0,0,0,0,0
00000106,25,0,0,0,0,0,0,1,0,0,0,4,0,0,0,1,0,0,0,0,0,3,0,0,23,0,0,0,0,0,0,3,0,0,0,4,0,0,0,1,0,0,0,0,0,3,0,0,2,0,0,0,0,0,0,-2,0,0,0,0,0,0,0,0,0,0,0,0,0,0,0,0
00000112,19,0,2,0,0,0,1,0,1,0,0,0,0,0,0,0,0,0,0,4,0,0,0,0,17,0,2,0,0,0,2,0,2,0,0,0,0,0,0,0,0,0,0,4,0,0,0,0,2,0,0,0,0,0,-1,0,-1,0,0,0,0,0,0,0,0,0,0,0,0,0,0,0
00000172,23,0,2,0,0,0,1,0,0,0,0,0,0,0,0,0,0,0,4,0,0,0,0,0,22,0,2,0,0,0,2,0,0,0,0,0,0,0,0,0,0,0,4,0,0,0,0,0,1,0,0,0,0,0,-1,0,0,0,0,0,0,0,0,0,0,0,0,0,0,0,0,0
00000224,12,0,0,4,0,0,3,0,2,0,0,0,0,4,0,0,0,0,0,0,0,0,0,0,11,0,0,4,0,0,4,0,2,0,0,0,0,4,0,0,0,0,0,0,0,0,0,0,1,0,0,0,0,0,-1,0,0,0,0,0,0,0,0,0,0,0,0,0,0,0,0,0
00000254,17,0,0,0,0,6,1,0,0,0,0,4,0,0,0,0,1,0,0,0,0,0,0,0,16,0,0,0,0,6,2,0,0,0,0,4,0,0,0,0,1,0,0,0,0,0,0,0,1,0,0,0,0,0,-1,0,0,0,0,0,0,0,0,0,0,0,0,0,0,0,0,0
00000298,23,0,2,0,0,0,0,0,0,0,0,4,0,0,0,0,0,0,0,7,0,0,0,0,22,0,2,0,0,0,0,0,0,0,0,4,0,0,0,0,0,0,0,8,0,0,0,0,1,0,0,0,0,0,0,0,0,0,0,0,0,0,0,0,0,0,0,-1,0,0,0,0
00000344,28,0,0,0,0,0,0,5,0,0,0,0,0,0,7,0,0,0,0,0,0,0,0,0,27,0,0,0,0,0,0,6,0,0,0,0,0,0,7,0,0,0,0,0,0,0,0,0,1,0,0,0,0,0,0,-1,0,0,0,0,0,0,0,0,0,0,0,0,0,0,0,0
00000366,16,1,0,0,0,0,0,0,0,0,0,0,5,0,7,0,0,0,0,0,0,0,0,0,14,3,0,0,0,0,0,0,0,0,0,0,5,0,7,0,0,0,0,0,0,0,0,0,2,-2,0,0,0,0,0,0,0,0,0,0,0,0,0,0,0,0,0,0,0,0,0,0
00000416,13,3,0,0,3,6,0,3,0,0,0,3,0,0,0,0,0,2,0,0,0,0,0,0,12,3,0,0,3,6,0,3,0,0,0,4,0,0,0,0,0,2,0,0,0,0,0,0,1,0,0,0,0,0,0,0,0,0,0,-1,0,0,0,0,0,0,0,0,0,0,0,0
00000458,12,0,0,0,0,0,0,0,1,0,1,0,0,0,7,0,0,0,4,0,0,0,0,0,10,0,0,0,0,0,0,0,2,0,2,0,0,0,7,0,0,0,4,0,0,0,0,0,2,0,0,0,0,0,0,0,-1,0,-1,0,0,0,0,0,0,0,0,0,0,0,0,0
00000471,21,2,0,6,0,0,0,0,0,0,0,0,0,0,0,0,0,0,0,4,0,0,0,0,19,4,0,6,0,0,0,0,0,0,0,0,0,0,0,0,0,0,0,4,0,0,0,0,2,-2,0,0,0,0,0,0,0,0,0,0,0,0,0,0,0,0,0,0,0,0,0,0
00000493,17,1,0,0,0,0,0,0,0,0,0,0,0,4,7,0,0,0,0,0,5,0,0,0,15,3,0,0,0,0,0,0,0,0,0,0,0,4,7,0,0,0,0,0,5,0,0,0,2,-2,0,0,0,0,0,0,0,0,0,0,0,0,0,0,0,0,0,0,0,0,0,0
00000637,24,0,0,0,0,6,0,0,0,0,0,0,0,0,0,1,0,0,0,0,0,0,0,0,23,0,0,0,0,6,0,0,0,0,0,0,0,0,0,2,0,0,0,0,0,0,0,0,1,0,0,0,0,0,0,0,0,0,0,0,0,0,0,-1,0,0,0,0,0,0,0,0
00000707,13,3,0,0,3,6,0,0,0,2,0,0,0,0,0,0,0,0,0,0,5,0,0,0,12,3,0,0,3,6,0,0,0,3,0,0,0,0,0,0,0,0,0,0,5,0,0,0,1,0,0,0,0,0,0,0,0,-1,0,0,0,0,0,0,0,0,0,0,0,0,0,0
00000758,23,0,0,0,0,0,0,0,1,0,0,4,0,4,7,0,0,0,0,0,0,0,0,0,22,0,0,0,0,0,0,0,2,0,0,4,0,4,7,0,0,0,0,0,0,0,0,0,1,0,0,0,0,0,0,0,-1,0,0,0,0,0,0,0,0,0,0,0,0,0,0,0
00000819,13,0,0,0,3,6,0,2,0,0,0,0,5,0,0,0,0,0,0,0,0,0,0,0,12,0,0,0,3,6,0,3,0,0,0,0,5,0,0,0,0,0,0,0,0,0,0,0,1,0,0,0,0,0,0,-1,0,0,0,0,0,0,0,0,0,0,0,0,0,0,0,0
00000840,20,0,0,0,3,0,0,0,1,3,0,0,0,4,7,0,0,0,0,0,0,0,0,0,19,0,0,0,3,0,0,0,2,3,0,0,0,4,7,0,0,0,0,0,0,0,0,0,1,0,0,0,0,0,0,0,-1,0,0,0,0,0,0,0,0,0,0,0,0,0,0,0
00000842,16,0,0,0,0,6,0,0,2,2,0,0,0,0,0,0,0,0,0,0,0,0,0,0,15,0,0,0,0,6,0,0,2,3,0,0,0,0,0,0,0,0,0,0,0,0,0,0,1,0,0,0,0,0,0,0,0,-1,0,0,0,0,0,0,0,0,0,0,0,0,0,0
00000943,12,0,0,0,3,0,1,0,1,0,0,0,5,0,0,0,0,0,0,0,0,0,0,0,10,0,0,0,3,0,2,0,2,0,0,0,5,0,0,0,0,0,0,0,0,0,0,0,2,0,0,0,0,0,-1,0,-1,0,0,0,0,0,0,0,0,0,0,0,0,0,0,0
00001017,17,1,0,4,0,0,0,0,0,0,0,0,0,0,0,0,0,0,0,0,0,0,2,0,15,3,0,4,0,0,0,0,0,0,0,0,0,0,0,0,0,0,0,0,0,0,2,0,2,-2,0,0,0,0,0,0,0,0,0,0,0,0,0,0,0,0,0,0,0,0,0,0
00001033,13,0,0,0,0,0,2,0,0,3,2,0,0,0,0,0,0,0,5,0,0,0,0,0,12,0,0,0,0,0,3,0,0,3,2,0,0,0,0,0,0,0,5,0,0,0,0,0,1,0,0,0,0,0,-1,0,0,0,0,0,0,0,0,0,0,0,0,0,0,0,0,0
00001042,12,0,0,0,0,6,0,0,0,0,0,4,0,0,0,0,0,0,0,3,5,0,0,0,11,0,0,0,0,6,0,0,0,0,0,4,0,0,0,0,0,0,0,4,5,0,0,0,1,0,0,0,0,0,0,0,0,0,0,0,0,0,0,0,0,0,0,-1,0,0,0,0
00001075,16,1,0,4,0,0,0,0,2,0,0,0,0,0,0,0,0,0,0,0,0,3,2,0,14,3,0,4,0,0,0,0,2,0,0,0,0,0,0,0,0,0,0,0,0,3,2,0,2,-2,0,0,0,0,0,0,0,0,0,0,0,0,0,0,0,0,0,0,0,0,0,0
00001126,20,0,2,0,0,0,0,0,0,3,0,0,0,0,7,0,0,0,4,0,0,0,0,0,19,0,2,0,0,0,0,0,0,3,0,0,0,0,7,1,0,0,4,0,0,0,0,0,1,0,0,0,0,0,0,0,0,0,0,0,0,0,0,-1,0,0,0,0,0,0,0,0
00001305,11,2,0,4,0,0,0,0,0,0,2,0,5,0,0,0,0,0,0,0,0,0,0,0,10,3,0,4,0,0,0,0,0,0,2,0,5,0,0,0,0,0,0,0,0,0,0,0,1,-1,0,0,0,0,0,0,0,0,0,0,0,0,0,0,0,0,0,0,0,0,0,0
00001316,16,0,0,4,0,0,1,0,0,0,0,0,0,0,0,0,0,0,5,0,0,6,0,0,15,0,0,4,0,0,2,0,0,0,0,0,0,0,0,0,0,0,5,0,0,6,0,0,1,0,0,0,0,0,-1,0,0,0,0,0,0,0,0,0,0,0,0,0,0,0,0,0
00001444,16,0,0,0,0,0,2,0,0,0,1,0,0,0,0,0,0,0,4,0,5,0,0,0,15,0,0,0,0,0,2,0,0,0,2,0,0,0,0,0,0,0,4,0,5,0,0,0,1,0,0,0,0,0,0,0,0,0,-1,0,0,0,0,0,0,0,0,0,0,0,0,0
00001595,22,2,0,0,0,0,0,0,0,0,0,0,0,0,14,0,0,0,0,0,0,0,0,0,18,4,2,0,0,0,0,0,0,0,0,0,0,0,14,0,0,0,0,0,0,0,0,0,4,-2,-2,0,0,0,0,0,0,0,0,0,0,0,0,0,0,0,0,0,0,0,0,0
00001666,28,0,0,0,0,0,0,0,1,0,2,0,0,0,0,0,0,2,0,0,0,3,0,0,27,0,0,0,0,0,0,0,2,0,2,0,0,0,0,0,0,2,0,0,0,3,0,0,1,0,0,0,0,0,0,0,-1,0,0,0,0,0,0,0,0,0,0,0,0,0,0,0
00001670,16,0,0,0,0,0,2,0,1,0,0,0,0,0,0,0,0,0,0,0,0,0,2,0,15,0,0,0,0,0,2,0,2,0,0,0,0,0,0,0,0,0,0,0,0,0,2,0,1,0,0,0,0,0,0,0,-1,0,0,0,0,0,0,0,0,0,0,0,0,0,0,0
00001673,20,2,0,0,0,0,0,3,0,0,0,0,0,0,0,0,0,2,0,0,0,0,0,0,19,3,0,0,0,0,0,3,0,0,0,0,0,0,0,0,0,2,0,0,0,0,0,0,1,-1,0,0,0,0,0,0,0,0,0,0,0,0,0,0,0,0,0,0,0,0,0,0
00001689,16,0,0,0,3,0,0,3,0,0,1,0,0,0,0,0,0,0,0,0,0,0,0,0,15,0,0,0,3,0,0,3,0,0,2,0,0,0,0,0,0,0,0,0,0,0,0,0,1,0,0,0,0,0,0,0,0,0,-1,0,0,0,0,0,0,0,0,0,0,0,0,0
00001753,21,1,0,0,0,6,0,0,0,0,0,0,0,0,7,0,1,0,0,0,0,0,0,0,19,3,0,0,0,6,0,0,0,0,0,0,0,0,7,0,1,0,0,0,0,0,0,0,2,-2,0,0,0,0,0,0,0,0,0,0,0,0,0,0,0,0,0,0,0,0,0,0
00001756,25,3,0,4,0,0,0,0,0,0,3,0,0,0,0,0,1,0,0,0,0,0,0,0,24,3,0,4,0,0,0,0,0,0,4,0,0,0,0,0,1,0,0,0,0,0,0,0,1,0,0,0,0,0,0,0,0,0,-1,0,0,0,0,0,0,0,0,0,0,0,0,0
00001883,12,0,0,4,0,0,0,0,2,0,1,0,0,0,0,0,0,0,4,0,0,0,0,0,11,0,0,4,0,0,0,0,2,0,2,0,0,0,0,0,0,0,4,0,0,0,0,0,1,0,0,0,0,0,0,0,0,0,-1,0,0,0,0,0,0,0,0,0,0,0,0,0
00001977,14,0,0,0,0,0,0,0,0,3,0,0,5,0,0,0,0,0,0,3,5,0,0,0,13,0,0,0,0,0,0,0,0,3,0,0,5,0,0,0,0,0,0,4,5,0,0,0,1,0,0,0,0,0,0,0,0,0,0,0,0,0,0,0,0,0,0,-1,0,0,0,0
00002062,23,0,0,0,0,0,1,0,0,0,0,4,0,0,7,0,1,0,0,0,0,0,0,0,22,0,0,0,0,0,2,0,0,0,0,4,0,0,7,0,1,0,0,0,0,0,0,0,1,0,0,0,0,0,-1,0,0,0,0,0,0,0,0,0,0,0,0,0,0,0,0,0
00002166,13,0,0,0,0,0,0,0,2,0,0,0,0,4,0,0,0,4,0,0,0,0,0,0,12,0,0,0,0,0,0,0,2,0,0,0,0,4,0,0,0,5,0,0,0,0,0,0,1,0,0,0,0,0,0,0,0,0,0,0,0,0,0,0,0,-1,0,0,0,0,0,0
00002180,25,4,0,0,0,0,0,0,0,0,0,0,0,0,0,0,0,2,0,4,0,0,0,0,23,6,0,0,0,0,0,0,0,0,0,0,0,0,0,0,0,2,0,4,0,0,0,0,2,-2,0,0,0,0,0,0,0,0,0,0,0,0,0,0,0,0,0,0,0,0,0,0
00002189,14,3,0,0,0,6,0,1,0,0,0,0,0,0,0,0,0,0,0,0,0,0,0,0,12,3,0,0,0,6,0,3,0,0,0,0,0,0,0,0,0,0,0,0,0,0,0,0,2,0,0,0,0,0,0,-2,0,0,0,0,0,0,0,0,0,0,0,0,0,0,0,0
00002246,20,6,0,0,0,0,0,0,1,0,0,0,0,0,7,0,0,0,0,0,0,0,0,0,19,6,0,0,0,0,0,0,2,0,0,0,0,0,7,0,0,0,0,0,0,0,0,0,1,0,0,0,0,0,0,0,-1,0,0,0,0,0,0,0,0,0,0,0,0,0,0,0
00002251,16,0,0,0,6,0,0,2,0,0,0,0,0,0,7,0,0,0,4,0,0,0,0,0,15,0,0,0,6,0,0,3,0,0,0,0,0,0,7,0,0,0,4,0,0,0,0,0,1,0,0,0,0,0,0,-1,0,0,0,0,0,0,0,0,0,0,0,0,0,0,0,0
00002311,23,1,0,0,0,0,0,0,0,0,0,0,0,0,0,0,2,0,0,0,0,0,2,0,21,3,0,0,0,0,0,0,0,0,0,0,0,0,0,0,2,0,0,0,0,0,2,0,2,-2,0,0,0,0,0,0,0,0,0,0,0,0,0,0,0,0,0,0,0,0,0,0
00002347,13,0,3,0,0,6,1,0,0,0,0,0,0,0,0,0,1,0,0,0,0,0,0,0,12,0,3,0,0,6,2,0,0,0,0,0,0,0,0,0,1,0,0,0,0,0,0,0,1,0,0,0,0,0,-1,0,0,0,0,0,0,0,0,0,0,0,0,0,0,0,0,0
00002451,12,0,0,0,0,0,0,0,1,0,1,0,0,0,0,0,2,0,0,0,0,0,0,0,10,0,0,0,0,0,0,0,2,0,2,0,0,0,0,0,2,0,0,0,0,0,0,0,2,0,0,0,0,0,0,0,-1,0,-1,0,0,0,0,0,0,0,0,0,0,0,0,0
00002594,14,1,0,0,0,0,2,0,0,0,0,0,0,0,0,0,0,2,0,0,0,3,0,0,12,3,0,0,0,0,2,0,0,0,0,0,0,0,0,0,0,2,0,0,0,3,0,0,2,-2,0,0,0,0,0,0,0,0,0,0,0,0,0,0,0,0,0,0,0,0,0,0
00002642,21,1,2,0,0,0,0,0,0,3,0,0,0,0,0,0,0,2,0,0,0,0,0,0,19,3,2,0,0,0,0,0,0,3,0,0,0,0,0,0,0,2,0,0,0,0,0,0,2,-2,0,0,0,0,0,0,0,0,0,0,0,0,0,0,0,0,0,0,0,0,0,0
00002676,15,0,0,0,3,6,1,0,0,0,0,0,0,0,0,0,0,3,0,0,0,0,0,0,14,0,0,0,3,6,2,0,0,0,0,0,0,0,0,0,0,3,0,0,0,0,0,0,1,0,0,0,0,0,-1,0,0,0,0,0,0,0,0,0,0,0,0,0,0,0,0,0
00002710,20,1,0,4,0,6,0,3,0,0,0,0,0,0,0,0,0,0,0,0,0,0,0,0,18,3,0,4,0,6,0,3,0,0,0,0,0,0,0,0,0,0,0,0,0,0,0,0,2,-2,0,0,0,0,0,0,0,0,0,0,0,0,0,0,0,0,0,0,0,0,0,0
00002716,33,0,0,0,0,0,0,4,0,3,0,0,0,0,0,0,0,0,0,0,0,0,0,0,31,0,0,0,0,0,0,6,0,3,0,0,0,0,0,0,0,0,0,0,0,0,0,0,2,0,0,0,0,0,0,-2,0,0,0,0,0,0,0,0,0,0,0,0,0,0,0,0
00002787,25,0,0,0,0,0,0,3,0,0,0,3,0,0,0,0,1,0,0,0,5,0,0,0,24,0,0,0,0,0,0,3,0,0,0,4,0,0,0,0,1,0,0,0,5,0,0,0,1,0,0,0,0,0,0,0,0,0,0,-1,0,0,0,0,0,0,0,0,0,0,0,0
00002799,20,0,2,0,0,0,1,0,0,3,0,4,5,0,0,0,0,0,0,0,0,0,0,0,19,0,2,0,0,0,2,0,0,3,0,4,5,0,0,0,0,0,0,0,0,0,0,0,1,0,0,0,0,0,-1,0,0,0,0,0,0,0,0,0,0,0,0,0,0,0,0,0
00002896,22,0,0,0,3,0,3,0,0,0,0,0,0,0,0,0,0,0,0,0,0,3,0,0,21,0,0,0,3,0,4,0,0,0,0,0,0,0,0,0,0,0,0,0,0,3,0,0,1,0,0,0,0,0,-1,0,0,0,0,0,0,0,0,0,0,0,0,0,0,0,0,0
00002909,18,0,0,4,0,0,0,0,1,0,0,8,0,0,0,0,0,0,0,0,0,0,0,0,17,0,0,4,0,0,0,0,2,0,0,8,0,0,0,0,0,0,0,0,0,0,0,0,1,0,0,0,0,0,0,0,-1,0,0,0,0,0,0,0,0,0,0,0,0,0,0,0
00003006,6,0,0,0,0,0,0,0,0,0,0,0,4,0,0,0,4,0,0,0,0,0,0,0,3,0,0,0,0,0,0,0,0,0,0,0,7,0,0,0,4,0,0,0,0,0,0,0,3,0,0,0,0,0,0,0,0,0,0,0,-3,0,0,0,0,0,0,0,0,0,0,0
00003037,19,3,0,0,3,0,2,0,0,0,0,0,0,0,0,0,1,0,0,0,0,0,0,0,18,4,0,0,3,0,2,0,0,0,0,0,0,0,0,0,1,0,0,0,0,0,0,0,1,-1,0,0,0,0,0,0,0,0,0,0,0,0,0,0,0,0,0,0,0,0,0,0
00003124,11,0,0,4,0,0,0,0,1,0,0,0,0,0,0,0,1,0,0,0,0,0,0,0,10,0,0,4,0,0,0,0,2,0,0,0,0,0,0,0,1,0,0,0,0,0,0,0,1,0,0,0,0,0,0,0,-1,0,0,0,0,0,0,0,0,0,0,0,0,0,0,0
00003143,13,0,0,0,0,0,0,3,0,0,0,0,0,0,0,0,0,0,9,0,0,0,2,0,11,0,0,0,0,0,0,4,0,0,0,0,0,0,0,0,0,0,10,0,0,0,2,0,2,0,0,0,0,0,0,-1,0,0,0,0,0,0,0,0,0,0,-1,0,0,0,0,0
00003200,15,3,0,0,0,0,0,0,0,0,0,0,0,0,7,0,0,0,2,0,0,0,0,0,13,3,0,0,0,0,0,0,0,0,0,0,0,0,7,0,0,0,4,0,0,0,0,0,2,0,0,0,0,0,0,0,0,0,0,0,0,0,0,0,0,0,-2,0,0,0,0,0
00003203,35,0,0,0,0,0,0,3,3,0,1,0,0,0,0,0,0,0,0,0,0,0,0,0,33,0,0,0,0,0,0,3,4,0,2,0,0,0,0,0,0,0,0,0,0,0,0,0,2,0,0,0,0,0,0,0,-1,0,-1,0,0,0,0,0,0,0,0,0,0,0,0,0
00003274,21,0,0,0,0,6,0,1,2,0,0,0,0,0,0,0,1,0,0,0,0,0,0,0,19,0,0,0,0,6,0,3,2,0,0,0,0,0,0,0,1,0,0,0,0,0,0,0,2,0,0,0,0,0,0,-2,0,0,0,0,0,0,0,0,0,0,0,0,0,0,0,0
00003331,20,0,0,0,3,0,1,0,0,0,0,0,5,0,0,0,0,0,0,0,0,0,0,0,19,0,0,0,3,0,2,0,0,0,0,0,5,0,0,0,0,0,0,0,0,0,0,0,1,0,0,0,0,0,-1,0,0,0,0,0,0,0,0,0,0,0,0,0,0,0,0,0
00003359,27,3,0,0,0,0,0,4,0,0,1,0,0,0,0,0,0,0,0,4,0,0,0,0,26,3,0,0,0,0,0,4,0,0,2,0,0,0,0,0,0,0,0,4,0,0,0,0,1,0,0,0,0,0,0,0,0,0,-1,0,0,0,0,0,0,0,0,0,0,0,0,0
00003362,29,0,0,0,3,0,0,2,0,0,0,0,0,0,0,0,0,0,0,0,0,3,0,0,28,0,0,0,3,0,0,3,0,0,0,0,0,0,0,0,0,0,0,0,0,3,0,0,1,0,0,0,0,0,0,-1,0,0,0,0,0,0,0,0,0,0,0,0,0,0,0,0
00003453,16,0,0,0,0,0,0,0,0,0,1,0,5,0,0,0,0,0,0,0,0,0,2,0,15,0,0,0,0,0,0,0,0,0,2,0,5,0,0,0,0,0,0,0,0,0,2,0,1,0,0,0,0,0,0,0,0,0,-1,0,0,0,0,0,0,0,0,0,0,0,0,0
00003532,19,3,0,0,0,0,0,0,1,3,0,0,0,4,0,0,0,0,0,0,0,0,0,0,18,3,0,0,0,0,0,0,2,3,0,0,0,4,0,0,0,0,0,0,0,0,0,0,1,0,0,0,0,0,0,0,-1,0,0,0,0,0,0,0,0,0,0,0,0,0,0,0
00003634,12,0,0,0,0,6,2,0,0,0,3,0,0,4,0,0,0,0,0,0,0,0,0,0,11,0,0,0,0,6,2,0,0,0,4,0,0,4,0,0,0,0,0,0,0,0,0,0,1,0,0,0,0,0,0,0,0,0,-1,0,0,0,0,0,0,0,0,0,0,0,0,0
00003639,21,2,0,0,0,0,0,0,0,0,0,8,5,0,0,0,0,0,0,0,0,0,0,0,20,3,0,0,0,0,0,0,0,0,0,8,5,0,0,0,0,0,0,0,0,0,0,0,1,-1,0,0,0,0,0,0,0,0,0,0,0,0,0,0,0,0,0,0,0,0,0,0
00003640,21,1,0,0,0,0,0,0,0,0,0,0,0,4,0,0,0,2,0,0,5,0,0,0,19,3,0,0,0,0,0,0,0,0,0,0,0,4,0,0,0,2,0,0,5,0,0,0,2,-2,0,0,0,0,0,0,0,0,0,0,0,0,0,0,0,0,0,0,0,0,0,0
00003641,29,1,0,0,0,6,2,0,0,0,0,0,0,0,0,1,0,0,0,4,0,0,0,0,27,3,0,0,0,6,2,0,0,0,0,0,0,0,0,1,0,0,0,4,0,0,0,0,2,-2,0,0,0,0,0,0,0,0,0,0,0,0,0,0,0,0,0,0,0,0,0,0
00003658,16,0,0,4,0,0,1,0,0,0,0,0,0,0,0,1,0,0,0,0,0,0,2,0,15,0,0,4,0,0,2,0,0,0,0,0,0,0,0,1,0,0,0,0,0,0,2,0,1,0,0,0,0,0,-1,0,0,0,0,0,0,0,0,0,0,0,0,0,0,0,0,0
00003659,14,0,2,0,6,0,0,0,1,0,2,0,0,0,0,0,0,0,0,0,0,0,0,0,13,0,2,0,6,0,0,0,2,0,2,0,0,0,0,0,0,0,0,0,0,0,0,0,1,0,0,0,0,0,0,0,-1,0,0,0,0,0,0,0,0,0,0,0,0,0,0,0
00003727,29,0,0,0,0,0,0,0,1,0,0,0,0,0,0,0,0,0,4,0,5,3,0,0,28,0,0,0,0,0,0,0,2,0,0,0,0,0,0,0,0,0,4,0,5,3,0,0,1,0,0,0,0,0,0,0,-1,0,0,0,0,0,0,0,0,0,0,0,0,0,0,0
00003766,13,0,0,0,0,0,0,1,1,0,0,0,0,0,0,0,0,0,0,0,0,0,2,0,10,0,0,0,0,0,0,3,2,0,0,0,0,0,0,0,0,0,0,0,0,0,2,0,3,0,0,0,0,0,0,-2,-1,0,0,0,0,0,0,0,0,0,0,0,0,0,0,0
00003813,27,1,0,0,0,6,2,0,0,0,0,0,0,4,0,0,0,2,0,0,5,0,2,0,25,3,0,0,0,6,2,0,0,0,0,0,0,4,0,0,0,2,0,0,5,0,2,0,2,-2,0,0,0,0,0,0,0,0,0,0,0,0,0,0,0,0,0,0,0,0,0,0
00003840,25,0,0,0,0,0,0,0,0,0,0,0,0,0,0,0,2,0,0,0,5,0,0,0,23,0,2,0,0,0,0,0,0,0,0,0,0,0,0,0,2,0,0,0,5,0,0,0,2,0,-2,0,0,0,0,0,0,0,0,0,0,0,0,0,0,0,0,0,0,0,0,0
00003877,14,3,2,4,0,0,0,0,0,0,0,7,0,0,0,0,0,0,0,0,0,0,0,0,13,3,2,4,0,0,0,0,0,0,0,8,0,0,0,0,0,0,0,0,0,0,0,0,1,0,0,0,0,0,0,0,0,0,0,-1,0,0,0,0,0,0,0,0,0,0,0,0
00003883,12,0,0,0,4,0,0,0,0,0,0,4,5,0,0,0,0,0,0,0,0,0,0,0,11,0,0,0,4,0,0,0,0,0,0,4,5,0,0,1,0,0,0,0,0,0,0,0,1,0,0,0,0,0,0,0,0,0,0,0,0,0,0,-1,0,0,0,0,0,0,0,0
00003900,19,2,0,4,0,0,0,0,0,0,0,0,0,0,0,0,0,2,0,0,0,3,0,0,15,6,0,4,0,0,0,0,0,0,0,0,0,0,0,0,0,2,0,0,0,3,0,0,4,-4,0,0,0,0,0,0,0,0,0,0,0,0,0,0,0,0,0,0,0,0,0,0
00003925,8,0,0,0,0,0,0,0,0,0,0,0,0,0,0,0,1,0,0,0,0,0,1,0,7,0,0,0,0,0,0,0,0,0,0,0,0,0,0,0,1,0,0,0,0,0,2,0,1,0,0,0,0,0,0,0,0,0,0,0,0,0,0,0,0,0,0,0,0,0,-1,0
00003929,25,0,0,0,0,6,0,0,0,2,0,0,0,0,7,0,0,0,0,0,0,0,0,0,24,0,0,0,0,6,0,0,0,3,0,0,0,0,7,0,0,0,0,0,0,0,0,0,1,0,0,0,0,0,0,0,0,-1,0,0,0,0,0,0,0,0,0,0,0,0,0,0
00003952,20,0,0,4,0,0,1,0,0,0,0,0,0,0,0,0,1,0,0,0,0,0,0,0,19,0,0,4,0,0,2,0,0,0,0,0,0,0,0,0,1,0,0,0,0,0,0,0,1,0,0,0,0,0,-1,0,0,0,0,0,0,0,0,0,0,0,0,0,0,0,0,0
00004001,18,0,2,0,0,0,0,1,0,3,0,0,0,0,0,0,0,0,0,0,0,0,0,0,16,0,2,0,0,0,0,3,0,3,0,0,0,0,0,0,0,0,0,0,0,0,0,0,2,0,0,0,0,0,0,-2,0,0,0,0,0,0,0,0,0,0,0,0,0,0,0,0
00004030,21,0,0,0,0,6,0,0,1,0,0,0,0,0,0,0,1,0,4,0,0,0,2,0,20,0,0,0,0,6,0,0,2,0,0,0,0,0,0,0,1,0,4,0,0,0,2,0,1,0,0,0,0,0,0,0,-1,0,0,0,0,0,0,0,0,0,0,0,0,0,0,0
00004043,25,0,2,0,0,0,0,0,1,0,0,0,0,0,7,0,0,0,0,0,0,0,0,0,24,0,2,0,0,0,0,0,2,0,0,0,0,0,7,0,0,0,0,0,0,0,0,0,1,0,0,0,0,0,0,0,-1,0,0,0,0,0,0,0,0,0,0,0,0,0,0,0
00004058,26,1,0,0,0,0,0,0,0,0,0,0,0,0,0,0,0,0,4,0,0,3,0,0,24,3,0,0,0,0,0,0,0,0,0,0,0,0,0,0,0,0,4,0,0,3,0,0,2,-2,0,0,0,0,0,0,0,0,0,0,0,0,0,0,0,0,0,0,0,0,0,0
00004100,15,1,0,0,0,0,0,0,0,0,2,5,0,0,0,0,1,0,0,0,0,0,0,0,13,3,0,0,0,0,0,0,0,0,2,5,0,0,0,0,1,0,0,0,0,0,0,0,2,-2,0,0,0,0,0,0,0,0,0,0,0,0,0,0,0,0,0,0,0,0,0,0
00004184,11,0,0,4,9,0,0,0,0,0,2,0,0,0,0,0,0,0,0,0,0,0,0,0,10,0,0,4,10,0,0,0,0,0,2,0,0,0,0,0,0,0,0,0,0,0,0,0,1,0,0,0,-1,0,0,0,0,0,0,0,0,0,0,0,0,0,0,0,0,0,0,0
00004202,23,0,0,0,0,0,2,0,0,0,0,3,0,0,0,0,1,0,0,0,0,0,0,0,22,0,0,0,0,0,2,0,0,0,0,4,0,0,0,0,1,0,0,0,0,0,0,0,1,0,0,0,0,0,0,0,0,0,0,-1,0,0,0,0,0,0,0,0,0,0,0,0
00004221,16,0,2,0,0,0,0,0,0,0,2,1,0,0,0,0,0,2,0,0,0,0,0,0,13,0,2,0,0,0,0,0,0,0,2,4,0,0,0,0,0,2,0,0,0,0,0,0,3,0,0,0,0,0,0,0,0,0,0,-3,0,0,0,0,0,0,0,0,0,0,0,0
00004264,14,0,0,0,0,6,0,0,1,0,0,0,0,0,0,0,0,0,0,0,0,3,0,0,13,0,0,0,0,6,0,0,2,0,0,0,0,0,0,0,0,0,0,0,0,3,0,0,1,0,0,0,0,0,0,0,-1,0,0,0,0,0,0,0,0,0,0,0,0,0,0,0
00004348,19,3,2,0,0,0,0,1,0,0,0,4,0,0,0,0,0,0,0,0,0,0,0,0,17,3,2,0,0,0,0,3,0,0,0,4,0,0,0,0,0,0,0,0,0,0,0,0,2,0,0,0,0,0,0,-2,0,0,0,0,0,0,0,0,0,0,0,0,0,0,0,0
00004393,16,0,0,0,4,0,1,0,0,0,0,0,0,0,7,0,0,2,0,0,0,0,0,0,15,0,0,0,4,0,2,0,0,0,0,0,0,0,7,0,0,2,0,0,0,0,0,0,1,0,0,0,0,0,-1,0,0,0,0,0,0,0,0,0,0,0,0,0,0,0,0,0
00004468,23,2,0,4,0,6,0,0,2,3,0,4,0,8,0,0,0,0,0,0,0,0,0,0,19,6,0,4,0,6,0,0,2,3,0,4,0,8,0,0,0,0,0,0,0,0,0,0,4,-4,0,0,0,0,0,0,0,0,0,0,0,0,0,0,0,0,0,0,0,0,0,0
00004491,14,1,0,0,0,0,3,0,2,0,0,0,0,0,7,0,0,0,0,0,0,0,0,0,12,3,0,0,0,0,3,0,2,0,0,0,0,0,7,0,0,0,0,0,0,0,0,0,2,-2,0,0,0,0,0,0,0,0,0,0,0,0,0,0,0,0,0,0,0,0,0,0
00004496,29,3,0,8,0,0,0,0,0,0,1,0,0,0,0,0,0,0,0,4,0,0,0,0,28,3,0,8,0,0,0,0,0,0,2,0,0,0,0,0,0,0,0,4,0,0,0,0,1,0,0,0,0,0,0,0,0,0,-1,0,0,0,0,0,0,0,0,0,0,0,0,0
00004506,21,0,0,0,0,6,0,0,0,0,0,3,0,0,0,0,0,0,0,4,0,3,0,0,20,0,0,0,0,6,0,0,0,0,0,4,0,0,0,0,0,0,0,4,0,3,0,0,1,0,0,0,0,0,0,0,0,0,0,-1,0,0,0,0,0,0,0,0,0,0,0,0
00004543,16,2,0,0,0,0,0,0,0,0,0,0,0,4,7,0,0,0,0,0,0,0,0,0,15,3,0,0,0,0,0,0,0,0,0,0,0,4,7,0,0,0,0,0,0,0,0,0,1,-1,0,0,0,0,0,0,0,0,0,0,0,0,0,0,0,0,0,0,0,0,0,0
00004603,41,0,0,0,0,0,0,0,0,9,0,8,0,0,0,0,0,0,0,0,0,0,0,0,40,0,0,0,0,0,0,0,0,10,0,8,0,0,0,0,0,0,0,0,0,0,0,0,1,0,0,0,0,0,0,0,0,-1,0,0,0,0,0,0,0,0,0,0,0,0,0,0
00004645,22,1,0,0,0,0,0,2,0,0,0,0,0,0,0,0,0,0,4,0,0,0,0,0,19,3,0,0,0,0,0,3,0,0,0,0,0,0,0,0,0,0,4,0,0,0,0,0,3,-2,0,0,0,0,0,-1,0,0,0,0,0,0,0,0,0,0,0,0,0,0,0,0
00004693,12,3,0,0,0,0,0,0,1,0,0,4,0,0,0,0,1,0,0,0,0,0,0,0,11,3,0,0,0,0,0,0,2,0,0,4,0,0,0,0,1,0,0,0,0,0,0,0,1,0,0,0,0,0,0,0,-1,0,0,0,0,0,0,0,0,0,0,0,0,0,0,0
00004764,22,0,0,0,0,0,0,3,0,0,1,0,0,4,0,0,0,0,0,0,0,3,0,0,21,0,0,0,0,0,0,3,0,0,2,0,0,4,0,0,0,0,0,0,0,3,0,0,1,0,0,0,0,0,0,0,0,0,-1,0,0,0,0,0,0,0,0,0,0,0,0,0
00004772,30,0,0,0,3,0,0,0,0,0,1,0,0,0,0,0,0,0,0,0,0,3,0,0,27,0,2,0,3,0,0,0,0,0,2,0,0,0,0,0,0,0,0,0,0,3,0,0,3,0,-2,0,0,0,0,0,0,0,-1,0,0,0,0,0,0,0,0,0,0,0,0,0
00004801,36,3,0,4,0,6,0,0,1,0,0,0,0,0,0,0,0,0,0,0,0,0,0,0,35,3,0,4,0,6,0,0,2,0,0,0,0,0,0,0,0,0,0,0,0,0,0,0,1,0,0,0,0,0,0,0,-1,0,0,0,0,0,0,0,0,0,0,0,0,0,0,0
00004865,15,2,2,0,0,0,0,0,0,0,0,4,0,0,0,0,0,0,4,0,0,0,0,0,14,3,2,0,0,0,0,0,0,0,0,4,0,0,0,0,0,0,4,0,0,0,0,0,1,-1,0,0,0,0,0,0,0,0,0,0,0,0,0,0,0,0,0,0,0,0,0,0
00004870,18,0,0,0,3,6,0,0,1,0,0,0,0,0,0,0,0,2,0,4,0,0,0,0,17,0,0,0,3,6,0,0,2,0,0,0,0,0,0,0,0,2,0,4,0,0,0,0,1,0,0,0,0,0,0,0,-1,0,0,0,0,0,0,0,0,0,0,0,0,0,0,0
00004932,13,0,0,0,3,6,0,0,0,3,0,3,0,0,0,0,0,0,0,0,0,0,0,0,12,0,0,0,3,6,0,0,0,3,0,4,0,0,0,0,0,0,0,0,0,0,0,0,1,0,0,0,0,0,0,0,0,0,0,-1,0,0,0,0,0,0,0,0,0,0,0,0
00004967,33,0,0,0,0,0,0,0,0,0,1,4,0,0,0,0,0,0,0,7,0,0,0,0,31,0,0,0,0,0,0,0,0,0,2,4,0,0,0,0,0,0,0,8,0,0,0,0,2,0,0,0,0,0,0,0,0,0,-1,0,0,0,0,0,0,0,0,-1,0,0,0,0
00004990,21,0,0,4,0,0,1,0,0,0,0,0,5,0,0,1,0,0,0,0,0,0,0,0,20,0,0,4,0,0,2,0,0,0,0,0,5,0,0,1,0,0,0,0,0,0,0,0,1,0,0,0,0,0,-1,0,0,0,0,0,0,0,0,0,0,0,0,0,0,0,0,0
00004995,36,0,0,0,11,0,2,0,0,3,0,0,0,0,0,0,0,0,0,0,0,0,0,0,35,0,0,0,12,0,2,0,0,3,0,0,0,0,0,0,0,0,0,0,0,0,0,0,1,0,0,0,-1,0,0,0,0,0,0,0,0,0,0,0,0,0,0,0,0,0,0,0
00005016,12,3,0,0,3,0,0,0,2,0,1,0,0,0,0,0,0,0,0,0,0,0,0,0,11,3,0,0,3,0,0,0,2,0,2,0,0,0,0,0,0,0,0,0,0,0,0,0,1,0,0,0,0,0,0,0,0,0,-1,0,0,0,0,0,0,0,0,0,0,0,0,0
00005039,40,3,0,0,0,0,0,0,0,0,1,0,0,0,0,1,0,3,0,0,0,0,0,0,39,3,0,0,0,0,0,0,0,0,2,0,0,0,0,1,0,3,0,0,0,0,0,0,1,0,0,0,0,0,0,0,0,0,-1,0,0,0,0,0,0,0,0,0,0,0,0,0
00005067,16,1,0,0,0,0,0,0,0,0,0,0,0,4,0,0,0,2,0,0,0,3,0,0,14,3,0,0,0,0,0,0,0,0,0,0,0,4,0,0,0,2,0,0,0,3,0,0,2,-2,0,0,0,0,0,0,0,0,0,0,0,0,0,0,0,0,0,0,0,0,0,0
00005118,15,0,0,0,0,0,0,0,0,0,1,4,0,0,0,0,1,0,0,0,0,0,0,0,14,0,0,0,0,0,0,0,0,0,2,4,0,0,0,0,1,0,0,0,0,0,0,0,1,0,0,0,0,0,0,0,0,0,-1,0,0,0,0,0,0,0,0,0,0,0,0,0
00005144,13,0,0,0,0,0,0,0,0,0,3,0,0,0,0,0,0,0,0,0,0,3,0,0,12,0,0,0,0,0,0,0,0,0,4,0,0,0,0,0,0,0,0,0,0,3,0,0,1,0,0,0,0,0,0,0,0,0,-1,0,0,0,0,0,0,0,0,0,0,0,0,0
00005186,25,3,0,4,0,0,1,0,0,0,0,0,0,0,7,0,0,0,0,4,0,0,0,0,24,3,0,4,0,0,2,0,0,0,0,0,0,0,7,0,0,0,0,4,0,0,0,0,1,0,0,0,0,0,-1,0,0,0,0,0,0,0,0,0,0,0,0,0,0,0,0,0
00005348,18,0,0,0,0,6,0,0,1,0,0,0,0,0,0,0,0,0,5,0,0,0,0,0,17,0,0,0,0,6,0,0,2,0,0,0,0,0,0,0,0,0,5,0,0,0,0,0,1,0,0,0,0,0,0,0,-1,0,0,0,0,0,0,0,0,0,0,0,0,0,0,0
00005401,14,0,0,0,0,0,0,0,0,0,2,3,0,0,14,0,0,0,0,0,0,0,0,0,13,0,0,0,0,0,0,0,0,0,2,4,0,0,14,0,0,0,0,0,0,0,0,0,1,0,0,0,0,0,0,0,0,0,0,-1,0,0,0,0,0,0,0,0,0,0,0,0
00005460,28,0,0,0,0,0,1,0,0,0,0,0,0,0,0,0,1,0,0,4,0,0,0,0,27,0,0,0,0,0,2,0,0,0,0,0,0,0,0,0,1,0,0,4,0,0,0,0,1,0,0,0,0,0,-1,0,0,0,0,0,0,0,0,0,0,0,0,0,0,0,0,0
00005480,18,1,0,0,0,0,0,0,0,0,0,0,0,0,0,0,0,2,0,0,5,0,2,0,16,3,0,0,0,0,0,0,0,0,0,0,0,0,0,0,0,2,0,0,5,0,2,0,2,-2,0,0,0,0,0,0,0,0,0,0,0,0,0,0,0,0,0,0,0,0,0,0
00005496,14,0,2,0,0,0,0,0,0,0,0,0,0,0,0,0,0,0,0,0,0,3,0,0,13,0,2,0,0,0,0,0,0,0,0,0,0,0,0,1,0,0,0,0,0,3,0,0,1,0,0,0,0,0,0,0,0,0,0,0,0,0,0,-1,0,0,0,0,0,0,0,0
00005541,39,1,0,0,0,0,0,0,2,0,1,0,0,0,0,0,0,0,0,0,0,0,0,0,35,3,0,0,0,0,0,0,2,0,3,0,0,0,0,0,0,0,0,0,0,0,0,0,4,-2,0,0,0,0,0,0,0,0,-2,0,0,0,0,0,0,0,0,0,0,0,0,0
00005575,20,0,2,0,0,0,0,1,0,0,0,0,0,0,0,0,0,0,0,0,0,3,0,0,18,0,2,0,0,0,0,3,0,0,0,0,0,0,0,0,0,0,0,0,0,3,0,0,2,0,0,0,0,0,0,-2,0,0,0,0,0,0,0,0,0,0,0,0,0,0,0,0
00005587,15,0,0,0,0,0,0,0,1,0,2,0,0,0,0,0,0,0,0,0,10,0,0,0,14,0,0,0,0,0,0,0,2,0,2,0,0,0,0,0,0,0,0,0,10,0,0,0,1,0,0,0,0,0,0,0,-1,0,0,0,0,0,0,0,0,0,0,0,0,0,0,0
00005674,19,0,0,0,3,0,0,0,1,0,0,0,0,0,0,0,0,0,0,0,5,0,0,0,18,0,0,0,3,0,0,0,2,0,0,0,0,0,0,0,0,0,0,0,5,0,0,0,1,0,0,0,0,0,0,0,-1,0,0,0,0,0,0,0,0,0,0,0,0,0,0,0
00005685,19,0,0,4,0,0,0,0,0,2,0,3,0,0,0,0,0,0,0,0,0,0,0,0,17,0,0,4,0,0,0,0,0,3,0,4,0,0,0,0,0,0,0,0,0,0,0,0,2,0,0,0,0,0,0,0,0,-1,0,-1,0,0,0,0,0,0,0,0,0,0,0,0
00005768,20,1,2,0,3,0,0,0,2,0,0,0,0,0,7,0,0,0,0,0,0,0,0,0,18,3,2,0,3,0,0,0,2,0,0,0,0,0,7,0,0,0,0,0,0,0,0,0,2,-2,0,0,0,0,0,0,0,0,0,0,0,0,0,0,0,0,0,0,0,0,0,0
00005803,18,2,0,4,3,0,0,0,0,0,0,0,0,4,0,0,1,0,0,0,0,0,0,0,17,3,0,4,3,0,0,0,0,0,0,0,0,4,0,0,1,0,0,0,0,0,0,0,1,-1,0,0,0,0,0,0,0,0,0,0,0,0,0,0,0,0,0,0,0,0,0,0
00005902,19,0,0,0,3,0,0,1,0,0,1,0,0,0,0,0,0,0,0,0,0,0,0,0,16,0,0,0,3,0,0,3,0,0,2,0,0,0,0,0,0,0,0,0,0,0,0,0,3,0,0,0,0,0,0,-2,0,0,-1,0,0,0,0,0,0,0,0,0,0,0,0,0
00005904,20,0,0,4,3,0,0,0,0,0,0,0,0,0,0,0,0,0,0,0,0,0,0,0,18,0,2,4,3,0,0,0,0,0,0,0,0,0,0,0,0,0,0,0,0,0,0,0,2,0,-2,0,0,0,0,0,0,0,0,0,0,0,0,0,0,0,0,0,0,0,0,0
00005941,15,9,0,0,0,0,0,0,1,0,0,0,0,0,0,0,0,0,0,0,0,0,0,0,14,9,0,0,0,0,0,0,2,0,0,0,0,0,0,0,0,0,0,0,0,0,0,0,1,0,0,0,0,0,0,0,-1,0,0,0,0,0,0,0,0,0,0,0,0,0,0,0
00006052,16,1,0,0,0,0,0,0,0,0,2,0,5,0,0,0,0,0,0,0,5,0,0,0,14,3,0,0,0,0,0,0,0,0,2,0,5,0,0,0,0,0,0,0,5,0,0,0,2,-2,0,0,0,0,0,0,0,0,0,0,0,0,0,0,0,0,0,0,0,0,0,0
00006149,13,0,0,0,3,6,1,0,0,0,0,0,0,0,0,0,0,0,0,0,0,0,0,0,12,0,0,0,3,6,2,0,0,0,0,0,0,0,0,0,0,0,0,0,0,0,0,0,1,0,0,0,0,0,-1,0,0,0,0,0,0,0,0,0,0,0,0,0,0,0,0,0
00006152,30,0,0,0,6,0,1,0,0,0,2,0,0,0,0,0,0,0,0,0,0,0,0,0,29,0,0,0,6,0,2,0,0,0,2,0,0,0,0,0,0,0,0,0,0,0,0,0,1,0,0,0,0,0,-1,0,0,0,0,0,0,0,0,0,0,0,0,0,0,0,0,0
00006299,21,0,0,0,0,6,0,0,1,0,0,0,0,0,0,0,0,0,0,0,0,0,2,0,20,0,0,0,0,6,0,0,2,0,0,0,0,0,0,0,0,0,0,0,0,0,2,0,1,0,0,0,0,0,0,0,-1,0,0,0,0,0,0,0,0,0,0,0,0,0,0,0
00006331,30,6,4,0,0,0,0,3,0,0,0,0,0,0,0,0,0,0,0,0,0,0,0,0,29,7,4,0,0,0,0,3,0,0,0,0,0,0,0,0,0,0,0,0,0,0,0,0,1,-1,0,0,0,0,0,0,0,0,0,0,0,0,0,0,0,0,0,0,0,0,0,0
00006394,29,0,0,4,0,0,0,0,1,0,0,4,0,0,0,0,0,0,0,0,0,0,0,0,26,0,2,4,0,0,0,0,2,0,0,4,0,0,0,0,0,0,0,0,0,0,0,0,3,0,-2,0,0,0,0,0,-1,0,0,0,0,0,0,0,0,0,0,0,0,0,0,0
00006458,23,0,2,0,3,0,0,0,1,0,0,0,0,0,0,0,0,0,0,0,0,0,0,0,20,0,4,0,3,0,0,0,2,0,0,0,0,0,0,0,0,0,0,0,0,0,0,0,3,0,-2,0,0,0,0,0,-1,0,0,0,0,0,0,0,0,0,0,0,0,0,0,0
00006611,15,0,0,0,0,0,0,1,0,0,0,0,10,0,0,0,0,0,0,4,0,0,0,0,13,0,0,0,0,0,0,3,0,0,0,0,10,0,0,0,0,0,0,4,0,0,0,0,2,0,0,0,0,0,0,-2,0,0,0,0,0,0,0,0,0,0,0,0,0,0,0,0
00006616,28,0,0,0,0,6,1,0,0,0,4,0,0,0,0,0,0,0,4,4,5,0,0,0,27,0,0,0,0,6,2,0,0,0,4,0,0,0,0,0,0,0,4,4,5,0,0,0,1,0,0,0,0,0,-1,0,0,0,0,0,0,0,0,0,0,0,0,0,0,0,0,0
00006625,27,0,0,0,0,0,0,0,0,2,0,0,0,0,0,0,0,0,4,4,5,0,0,0,26,0,0,0,0,0,0,0,0,3,0,0,0,0,0,0,0,0,4,4,5,0,0,0,1,0,0,0,0,0,0,0,0,-1,0,0,0,0,0,0,0,0,0,0,0,0,0,0
00006690,28,1,4,0,0,0,0,0,0,0,0,0,0,0,0,0,0,0,0,0,0,0,0,0,24,3,6,0,0,0,0,0,0,0,0,0,0,0,0,0,0,0,0,0,0,0,0,0,4,-2,-2,0,0,0,0,0,0,0,0,0,0,0,0,0,0,0,0,0,0,0,0,0
00006706,15,0,0,4,0,0,0,0,1,0,0,4,0,0,0,0,0,0,0,0,0,0,0,0,14,0,0,4,0,0,0,0,2,0,0,4,0,0,0,0,0,0,0,0,0,0,0,0,1,0,0,0,0,0,0,0,-1,0,0,0,0,0,0,0,0,0,0,0,0,0,0,0
00006736,22,2,0,0,0,6,2,0,0,0,0,0,0,4,0,0,0,2,0,0,0,0,0,0,21,3,0,0,0,6,2,0,0,0,0,0,0,4,0,0,0,2,0,0,0,0,0,0,1,-1,0,0,0,0,0,0,0,0,0,0,0,0,0,0,0,0,0,0,0,0,0,0
00006764,17,4,0,0,0,6,0,0,0,0,0,0,0,0,0,0,0,0,0,0,0,0,0,0,15,6,0,0,0,6,0,0,0,0,0,0,0,0,0,0,0,0,0,0,0,0,0,0,2,-2,0,0,0,0,0,0,0,0,0,0,0,0,0,0,0,0,0,0,0,0,0,0
00006771,27,0,0,0,0,0,0,0,1,3,0,0,0,0,0,0,0,0,0,0,0,0,2,0,26,0,0,0,0,0,0,0,2,3,0,0,0,0,0,0,0,0,0,0,0,0,2,0,1,0,0,0,0,0,0,0,-1,0,0,0,0,0,0,0,0,0,0,0,0,0,0,0
00006862,19,0,2,4,0,0,0,0,2,0,0,2,0,0,0,0,0,0,0,0,0,3,0,0,17,0,2,4,0,0,0,0,2,0,0,4,0,0,0,0,0,0,0,0,0,3,0,0,2,0,0,0,0,0,0,0,0,0,0,-2,0,0,0,0,0,0,0,0,0,0,0,0
00006955,14,1,0,0,0,0,0,0,6,0,0,0,0,0,0,0,0,0,4,0,0,0,2,0,12,3,0,0,0,0,0,0,6,0,0,0,0,0,0,0,0,0,4,0,0,0,2,0,2,-2,0,0,0,0,0,0,0,0,0,0,0,0,0,0,0,0,0,0,0,0,0,0
00007022,12,6,0,0,0,0,0,0,0,3,0,0,0,0,0,0,0,0,0,0,0,0,2,0,11,7,0,0,0,0,0,0,0,3,0,0,0,0,0,0,0,0,0,0,0,0,2,0,1,-1,0,0,0,0,0,0,0,0,0,0,0,0,0,0,0,0,0,0,0,0,0,0
00007056,23,0,0,0,0,0,0,0,0,0,0,4,0,0,0,0,0,2,0,0,0,0,0,0,21,0,0,0,0,0,2,0,0,0,0,4,0,0,0,0,0,2,0,0,0,0,0,0,2,0,0,0,0,0,-2,0,0,0,0,0,0,0,0,0,0,0,0,0,0,0,0,0
00007059,19,0,0,4,0,0,0,0,1,0,0,4,0,0,0,0,0,0,0,0,0,0,0,0,18,0,0,4,0,0,0,0,2,0,0,4,0,0,0,0,0,0,0,0,0,0,0,0,1,0,0,0,0,0,0,0,-1,0,0,0,0,0,0,0,0,0,0,0,0,0,0,0
00007106,23,1,0,0,0,0,0,0,0,0,0,5,0,0,0,0,0,0,0,0,0,0,2,0,21,3,0,0,0,0,0,0,0,0,0,5,0,0,0,0,0,0,0,0,0,0,2,0,2,-2,0,0,0,0,0,0,0,0,0,0,0,0,0,0,0,0,0,0,0,0,0,0
00007107,17,1,0,0,0,0,0,0,0,0,0,0,0,0,0,0,1,2,0,0,5,0,0,0,15,3,0,0,0,0,0,0,0,0,0,0,0,0,0,0,1,2,0,0,5,0,0,0,2,-2,0,0,0,0,0,0,0,0,0,0,0,0,0,0,0,0,0,0,0,0,0,0
00007194,21,1,0,0,3,0,0,0,0,0,0,0,0,0,0,0,0,0,0,4,5,0,0,0,19,3,0,0,3,0,0,0,0,0,0,0,0,0,0,0,0,0,0,4,5,0,0,0,2,-2,0,0,0,0,0,0,0,0,0,0,0,0,0,0,0,0,0,0,0,0,0,0
00007371,14,0,0,0,0,12,1,3,0,0,0,0,5,0,0,0,2,0,0,0,0,0,0,0,13,0,0,0,0,12,2,3,0,0,0,0,5,0,0,0,2,0,0,0,0,0,0,0,1,0,0,0,0,0,-1,0,0,0,0,0,0,0,0,0,0,0,0,0,0,0,0,0
00007421,10,1,2,0,0,0,0,0,0,0,0,4,0,0,0,0,0,0,0,0,0,0,0,0,8,3,2,0,0,0,0,0,0,0,0,4,0,0,0,0,0,0,0,0,0,0,0,0,2,-2,0,0,0,0,0,0,0,0,0,0,0,0,0,0,0,0,0,0,0,0,0,0
00007501,20,0,0,4,0,0,2,0,0,0,4,0,0,0,0,0,1,0,0,0,0,0,0,0,18,0,0,4,0,0,4,0,0,0,4,0,0,0,0,0,1,0,0,0,0,0,0,0,2,0,0,0,0,0,-2,0,0,0,0,0,0,0,0,0,0,0,0,0,0,0,0,0
00007582,27,1,0,0,0,6,0,0,0,0,0,0,0,4,0,0,0,0,0,4,0,0,0,0,25,3,0,0,0,6,0,0,0,0,0,0,0,4,0,0,0,0,0,4,0,0,0,0,2,-2,0,0,0,0,0,0,0,0,0,0,0,0,0,0,0,0,0,0,0,0,0,0
00007584,17,0,0,0,3,0,1,0,0,0,0,4,5,0,0,0,0,0,0,0,5,0,0,0,16,0,0,0,3,0,2,0,0,0,0,4,5,0,0,0,0,0,0,0,5,0,0,0,1,0,0,0,0,0,-1,0,0,0,0,0,0,0,0,0,0,0,0,0,0,0,0,0
00007680,13,0,0,0,3,0,0,0,0,0,3,0,0,0,0,0,0,0,0,0,0,0,0,0,12,0,0,0,3,0,0,0,0,0,4,0,0,0,0,0,0,0,0,0,0,0,0,0,1,0,0,0,0,0,0,0,0,0,-1,0,0,0,0,0,0,0,0,0,0,0,0,0
00007746,12,0,0,0,0,6,0,3,0,0,3,0,0,0,0,0,0,0,0,0,0,0,0,0,11,0,0,0,0,6,0,3,0,0,4,0,0,0,0,0,0,0,0,0,0,0,0,0,1,0,0,0,0,0,0,0,0,0,-1,0,0,0,0,0,0,0,0,0,0,0,0,0
00007852,24,0,0,0,0,6,0,0,0,0,0,0,5,0,0,0,0,0,0,3,5,0,0,0,23,0,0,0,0,6,0,0,0,0,0,0,5,0,0,0,0,0,0,4,5,0,0,0,1,0,0,0,0,0,0,0,0,0,0,0,0,0,0,0,0,0,0,-1,0,0,0,0
00007894,25,4,0,0,3,0,2,0,0,0,0,0,0,0,0,0,0,0,0,0,0,0,0,0,23,6,0,0,3,0,2,0,0,0,0,0,0,0,0,0,0,0,0,0,0,0,0,0,2,-2,0,0,0,0,0,0,0,0,0,0,0,0,0,0,0,0,0,0,0,0,0,0
00007914,17,1,0,4,0,0,0,0,0,0,0,0,0,0,0,0,1,0,0,0,0,0,0,0,15,3,0,4,0,0,0,0,0,0,0,0,0,0,0,0,1,0,0,0,0,0,0,0,2,-2,0,0,0,0,0,0,0,0,0,0,0,0,0,0,0,0,0,0,0,0,0,0
00008010,19,3,3,0,0,0,0,0,0,0,0,4,0,0,0,0,0,2,0,0,0,0,0,0,17,3,5,0,0,0,0,0,0,0,0,4,0,0,0,0,0,2,0,0,0,0,0,0,2,0,-2,0,0,0,0,0,0,0,0,0,0,0,0,0,0,0,0,0,0,0,0,0
00008117,25,4,0,0,0,0,0,0,0,0,0,0,0,0,0,0,0,0,0,0,0,0,0,0,21,6,2,0,0,0,0,0,0,0,0,0,0,0,0,0,0,0,0,0,0,0,0,0,4,-2,-2,0,0,0,0,0,0,0,0,0,0,0,0,0,0,0,0,0,0,0,0,0
00008176,15,4,0,0,0,0,0,0,0,0,0,0,0,0,7,0,0,0,0,0,5,0,0,0,13,6,0,0,0,0,0,0,0,0,0,0,0,0,7,0,0,0,0,0,5,0,0,0,2,-2,0,0,0,0,0,0,0,0,0,0,0,0,0,0,0,0,0,0,0,0,0,0
00008271,29,5,0,0,0,0,0,0,0,0,0,0,0,0,0,0,0,0,4,0,5,0,0,0,28,6,0,0,0,0,0,0,0,0,0,0,0,0,0,0,0,0,4,0,5,0,0,0,1,-1,0,0,0,0,0,0,0,0,0,0,0,0,0,0,0,0,0,0,0,0,0,0
00008322,27,1,0,0,0,0,0,0,0,0,0,4,5,0,0,0,1,0,0,0,0,0,0,0,25,3,0,0,0,0,0,0,0,0,0,4,5,0,0,0,1,0,0,0,0,0,0,0,2,-2,0,0,0,0,0,0,0,0,0,0,0,0,0,0,0,0,0,0,0,0,0,0
00008344,20,1,0,0,0,0,0,6,0,0,0,0,0,0,7,0,0,0,0,0,0,0,0,0,18,3,0,0,0,0,0,6,0,0,0,0,0,0,7,0,0,0,0,0,0,0,0,0,2,-2,0,0,0,0,0,0,0,0,0,0,0,0,0,0,0,0,0,0,0,0,0,0
00008345,18,0,0,0,0,12,0,0,0,0,0,3,0,0,0,0,1,0,0,0,0,0,0,0,17,0,0,0,0,12,0,0,0,0,0,4,0,0,0,0,1,0,0,0,0,0,0,0,1,0,0,0,0,0,0,0,0,0,0,-1,0,0,0,0,0,0,0,0,0,0,0,0
00008398,21,0,0,0,0,0,0,1,0,2,0,0,0,0,0,0,0,0,0,4,0,0,0,0,18,0,0,0,0,0,0,3,0,3,0,0,0,0,0,0,0,0,0,4,0,0,0,0,3,0,0,0,0,0,0,-2,0,-1,0,0,0,0,0,0,0,0,0,0,0,0,0,0
00008426,22,4,0,0,3,0,0,0,0,0,0,0,0,0,0,1,0,0,0,0,0,0,0,0,20,6,0,0,3,0,0,0,0,0,0,0,0,0,0,1,0,0,0,0,0,0,0,0,2,-2,0,0,0,0,0,0,0,0,0,0,0,0,0,0,0,0,0,0,0,0,0,0
00008440,16,1,0,0,6,0,0,0,0,0,2,0,0,0,0,0,1,0,0,0,0,0,0,0,14,3,0,0,6,0,0,0,0,0,2,0,0,0,0,0,1,0,0,0,0,0,0,0,2,-2,0,0,0,0,0,0,0,0,0,0,0,0,0,0,0,0,0,0,0,0,0,0
00008709,36,0,0,0,0,0,2,0,0,0,0,3,5,0,0,0,0,0,0,0,0,3,0,0,35,0,0,0,0,0,2,0,0,0,0,4,5,0,0,0,0,0,0,0,0,3,0,0,1,0,0,0,0,0,0,0,0,0,0,-1,0,0,0,0,0,0,0,0,0,0,0,0
00008711,25,3,0,0,0,0,1,0,0,0,2,0,0,0,0,0,0,2,0,0,0,0,2,0,22,3,0,0,0,0,3,0,0,0,3,0,0,0,0,0,0,2,0,0,0,0,2,0,3,0,0,0,0,0,-2,0,0,0,-1,0,0,0,0,0,0,0,0,0,0,0,0,0
00008738,12,3,0,0,0,0,0,3,0,0,0,3,0,4,0,0,0,0,0,0,0,0,0,0,11,3,0,0,0,0,0,3,0,0,0,4,0,4,0,0,0,0,0,0,0,0,0,0,1,0,0,0,0,0,0,0,0,0,0,-1,0,0,0,0,0,0,0,0,0,0,0,0
00008762,31,1,0,0,0,6,0,3,0,0,0,0,5,0,0,0,0,0,0,0,0,0,0,0,29,3,0,0,0,6,0,3,0,0,0,0,5,0,0,0,0,0,0,0,0,0,0,0,2,-2,0,0,0,0,0,0,0,0,0,0,0,0,0,0,0,0,0,0,0,0,0,0
00008820,22,0,0,0,3,6,1,0,0,0,0,0,0,0,0,0,0,0,0,0,0,0,0,0,21,0,0,0,3,6,2,0,0,0,0,0,0,0,0,0,0,0,0,0,0,0,0,0,1,0,0,0,0,0,-1,0,0,0,0,0,0,0,0,0,0,0,0,0,0,0,0,0
00008851,16,0,0,0,0,0,0,0,0,0,0,0,0,0,0,0,1,0,0,0,10,0,0,0,14,0,2,0,0,0,0,0,0,0,0,0,0,0,0,0,1,0,0,0,10,0,0,0,2,0,-2,0,0,0,0,0,0,0,0,0,0,0,0,0,0,0,0,0,0,0,0,0
00008888,13,0,0,0,0,0,0,0,0,2,0,0,0,4,0,0,0,2,0,0,0,0,2,0,12,0,0,0,0,0,0,0,0,3,0,0,0,4,0,0,0,2,0,0,0,0,2,0,1,0,0,0,0,0,0,0,0,-1,0,0,0,0,0,0,0,0,0,0,0,0,0,0
00008959,17,1,0,0,0,0,1,0,0,0,0,8,0,0,0,0,0,0,0,0,0,0,0,0,14,3,0,0,0,0,2,0,0,0,0,8,0,0,0,0,0,0,0,0,0,0,0,0,3,-2,0,0,0,0,-1,0,0,0,0,0,0,0,0,0,0,0,0,0,0,0,0,0
00009016,11,0,6,0,0,0,0,0,4,0,0,0,0,0,0,1,2,0,0,0,0,0,0,0,10,0,6,0,0,0,0,0,4,0,0,0,0,0,0,1,3,0,0,0,0,0,0,0,1,0,0,0,0,0,0,0,0,0,0,0,0,0,0,0,-1,0,0,0,0,0,0,0
00009048,15,0,0,0,0,6,0,3,1,0,2,0,0,0,0,0,0,0,0,0,0,0,0,0,14,0,0,0,0,6,0,3,2,0,2,0,0,0,0,0,0,0,0,0,0,0,0,0,1,0,0,0,0,0,0,0,-1,0,0,0,0,0,0,0,0,0,0,0,0,0,0,0
00009066,37,4,0,0,0,0,2,0,0,3,0,0,0,0,0,0,0,0,0,0,0,0,0,0,35,6,0,0,0,0,2,0,0,3,0,0,0,0,0,0,0,0,0,0,0,0,0,0,2,-2,0,0,0,0,0,0,0,0,0,0,0,0,0,0,0,0,0,0,0,0,0,0
00009073,21,0,0,0,0,12,2,0,0,0,0,0,0,0,0,0,0,0,0,0,0,0,0,0,19,0,2,0,0,12,2,0,0,0,0,0,0,0,0,0,0,0,0,0,0,0,0,0,2,0,-2,0,0,0,0,0,0,0,0,0,0,0,0,0,0,0,0,0,0,0,0,0
00009165,28,3,0,0,0,0,0,3,2,0,1,0,0,0,0,0,0,0,0,4,0,0,0,0,27,3,0,0,0,0,0,3,2,0,2,0,0,0,0,0,0,0,0,4,0,0,0,0,1,0,0,0,0,0,0,0,0,0,-1,0,0,0,0,0,0,0,0,0,0,0,0,0
00009177,17,1,0,0,0,0,0,0,0,0,2,0,0,0,0,0,1,0,0,0,0,0,2,0,15,3,0,0,0,0,0,0,0,0,2,0,0,0,0,0,1,0,0,0,0,0,2,0,2,-2,0,0,0,0,0,0,0,0,0,0,0,0,0,0,0,0,0,0,0,0,0,0
00009189,9,0,0,0,1,0,0,0,0,0,0,4,0,0,0,1,0,0,5,0,0,0,0,0,7,0,0,0,3,0,0,0,0,0,0,4,0,0,0,1,0,0,5,0,0,0,0,0,2,0,0,0,-2,0,0,0,0,0,0,0,0,0,0,0,0,0,0,0,0,0,0,0
00009196,19,1,0,0,0,0,0,0,0,0,0,0,0,0,0,0,0,0,0,4,5,0,0,0,17,3,0,0,0,0,0,0,0,0,0,0,0,0,0,0,0,0,0,4,5,0,0,0,2,-2,0,0,0,0,0,0,0,0,0,0,0,0,0,0,0,0,0,0,0,0,0,0
00009271,19,0,0,0,0,0,1,0,1,3,0,0,0,0,0,0,0,0,0,4,0,0,0,0,17,0,0,0,0,0,2,0,2,3,0,0,0,0,0,0,0,0,0,4,0,0,0,0,2,0,0,0,0,0,-1,0,-1,0,0,0,0,0,0,0,0,0,0,0,0,0,0,0
00009303,19,0,0,0,0,0,1,0,0,0,0,0,0,0,0,0,1,0,0,0,5,3,0,0,18,0,0,0,0,0,2,0,0,0,0,0,0,0,0,0,1,0,0,0,5,3,0,0,1,0,0,0,0,0,-1,0,0,0,0,0,0,0,0,0,0,0,0,0,0,0,0,0
00009466,7,0,0,0,0,0,0,0,0,0,0,0,16,0,0,0,5,0,0,0,0,0,0,0,5,0,0,0,0,0,0,0,0,0,0,0,18,0,0,0,5,0,0,0,0,0,0,0,2,0,0,0,0,0,0,0,0,0,0,0,-2,0,0,0,0,0,0,0,0,0,0,0
00009482,14,3,0,0,0,0,1,0,0,0,0,0,0,0,7,0,0,0,0,0,0,0,2,0,13,3,0,0,0,0,2,0,0,0,0,0,0,0,7,0,0,0,0,0,0,0,2,0,1,0,0,0,0,0,-1,0,0,0,0,0,0,0,0,0,0,0,0,0,0,0,0,0
00009497,16,0,0,4,0,6,0,2,0,0,0,0,0,0,0,0,0,0,0,0,0,0,2,0,15,0,0,4,0,6,0,3,0,0,0,0,0,0,0,0,0,0,0,0,0,0,2,0,1,0,0,0,0,0,0,-1,0,0,0,0,0,0,0,0,0,0,0,0,0,0,0,0
00009605,15,1,0,4,0,0,0,0,0,0,0,4,5,0,0,0,0,0,0,0,0,0,0,0,13,3,0,4,0,0,0,0,0,0,0,4,5,0,0,0,0,0,0,0,0,0,0,0,2,-2,0,0,0,0,0,0,0,0,0,0,0,0,0,0,0,0,0,0,0,0,0,0
00009708,30,3,0,0,0,0,0,0,0,0,0,3,0,0,0,0,1,0,0,0,0,3,0,0,29,3,0,0,0,0,0,0,0,0,0,4,0,0,0,0,1,0,0,0,0,3,0,0,1,0,0,0,0,0,0,0,0,0,0,-1,0,0,0,0,0,0,0,0,0,0,0,0
00009717,30,0,0,4,3,0,1,0,0,0,0,0,0,0,0,0,0,0,0,0,0,3,0,0,29,0,0,4,3,0,2,0,0,0,0,0,0,0,0,0,0,0,0,0,0,3,0,0,1,0,0,0,0,0,-1,0,0,0,0,0,0,0,0,0,0,0,0,0,0,0,0,0
00009774,13,0,0,0,0,0,2,3,1,0,0,0,0,0,0,0,0,0,0,0,0,3,0,0,12,0,0,0,0,0,2,3,2,0,0,0,0,0,0,0,0,0,0,0,0,3,0,0,1,0,0,0,0,0,0,0,-1,0,0,0,0,0,0,0,0,0,0,0,0,0,0,0
00009792,17,6,2,0,0,0,0,0,0,0,0,0,5,4,0,0,0,0,0,0,0,0,0,0,15,6,4,0,0,0,0,0,0,0,0,0,5,4,0,0,0,0,0,0,0,0,0,0,2,0,-2,0,0,0,0,0,0,0,0,0,0,0,0,0,0,0,0,0,0,0,0,0
00009806,17,0,2,0,6,0,0,0,1,0,0,0,0,0,0,0,0,0,0,0,0,0,2,0,16,0,2,0,6,0,0,0,2,0,0,0,0,0,0,0,0,0,0,0,0,0,2,0,1,0,0,0,0,0,0,0,-1,0,0,0,0,0,0,0,0,0,0,0,0,0,0,0
00009891,21,0,0,0,0,0,3,0,0,0,0,0,0,4,0,0,0,0,0,0,0,0,0,0,20,0,0,0,0,0,4,0,0,0,0,0,0,4,0,0,0,0,0,0,0,0,0,0,1,0,0,0,0,0,-1,0,0,0,0,0,0,0,0,0,0,0,0,0,0,0,0,0
00009931,31,3,2,0,0,0,0,0,0,0,0,0,0,0,0,0,0,0,0,0,0,0,0,0,28,6,2,0,0,0,0,0,0,0,0,0,0,0,0,0,0,0,0,0,0,0,0,0,3,-3,0,0,0,0,0,0,0,0,0,0,0,0,0,0,0,0,0,0,0,0,0,0
00009943,14,2,0,0,3,12,2,0,0,0,2,0,0,0,0,0,0,0,0,0,0,0,0,0,12,3,0,0,3,12,2,0,0,0,2,0,0,0,0,1,0,0,0,0,0,0,0,0,2,-1,0,0,0,0,0,0,0,0,0,0,0,0,0,-1,0,0,0,0,0,0,0,0
00009962,28,0,2,0,0,6,0,0,0,0,1,0,0,0,0,0,0,0,0,0,0,0,0,0,27,0,2,0,0,6,0,0,0,0,2,0,0,0,0,0,0,0,0,0,0,0,0,0,1,0,0,0,0,0,0,0,0,0,-1,0,0,0,0,0,0,0,0,0,0,0,0,0
00010039,21,1,0,0,0,0,0,0,0,0,0,4,0,0,0,1,0,0,0,0,0,3,0,0,19,3,0,0,0,0,0,0,0,0,0,4,0,0,0,1,0,0,0,0,0,3,0,0,2,-2,0,0,0,0,0,0,0,0,0,0,0,0,0,0,0,0,0,0,0,0,0,0
00010211,27,7,0,0,0,0,0,3,0,0,0,0,0,0,0,0,0,0,0,0,0,0,0,0,25,9,0,0,0,0,0,3,0,0,0,0,0,0,0,0,0,0,0,0,0,0,0,0,2,-2,0,0,0,0,0,0,0,0,0,0,0,0,0,0,0,0,0,0,0,0,0,0
00010220,15,3,0,8,0,0,0,0,1,0,0,0,0,0,0,0,0,0,0,0,0,3,0,0,14,3,0,8,0,0,0,0,2,0,0,0,0,0,0,0,0,0,0,0,0,3,0,0,1,0,0,0,0,0,0,0,-1,0,0,0,0,0,0,0,0,0,0,0,0,0,0,0
00010305,19,0,0,0,0,0,1,0,0,0,0,0,0,0,0,0,0,2,0,0,0,0,4,0,18,0,0,0,0,0,2,0,0,0,0,0,0,0,0,0,0,2,0,0,0,0,4,0,1,0,0,0,0,0,-1,0,0,0,0,0,0,0,0,0,0,0,0,0,0,0,0,0
00010311,16,0,0,0,0,12,5,0,2,0,0,0,0,0,0,0,0,4,0,0,0,0,0,0,15,0,0,0,0,12,6,0,2,0,0,0,0,0,0,0,0,4,0,0,0,0,0,0,1,0,0,0,0,0,-1,0,0,0,0,0,0,0,0,0,0,0,0,0,0,0,0,0
00010377,18,0,0,0,0,0,0,2,0,0,0,4,0,0,0,0,1,0,4,0,0,0,0,0,17,0,0,0,0,0,0,3,0,0,0,4,0,0,0,0,1,0,4,0,0,0,0,0,1,0,0,0,0,0,0,-1,0,0,0,0,0,0,0,0,0,0,0,0,0,0,0,0
00010448,11,0,0,4,0,0,0,0,1,0,0,0,0,0,7,0,0,0,0,0,0,0,0,0,10,0,0,4,0,0,0,0,2,0,0,0,0,0,7,0,0,0,0,0,0,0,0,0,1,0,0,0,0,0,0,0,-1,0,0,0,0,0,0,0,0,0,0,0,0,0,0,0
00010493,28,1,0,0,0,0,1,0,1,3,0,0,0,0,0,1,0,0,0,0,0,0,0,0,24,3,0,0,0,0,2,0,2,3,0,0,0,0,0,1,0,0,0,0,0,0,0,0,4,-2,0,0,0,0,-1,0,-1,0,0,0,0,0,0,0,0,0,0,0,0,0,0,0
00010539,30,0,2,0,0,0,1,0,2,0,0,4,0,0,7,0,0,0,0,0,0,0,0,0,29,0,2,0,0,0,2,0,2,0,0,4,0,0,7,0,0,0,0,0,0,0,0,0,1,0,0,0,0,0,-1,0,0,0,0,0,0,0,0,0,0,0,0,0,0,0,0,0
00010546,27,3,0,0,0,0,0,0,0,0,0,4,0,0,0,0,0,0,4,0,0,0,0,0,26,3,0,0,0,0,0,0,0,0,0,4,0,0,0,1,0,0,4,0,0,0,0,0,1,0,0,0,0,0,0,0,0,0,0,0,0,0,0,-1,0,0,0,0,0,0,0,0
00010587,17,1,0,0,0,0,0,0,0,0,0,0,10,0,0,0,0,0,0,0,0,0,0,0,15,3,0,0,0,0,0,0,0,0,0,0,10,0,0,0,0,0,0,0,0,0,0,0,2,-2,0,0,0,0,0,0,0,0,0,0,0,0,0,0,0,0,0,0,0,0,0,0
00010598,26,1,0,0,0,0,0,3,0,0,0,0,0,0,7,0,0,0,0,0,5,0,0,0,24,3,0,0,0,0,0,3,0,0,0,0,0,0,7,0,0,0,0,0,5,0,0,0,2,-2,0,0,0,0,0,0,0,0,0,0,0,0,0,0,0,0,0,0,0,0,0,0
00010611,19,0,0,0,0,0,0,0,1,0,0,5,0,0,0,0,0,0,0,0,0,0,4,0,17,0,0,0,0,0,0,0,3,0,0,5,0,0,0,0,0,0,0,0,0,0,4,0,2,0,0,0,0,0,0,0,-2,0,0,0,0,0,0,0,0,0,0,0,0,0,0,0
00010637,20,2,0,0,0,0,2,0,0,0,0,0,0,4,0,0,0,0,0,0,5,0,0,0,19,3,0,0,0,0,2,0,0,0,0,0,0,4,0,0,0,0,0,0,5,0,0,0,1,-1,0,0,0,0,0,0,0,0,0,0,0,0,0,0,0,0,0,0,0,0,0,0
00010711,15,5,0,0,0,0,2,0,0,0,0,0,0,4,0,0,0,0,0,0,0,0,0,0,14,6,0,0,0,0,2,0,0,0,0,0,0,4,0,0,0,0,0,0,0,0,0,0,1,-1,0,0,0,0,0,0,0,0,0,0,0,0,0,0,0,0,0,0,0,0,0,0
00010712,23,0,0,0,0,0,0,1,0,0,0,4,0,0,0,0,0,0,4,0,0,0,2,0,21,0,0,0,0,0,0,3,0,0,0,4,0,0,0,0,0,0,4,0,0,0,2,0,2,0,0,0,0,0,0,-2,0,0,0,0,0,0,0,0,0,0,0,0,0,0,0,0
00010729,17,2,0,0,0,0,0,0,0,0,0,0,0,0,0,1,1,0,0,0,0,0,0,0,16,3,0,0,0,0,0,0,0,0,0,0,0,0,0,1,1,0,0,0,0,0,0,0,1,-1,0,0,0,0,0,0,0,0,0,0,0,0,0,0,0,0,0,0,0,0,0,0
00010750,25,1,0,0,3,0,0,0,0,0,0,0,0,0,0,0,0,0,7,0,0,0,0,0,23,3,0,0,3,0,0,0,0,0,0,0,0,0,0,0,0,0,7,0,0,0,0,0,2,-2,0,0,0,0,0,0,0,0,0,0,0,0,0,0,0,0,0,0,0,0,0,0
00010816,17,0,0,0,0,6,0,0,0,5,0,0,0,0,0,0,0,0,0,0,10,0,0,0,16,0,0,0,0,6,0,0,0,6,0,0,0,0,0,0,0,0,0,0,10,0,0,0,1,0,0,0,0,0,0,0,0,-1,0,0,0,0,0,0,0,0,0,0,0,0,0,0
00010862,17,0,0,0,0,10,0,0,2,0,0,0,0,4,0,0,2,0,0,0,0,0,0,0,16,0,0,0,0,10,0,0,2,0,0,0,0,4,0,0,3,0,0,0,0,0,0,0,1,0,0,0,0,0,0,0,0,0,0,0,0,0,0,0,-1,0,0,0,0,0,0,0
00011107,12,0,2,0,3,0,0,0,0,2,0,0,0,0,0,0,1,0,4,0,0,0,0,0,11,0,2,0,3,0,0,0,0,3,0,0,0,0,0,0,1,0,4,0,0,0,0,0,1,0,0,0,0,0,0,0,0,-1,0,0,0,0,0,0,0,0,0,0,0,0,0,0
00011147,14,1,0,4,0,0,0,0,1,0,0,4,0,0,0,0,0,0,0,0,0,0,0,0,11,3,0,4,0,0,0,0,2,0,0,4,0,0,0,0,0,0,0,0,0,0,0,0,3,-2,0,0,0,0,0,0,-1,0,0,0,0,0,0,0,0,0,0,0,0,0,0,0
00011250,17,0,0,4,0,0,2,0,1,0,0,0,0,0,0,0,0,2,0,0,0,0,0,0,16,0,0,4,0,0,2,0,2,0,0,0,0,0,0,0,0,2,0,0,0,0,0,0,1,0,0,0,0,0,0,0,-1,0,0,0,0,0,0,0,0,0,0,0,0,0,0,0
00011376,39,3,2,0,0,0,0,0,0,0,0,0,0,0,0,0,0,0,0,0,5,0,0,0,37,3,2,0,0,0,0,0,2,0,0,0,0,0,0,0,0,0,0,0,5,0,0,0,2,0,0,0,0,0,0,0,-2,0,0,0,0,0,0,0,0,0,0,0,0,0,0,0
00011435,30,1,0,4,0,0,0,0,0,0,0,0,5,0,0,0,0,0,0,0,0,0,0,0,26,3,0,4,0,0,0,0,2,0,0,0,5,0,0,0,0,0,0,0,0,0,0,0,4,-2,0,0,0,0,0,0,-2,0,0,0,0,0,0,0,0,0,0,0,0,0,0,0
00011509,18,0,0,0,0,0,1,0,4,0,0,0,0,0,7,0,0,0,0,0,0,0,0,0,17,0,0,0,0,0,2,0,4,0,0,0,0,0,7,0,0,0,0,0,0,0,0,0,1,0,0,0,0,0,-1,0,0,0,0,0,0,0,0,0,0,0,0,0,0,0,0,0
00011532,14,3,0,0,3,0,0,0,1,0,0,0,0,0,0,0,1,0,0,0,0,0,0,0,13,3,0,0,3,0,0,0,2,0,0,0,0,0,0,0,1,0,0,0,0,0,0,0,1,0,0,0,0,0,0,0,-1,0,0,0,0,0,0,0,0,0,0,0,0,0,0,0
00011547,11,1,2,0,0,0,0,3,0,3,0,0,0,0,0,1,0,0,0,0,0,0,0,0,9,3,2,0,0,0,0,3,0,3,0,0,0,0,0,1,0,0,0,0,0,0,0,0,2,-2,0,0,0,0,0,0,0,0,0,0,0,0,0,0,0,0,0,0,0,0,0,0
00011691,19,2,0,0,0,0,0,0,0,0,0,0,0,0,7,0,0,0,0,0,0,0,2,0,18,3,0,0,0,0,0,0,0,0,0,0,0,0,7,0,0,0,0,0,0,0,2,0,1,-1,0,0,0,0,0,0,0,0,0,0,0,0,0,0,0,0,0,0,0,0,0,0
00011802,14,0,0,0,0,0,0,0,0,0,0,3,0,0,7,1,0,0,0,4,0,0,0,0,13,0,0,0,0,0,0,0,0,0,0,4,0,0,7,1,0,0,0,4,0,0,0,0,1,0,0,0,0,0,0,0,0,0,0,-1,0,0,0,0,0,0,0,0,0,0,0,0
00011944,37,3,2,4,0,0,0,0,0,0,0,0,0,0,0,0,0,0,0,0,0,0,0,0,35,3,4,4,0,0,0,0,0,0,0,0,0,0,0,0,0,0,0,0,0,0,0,0,2,0,-2,0,0,0,0,0,0,0,0,0,0,0,0,0,0,0,0,0,0,0,0,0
00011970,38,3,0,4,0,0,1,0,0,0,0,0,0,0,0,0,0,0,0,0,0,3,0,0,37,3,0,4,0,0,2,0,0,0,0,0,0,0,0,0,0,0,0,0,0,3,0,0,1,0,0,0,0,0,-1,0,0,0,0,0,0,0,0,0,0,0,0,0,0,0,0,0
00011982,19,0,2,0,0,0,0,0,0,0,0,0,5,0,0,0,0,2,0,0,0,0,2,0,18,0,3,0,0,0,0,0,0,0,0,0,5,0,0,0,0,2,0,0,0,0,2,0,1,0,-1,0,0,0,0,0,0,0,0,0,0,0,0,0,0,0,0,0,0,0,0,0
00011997,11,0,0,0,3,0,0,0,1,0,0,0,5,0,0,0,0,0,0,0,0,0,0,0,10,0,0,0,3,0,0,0,2,0,0,0,5,0,0,0,0,0,0,0,0,0,0,0,1,0,0,0,0,0,0,0,-1,0,0,0,0,0,0,0,0,0,0,0,0,0,0,0
00012006,24,0,0,0,3,0,0,1,0,3,0,0,0,0,0,0,0,0,4,0,0,0,0,0,22,0,0,0,3,0,0,3,0,3,0,0,0,0,0,0,0,0,4,0,0,0,0,0,2,0,0,0,0,0,0,-2,0,0,0,0,0,0,0,0,0,0,0,0,0,0,0,0
00012077,23,1,0,0,0,0,1,0,0,0,0,0,0,0,14,1,0,0,0,0,0,0,0,0,20,3,0,0,0,0,2,0,0,0,0,0,0,0,14,1,0,0,0,0,0,0,0,0,3,-2,0,0,0,0,-1,0,0,0,0,0,0,0,0,0,0,0,0,0,0,0,0,0
00012097,14,0,0,0,0,0,2,0,2,0,1,4,5,0,14,1,0,0,0,0,0,0,0,0,13,0,0,0,0,0,2,0,2,0,2,4,5,0,14,1,0,0,0,0,0,0,0,0,1,0,0,0,0,0,0,0,0,0,-1,0,0,0,0,0,0,0,0,0,0,0,0,0
00012107,12,0,4,0,0,0,0,3,0,0,0,2,0,0,0,0,0,0,0,0,0,0,0,0,10,0,4,0,0,0,0,3,0,0,0,4,0,0,0,0,0,0,0,0,0,0,0,0,2,0,0,0,0,0,0,0,0,0,0,-2,0,0,0,0,0,0,0,0,0,0,0,0
00012143,22,1,0,4,0,0,0,0,0,0,0,0,0,0,0,0,0,0,0,0,0,0,2,0,20,3,0,4,0,0,0,0,0,0,0,0,0,0,0,0,0,0,0,0,0,0,2,0,2,-2,0,0,0,0,0,0,0,0,0,0,0,0,0,0,0,0,0,0,0,0,0,0
00012146,11,0,0,4,0,0,0,0,1,0,0,0,0,0,0,1,0,2,0,0,0,0,0,0,10,0,0,4,0,0,0,0,2,0,0,0,0,0,0,1,0,2,0,0,0,0,0,0,1,0,0,0,0,0,0,0,-1,0,0,0,0,0,0,0,0,0,0,0,0,0,0,0
00012152,15,3,0,0,0,0,1,0,1,0,4,0,0,0,0,3,0,0,0,0,0,0,0,0,13,3,0,0,0,0,2,0,2,0,4,0,0,0,0,3,0,0,0,0,0,0,0,0,2,0,0,0,0,0,-1,0,-1,0,0,0,0,0,0,0,0,0,0,0,0,0,0,0
00012153,23,0,2,0,0,0,0,0,0,2,0,0,5,0,0,0,0,0,0,0,0,0,0,0,22,0,2,0,0,0,0,0,0,3,0,0,5,0,0,0,0,0,0,0,0,0,0,0,1,0,0,0,0,0,0,0,0,-1,0,0,0,0,0,0,0,0,0,0,0,0,0,0
00012163,19,1,0,0,0,0,2,0,0,0,0,0,0,0,0,0,0,0,0,4,0,0,0,0,17,3,0,0,0,0,2,0,0,0,0,0,0,0,0,0,0,0,0,4,0,0,0,0,2,-2,0,0,0,0,0,0,0,0,0,0,0,0,0,0,0,0,0,0,0,0,0,0
00012164,29,6,0,0,0,0,0,0,1,0,0,0,0,0,0,0,0,0,0,0,5,0,0,0,27,6,0,0,0,0,0,0,3,0,0,0,0,0,0,0,0,0,0,0,5,0,0,0,2,0,0,0,0,0,0,0,-2,0,0,0,0,0,0,0,0,0,0,0,0,0,0,0
00012200,12,2,0,0,3,0,0,0,0,0,0,0,0,0,0,0,0,2,0,0,0,0,2,0,11,3,0,0,3,0,0,0,0,0,0,0,0,0,0,0,0,2,0,0,0,0,2,0,1,-1,0,0,0,0,0,0,0,0,0,0,0,0,0,0,0,0,0,0,0,0,0,0
00012218,21,1,2,0,3,0,0,0,0,0,0,0,0,0,0,0,0,0,0,0,0,0,0,0,19,3,2,0,3,0,0,0,0,0,0,0,0,0,0,0,0,0,0,0,0,0,0,0,2,-2,0,0,0,0,0,0,0,0,0,0,0,0,0,0,0,0,0,0,0,0,0,0
00012238,16,0,0,8,0,0,1,0,0,0,0,4,0,0,0,1,0,0,0,0,0,0,0,0,15,0,0,8,0,0,2,0,0,0,0,4,0,0,0,1,0,0,0,0,0,0,0,0,1,0,0,0,0,0,-1,0,0,0,0,0,0,0,0,0,0,0,0,0,0,0,0,0
00012310,25,1,0,0,0,0,0,0,0,0,0,8,0,0,0,0,0,0,0,0,0,0,0,0,23,3,0,0,0,0,0,0,0,0,0,8,0,0,0,0,0,0,0,0,0,0,0,0,2,-2,0,0,0,0,0,0,0,0,0,0,0,0,0,0,0,0,0,0,0,0,0,0
00012330,19,0,2,0,0,0,0,0,0,0,0,3,0,0,0,0,0,0,0,0,0,3,0,0,18,0,2,0,0,0,0,0,0,0,0,4,0,0,0,0,0,0,0,0,0,3,0,0,1,0,0,0,0,0,0,0,0,0,0,-1,0,0,0,0,0,0,0,0,0,0,0,0
00012340,9,3,0,0,0,6,0,0,1,0,2,4,0,0,0,0,0,0,0,0,0,0,0,0,8,3,0,0,0,6,0,0,2,0,2,4,0,0,0,0,0,0,0,0,0,0,0,0,1,0,0,0,0,0,0,0,-1,0,0,0,0,0,0,0,0,0,0,0,0,0,0,0
00012368,21,0,0,0,0,0,1,0,1,0,0,0,0,4,0,0,0,0,0,0,0,0,0,0,19,0,0,0,0,0,2,0,2,0,0,0,0,4,0,0,0,0,0,0,0,0,0,0,2,0,0,0,0,0,-1,0,-1,0,0,0,0,0,0,0,0,0,0,0,0,0,0,0
00012373,14,0,0,0,0,0,1,0,0,0,0,0,0,0,0,0,0,0,0,0,0,3,2,0,13,0,0,0,0,0,2,0,0,0,0,0,0,0,0,0,0,0,0,0,0,3,2,0,1,0,0,0,0,0,-1,0,0,0,0,0,0,0,0,0,0,0,0,0,0,0,0,0
00012416,10,0,0,0,0,0,0,0,4,0,0,0,0,0,7,0,0,0,5,0,5,0,0,0,9,0,0,0,0,0,0,0,5,0,0,0,0,0,7,0,0,0,5,0,5,0,0,0,1,0,0,0,0,0,0,0,-1,0,0,0,0,0,0,0,0,0,0,0,0,0,0,0
00012496,20,0,0,0,0,0,2,0,0,3,0,4,0,0,0,0,0,0,5,0,0,0,0,0,19,0,0,0,0,0,2,0,0,3,0,4,0,0,0,1,0,0,5,0,0,0,0,0,1,0,0,0,0,0,0,0,0,0,0,0,0,0,0,-1,0,0,0,0,0,0,0,0
00012547,13,0,0,0,0,0,1,0,0,0,2,0,5,0,0,0,0,0,0,0,5,0,0,0,12,0,0,0,0,0,2,0,0,0,2,0,5,0,0,0,0,0,0,0,5,0,0,0,1,0,0,0,0,0,-1,0,0,0,0,0,0,0,0,0,0,0,0,0,0,0,0,0
00012636,22,0,2,0,0,0,0,0,1,0,0,3,0,0,0,0,0,2,0,0,0,0,0,0,20,0,2,0,0,0,0,0,2,0,0,4,0,0,0,0,0,2,0,0,0,0,0,0,2,0,0,0,0,0,0,0,-1,0,0,-1,0,0,0,0,0,0,0,0,0,0,0,0
00012706,16,2,0,0,0,0,0,0,0,0,0,0,0,0,0,0,0,2,0,0,5,0,2,0,15,3,0,0,0,0,0,0,0,0,0,0,0,0,0,0,0,2,0,0,5,0,2,0,1,-1,0,0,0,0,0,0,0,0,0,0,0,0,0,0,0,0,0,0,0,0,0,0
00012772,24,0,0,0,0,0,0,0,0,8,0,0,0,0,0,0,0,0,0,4,0,0,0,0,23,0,0,0,0,0,0,0,0,9,0,0,0,0,0,0,0,0,0,4,0,0,0,0,1,0,0,0,0,0,0,0,0,-1,0,0,0,0,0,0,0,0,0,0,0,0,0,0
00012816,40,0,0,4,0,0,0,0,0,0,0,0,0,0,0,0,0,0,0,3,0,0,2,0,37,0,2,4,0,0,0,0,0,0,0,0,0,0,0,0,0,0,0,4,0,0,2,0,3,0,-2,0,0,0,0,0,0,0,0,0,0,0,0,0,0,0,0,-1,0,0,0,0
00012832,32,1,0,0,0,0,0,0,0,0,0,0,0,0,0,0,1,0,0,0,0,0,0,0,28,3,2,0,0,0,0,0,0,0,0,0,0,0,0,0,1,0,0,0,0,0,0,0,4,-2,-2,0,0,0,0,0,0,0,0,0,0,0,0,0,0,0,0,0,0,0,0,0
00012845,24,0,0,0,0,6,1,0,0,0,0,0,0,4,0,0,0,0,0,0,0,0,0,0,23,0,0,0,0,6,2,0,0,0,0,0,0,4,0,0,0,0,0,0,0,0,0,0,1,0,0,0,0,0,-1,0,0,0,0,0,0,0,0,0,0,0,0,0,0,0,0,0
00012846,22,1,0,12,0,6,0,0,0,3,0,0,0,0,0,0,0,2,0,0,5,0,0,0,20,3,0,12,0,6,0,0,0,3,0,0,0,0,0,0,0,2,0,0,5,0,0,0,2,-2,0,0,0,0,0,0,0,0,0,0,0,0,0,0,0,0,0,0,0,0,0,0
00012863,8,0,0,0,4,0,0,0,0,0,0,0,0,7,0,0,0,0,0,0,0,0,0,0,7,0,0,0,4,0,0,0,0,0,0,0,0,8,0,0,0,0,0,0,0,0,0,0,1,0,0,0,0,0,0,0,0,0,0,0,0,-1,0,0,0,0,0,0,0,0,0,0
00012893,13,0,0,0,0,0,0,0,1,2,0,0,0,0,7,0,0,0,0,0,0,0,0,0,11,0,0,0,0,0,0,0,2,3,0,0,0,0,7,0,0,0,0,0,0,0,0,0,2,0,0,0,0,0,0,0,-1,-1,0,0,0,0,0,0,0,0,0,0,0,0,0,0
00012902,24,3,0,0,0,0,0,0,0,3,0,3,0,0,0,0,1,0,0,0,0,0,0,0,23,3,0,0,0,0,0,0,0,3,0,4,0,0,0,0,1,0,0,0,0,0,0,0,1,0,0,0,0,0,0,0,0,0,0,-1,0,0,0,0,0,0,0,0,0,0,0,0
00012924,20,1,2,4,0,0,0,0,0,0,0,0,0,0,0,0,0,0,0,0,0,0,0,0,18,3,2,4,0,0,0,0,0,0,0,0,0,0,0,0,0,0,0,0,0,0,0,0,2,-2,0,0,0,0,0,0,0,0,0,0,0,0,0,0,0,0,0,0,0,0,0,0
00012937,22,0,0,4,0,0,0,0,1,0,0,3,0,0,0,0,0,0,0,0,0,0,0,0,20,0,0,4,0,0,0,0,2,0,0,4,0,0,0,0,0,0,0,0,0,0,0,0,2,0,0,0,0,0,0,0,-1,0,0,-1,0,0,0,0,0,0,0,0,0,0,0,0
00013130,14,3,0,0,0,0,0,0,1,0,0,0,10,0,0,0,0,0,0,0,0,0,0,0,13,3,0,0,0,0,0,0,2,0,0,0,10,0,0,0,0,0,0,0,0,0,0,0,1,0,0,0,0,0,0,0,-1,0,0,0,0,0,0,0,0,0,0,0,0,0,0,0
00013154,14,0,0,0,0,6,0,0,1,2,0,0,0,0,0,0,0,0,0,0,5,0,0,0,12,0,0,0,0,6,0,0,2,3,0,0,0,0,0,0,0,0,0,0,5,0,0,0,2,0,0,0,0,0,0,0,-1,-1,0,0,0,0,0,0,0,0,0,0,0,0,0,0
00013272,17,0,1,0,3,0,0,0,2,0,0,4,0,0,0,0,0,0,0,0,0,0,0,0,16,0,2,0,3,0,0,0,2,0,0,4,0,0,0,0,0,0,0,0,0,0,0,0,1,0,-1,0,0,0,0,0,0,0,0,0,0,0,0,0,0,0,0,0,0,0,0,0
00013276,24,0,0,0,0,0,3,0,2,0,0,0,0,0,0,0,0,0,0,0,0,0,0,0,21,0,0,0,0,0,4,0,4,0,0,0,0,0,0,0,0,0,0,0,0,0,0,0,3,0,0,0,0,0,-1,0,-2,0,0,0,0,0,0,0,0,0,0,0,0,0,0,0
00013488,13,0,0,0,3,7,0,0,1,0,0,0,0,0,0,0,0,0,0,0,0,0,0,0,12,0,0,0,3,7,0,0,2,0,0,0,0,0,0,0,0,0,0,0,0,0,0,0,1,0,0,0,0,0,0,0,-1,0,0,0,0,0,0,0,0,0,0,0,0,0,0,0
00013496,16,0,3,0,0,0,0,0,0,0,0,12,0,0,0,0,1,0,0,0,0,0,0,0,15,0,4,0,0,0,0,0,0,0,0,12,0,0,0,0,1,0,0,0,0,0,0,0,1,0,-1,0,0,0,0,0,0,0,0,0,0,0,0,0,0,0,0,0,0,0,0,0
00013654,18,8,0,0,0,0,0,0,4,0,0,0,0,4,0,0,0,0,4,0,0,0,0,0,17,9,0,0,0,0,0,0,4,0,0,0,0,4,0,0,0,0,4,0,0,0,0,0,1,-1,0,0,0,0,0,0,0,0,0,0,0,0,0,0,0,0,0,0,0,0,0,0
00013692,28,0,0,0,0,0,0,0,1,0,0,0,0,0,0,0,0,0,0,4,5,0,0,0,27,0,0,0,0,0,0,0,2,0,0,0,0,0,0,0,0,0,0,4,5,0,0,0,1,0,0,0,0,0,0,0,-1,0,0,0,0,0,0,0,0,0,0,0,0,0,0,0
00013693,16,2,0,0,3,0,0,0,2,0,0,0,0,0,0,0,0,0,0,0,0,0,0,0,15,3,0,0,3,0,0,0,2,0,0,0,0,0,0,0,0,0,0,0,0,0,0,0,1,-1,0,0,0,0,0,0,0,0,0,0,0,0,0,0,0,0,0,0,0,0,0,0
00013701,31,1,0,8,0,6,0,0,0,3,0,0,0,0,0,0,0,2,0,0,0,0,0,0,29,3,0,8,0,6,0,0,0,3,0,0,0,0,0,0,0,2,0,0,0,0,0,0,2,-2,0,0,0,0,0,0,0,0,0,0,0,0,0,0,0,0,0,0,0,0,0,0
00013723,33,0,1,4,0,0,2,0,0,0,0,0,0,0,0,0,0,0,0,0,0,0,0,0,32,0,2,4,0,0,2,0,0,0,0,0,0,0,0,0,0,0,0,0,0,0,0,0,1,0,-1,0,0,0,0,0,0,0,0,0,0,0,0,0,0,0,0,0,0,0,0,0
00013809,15,0,0,8,0,0,1,0,0,0,0,0,0,0,0,0,0,0,0,0,5,0,0,0,13,0,0,8,0,0,3,0,0,0,0,0,0,0,0,0,0,0,0,0,5,0,0,0,2,0,0,0,0,0,-2,0,0,0,0,0,0,0,0,0,0,0,0,0,0,0,0,0
00013853,19,0,0,0,0,0,1,0,0,0,0,4,0,0,0,0,0,0,0,0,0,3,0,0,18,0,0,0,0,0,2,0,0,0,0,4,0,0,0,0,0,0,0,0,0,3,0,0,1,0,0,0,0,0,-1,0,0,0,0,0,0,0,0,0,0,0,0,0,0,0,0,0
00013897,25,0,0,0,0,0,0,3,0,0,0,3,0,0,0,0,1,0,0,4,0,3,0,0,24,0,0,0,0,0,0,3,0,0,0,4,0,0,0,0,1,0,0,4,0,3,0,0,1,0,0,0,0,0,0,0,0,0,0,-1,0,0,0,0,0,0,0,0,0,0,0,0
00013901,23,1,0,0,0,6,0,0,0,0,0,0,0,0,7,0,2,0,0,0,0,0,0,0,21,3,0,0,0,6,0,0,0,0,0,0,0,0,7,0,2,0,0,0,0,0,0,0,2,-2,0,0,0,0,0,0,0,0,0,0,0,0,0,0,0,0,0,0,0,0,0,0
00013926,12,0,0,0,6,0,0,0,0,0,2,0,0,4,0,0,0,0,0,0,0,0,0,0,11,0,0,0,6,0,0,0,0,0,2,0,0,4,0,1,0,0,0,0,0,0,0,0,1,0,0,0,0,0,0,0,0,0,0,0,0,0,0,-1,0,0,0,0,0,0,0,0
00014014,21,0,0,0,0,6,0,0,1,0,0,0,0,4,0,0,0,0,0,0,0,3,0,0,20,0,0,0,0,6,0,0,2,0,0,0,0,4,0,0,0,0,0,0,0,3,0,0,1,0,0,0,0,0,0,0,-1,0,0,0,0,0,0,0,0,0,0,0,0,0,0,0
00014018,21,4,0,0,0,0,0,0,1,0,0,0,0,0,0,0,0,0,4,0,5,0,0,0,20,4,0,0,0,0,0,0,2,0,0,0,0,0,0,0,0,0,4,0,5,0,0,0,1,0,0,0,0,0,0,0,-1,0,0,0,0,0,0,0,0,0,0,0,0,0,0,0
00014032,15,0,2,0,0,0,0,0,2,0,0,0,0,0,0,0,0,0,0,0,5,0,0,0,13,0,2,0,0,0,0,0,4,0,0,0,0,0,0,0,0,0,0,0,5,0,0,0,2,0,0,0,0,0,0,0,-2,0,0,0,0,0,0,0,0,0,0,0,0,0,0,0
00014277,25,3,0,0,3,6,2,0,0,0,0,0,0,0,0,0,0,0,0,0,0,0,0,0,23,3,2,0,3,6,2,0,0,0,0,0,0,0,0,0,0,0,0,0,0,0,0,0,2,0,-2,0,0,0,0,0,0,0,0,0,0,0,0,0,0,0,0,0,0,0,0,0
00014484,12,0,0,4,0,6,0,0,0,0,1,0,0,0,0,0,0,0,0,0,0,0,0,0,11,0,0,4,0,6,0,0,0,0,2,0,0,0,0,0,0,0,0,0,0,0,0,0,1,0,0,0,0,0,0,0,0,0,-1,0,0,0,0,0,0,0,0,0,0,0,0,0
00014505,25,0,0,0,0,0,1,0,0,0,0,4,0,0,0,0,0,0,0,0,5,0,0,0,24,0,0,0,0,0,2,0,0,0,0,4,0,0,0,0,0,0,0,0,5,0,0,0,1,0,0,0,0,0,-1,0,0,0,0,0,0,0,0,0,0,0,0,0,0,0,0,0
00014604,19,0,2,4,0,6,0,0,1,0,0,0,0,0,0,0,0,0,0,0,0,0,0,0,18,0,2,4,0,6,0,0,2,0,0,0,0,0,0,0,0,0,0,0,0,0,0,0,1,0,0,0,0,0,0,0,-1,0,0,0,0,0,0,0,0,0,0,0,0,0,0,0
00014684,31,0,0,0,0,0,0,0,1,0,0,4,0,0,0,0,0,2,0,0,0,0,0,0,30,0,0,0,0,0,0,0,2,0,0,4,0,0,0,0,0,2,0,0,0,0,0,0,1,0,0,0,0,0,0,0,-1,0,0,0,0,0,0,0,0,0,0,0,0,0,0,0
00014712,12,0,0,0,0,0,3,0,0,0,0,0,0,0,0,0,1,0,0,0,0,0,0,0,11,0,0,0,0,0,4,0,0,0,0,0,0,0,0,0,1,0,0,0,0,0,0,0,1,0,0,0,0,0,-1,0,0,0,0,0,0,0,0,0,0,0,0,0,0,0,0,0
00014748,12,0,0,4,0,0,0,5,0,0,0,0,5,0,0,0,0,0,0,0,0,0,0,0,11,0,0,4,0,0,0,6,0,0,0,0,5,0,0,0,0,0,0,0,0,0,0,0,1,0,0,0,0,0,0,-1,0,0,0,0,0,0,0,0,0,0,0,0,0,0,0,0
00014760,14,0,0,0,0,0,0,2,0,0,3,0,0,0,0,0,0,0,0,0,0,0,0,0,12,0,0,0,0,0,0,3,0,0,4,0,0,0,0,0,0,0,0,0,0,0,0,0,2,0,0,0,0,0,0,-1,0,0,-1,0,0,0,0,0,0,0,0,0,0,0,0,0
00014829,29,0,0,0,0,0,0,0,6,0,0,0,0,0,0,1,0,0,0,0,0,3,0,0,28,0,0,0,0,0,0,0,7,0,0,0,0,0,0,1,0,0,0,0,0,3,0,0,1,0,0,0,0,0,0,0,-1,0,0,0,0,0,0,0,0,0,0,0,0,0,0,0
00014873,24,0,0,0,0,7,1,0,2,0,0,0,0,0,0,0,0,0,0,0,0,3,0,0,21,0,0,0,0,7,2,0,4,0,0,0,0,0,0,0,0,0,0,0,0,3,0,0,3,0,0,0,0,0,-1,0,-2,0,0,0,0,0,0,0,0,0,0,0,0,0,0,0
00014884,11,0,0,0,0,0,0,0,1,0,0,0,0,0,7,0,1,0,0,0,0,0,0,0,10,0,0,0,0,0,0,0,2,0,0,0,0,0,7,0,1,0,0,0,0,0,0,0,1,0,0,0,0,0,0,0,-1,0,0,0,0,0,0,0,0,0,0,0,0,0,0,0
00014922,26,1,0,0,0,0,0,0,2,3,4,0,0,4,0,0,0,0,0,0,0,0,0,0,24,3,0,0,0,0,0,0,2,3,4,0,0,4,0,0,0,0,0,0,0,0,0,0,2,-2,0,0,0,0,0,0,0,0,0,0,0,0,0,0,0,0,0,0,0,0,0,0
00015038,18,0,0,0,0,0,0,0,0,0,0,11,0,0,0,0,0,0,0,0,0,0,0,0,17,0,0,0,0,0,0,0,0,0,0,12,0,0,0,0,0,0,0,0,0,0,0,0,1,0,0,0,0,0,0,0,0,0,0,-1,0,0,0,0,0,0,0,0,0,0,0,0
00015063,36,1,0,0,3,0,0,3,0,0,0,0,0,0,0,0,0,0,0,0,0,0,2,0,34,3,0,0,3,0,0,3,0,0,0,0,0,0,0,0,0,0,0,0,0,0,2,0,2,-2,0,0,0,0,0,0,0,0,0,0,0,0,0,0,0,0,0,0,0,0,0,0
00015141,13,0,0,0,0,0,0,0,0,0,0,3,0,0,0,1,0,0,0,0,0,3,0,0,12,0,0,0,0,0,0,0,0,0,0,4,0,0,0,1,0,0,0,0,0,3,0,0,1,0,0,0,0,0,0,0,0,0,0,-1,0,0,0,0,0,0,0,0,0,0,0,0
00015266,21,6,2,0,0,6,0,0,0,2,0,8,0,0,0,0,0,0,0,0,0,0,2,0,20,6,2,0,0,6,0,0,0,3,0,8,0,0,0,0,0,0,0,0,0,0,2,0,1,0,0,0,0,0,0,0,0,-1,0,0,0,0,0,0,0,0,0,0,0,0,0,0
00015275,21,3,0,0,0,6,0,0,0,2,0,3,0,0,0,0,0,0,0,0,0,0,0,0,19,3,0,0,0,6,0,0,0,3,0,4,0,0,0,0,0,0,0,0,0,0,0,0,2,0,0,0,0,0,0,0,0,-1,0,-1,0,0,0,0,0,0,0,0,0,0,0,0
00015303,27,0,0,4,0,0,0,0,0,0,0,0,0,0,0,0,0,2,0,3,0,3,0,0,26,0,0,4,0,0,0,0,0,0,0,0,0,0,0,0,0,2,0,4,0,3,0,0,1,0,0,0,0,0,0,0,0,0,0,0,0,0,0,0,0,0,0,-1,0,0,0,0
00015367,23,1,0,0,0,0,0,0,0,0,0,0,0,0,0,0,2,0,5,0,0,0,0,0,21,3,0,0,0,0,0,0,0,0,0,0,0,0,0,0,2,0,5,0,0,0,0,0,2,-2,0,0,0,0,0,0,0,0,0,0,0,0,0,0,0,0,0,0,0,0,0,0
00015387,20,1,0,4,0,0,0,0,0,0,0,0,0,4,0,0,1,0,0,0,0,0,0,0,18,3,0,4,0,0,0,0,0,0,0,0,0,4,0,0,1,0,0,0,0,0,0,0,2,-2,0,0,0,0,0,0,0,0,0,0,0,0,0,0,0,0,0,0,0,0,0,0
00015475,20,3,0,0,0,6,0,0,1,0,0,0,0,0,7,0,0,0,4,0,0,0,0,0,19,3,0,0,0,6,0,0,2,0,0,0,0,0,7,0,0,0,4,0,0,0,0,0,1,0,0,0,0,0,0,0,-1,0,0,0,0,0,0,0,0,0,0,0,0,0,0,0
00015507,18,0,0,0,3,0,0,0,0,0,1,0,0,0,0,0,0,0,0,0,5,0,0,0,17,0,0,0,3,0,0,0,0,0,2,0,0,0,0,0,0,0,0,0,5,0,0,0,1,0,0,0,0,0,0,0,0,0,-1,0,0,0,0,0,0,0,0,0,0,0,0,0
00015509,18,1,0,11,0,0,0,0,0,3,0,0,0,0,0,0,1,0,0,0,0,0,0,0,16,3,0,11,0,0,0,0,0,3,0,0,0,0,0,0,1,0,0,0,0,0,0,0,2,-2,0,0,0,0,0,0,0,0,0,0,0,0,0,0,0,0,0,0,0,0,0,0
00015585,36,0,0,4,0,0,0,0,0,0,0,0,0,0,0,0,0,0,0,0,0,3,2,0,34,0,0,4,0,0,0,0,2,0,0,0,0,0,0,0,0,0,0,0,0,3,2,0,2,0,0,0,0,0,0,0,-2,0,0,0,0,0,0,0,0,0,0,0,0,0,0,0
00015587,23,0,0,0,0,0,0,0,0,0,0,7,0,4,0,0,0,0,0,0,0,0,0,0,22,0,0,0,0,0,0,0,0,0,0,8,0,4,0,0,0,0,0,0,0,0,0,0,1,0,0,0,0,0,0,0,0,0,0,-1,0,0,0,0,0,0,0,0,0,0,0,0
00015607,27,1,0,0,0,6,0,3,0,0,0,0,0,4,0,0,0,0,0,0,0,0,0,0,25,3,0,0,0,6,0,3,0,0,0,0,0,4,0,0,0,0,0,0,0,0,0,0,2,-2,0,0,0,0,0,0,0,0,0,0,0,0,0,0,0,0,0,0,0,0,0,0
00015711,28,0,0,0,0,0,0,6,2,0,0,0,0,0,0,0,0,0,0,0,0,0,0,0,26,0,0,0,0,0,0,6,4,0,0,0,0,0,0,0,0,0,0,0,0,0,0,0,2,0,0,0,0,0,0,0,-2,0,0,0,0,0,0,0,0,0,0,0,0,0,0,0
00015729,24,8,4,0,0,0,0,0,0,0,0,0,0,0,0,0,0,0,0,0,0,0,0,0,22,10,4,0,0,0,0,0,0,0,0,0,0,0,0,0,0,0,0,0,0,0,0,0,2,-2,0,0,0,0,0,0,0,0,0,0,0,0,0,0,0,0,0,0,0,0,0,0
00015747,14,0,2,0,0,0,2,0,0,0,4,0,0,0,0,0,0,0,0,0,0,0,0,0,12,0,4,0,0,0,2,0,0,0,4,0,0,0,0,0,0,0,0,0,0,0,0,0,2,0,-2,0,0,0,0,0,0,0,0,0,0,0,0,0,0,0,0,0,0,0,0,0
00015839,22,0,2,0,0,0,1,0,0,0,0,0,10,0,0,0,0,0,0,0,0,0,2,0,21,0,2,0,0,0,2,0,0,0,0,0,10,0,0,0,0,0,0,0,0,0,2,0,1,0,0,0,0,0,-1,0,0,0,0,0,0,0,0,0,0,0,0,0,0,0,0,0
00015865,26,0,0,0,0,6,0,4,0,0,0,0,0,0,0,0,0,0,0,0,0,3,0,0,24,0,0,0,0,6,0,6,0,0,0,0,0,0,0,0,0,0,0,0,0,3,0,0,2,0,0,0,0,0,0,-2,0,0,0,0,0,0,0,0,0,0,0,0,0,0,0,0
00015930,17,0,0,0,0,0,0,3,0,3,0,3,0,0,0,0,0,0,0,0,0,3,0,0,16,0,0,0,0,0,0,3,0,3,0,4,0,0,0,0,0,0,0,0,0,3,0,0,1,0,0,0,0,0,0,0,0,0,0,-1,0,0,0,0,0,0,0,0,0,0,0,0
00015964,22,1,0,0,0,0,0,0,0,0,0,0,0,0,0,0,0,2,0,0,0,3,0,0,20,3,0,0,0,0,0,0,0,0,0,0,0,0,0,0,0,2,0,0,0,3,0,0,2,-2,0,0,0,0,0,0,0,0,0,0,0,0,0,0,0,0,0,0,0,0,0,0
00016023,24,1,0,0,0,0,0,0,0,3,0,0,0,0,0,0,0,2,0,0,0,0,0,0,22,3,0,0,0,0,0,0,0,3,0,0,0,0,0,0,0,2,0,0,0,0,0,0,2,-2,0,0,0,0,0,0,0,0,0,0,0,0,0,0,0,0,0,0,0,0,0,0
00016068,17,0,0,0,0,0,0,3,2,0,0,0,0,0,0,0,0,0,0,3,0,0,0,0,16,0,0,0,0,0,0,3,2,0,0,0,0,0,0,0,0,0,0,4,0,0,0,0,1,0,0,0,0,0,0,0,0,0,0,0,0,0,0,0,0,0,0,-1,0,0,0,0
00016111,20,1,2,0,0,0,0,0,0,0,2,4,0,0,0,0,0,0,0,0,0,0,0,0,18,3,2,0,0,0,0,0,0,0,2,4,0,0,0,0,0,0,0,0,0,0,0,0,2,-2,0,0,0,0,0,0,0,0,0,0,0,0,0,0,0,0,0,0,0,0,0,0
00016166,12,0,0,0,4,0,1,0,0,0,2,0,0,0,0,0,0,0,0,0,0,3,0,0,11,0,0,0,4,0,2,0,0,0,2,0,0,0,0,0,0,0,0,0,0,3,0,0,1,0,0,0,0,0,-1,0,0,0,0,0,0,0,0,0,0,0,0,0,0,0,0,0
00016208,11,0,0,0,0,0,0,0,0,5,0,4,0,0,0,0,0,0,0,0,0,0,0,0,10,0,0,0,0,0,0,0,0,6,0,4,0,0,0,0,0,0,0,0,0,0,0,0,1,0,0,0,0,0,0,0,0,-1,0,0,0,0,0,0,0,0,0,0,0,0,0,0
00016271,12,3,0,0,0,6,0,0,0,0,0,0,0,0,0,0,0,0,0,0,0,0,0,0,11,3,0,0,0,7,0,0,0,0,0,0,0,0,0,0,0,0,0,0,0,0,0,0,1,0,0,0,0,-1,0,0,0,0,0,0,0,0,0,0,0,0,0,0,0,0,0,0
00016297,23,0,0,0,0,0,0,0,0,0,0,0,0,0,0,0,1,0,0,0,0,0,2,0,21,0,2,0,0,0,0,0,0,0,0,0,0,0,0,0,1,0,0,0,0,0,2,0,2,0,-2,0,0,0,0,0,0,0,0,0,0,0,0,0,0,0,0,0,0,0,0,0
00016311,14,0,0,0,0,0,0,0,0,2,0,0,0,0,0,0,0,0,4,0,5,3,0,0,13,0,0,0,0,0,0,0,0,3,0,0,0,0,0,0,0,0,4,0,5,3,0,0,1,0,0,0,0,0,0,0,0,-1,0,0,0,0,0,0,0,0,0,0,0,0,0,0
00016344,25,2,0,0,0,0,0,0,0,0,0,0,0,8,0,0,0,0,0,0,5,0,2,0,24,3,0,0,0,0,0,0,0,0,0,0,0,8,0,0,0,0,0,0,5,0,2,0,1,-1,0,0,0,0,0,0,0,0,0,0,0,0,0,0,0,0,0,0,0,0,0,0
00016353,22,0,0,0,3,0,2,0,0,0,1,0,0,0,0,0,0,0,0,0,0,3,0,0,21,0,0,0,3,0,2,0,0,0,2,0,0,0,0,0,0,0,0,0,0,3,0,0,1,0,0,0,0,0,0,0,0,0,-1,0,0,0,0,0,0,0,0,0,0,0,0,0
00016374,30,2,0,4,0,0,0,0,0,0,0,0,0,0,0,0,0,0,0,0,5,0,0,0,29,3,0,4,0,0,0,0,0,0,0,0,0,0,0,0,0,0,0,0,5,0,0,0,1,-1,0,0,0,0,0,0,0,0,0,0,0,0,0,0,0,0,0,0,0,0,0,0
00016379,5,0,0,0,0,6,0,0,0,0,0,0,0,3,0,0,0,0,0,0,0,0,2,0,3,0,0,0,0,7,0,0,0,0,0,0,0,4,0,0,0,0,0,0,0,0,2,0,2,0,0,0,0,-1,0,0,0,0,0,0,0,-1,0,0,0,0,0,0,0,0,0,0
00016572,21,4,2,0,0,0,0,0,0,0,0,0,0,4,0,0,0,0,0,0,0,0,0,0,19,6,2,0,0,0,0,0,0,0,0,0,0,4,0,0,0,0,0,0,0,0,0,0,2,-2,0,0,0,0,0,0,0,0,0,0,0,0,0,0,0,0,0,0,0,0,0,0
00016601,27,1,0,0,0,0,2,0,0,0,0,0,0,4,0,0,0,0,0,0,5,0,0,0,25,3,0,0,0,0,2,0,0,0,0,0,0,4,0,0,0,0,0,0,5,0,0,0,2,-2,0,0,0,0,0,0,0,0,0,0,0,0,0,0,0,0,0,0,0,0,0,0
00016623,12,0,0,4,0,0,0,0,1,0,0,4,0,0,7,0,0,2,0,0,0,0,0,0,11,0,0,4,0,0,0,0,2,0,0,4,0,0,7,0,0,2,0,0,0,0,0,0,1,0,0,0,0,0,0,0,-1,0,0,0,0,0,0,0,0,0,0,0,0,0,0,0
00016649,33,5,0,0,3,0,0,3,0,0,0,0,0,0,0,0,0,0,0,0,0,0,0,0,31,7,0,0,3,0,0,3,0,0,0,0,0,0,0,0,0,0,0,0,0,0,0,0,2,-2,0,0,0,0,0,0,0,0,0,0,0,0,0,0,0,0,0,0,0,0,0,0
00016657,18,1,0,0,0,6,0,0,0,0,0,0,0,0,0,0,0,4,0,0,0,0,0,0,16,3,0,0,0,6,0,0,0,0,0,0,0,0,0,0,0,4,0,0,0,0,0,0,2,-2,0,0,0,0,0,0,0,0,0,0,0,0,0,0,0,0,0,0,0,0,0,0
00016677,15,0,1,0,0,0,0,0,0,0,0,0,0,0,0,1,0,0,0,4,0,0,0,0,14,0,2,0,0,0,0,0,0,0,0,0,0,0,0,1,0,0,0,4,0,0,0,0,1,0,-1,0,0,0,0,0,0,0,0,0,0,0,0,0,0,0,0,0,0,0,0,0
00016685,19,3,0,0,0,6,0,0,3,0,0,4,0,0,0,0,0,2,4,0,0,0,2,0,18,3,0,0,0,6,0,0,4,0,0,4,0,0,0,0,0,2,4,0,0,0,2,0,1,0,0,0,0,0,0,0,-1,0,0,0,0,0,0,0,0,0,0,0,0,0,0,0
00016722,13,0,0,0,0,0,1,0,0,0,0,4,0,0,0,0,0,2,0,4,0,0,0,0,12,0,0,0,0,0,2,0,0,0,0,4,0,0,0,0,0,2,0,4,0,0,0,0,1,0,0,0,0,0,-1,0,0,0,0,0,0,0,0,0,0,0,0,0,0,0,0,0
00016771,15,2,0,4,0,0,0,0,2,0,0,4,5,0,0,0,0,0,0,0,0,0,0,0,14,3,0,4,0,0,0,0,2,0,0,4,5,0,0,0,0,0,0,0,0,0,0,0,1,-1,0,0,0,0,0,0,0,0,0,0,0,0,0,0,0,0,0,0,0,0,0,0
00016828,19,0,0,0,0,0,0,3,0,2,2,4,0,0,0,0,2,0,0,0,0,0,0,0,18,0,0,0,0,0,0,3,0,3,2,4,0,0,0,0,2,0,0,0,0,0,0,0,1,0,0,0,0,0,0,0,0,-1,0,0,0,0,0,0,0,0,0,0,0,0,0,0
00016909,16,2,0,0,0,0,2,0,0,0,0,0,0,4,0,0,0,0,0,4,0,0,0,0,15,3,0,0,0,0,2,0,0,0,0,0,0,4,0,0,0,0,0,4,0,0,0,0,1,-1,0,0,0,0,0,0,0,0,0,0,0,0,0,0,0,0,0,0,0,0,0,0
00016921,26,0,0,0,0,6,0,0,0,0,0,4,0,4,0,0,0,0,0,3,0,0,0,0,25,0,0,0,0,6,0,0,0,0,0,4,0,4,0,0,0,0,0,4,0,0,0,0,1,0,0,0,0,0,0,0,0,0,0,0,0,0,0,0,0,0,0,-1,0,0,0,0
00016981,26,0,0,0,0,0,0,0,1,0,2,0,0,0,7,0,0,0,0,0,0,0,0,0,25,0,0,0,0,0,0,0,2,0,2,0,0,0,7,0,0,0,0,0,0,0,0,0,1,0,0,0,0,0,0,0,-1,0,0,0,0,0,0,0,0,0,0,0,0,0,0,0
00017022,19,0,0,0,0,0,0,0,1,0,1,0,0,0,0,0,0,0,4,0,0,0,0,0,17,0,0,0,0,0,0,0,2,0,2,0,0,0,0,0,0,0,4,0,0,0,0,0,2,0,0,0,0,0,0,0,-1,0,-1,0,0,0,0,0,0,0,0,0,0,0,0,0
00017027,15,0,0,0,0,0,1,0,0,0,0,0,0,0,0,0,0,2,4,0,0,0,2,0,14,0,0,0,0,0,2,0,0,0,0,0,0,0,0,0,0,2,4,0,0,0,2,0,1,0,0,0,0,0,-1,0,0,0,0,0,0,0,0,0,0,0,0,0,0,0,0,0
00017086,16,0,0,0,0,0,0,0,1,0,0,0,0,0,7,0,0,2,0,0,0,0,0,0,15,0,0,0,0,0,0,0,2,0,0,0,0,0,7,0,0,2,0,0,0,0,0,0,1,0,0,0,0,0,0,0,-1,0,0,0,0,0,0,0,0,0,0,0,0,0,0,0
00017141,16,3,0,0,0,0,0,0,0,0,0,0,5,0,0,0,0,0,0,0,0,0,0,0,14,3,2,0,0,0,0,0,0,0,0,0,5,0,0,0,0,0,0,0,0,0,0,0,2,0,-2,0,0,0,0,0,0,0,0,0,0,0,0,0,0,0,0,0,0,0,0,0
00017212,35,1,0,0,3,0,0,0,0,3,0,0,0,0,0,0,0,0,0,0,0,0,0,0,33,3,0,0,3,0,0,0,0,3,0,0,0,0,0,0,0,0,0,0,0,0,0,0,2,-2,0,0,0,0,0,0,0,0,0,0,0,0,0,0,0,0,0,0,0,0,0,0
00017221,11,0,2,0,0,0,0,0,0,0,0,2,0,0,0,0,0,0,0,0,0,3,0,0,9,0,2,0,0,0,0,0,0,0,0,4,0,0,0,0,0,0,0,0,0,3,0,0,2,0,0,0,0,0,0,0,0,0,0,-2,0,0,0,0,0,0,0,0,0,0,0,0
00017232,26,3,0,8,0,0,1,0,0,0,0,0,0,0,0,0,0,0,0,0,0,0,0,0,25,3,0,8,0,0,2,0,0,0,0,0,0,0,0,0,0,0,0,0,0,0,0,0,1,0,0,0,0,0,-1,0,0,0,0,0,0,0,0,0,0,0,0,0,0,0,0,0
00017256,20,10,0,0,0,0,0,0,0,0,0,0,0,0,21,0,0,0,0,0,5,0,0,0,18,10,2,0,0,0,0,0,0,0,0,0,0,0,21,0,0,0,0,0,5,0,0,0,2,0,-2,0,0,0,0,0,0,0,0,0,0,0,0,0,0,0,0,0,0,0,0,0
00017439,18,0,0,0,3,0,0,0,1,0,0,0,0,0,0,0,0,0,0,0,0,3,0,0,17,0,0,0,3,0,0,0,2,0,0,0,0,0,0,0,0,0,0,0,0,3,0,0,1,0,0,0,0,0,0,0,-1,0,0,0,0,0,0,0,0,0,0,0,0,0,0,0
00017473,16,0,0,0,0,0,5,0,0,0,0,0,0,0,0,0,0,0,0,4,0,0,0,0,15,0,0,0,0,0,6,0,0,0,0,0,0,0,0,0,0,0,0,4,0,0,0,0,1,0,0,0,0,0,-1,0,0,0,0,0,0,0,0,0,0,0,0,0,0,0,0,0
00017509,23,0,0,0,3,0,0,0,1,0,0,0,0,0,0,0,0,0,4,0,0,3,2,0,22,0,0,0,3,0,0,0,2,0,0,0,0,0,0,0,0,0,4,0,0,3,2,0,1,0,0,0,0,0,0,0,-1,0,0,0,0,0,0,0,0,0,0,0,0,0,0,0
00017530,12,0,0,0,0,0,0,0,0,2,0,0,0,0,0,0,1,0,0,4,0,0,0,0,11,0,0,0,0,0,0,0,0,3,0,0,0,0,0,0,1,0,0,4,0,0,0,0,1,0,0,0,0,0,0,0,0,-1,0,0,0,0,0,0,0,0,0,0,0,0,0,0
00017555,14,1,2,0,0,6,0,0,0,0,0,0,0,0,7,0,0,0,0,0,0,0,0,0,12,3,2,0,0,6,0,0,0,0,0,0,0,0,7,0,0,0,0,0,0,0,0,0,2,-2,0,0,0,0,0,0,0,0,0,0,0,0,0,0,0,0,0,0,0,0,0,0
00017580,26,0,0,0,0,12,6,0,0,0,0,0,0,4,0,0,0,0,0,0,0,0,0,0,24,0,0,0,0,12,8,0,0,0,0,0,0,4,0,0,0,0,0,0,0,0,0,0,2,0,0,0,0,0,-2,0,0,0,0,0,0,0,0,0,0,0,0,0,0,0,0,0
00017586,35,3,0,4,0,0,0,0,0,0,0,0,0,0,0,0,0,0,0,0,0,0,0,0,33,3,2,4,0,0,0,0,0,0,0,0,0,0,0,0,0,0,0,0,0,0,0,0,2,0,-2,0,0,0,0,0,0,0,0,0,0,0,0,0,0,0,0,0,0,0,0,0
00017676,13,0,0,0,3,0,0,0,0,0,1,4,0,0,0,0,0,2,0,0,0,0,0,0,12,0,0,0,3,0,0,0,0,0,2,4,0,0,0,0,0,2,0,0,0,0,0,0,1,0,0,0,0,0,0,0,0,0,-1,0,0,0,0,0,0,0,0,0,0,0,0,0
00017732,20,1,0,0,3,0,0,0,0,0,0,0,5,0,0,1,0,0,0,0,0,0,0,0,18,3,0,0,3,0,0,0,0,0,0,0,5,0,0,1,0,0,0,0,0,0,0,0,2,-2,0,0,0,0,0,0,0,0,0,0,0,0,0,0,0,0,0,0,0,0,0,0
00017737,31,0,0,8,0,0,0,1,1,0,0,0,0,4,7,0,0,0,0,0,0,0,0,0,28,0,0,8,0,0,0,3,2,0,0,0,0,4,7,0,0,0,0,0,0,0,0,0,3,0,0,0,0,0,0,-2,-1,0,0,0,0,0,0,0,0,0,0,0,0,0,0,0
00017767,25,0,2,0,0,0,1,0,0,0,0,0,0,0,7,0,0,0,4,0,0,0,0,0,24,0,2,0,0,0,2,0,0,0,0,0,0,0,7,0,0,0,4,0,0,0,0,0,1,0,0,0,0,0,-1,0,0,0,0,0,0,0,0,0,0,0,0,0,0,0,0,0
00017804,15,0,0,0,3,0,2,1,0,0,0,4,0,0,0,0,0,0,4,0,0,0,0,0,13,0,0,0,3,0,2,3,0,0,0,4,0,0,0,0,0,0,4,0,0,0,0,0,2,0,0,0,0,0,0,-2,0,0,0,0,0,0,0,0,0,0,0,0,0,0,0,0
00017810,13,0,0,0,0,0,0,0,0,2,2,0,5,0,7,0,0,0,0,0,0,0,0,0,12,0,0,0,0,0,0,0,0,3,2,0,5,0,7,0,0,0,0,0,0,0,0,0,1,0,0,0,0,0,0,0,0,-1,0,0,0,0,0,0,0,0,0,0,0,0,0,0
00017831,19,3,0,0,3,0,0,0,0,0,0,0,0,0,0,0,0,0,0,0,5,0,0,0,17,3,2,0,3,0,0,0,0,0,0,0,0,0,0,0,0,0,0,0,5,0,0,0,2,0,-2,0,0,0,0,0,0,0,0,0,0,0,0,0,0,0,0,0,0,0,0,0
00017913,20,0,0,4,0,0,0,0,1,0,0,0,0,0,0,0,1,0,0,0,0,0,0,0,19,0,0,4,0,0,0,0,2,0,0,0,0,0,0,0,1,0,0,0,0,0,0,0,1,0,0,0,0,0,0,0,-1,0,0,0,0,0,0,0,0,0,0,0,0,0,0,0
00017976,21,2,0,0,3,0,1,0,0,0,0,0,0,0,0,0,0,0,0,0,0,3,0,0,19,3,0,0,3,0,2,0,0,0,0,0,0,0,0,0,0,0,0,0,0,3,0,0,2,-1,0,0,0,0,-1,0,0,0,0,0,0,0,0,0,0,0,0,0,0,0,0,0
00018050,17,0,0,0,0,0,0,0,2,0,1,0,0,0,0,0,1,0,0,0,0,0,0,0,16,0,0,0,0,0,0,0,2,0,2,0,0,0,0,0,1,0,0,0,0,0,0,0,1,0,0,0,0,0,0,0,0,0,-1,0,0,0,0,0,0,0,0,0,0,0,0,0
00018291,13,0,0,4,0,0,0,0,1,0,0,0,0,0,0,0,0,0,0,0,0,0,2,0,12,0,0,4,0,0,0,0,2,0,0,0,0,0,0,0,0,0,0,0,0,0,2,0,1,0,0,0,0,0,0,0,-1,0,0,0,0,0,0,0,0,0,0,0,0,0,0,0
00018414,29,0,0,0,6,0,1,3,0,0,0,0,0,0,0,0,0,0,0,0,0,3,0,0,28,0,0,0,6,0,2,3,0,0,0,0,0,0,0,0,0,0,0,0,0,3,0,0,1,0,0,0,0,0,-1,0,0,0,0,0,0,0,0,0,0,0,0,0,0,0,0,0
00018471,7,0,0,0,3,0,0,0,2,0,1,0,0,0,0,0,1,0,0,0,5,0,0,0,6,0,0,0,3,0,0,0,2,0,2,0,0,0,0,0,1,0,0,0,5,0,0,0,1,0,0,0,0,0,0,0,0,0,-1,0,0,0,0,0,0,0,0,0,0,0,0,0
00018486,17,2,0,0,0,0,0,3,0,0,0,0,0,0,0,0,1,0,0,0,0,0,0,0,16,3,0,0,0,0,0,3,0,0,0,0,0,0,0,0,1,0,0,0,0,0,0,0,1,-1,0,0,0,0,0,0,0,0,0,0,0,0,0,0,0,0,0,0,0,0,0,0
00018518,24,0,0,0,3,6,0,0,2,0,0,3,0,0,0,0,0,0,0,4,0,0,0,0,23,0,0,0,3,6,0,0,2,0,0,4,0,0,0,0,0,0,0,4,0,0,0,0,1,0,0,0,0,0,0,0,0,0,0,-1,0,0,0,0,0,0,0,0,0,0,0,0
00018531,27,9,0,0,0,0,0,0,0,0,0,0,0,0,0,0,0,0,0,0,0,0,0,0,25,11,0,0,0,0,0,0,0,0,0,0,0,0,0,0,0,0,0,0,0,0,0,0,2,-2,0,0,0,0,0,0,0,0,0,0,0,0,0,0,0,0,0,0,0,0,0,0
00018571,9,2,0,0,0,0,0,0,0,0,0,0,5,0,7,0,1,0,0,0,0,0,0,0,8,3,0,0,0,0,0,0,0,0,0,0,5,0,7,0,1,0,0,0,0,0,0,0,1,-1,0,0,0,0,0,0,0,0,0,0,0,0,0,0,0,0,0,0,0,0,0,0
00018582,39,0,0,0,0,0,0,0,1,0,0,0,0,0,0,1,0,0,0,0,5,0,0,0,38,0,0,0,0,0,0,0,2,0,0,0,0,0,0,1,0,0,0,0,5,0,0,0,1,0,0,0,0,0,0,0,-1,0,0,0,0,0,0,0,0,0,0,0,0,0,0,0
00018657,24,1,0,0,3,0,0,0,0,0,2,0,0,0,0,0,0,0,0,0,5,0,0,0,22,3,0,0,3,0,0,0,0,0,2,0,0,0,0,0,0,0,0,0,5,0,0,0,2,-2,0,0,0,0,0,0,0,0,0,0,0,0,0,0,0,0,0,0,0,0,0,0
00018678,26,0,0,0,0,6,2,0,1,0,0,0,0,0,0,0,0,0,0,4,0,0,2,0,25,0,0,0,0,6,2,0,2,0,0,0,0,0,0,0,0,0,0,4,0,0,2,0,1,0,0,0,0,0,0,0,-1,0,0,0,0,0,0,0,0,0,0,0,0,0,0,0
00018744,16,0,0,0,0,0,0,0,2,0,0,0,0,0,0,0,1,0,0,0,0,0,0,0,14,0,0,0,0,0,0,0,4,0,0,0,0,0,0,0,1,0,0,0,0,0,0,0,2,0,0,0,0,0,0,0,-2,0,0,0,0,0,0,0,0,0,0,0,0,0,0,0
00018805,26,1,0,0,0,0,0,0,0,0,0,4,0,0,0,0,1,0,0,0,0,0,0,0,24,3,0,0,0,0,0,0,0,0,0,4,0,0,0,0,1,0,0,0,0,0,0,0,2,-2,0,0,0,0,0,0,0,0,0,0,0,0,0,0,0,0,0,0,0,0,0,0
00018835,16,1,0,0,0,0,0,0,0,3,0,0,0,0,0,0,0,0,0,0,10,0,0,0,14,3,0,0,0,0,0,0,0,3,0,0,0,0,0,0,0,0,0,0,10,0,0,0,2,-2,0,0,0,0,0,0,0,0,0,0,0,0,0,0,0,0,0,0,0,0,0,0
00018903,18,0,0,0,0,0,1,3,0,0,9,0,0,0,0,0,0,0,0,0,0,0,0,0,16,0,0,0,0,0,2,3,0,0,10,0,0,0,0,0,0,0,0,0,0,0,0,0,2,0,0,0,0,0,-1,0,0,0,-1,0,0,0,0,0,0,0,0,0,0,0,0,0
00018930,16,0,0,0,0,6,0,3,1,0,0,0,5,0,0,0,0,0,0,0,10,0,0,0,15,0,0,0,0,6,0,3,2,0,0,0,5,0,0,0,0,0,0,0,10,0,0,0,1,0,0,0,0,0,0,0,-1,0,0,0,0,0,0,0,0,0,0,0,0,0,0,0
00018988,30,2,0,0,0,0,0,0,0,0,0,4,0,0,0,0,1,0,0,0,0,0,0,0,29,3,0,0,0,0,0,0,0,0,0,4,0,0,0,0,1,0,0,0,0,0,0,0,1,-1,0,0,0,0,0,0,0,0,0,0,0,0,0,0,0,0,0,0,0,0,0,0
00018989,18,0,0,0,0,0,0,0,1,0,0,0,0,0,0,0,0,0,0,4,0,3,0,0,17,0,0,0,0,0,0,0,2,0,0,0,0,0,0,0,0,0,0,4,0,3,0,0,1,0,0,0,0,0,0,0,-1,0,0,0,0,0,0,0,0,0,0,0,0,0,0,0
00018998,11,0,2,0,0,6,0,0,0,0,0,0,0,0,0,0,1,0,0,3,0,0,0,0,10,0,2,0,0,6,0,0,0,0,0,0,0,0,0,0,1,0,0,4,0,0,0,0,1,0,0,0,0,0,0,0,0,0,0,0,0,0,0,0,0,0,0,-1,0,0,0,0
00019001,20,2,0,0,0,0,0,0,0,3,0,0,0,0,0,0,0,0,0,0,0,3,0,0,16,6,0,0,0,0,0,0,0,3,0,0,0,0,0,0,0,0,0,0,0,3,0,0,4,-4,0,0,0,0,0,0,0,0,0,0,0,0,0,0,0,0,0,0,0,0,0,0
00019016,19,0,0,0,0,0,0,0,0,0,1,4,0,8,0,0,0,0,0,0,0,0,0,0,18,0,0,0,0,0,0,0,0,0,2,4,0,8,0,0,0,0,0,0,0,0,0,0,1,0,0,0,0,0,0,0,0,0,-1,0,0,0,0,0,0,0,0,0,0,0,0,0
00019079,14,2,0,0,0,6,0,0,0,0,0,0,0,0,0,0,0,2,0,0,0,0,2,0,13,3,0,0,0,6,0,0,0,0,0,0,0,0,0,0,0,2,0,0,0,0,2,0,1,-1,0,0,0,0,0,0,0,0,0,0,0,0,0,0,0,0,0,0,0,0,0,0
00019152,15,0,2,0,0,0,0,0,1,0,0,0,0,0,0,0,0,2,0,0,5,0,0,0,14,0,2,0,0,0,0,0,2,0,0,0,0,0,0,0,0,2,0,0,5,0,0,0,1,0,0,0,0,0,0,0,-1,0,0,0,0,0,0,0,0,0,0,0,0,0,0,0
00019205,20,1,0,0,0,0,0,0,0,0,0,0,0,0,0,0,0,0,0,0,0,3,2,0,18,3,0,0,0,0,0,0,0,0,0,0,0,0,0,0,0,0,0,0,0,3,2,0,2,-2,0,0,0,0,0,0,0,0,0,0,0,0,0,0,0,0,0,0,0,0,0,0
00019211,20,1,4,0,0,0,0,0,0,0,0,0,0,0,0,0,0,2,0,0,0,0,0,0,18,3,4,0,0,0,0,0,0,0,0,0,0,0,0,0,0,2,0,0,0,0,0,0,2,-2,0,0,0,0,0,0,0,0,0,0,0,0,0,0,0,0,0,0,0,0,0,0
00019241,35,1,0,0,0,0,0,0,0,0,0,0,0,0,0,0,0,0,0,4,5,0,0,0,33,3,0,0,0,0,0,0,0,0,0,0,0,0,0,0,0,0,0,4,5,0,0,0,2,-2,0,0,0,0,0,0,0,0,0,0,0,0,0,0,0,0,0,0,0,0,0,0
00019364,25,13,4,0,0,0,0,0,0,0,0,0,0,0,0,0,0,0,0,0,0,0,0,0,24,14,4,0,0,0,0,0,0,0,0,0,0,0,0,0,0,0,0,0,0,0,0,0,1,-1,0,0,0,0,0,0,0,0,0,0,0,0,0,0,0,0,0,0,0,0,0,0
00019381,14,0,0,0,0,0,0,0,1,0,2,3,0,0,0,0,0,0,0,0,0,0,0,0,12,0,0,0,0,0,0,0,2,0,2,4,0,0,0,0,0,0,0,0,0,0,0,0,2,0,0,0,0,0,0,0,-1,0,0,-1,0,0,0,0,0,0,0,0,0,0,0,0
00019440,28,1,0,0,0,0,3,0,0,0,0,0,0,0,0,0,0,0,0,0,0,0,0,0,25,3,0,0,0,0,4,0,0,0,0,0,0,0,0,0,0,0,0,0,0,0,0,0,3,-2,0,0,0,0,-1,0,0,0,0,0,0,0,0,0,0,0,0,0,0,0,0,0
00019441,17,0,0,0,0,6,0,0,4,0,0,0,0,4,0,0,1,0,0,0,0,0,0,0,16,0,0,0,0,6,0,0,5,0,0,0,0,4,0,0,1,0,0,0,0,0,0,0,1,0,0,0,0,0,0,0,-1,0,0,0,0,0,0,0,0,0,0,0,0,0,0,0
00019460,17,0,2,0,0,0,1,0,0,0,0,4,0,0,0,0,0,2,0,0,0,0,0,0,16,0,2,0,0,0,2,0,0,0,0,4,0,0,0,0,0,2,0,0,0,0,0,0,1,0,0,0,0,0,-1,0,0,0,0,0,0,0,0,0,0,0,0,0,0,0,0,0
00019506,31,1,0,0,3,0,0,0,2,0,0,0,5,0,0,0,0,0,0,0,0,0,0,0,29,3,0,0,3,0,0,0,2,0,0,0,5,0,0,0,0,0,0,0,0,0,0,0,2,-2,0,0,0,0,0,0,0,0,0,0,0,0,0,0,0,0,0,0,0,0,0,0
00019507,13,0,0,0,6,0,0,0,0,0,0,3,0,0,0,0,0,0,0,0,0,0,0,0,12,0,0,0,6,0,0,0,0,0,0,4,0,0,0,0,0,0,0,0,0,0,0,0,1,0,0,0,0,0,0,0,0,0,0,-1,0,0,0,0,0,0,0,0,0,0,0,0
00019591,15,2,0,0,0,0,0,0,0,3,0,0,0,0,0,0,1,0,0,0,0,0,2,0,14,3,0,0,0,0,0,0,0,3,0,0,0,0,0,0,1,0,0,0,0,0,2,0,1,-1,0,0,0,0,0,0,0,0,0,0,0,0,0,0,0,0,0,0,0,0,0,0
00019679,22,0,0,0,0,0,0,0,0,0,0,3,0,0,7,0,0,2,0,0,0,0,0,0,21,0,0,0,0,0,0,0,0,0,0,4,0,0,7,0,0,2,0,0,0,0,0,0,1,0,0,0,0,0,0,0,0,0,0,-1,0,0,0,0,0,0,0,0,0,0,0,0
00019694,28,0,0,0,0,0,0,0,0,3,1,0,0,0,7,0,0,0,0,0,0,0,0,0,27,0,0,0,0,0,0,0,0,3,2,0,0,0,7,0,0,0,0,0,0,0,0,0,1,0,0,0,0,0,0,0,0,0,-1,0,0,0,0,0,0,0,0,0,0,0,0,0
00019733,18,0,0,0,0,0,0,1,0,0,2,0,0,0,0,0,1,0,0,0,5,0,0,0,16,0,0,0,0,0,0,3,0,0,2,0,0,0,0,0,1,0,0,0,5,0,0,0,2,0,0,0,0,0,0,-2,0,0,0,0,0,0,0,0,0,0,0,0,0,0,0,0
00019763,21,1,0,0,3,0,0,0,0,0,0,8,0,0,0,0,1,0,0,0,0,0,0,0,19,3,0,0,3,0,0,0,0,0,0,8,0,0,0,0,1,0,0,0,0,0,0,0,2,-2,0,0,0,0,0,0,0,0,0,0,0,0,0,0,0,0,0,0,0,0,0,0
00019812,17,0,0,0,0,0,0,3,0,0,3,0,0,0,0,0,0,0,0,0,0,0,0,0,16,0,0,0,0,0,0,3,0,0,4,0,0,0,0,0,0,0,0,0,0,0,0,0,1,0,0,0,0,0,0,0,0,0,-1,0,0,0,0,0,0,0,0,0,0,0,0,0
00019827,18,0,0,0,0,0,0,0,0,0,1,4,0,0,0,0,0,0,4,0,5,0,0,0,17,0,0,0,0,0,0,0,0,0,2,4,0,0,0,0,0,0,4,0,5,0,0,0,1,0,0,0,0,0,0,0,0,0,-1,0,0,0,0,0,0,0,0,0,0,0,0,0
00019834,22,3,0,0,0,6,0,0,0,0,0,8,0,0,0,0,0,0,0,0,0,0,0,0,21,4,0,0,0,6,0,0,0,0,0,8,0,0,0,0,0,0,0,0,0,0,0,0,1,-1,0,0,0,0,0,0,0,0,0,0,0,0,0,0,0,0,0,0,0,0,0,0
00019857,23,0,0,0,3,0,1,0,0,0,0,0,5,4,0,0,0,0,0,0,5,0,0,0,22,0,0,0,3,0,2,0,0,0,0,0,5,4,0,0,0,0,0,0,5,0,0,0,1,0,0,0,0,0,-1,0,0,0,0,0,0,0,0,0,0,0,0,0,0,0,0,0
00019997,17,0,0,0,0,6,0,0,1,0,0,0,0,0,0,0,0,0,0,0,5,0,0,0,16,0,0,0,0,6,0,0,2,0,0,0,0,0,0,0,0,0,0,0,5,0,0,0,1,0,0,0,0,0,0,0,-1,0,0,0,0,0,0,0,0,0,0,0,0,0,0,0
00020038,10,5,4,0,0,0,0,0,0,0,5,0,0,0,0,0,0,0,0,0,0,0,2,0,9,6,4,0,0,0,0,0,0,0,5,0,0,0,0,0,0,0,0,0,0,0,2,0,1,-1,0,0,0,0,0,0,0,0,0,0,0,0,0,0,0,0,0,0,0,0,0,0
00020054,12,0,0,0,0,0,1,0,0,0,0,0,10,0,0,0,0,0,0,0,0,0,0,0,11,0,0,0,0,0,2,0,0,0,0,0,10,0,0,0,0,0,0,0,0,0,0,0,1,0,0,0,0,0,-1,0,0,0,0,0,0,0,0,0,0,0,0,0,0,0,0,0
00020069,17,0,0,0,0,0,2,0,1,3,0,0,0,0,0,0,0,0,0,0,0,0,0,0,16,0,0,0,0,0,2,0,2,3,0,0,0,0,0,0,0,0,0,0,0,0,0,0,1,0,0,0,0,0,0,0,-1,0,0,0,0,0,0,0,0,0,0,0,0,0,0,0
00020151,16,3,0,0,0,0,0,1,0,0,0,0,0,0,0,0,0,2,4,0,0,0,0,0,14,3,0,0,0,0,0,3,0,0,0,0,0,0,0,0,0,2,4,0,0,0,0,0,2,0,0,0,0,0,0,-2,0,0,0,0,0,0,0,0,0,0,0,0,0,0,0,0
00020158,27,0,0,0,0,0,0,0,0,0,0,3,10,0,7,0,0,0,0,0,0,0,0,0,26,0,0,0,0,0,0,0,0,0,0,4,10,0,7,0,0,0,0,0,0,0,0,0,1,0,0,0,0,0,0,0,0,0,0,-1,0,0,0,0,0,0,0,0,0,0,0,0
00020164,25,1,0,4,0,0,0,3,0,0,0,0,0,0,0,0,0,0,0,4,0,0,0,0,23,3,0,4,0,0,0,3,0,0,0,0,0,0,0,0,0,0,0,4,0,0,0,0,2,-2,0,0,0,0,0,0,0,0,0,0,0,0,0,0,0,0,0,0,0,0,0,0
00020247,31,1,0,0,0,0,0,0,2,0,0,4,0,0,0,0,0,2,0,0,0,0,0,0,29,3,0,0,0,0,0,0,2,0,0,4,0,0,0,0,0,2,0,0,0,0,0,0,2,-2,0,0,0,0,0,0,0,0,0,0,0,0,0,0,0,0,0,0,0,0,0,0
00020270,23,2,0,0,0,0,0,0,0,0,2,0,0,4,0,0,0,0,0,0,5,0,0,0,22,3,0,0,0,0,0,0,0,0,2,0,0,4,0,0,0,0,0,0,5,0,0,0,1,-1,0,0,0,0,0,0,0,0,0,0,0,0,0,0,0,0,0,0,0,0,0,0
00020403,23,1,0,0,0,0,0,0,0,0,0,0,0,0,0,0,0,2,8,0,5,0,0,0,21,3,0,0,0,0,0,0,0,0,0,0,0,0,0,0,0,2,8,0,5,0,0,0,2,-2,0,0,0,0,0,0,0,0,0,0,0,0,0,0,0,0,0,0,0,0,0,0
00020419,17,0,0,0,0,0,0,0,0,0,7,0,0,0,0,0,0,0,0,4,0,0,0,0,16,0,0,0,0,0,0,0,0,0,8,0,0,0,0,0,0,0,0,4,0,0,0,0,1,0,0,0,0,0,0,0,0,0,-1,0,0,0,0,0,0,0,0,0,0,0,0,0
00020427,12,3,0,0,0,0,0,0,0,2,0,0,0,0,0,0,0,0,0,0,5,0,0,0,11,3,0,0,0,0,0,0,0,3,0,0,0,0,0,0,0,0,0,0,5,0,0,0,1,0,0,0,0,0,0,0,0,-1,0,0,0,0,0,0,0,0,0,0,0,0,0,0
00020518,18,0,0,0,0,0,0,3,0,0,0,0,0,4,0,0,0,0,0,3,0,0,0,0,17,0,0,0,0,0,0,3,0,0,0,0,0,4,0,0,0,0,0,4,0,0,0,0,1,0,0,0,0,0,0,0,0,0,0,0,0,0,0,0,0,0,0,-1,0,0,0,0
00020548,20,3,0,0,0,0,0,0,2,0,0,3,0,4,0,0,1,0,0,0,0,0,0,0,19,3,0,0,0,0,0,0,2,0,0,4,0,4,0,0,1,0,0,0,0,0,0,0,1,0,0,0,0,0,0,0,0,0,0,-1,0,0,0,0,0,0,0,0,0,0,0,0
00020560,23,0,0,0,3,6,0,0,0,2,0,0,5,0,0,0,0,0,0,0,0,0,0,0,22,0,0,0,3,6,0,0,0,3,0,0,5,0,0,0,0,0,0,0,0,0,0,0,1,0,0,0,0,0,0,0,0,-1,0,0,0,0,0,0,0,0,0,0,0,0,0,0
00020604,15,0,0,0,0,0,0,0,0,3,1,0,0,0,0,1,0,0,0,0,0,0,2,0,14,0,0,0,0,0,0,0,0,3,2,0,0,0,0,1,0,0,0,0,0,0,2,0,1,0,0,0,0,0,0,0,0,0,-1,0,0,0,0,0,0,0,0,0,0,0,0,0
00020687,11,0,0,0,8,0,0,0,0,0,2,0,5,0,0,0,0,0,0,0,0,0,0,0,10,0,0,0,9,0,0,0,0,0,2,0,5,0,0,0,0,0,0,0,0,0,0,0,1,0,0,0,-1,0,0,0,0,0,0,0,0,0,0,0,0,0,0,0,0,0,0,0
00020696,40,1,0,0,0,0,2,0,0,0,0,4,0,0,0,0,0,0,0,0,0,0,0,0,38,3,0,0,0,0,2,0,0,0,0,4,0,0,0,0,0,0,0,0,0,0,0,0,2,-2,0,0,0,0,0,0,0,0,0,0,0,0,0,0,0,0,0,0,0,0,0,0
00020758,14,0,0,0,0,6,1,0,0,0,0,4,0,0,0,0,1,0,0,0,0,0,0,0,13,0,0,0,0,6,2,0,0,0,0,4,0,0,0,0,1,0,0,0,0,0,0,0,1,0,0,0,0,0,-1,0,0,0,0,0,0,0,0,0,0,0,0,0,0,0,0,0
00020790,14,2,0,0,0,0,0,3,0,0,0,0,0,4,0,0,0,0,0,0,5,3,0,0,13,3,0,0,0,0,0,3,0,0,0,0,0,4,0,0,0,0,0,0,5,3,0,0,1,-1,0,0,0,0,0,0,0,0,0,0,0,0,0,0,0,0,0,0,0,0,0,0
00020826,19,1,0,0,0,0,0,0,0,0,0,0,0,0,0,0,0,0,0,4,0,3,0,0,17,3,0,0,0,0,0,0,0,0,0,0,0,0,0,0,0,0,0,4,0,3,0,0,2,-2,0,0,0,0,0,0,0,0,0,0,0,0,0,0,0,0,0,0,0,0,0,0
00020838,20,0,1,0,3,0,0,0,0,0,0,0,0,0,0,0,0,2,0,0,0,0,2,0,19,0,2,0,3,0,0,0,0,0,0,0,0,0,0,0,0,2,0,0,0,0,2,0,1,0,-1,0,0,0,0,0,0,0,0,0,0,0,0,0,0,0,0,0,0,0,0,0
00020966,14,0,0,0,0,0,0,2,2,0,0,0,0,4,0,0,0,0,4,4,0,0,0,0,13,0,0,0,0,0,0,3,2,0,0,0,0,4,0,0,0,0,4,4,0,0,0,0,1,0,0,0,0,0,0,-1,0,0,0,0,0,0,0,0,0,0,0,0,0,0,0,0
00021021,17,0,0,4,0,0,0,0,0,0,1,0,0,0,0,0,0,5,0,0,0,0,2,0,16,0,0,4,0,0,0,0,0,0,2,0,0,0,0,0,0,5,0,0,0,0,2,0,1,0,0,0,0,0,0,0,0,0,-1,0,0,0,0,0,0,0,0,0,0,0,0,0
00021066,11,0,0,0,0,0,1,0,0,0,0,4,0,0,0,0,1,0,0,0,0,0,0,0,10,0,0,0,0,0,2,0,0,0,0,4,0,0,0,0,1,0,0,0,0,0,0,0,1,0,0,0,0,0,-1,0,0,0,0,0,0,0,0,0,0,0,0,0,0,0,0,0
00021268,27,0,0,0,0,0,3,0,0,0,0,0,5,0,0,0,0,0,0,0,0,0,0,0,26,0,0,0,0,0,4,0,0,0,0,0,5,0,0,0,0,0,0,0,0,0,0,0,1,0,0,0,0,0,-1,0,0,0,0,0,0,0,0,0,0,0,0,0,0,0,0,0
00021417,34,6,0,0,0,0,1,0,0,0,0,0,0,0,0,0,1,0,0,0,0,0,0,0,33,6,0,0,0,0,2,0,0,0,0,0,0,0,0,0,1,0,0,0,0,0,0,0,1,0,0,0,0,0,-1,0,0,0,0,0,0,0,0,0,0,0,0,0,0,0,0,0
00021435,16,0,2,0,0,0,0,0,1,0,0,0,0,0,0,0,1,0,0,0,0,0,0,0,15,0,2,0,0,0,0,0,2,0,0,0,0,0,0,0,1,0,0,0,0,0,0,0,1,0,0,0,0,0,0,0,-1,0,0,0,0,0,0,0,0,0,0,0,0,0,0,0
00021462,24,1,0,4,0,0,2,0,0,0,0,0,0,0,0,0,0,0,0,0,0,0,0,0,22,3,0,4,0,0,2,0,0,0,0,0,0,0,0,0,0,0,0,0,0,0,0,0,2,-2,0,0,0,0,0,0,0,0,0,0,0,0,0,0,0,0,0,0,0,0,0,0
00021505,12,0,0,0,0,19,0,0,0,0,0,0,0,0,0,0,0,0,0,0,0,3,0,0,11,0,0,0,0,20,0,0,0,0,0,0,0,0,0,0,0,0,0,0,0,3,0,0,1,0,0,0,0,-1,0,0,0,0,0,0,0,0,0,0,0,0,0,0,0,0,0,0
00021634,12,0,0,0,0,0,1,0,0,0,0,0,0,0,0,1,0,2,0,0,5,0,0,0,11,0,0,0,0,0,2,0,0,0,0,0,0,0,0,1,0,2,0,0,5,0,0,0,1,0,0,0,0,0,-1,0,0,0,0,0,0,0,0,0,0,0,0,0,0,0,0,0
00021648,20,0,0,4,0,6,0,5,0,0,0,0,0,0,0,0,0,0,0,0,0,0,0,0,19,0,0,4,0,6,0,6,0,0,0,0,0,0,0,0,0,0,0,0,0,0,0,0,1,0,0,0,0,0,0,-1,0,0,0,0,0,0,0,0,0,0,0,0,0,0,0,0
00021655,15,0,2,4,0,0,0,0,0,0,0,3,0,0,7,0,0,0,0,0,0,0,0,0,14,0,2,4,0,0,0,0,0,0,0,4,0,0,7,0,0,0,0,0,0,0,0,0,1,0,0,0,0,0,0,0,0,0,0,-1,0,0,0,0,0,0,0,0,0,0,0,0
00021676,12,0,0,4,6,0,0,0,0,0,1,0,0,0,0,0,0,0,0,0,5,0,0,0,11,0,0,4,6,0,0,0,0,0,2,0,0,0,0,0,0,0,0,0,5,0,0,0,1,0,0,0,0,0,0,0,0,0,-1,0,0,0,0,0,0,0,0,0,0,0,0,0
00021752,19,0,4,0,0,0,0,2,0,0,0,0,0,0,0,0,0,0,0,0,0,6,0,0,18,0,4,0,0,0,0,3,0,0,0,0,0,0,0,0,0,0,0,0,0,6,0,0,1,0,0,0,0,0,0,-1,0,0,0,0,0,0,0,0,0,0,0,0,0,0,0,0
00021768,13,2,0,0,0,12,0,0,0,0,0,0,5,0,0,0,0,0,0,0,5,0,0,0,12,3,0,0,0,12,0,0,0,0,0,0,5,0,0,0,0,0,0,0,5,0,0,0,1,-1,0,0,0,0,0,0,0,0,0,0,0,0,0,0,0,0,0,0,0,0,0,0
00021809,21,1,2,4,0,0,0,0,0,0,0,0,0,0,7,0,0,0,0,0,0,0,0,0,19,3,2,4,0,0,0,0,0,0,0,0,0,0,7,0,0,0,0,0,0,0,0,0,2,-2,0,0,0,0,0,0,0,0,0,0,0,0,0,0,0,0,0,0,0,0,0,0
00021846,15,0,0,0,6,0,0,0,0,0,0,4,0,0,7,0,0,0,0,3,0,0,0,0,14,0,0,0,6,0,0,0,0,0,0,4,0,0,7,0,0,0,0,4,0,0,0,0,1,0,0,0,0,0,0,0,0,0,0,0,0,0,0,0,0,0,0,-1,0,0,0,0
00021850,31,1,0,4,0,0,0,0,1,0,0,0,0,0,0,0,0,0,0,0,10,0,0,0,28,3,0,4,0,0,0,0,2,0,0,0,0,0,0,0,0,0,0,0,10,0,0,0,3,-2,0,0,0,0,0,0,-1,0,0,0,0,0,0,0,0,0,0,0,0,0,0,0
00021865,16,2,0,0,3,0,0,3,0,0,0,0,0,0,0,1,0,0,0,0,5,0,0,0,15,3,0,0,3,0,0,3,0,0,0,0,0,0,0,1,0,0,0,0,5,0,0,0,1,-1,0,0,0,0,0,0,0,0,0,0,0,0,0,0,0,0,0,0,0,0,0,0
00021900,18,0,0,0,0,0,2,0,0,0,0,0,0,0,0,1,0,0,0,0,0,0,2,0,17,0,0,0,0,0,2,0,0,0,0,0,0,0,0,2,0,0,0,0,0,0,2,0,1,0,0,0,0,0,0,0,0,0,0,0,0,0,0,-1,0,0,0,0,0,0,0,0
00021953,19,4,0,0,0,0,0,0,0,3,2,0,0,0,0,0,0,2,0,0,0,0,0,0,15,8,0,0,0,0,0,0,0,3,2,0,0,0,0,0,0,2,0,0,0,0,0,0,4,-4,0,0,0,0,0,0,0,0,0,0,0,0,0,0,0,0,0,0,0,0,0,0
00022040,11,0,2,0,3,6,0,0,0,0,0,7,0,0,0,0,0,0,0,0,0,0,0,0,10,0,2,0,3,6,0,0,0,0,0,8,0,0,0,0,0,0,0,0,0,0,0,0,1,0,0,0,0,0,0,0,0,0,0,-1,0,0,0,0,0,0,0,0,0,0,0,0
00022071,19,7,0,0,0,6,0,0,0,0,0,0,0,0,0,0,0,0,0,0,0,0,0,0,17,9,0,0,0,6,0,0,0,0,0,0,0,0,0,0,0,0,0,0,0,0,0,0,2,-2,0,0,0,0,0,0,0,0,0,0,0,0,0,0,0,0,0,0,0,0,0,0
00022085,31,2,4,0,0,0,0,0,0,0,0,0,0,0,0,0,0,0,0,0,0,0,0,0,30,3,4,0,0,0,0,0,0,0,0,0,0,0,0,0,0,0,0,0,0,0,0,0,1,-1,0,0,0,0,0,0,0,0,0,0,0,0,0,0,0,0,0,0,0,0,0,0
00022186,22,0,0,0,3,0,1,0,0,0,0,0,0,0,0,0,0,0,0,0,0,0,2,0,21,0,0,0,3,0,2,0,0,0,0,0,0,0,0,0,0,0,0,0,0,0,2,0,1,0,0,0,0,0,-1,0,0,0,0,0,0,0,0,0,0,0,0,0,0,0,0,0
00022245,13,3,0,0,0,0,0,1,0,0,2,0,0,0,0,0,0,0,4,0,0,0,0,0,11,3,0,0,0,0,0,3,0,0,2,0,0,0,0,0,0,0,4,0,0,0,0,0,2,0,0,0,0,0,0,-2,0,0,0,0,0,0,0,0,0,0,0,0,0,0,0,0
00022373,20,0,0,0,0,6,3,0,0,0,0,4,0,0,0,0,0,0,0,3,0,0,0,0,18,0,0,0,0,6,4,0,0,0,0,4,0,0,0,0,0,0,0,4,0,0,0,0,2,0,0,0,0,0,-1,0,0,0,0,0,0,0,0,0,0,0,0,-1,0,0,0,0
00022424,15,0,0,0,0,6,0,6,1,0,0,0,0,0,0,0,0,0,0,0,0,0,0,0,14,0,0,0,0,6,0,6,2,0,0,0,0,0,0,0,0,0,0,0,0,0,0,0,1,0,0,0,0,0,0,0,-1,0,0,0,0,0,0,0,0,0,0,0,0,0,0,0
00022506,10,0,0,0,0,0,0,0,0,0,2,11,0,0,0,0,0,0,0,0,0,0,0,0,9,0,0,0,0,0,0,0,0,0,2,12,0,0,0,0,0,0,0,0,0,0,0,0,1,0,0,0,0,0,0,0,0,0,0,-1,0,0,0,0,0,0,0,0,0,0,0,0
00022617,22,0,0,4,0,6,0,0,0,0,0,0,0,0,0,0,0,0,0,3,0,0,0,0,21,0,0,4,0,6,0,0,0,0,0,0,0,0,0,0,0,0,0,4,0,0,0,0,1,0,0,0,0,0,0,0,0,0,0,0,0,0,0,0,0,0,0,-1,0,0,0,0
00022651,15,0,0,0,0,0,0,0,2,2,0,0,0,0,7,0,0,0,0,0,5,0,0,0,14,0,0,0,0,0,0,0,2,3,0,0,0,0,7,0,0,0,0,0,5,0,0,0,1,0,0,0,0,0,0,0,0,-1,0,0,0,0,0,0,0,0,0,0,0,0,0,0
00022708,16,3,0,0,0,0,1,0,0,0,0,4,0,4,0,0,0,0,0,0,0,0,0,0,15,3,0,0,0,0,2,0,0,0,0,4,0,4,0,0,0,0,0,0,0,0,0,0,1,0,0,0,0,0,-1,0,0,0,0,0,0,0,0,0,0,0,0,0,0,0,0,0
00022891,18,0,0,0,0,0,0,0,0,0,0,7,0,0,0,0,0,0,4,0,5,0,0,0,17,0,0,0,0,0,0,0,0,0,0,8,0,0,0,0,0,0,4,0,5,0,0,0,1,0,0,0,0,0,0,0,0,0,0,-1,0,0,0,0,0,0,0,0,0,0,0,0
00022927,30,1,0,4,3,0,0,0,0,0,0,0,0,0,0,1,0,0,0,0,0,0,0,0,28,3,0,4,3,0,0,0,0,0,0,0,0,0,0,1,0,0,0,0,0,0,0,0,2,-2,0,0,0,0,0,0,0,0,0,0,0,0,0,0,0,0,0,0,0,0,0,0
00022989,38,0,0,0,0,0,0,0,0,0,1,0,0,0,0,0,0,2,0,0,0,3,2,0,37,0,0,0,0,0,0,0,0,0,2,0,0,0,0,0,0,2,0,0,0,3,2,0,1,0,0,0,0,0,0,0,0,0,-1,0,0,0,0,0,0,0,0,0,0,0,0,0
00023040,18,0,0,0,0,0,0,0,0,3,0,4,5,0,0,0,0,0,4,3,0,0,0,0,17,0,0,0,0,0,0,0,0,3,0,4,5,0,0,0,0,0,4,4,0,0,0,0,1,0,0,0,0,0,0,0,0,0,0,0,0,0,0,0,0,0,0,-1,0,0,0,0
00023099,20,0,0,0,0,0,1,0,0,0,0,4,0,0,0,0,1,0,0,0,0,3,0,0,19,0,0,0,0,0,2,0,0,0,0,4,0,0,0,0,1,0,0,0,0,3,0,0,1,0,0,0,0,0,-1,0,0,0,0,0,0,0,0,0,0,0,0,0,0,0,0,0
00023165,14,0,0,0,0,6,0,0,0,0,2,0,0,0,0,0,0,2,0,0,0,3,0,0,12,0,2,0,0,6,0,0,0,0,2,0,0,0,0,0,0,2,0,0,0,3,0,0,2,0,-2,0,0,0,0,0,0,0,0,0,0,0,0,0,0,0,0,0,0,0,0,0
00023222,20,1,2,0,0,6,0,0,0,0,0,4,0,0,0,0,1,0,4,0,0,0,0,0,18,3,2,0,0,6,0,0,0,0,0,4,0,0,0,0,1,0,4,0,0,0,0,0,2,-2,0,0,0,0,0,0,0,0,0,0,0,0,0,0,0,0,0,0,0,0,0,0
00023233,9,0,2,0,0,6,0,0,0,0,0,7,0,0,0,0,0,0,0,0,5,0,0,0,8,0,2,0,0,6,0,0,0,0,0,8,0,0,0,0,0,0,0,0,5,0,0,0,1,0,0,0,0,0,0,0,0,0,0,-1,0,0,0,0,0,0,0,0,0,0,0,0
00023245,11,0,0,0,0,0,0,0,0,6,0,0,0,0,0,1,0,0,0,3,0,3,0,0,10,0,0,0,0,0,0,0,0,6,0,0,0,0,0,1,0,0,0,4,0,3,0,0,1,0,0,0,0,0,0,0,0,0,0,0,0,0,0,0,0,0,0,-1,0,0,0,0
00023296,23,4,0,0,0,6,0,3,0,0,0,0,0,0,0,0,0,0,0,0,0,0,0,0,21,6,0,0,0,6,0,3,0,0,0,0,0,0,0,0,0,0,0,0,0,0,0,0,2,-2,0,0,0,0,0,0,0,0,0,0,0,0,0,0,0,0,0,0,0,0,0,0
00023385,13,0,2,0,3,0,0,0,0,0,0,3,0,0,0,0,0,0,0,0,0,3,0,0,12,0,2,0,3,0,0,0,0,0,0,4,0,0,0,0,0,0,0,0,0,3,0,0,1,0,0,0,0,0,0,0,0,0,0,-1,0,0,0,0,0,0,0,0,0,0,0,0
00023395,21,2,0,0,0,0,0,0,0,0,0,0,0,0,0,0,1,0,0,0,0,0,2,0,20,3,0,0,0,0,0,0,0,0,0,0,0,0,0,0,1,0,0,0,0,0,2,0,1,-1,0,0,0,0,0,0,0,0,0,0,0,0,0,0,0,0,0,0,0,0,0,0
00023397,25,2,0,4,0,6,0,0,0,3,0,0,0,0,0,0,0,0,0,0,0,0,0,0,23,4,0,4,0,6,0,0,0,3,0,0,0,0,0,0,0,0,0,0,0,0,0,0,2,-2,0,0,0,0,0,0,0,0,0,0,0,0,0,0,0,0,0,0,0,0,0,0
00023411,8,0,0,0,0,6,0,0,0,0,0,0,5,0,0,0,0,0,0,0,5,0,1,0,7,0,0,0,0,6,0,0,0,0,0,0,5,0,0,0,0,0,0,0,5,0,2,0,1,0,0,0,0,0,0,0,0,0,0,0,0,0,0,0,0,0,0,0,0,0,-1,0
00023481,13,1,0,0,0,0,0,0,6,0,0,0,0,0,7,0,0,0,0,0,5,0,0,0,11,3,0,0,0,0,0,0,6,0,0,0,0,0,7,0,0,0,0,0,5,0,0,0,2,-2,0,0,0,0,0,0,0,0,0,0,0,0,0,0,0,0,0,0,0,0,0,0
00023537,16,0,0,0,0,0,0,0,1,0,0,4,0,0,0,0,0,0,5,0,5,0,0,0,15,0,0,0,0,0,0,0,2,0,0,4,0,0,0,0,0,0,5,0,5,0,0,0,1,0,0,0,0,0,0,0,-1,0,0,0,0,0,0,0,0,0,0,0,0,0,0,0
00023547,26,1,0,0,0,12,0,0,0,0,0,0,0,0,0,0,0,0,0,0,0,0,0,0,24,3,0,0,0,12,0,0,0,0,0,0,0,0,0,0,0,0,0,0,0,0,0,0,2,-2,0,0,0,0,0,0,0,0,0,0,0,0,0,0,0,0,0,0,0,0,0,0
00023610,25,0,4,0,0,0,1,0,0,0,0,0,0,0,0,0,0,0,0,0,0,3,0,0,24,0,4,0,0,0,2,0,0,0,0,0,0,0,0,0,0,0,0,0,0,3,0,0,1,0,0,0,0,0,-1,0,0,0,0,0,0,0,0,0,0,0,0,0,0,0,0,0
00023632,24,2,0,0,0,0,1,3,0,0,0,0,0,0,0,0,0,0,0,0,5,0,0,0,22,3,0,0,0,0,2,3,0,0,0,0,0,0,0,0,0,0,0,0,5,0,0,0,2,-1,0,0,0,0,-1,0,0,0,0,0,0,0,0,0,0,0,0,0,0,0,0,0
00023643,15,13,0,0,0,0,0,0,0,0,0,0,0,0,0,1,0,0,0,0,0,0,0,0,12,14,2,0,0,0,0,0,0,0,0,0,0,0,0,1,0,0,0,0,0,0,0,0,3,-1,-2,0,0,0,0,0,0,0,0,0,0,0,0,0,0,0,0,0,0,0,0,0
00023669,9,0,0,0,0,0,0,0,0,0,0,0,5,4,0,0,1,0,0,0,0,3,0,0,7,0,0,0,0,0,0,0,0,0,0,0,5,5,0,0,2,0,0,0,0,3,0,0,2,0,0,0,0,0,0,0,0,0,0,0,0,-1,0,0,-1,0,0,0,0,0,0,0
00023759,14,0,0,0,0,0,0,0,0,7,0,5,0,0,0,0,0,0,0,0,0,0,0,0,12,0,0,0,0,0,0,0,0,9,0,5,0,0,0,0,0,0,0,0,0,0,0,0,2,0,0,0,0,0,0,0,0,-2,0,0,0,0,0,0,0,0,0,0,0,0,0,0
00023789,22,0,0,0,3,0,0,0,0,0,1,4,0,0,0,0,0,0,0,0,0,0,0,0,21,0,0,0,3,0,0,0,0,0,2,4,0,0,0,0,0,0,0,0,0,0,0,0,1,0,0,0,0,0,0,0,0,0,-1,0,0,0,0,0,0,0,0,0,0,0,0,0
00023885,21,2,0,0,3,0,0,3,0,0,0,0,0,0,0,0,0,0,4,0,0,0,0,0,20,3,0,0,3,0,0,3,0,0,0,0,0,0,0,0,0,0,4,0,0,0,0,0,1,-1,0,0,0,0,0,0,0,0,0,0,0,0,0,0,0,0,0,0,0,0,0,0
00023929,17,0,0,0,0,0,0,2,0,0,0,0,0,8,0,0,0,0,0,0,0,0,0,0,16,0,0,0,0,0,0,3,0,0,0,0,0,8,0,0,0,0,0,0,0,0,0,0,1,0,0,0,0,0,0,-1,0,0,0,0,0,0,0,0,0,0,0,0,0,0,0,0
00024018,16,0,0,0,0,0,2,0,0,0,0,0,0,4,0,0,0,0,0,0,5,0,0,0,14,0,0,0,0,0,4,0,0,0,0,0,0,4,0,0,0,0,0,0,5,0,0,0,2,0,0,0,0,0,-2,0,0,0,0,0,0,0,0,0,0,0,0,0,0,0,0,0
00024032,20,3,0,4,0,0,0,0,0,0,0,0,0,4,0,0,0,0,0,0,0,0,0,0,18,3,0,4,0,0,0,0,2,0,0,0,0,4,0,0,0,0,0,0,0,0,0,0,2,0,0,0,0,0,0,0,-2,0,0,0,0,0,0,0,0,0,0,0,0,0,0,0
00024041,9,2,0,0,0,0,0,0,0,0,2,0,0,0,0,2,0,0,0,0,0,0,2,0,8,3,0,0,0,0,0,0,0,0,2,0,0,0,0,2,0,0,0,0,0,0,2,0,1,-1,0,0,0,0,0,0,0,0,0,0,0,0,0,0,0,0,0,0,0,0,0,0
00024101,15,2,0,0,0,0,0,3,0,0,2,0,0,0,0,0,0,0,0,0,0,3,0,0,14,3,0,0,0,0,0,3,0,0,2,0,0,0,0,0,0,0,0,0,0,3,0,0,1,-1,0,0,0,0,0,0,0,0,0,0,0,0,0,0,0,0,0,0,0,0,0,0
00024127,22,0,0,4,0,0,0,0,0,0,1,8,0,0,0,0,0,0,0,0,0,0,0,0,21,0,0,4,0,0,0,0,0,0,2,8,0,0,0,0,0,0,0,0,0,0,0,0,1,0,0,0,0,0,0,0,0,0,-1,0,0,0,0,0,0,0,0,0,0,0,0,0
00024133,21,0,0,0,0,6,0,0,0,2,0,0,0,0,0,0,0,0,0,0,0,3,0,0,20,0,0,0,0,6,0,0,0,3,0,0,0,0,0,0,0,0,0,0,0,3,0,0,1,0,0,0,0,0,0,0,0,-1,0,0,0,0,0,0,0,0,0,0,0,0,0,0
00024158,24,0,0,0,0,0,0,0,0,0,0,0,0,0,7,1,0,0,0,3,5,0,0,0,23,0,0,0,0,0,0,0,0,0,0,0,0,0,7,1,0,0,0,4,5,0,0,0,1,0,0,0,0,0,0,0,0,0,0,0,0,0,0,0,0,0,0,-1,0,0,0,0
00024173,14,0,0,4,0,0,1,0,2,0,0,0,0,0,0,0,0,0,0,0,0,0,0,0,13,0,0,4,0,0,2,0,2,0,0,0,0,0,0,0,0,0,0,0,0,0,0,0,1,0,0,0,0,0,-1,0,0,0,0,0,0,0,0,0,0,0,0,0,0,0,0,0
00024213,12,0,0,4,3,0,0,0,2,0,0,0,0,0,0,0,0,0,0,3,0,0,0,0,11,0,0,4,3,0,0,0,2,0,0,0,0,0,0,0,0,0,0,4,0,0,0,0,1,0,0,0,0,0,0,0,0,0,0,0,0,0,0,0,0,0,0,-1,0,0,0,0
00024241,10,0,0,4,0,0,1,3,0,0,0,4,0,0,0,0,0,0,4,0,0,0,0,0,9,0,0,4,0,0,2,3,0,0,0,4,0,0,0,0,0,0,4,0,0,0,0,0,1,0,0,0,0,0,-1,0,0,0,0,0,0,0,0,0,0,0,0,0,0,0,0,0
00024290,25,0,0,0,0,0,1,0,0,0,2,4,5,0,0,0,0,0,4,0,0,0,0,0,24,0,0,0,0,0,2,0,0,0,2,4,5,0,0,0,0,0,4,0,0,0,0,0,1,0,0,0,0,0,-1,0,0,0,0,0,0,0,0,0,0,0,0,0,0,0,0,0
00024334,26,0,0,4,0,6,1,0,0,0,0,4,0,0,0,0,0,0,0,0,0,3,0,0,25,0,0,4,0,6,2,0,0,0,0,4,0,0,0,0,0,0,0,0,0,3,0,0,1,0,0,0,0,0,-1,0,0,0,0,0,0,0,0,0,0,0,0,0,0,0,0,0
00024362,23,1,0,0,0,6,1,0,0,0,3,0,0,0,0,0,0,0,0,0,0,0,0,0,19,3,0,0,0,6,2,0,0,0,4,0,0,0,0,0,0,0,0,0,0,0,0,0,4,-2,0,0,0,0,-1,0,0,0,-1,0,0,0,0,0,0,0,0,0,0,0,0,0
00024408,12,0,0,0,0,0,0,0,3,0,0,0,5,0,0,0,1,0,0,0,0,0,0,0,11,0,0,0,0,0,0,0,4,0,0,0,5,0,0,0,1,0,0,0,0,0,0,0,1,0,0,0,0,0,0,0,-1,0,0,0,0,0,0,0,0,0,0,0,0,0,0,0
00024454,15,0,0,0,3,0,0,0,0,0,0,0,0,0,0,1,0,0,0,0,0,0,2,0,13,0,2,0,3,0,0,0,0,0,0,0,0,0,0,1,0,0,0,0,0,0,2,0,2,0,-2,0,0,0,0,0,0,0,0,0,0,0,0,0,0,0,0,0,0,0,0,0
00024504,14,3,0,0,0,7,0,0,0,0,0,0,0,0,0,0,0,0,0,0,0,0,0,0,12,3,2,0,0,7,0,0,0,0,0,0,0,0,0,0,0,0,0,0,0,0,0,0,2,0,-2,0,0,0,0,0,0,0,0,0,0,0,0,0,0,0,0,0,0,0,0,0
00024508,13,0,2,0,0,6,0,0,0,2,0,0,0,0,0,0,0,0,0,0,0,0,0,0,12,0,2,0,0,6,0,0,0,3,0,0,0,0,0,0,0,0,0,0,0,0,0,0,1,0,0,0,0,0,0,0,0,-1,0,0,0,0,0,0,0,0,0,0,0,0,0,0
00024577,18,0,0,0,0,6,2,0,1,0,0,0,0,0,0,0,0,0,0,0,0,0,0,0,17,0,0,0,0,6,2,0,2,0,0,0,0,0,0,0,0,0,0,0,0,0,0,0,1,0,0,0,0,0,0,0,-1,0,0,0,0,0,0,0,0,0,0,0,0,0,0,0
00024662,14,12,0,0,0,0,0,0,0,3,0,4,0,0,0,0,1,0,5,0,0,0,0,0,13,13,0,0,0,0,0,0,0,3,0,4,0,0,0,0,1,0,5,0,0,0,0,0,1,-1,0,0,0,0,0,0,0,0,0,0,0,0,0,0,0,0,0,0,0,0,0,0
00024687,23,2,0,4,0,0,0,0,0,0,0,4,0,0,0,0,0,2,0,0,0,0,0,0,19,4,2,4,0,0,0,0,0,0,0,4,0,0,0,0,0,2,0,0,0,0,0,0,4,-2,-2,0,0,0,0,0,0,0,0,0,0,0,0,0,0,0,0,0,0,0,0,0
00024690,14,0,0,0,0,0,0,3,0,0,0,3,0,0,0,0,1,0,0,0,5,0,0,0,13,0,0,0,0,0,0,3,0,0,0,4,0,0,0,0,1,0,0,0,5,0,0,0,1,0,0,0,0,0,0,0,0,0,0,-1,0,0,0,0,0,0,0,0,0,0,0,0
00024714,17,1,0,0,3,0,0,3,0,0,0,4,0,0,0,0,0,0,0,0,0,0,0,0,15,3,0,0,3,0,0,3,0,0,0,4,0,0,0,0,0,0,0,0,0,0,0,0,2,-2,0,0,0,0,0,0,0,0,0,0,0,0,0,0,0,0,0,0,0,0,0,0
00024722,20,9,0,0,0,0,0,1,2,0,0,0,0,0,0,0,0,0,0,0,0,0,0,0,18,9,0,0,0,0,0,3,2,0,0,0,0,0,0,0,0,0,0,0,0,0,0,0,2,0,0,0,0,0,0,-2,0,0,0,0,0,0,0,0,0,0,0,0,0,0,0,0
00024869,18,0,0,0,0,0,0,2,0,0,0,4,5,0,0,0,0,0,0,4,0,0,2,0,17,0,0,0,0,0,0,3,0,0,0,4,5,0,0,0,0,0,0,4,0,0,2,0,1,0,0,0,0,0,0,-1,0,0,0,0,0,0,0,0,0,0,0,0,0,0,0,0
00024879,23,2,0,0,3,0,0,0,0,0,0,4,5,0,0,0,0,0,0,0,0,0,0,0,22,3,0,0,3,0,0,0,0,0,0,4,5,0,0,0,0,0,0,0,0,0,0,0,1,-1,0,0,0,0,0,0,0,0,0,0,0,0,0,0,0,0,0,0,0,0,0,0
00024912,21,1,0,0,0,0,0,0,0,0,0,0,0,4,0,0,0,0,0,0,0,0,4,0,19,3,0,0,0,0,0,0,0,0,0,0,0,4,0,0,0,0,0,0,0,0,4,0,2,-2,0,0,0,0,0,0,0,0,0,0,0,0,0,0,0,0,0,0,0,0,0,0
00024980,19,0,2,8,0,0,0,0,0,0,0,3,0,0,0,0,0,0,0,0,0,0,0,0,18,0,2,8,0,0,0,0,0,0,0,4,0,0,0,0,0,0,0,0,0,0,0,0,1,0,0,0,0,0,0,0,0,0,0,-1,0,0,0,0,0,0,0,0,0,0,0,0
00025019,6,0,0,4,0,0,0,0,0,0,0,0,4,0,0,0,0,0,0,0,0,0,0,0,5,0,0,4,0,0,0,0,0,0,0,0,5,0,0,0,0,0,0,0,0,0,0,0,1,0,0,0,0,0,0,0,0,0,0,0,-1,0,0,0,0,0,0,0,0,0,0,0
00025053,19,0,0,0,0,6,0,0,0,0,0,3,0,4,0,0,0,0,0,0,0,0,0,0,18,0,0,0,0,6,0,0,0,0,0,4,0,4,0,0,0,0,0,0,0,0,0,0,1,0,0,0,0,0,0,0,0,0,0,-1,0,0,0,0,0,0,0,0,0,0,0,0
00025187,13,0,0,0,0,0,3,0,1,0,0,4,5,0,0,0,0,0,0,0,0,0,0,0,12,0,0,0,0,0,3,0,2,0,0,4,5,0,0,0,0,0,0,0,0,0,0,0,1,0,0,0,0,0,0,0,-1,0,0,0,0,0,0,0,0,0,0,0,0,0,0,0
00025197,13,0,0,0,0,0,0,3,0,0,0,8,0,0,0,0,1,0,0,0,0,0,0,0,11,0,2,0,0,0,0,3,0,0,0,8,0,0,0,0,1,0,0,0,0,0,0,0,2,0,-2,0,0,0,0,0,0,0,0,0,0,0,0,0,0,0,0,0,0,0,0,0
00025266,22,2,0,0,3,0,0,0,0,0,0,0,0,4,14,0,0,0,0,0,0,0,0,0,18,6,0,0,3,0,0,0,0,0,0,0,0,4,14,0,0,0,0,0,0,0,0,0,4,-4,0,0,0,0,0,0,0,0,0,0,0,0,0,0,0,0,0,0,0,0,0,0
00025356,10,4,0,0,0,0,0,3,0,0,0,0,0,0,0,0,0,0,9,0,0,0,0,0,8,4,2,0,0,0,0,3,0,0,0,0,0,0,0,0,0,0,9,0,0,0,0,0,2,0,-2,0,0,0,0,0,0,0,0,0,0,0,0,0,0,0,0,0,0,0,0,0
00025396,20,3,0,0,3,0,1,0,0,0,0,0,0,0,0,0,0,0,0,0,0,0,2,0,19,3,0,0,3,0,2,0,0,0,0,0,0,0,0,0,0,0,0,0,0,0,2,0,1,0,0,0,0,0,-1,0,0,0,0,0,0,0,0,0,0,0,0,0,0,0,0,0
00025407,31,1,0,0,0,0,0,3,0,0,0,4,0,0,0,1,0,0,0,0,0,0,0,0,29,3,0,0,0,0,0,3,0,0,0,4,0,0,0,1,0,0,0,0,0,0,0,0,2,-2,0,0,0,0,0,0,0,0,0,0,0,0,0,0,0,0,0,0,0,0,0,0
00025416,14,0,2,0,0,0,1,0,0,0,1,0,0,4,0,0,0,0,0,0,0,3,0,0,12,0,2,0,0,0,2,0,0,0,2,0,0,4,0,0,0,0,0,0,0,3,0,0,2,0,0,0,0,0,-1,0,0,0,-1,0,0,0,0,0,0,0,0,0,0,0,0,0
00025469,23,0,0,0,3,0,0,0,0,0,1,4,0,0,0,0,1,0,0,0,0,0,0,0,22,0,0,0,3,0,0,0,0,0,2,4,0,0,0,0,1,0,0,0,0,0,0,0,1,0,0,0,0,0,0,0,0,0,-1,0,0,0,0,0,0,0,0,0,0,0,0,0
00025487,18,0,0,0,0,6,2,0,0,3,1,0,0,0,0,0,0,0,0,0,0,3,0,0,17,0,0,0,0,6,2,0,0,3,2,0,0,0,0,0,0,0,0,0,0,3,0,0,1,0,0,0,0,0,0,0,0,0,-1,0,0,0,0,0,0,0,0,0,0,0,0,0
00025527,10,1,0,0,0,0,0,3,0,0,0,0,5,0,0,0,1,0,0,0,0,0,0,0,8,3,0,0,0,0,0,3,0,0,0,0,5,0,0,0,1,0,0,0,0,0,0,0,2,-2,0,0,0,0,0,0,0,0,0,0,0,0,0,0,0,0,0,0,0,0,0,0
00025615,24,1,0,0,0,0,0,0,0,3,0,0,0,0,0,0,1,0,0,0,0,0,0,0,22,3,0,0,0,0,0,0,0,3,0,0,0,0,0,0,1,0,0,0,0,0,0,0,2,-2,0,0,0,0,0,0,0,0,0,0,0,0,0,0,0,0,0,0,0,0,0,0
00025679,19,0,0,0,3,6,0,0,1,0,0,0,0,0,7,0,0,0,0,0,0,0,0,0,18,0,0,0,3,6,0,0,2,0,0,0,0,0,7,0,0,0,0,0,0,0,0,0,1,0,0,0,0,0,0,0,-1,0,0,0,0,0,0,0,0,0,0,0,0,0,0,0
00025773,40,3,0,0,0,0,0,0,1,0,0,4,0,0,0,0,0,0,0,4,0,0,0,0,39,3,0,0,0,0,0,0,2,0,0,4,0,0,0,0,0,0,0,4,0,0,0,0,1,0,0,0,0,0,0,0,-1,0,0,0,0,0,0,0,0,0,0,0,0,0,0,0
00025810,21,0,0,0,0,0,0,6,3,0,0,0,0,0,0,0,0,0,0,0,0,0,0,0,20,0,0,0,0,0,0,6,4,0,0,0,0,0,0,0,0,0,0,0,0,0,0,0,1,0,0,0,0,0,0,0,-1,0,0,0,0,0,0,0,0,0,0,0,0,0,0,0
00025906,38,1,0,0,0,0,3,0,0,0,0,4,0,0,0,0,1,0,0,0,0,0,0,0,36,3,0,0,0,0,3,0,0,0,0,4,0,0,0,0,1,0,0,0,0,0,0,0,2,-2,0,0,0,0,0,0,0,0,0,0,0,0,0,0,0,0,0,0,0,0,0,0
00025982,11,0,2,0,0,0,0,0,1,0,0,4,0,0,0,0,1,0,0,0,0,0,0,0,10,0,2,0,0,0,0,0,2,0,0,4,0,0,0,0,1,0,0,0,0,0,0,0,1,0,0,0,0,0,0,0,-1,0,0,0,0,0,0,0,0,0,0,0,0,0,0,0
00026051,23,0,0,0,3,6,1,0,0,0,0,0,0,0,7,0,0,0,0,0,0,0,0,0,22,0,0,0,3,6,2,0,0,0,0,0,0,0,7,0,0,0,0,0,0,0,0,0,1,0,0,0,0,0,-1,0,0,0,0,0,0,0,0,0,0,0,0,0,0,0,0,0
00026064,15,3,0,4,0,0,0,0,1,0,0,0,0,0,0,0,0,0,0,0,0,0,0,0,14,3,0,4,0,0,0,0,2,0,0,0,0,0,0,0,0,0,0,0,0,0,0,0,1,0,0,0,0,0,0,0,-1,0,0,0,0,0,0,0,0,0,0,0,0,0,0,0
00026079,10,0,0,0,0,0,0,0,0,5,0,4,0,0,0,0,0,0,4,0,0,0,0,0,9,0,0,0,0,0,0,0,0,6,0,4,0,0,0,0,0,0,4,0,0,0,0,0,1,0,0,0,0,0,0,0,0,-1,0,0,0,0,0,0,0,0,0,0,0,0,0,0
00026238,31,3,0,0,0,0,0,0,1,0,0,0,0,4,0,0,1,0,0,0,0,0,0,0,30,3,0,0,0,0,0,0,2,0,0,0,0,4,0,0,1,0,0,0,0,0,0,0,1,0,0,0,0,0,0,0,-1,0,0,0,0,0,0,0,0,0,0,0,0,0,0,0
00026318,28,1,0,0,0,0,0,3,0,0,0,0,0,0,0,0,1,0,0,0,0,3,0,0,26,3,0,0,0,0,0,3,0,0,0,0,0,0,0,0,1,0,0,0,0,3,0,0,2,-2,0,0,0,0,0,0,0,0,0,0,0,0,0,0,0,0,0,0,0,0,0,0
00026330,21,3,0,0,0,0,2,0,0,0,0,0,0,0,0,1,1,0,0,0,0,0,0,0,20,3,0,0,0,0,2,0,0,0,0,0,0,0,0,1,2,0,0,0,0,0,0,0,1,0,0,0,0,0,0,0,0,0,0,0,0,0,0,0,-1,0,0,0,0,0,0,0
00026335,30,0,4,0,0,0,2,0,0,0,0,3,0,0,0,0,0,2,4,0,0,0,0,0,29,0,4,0,0,0,2,0,0,0,0,4,0,0,0,0,0,2,4,0,0,0,0,0,1,0,0,0,0,0,0,0,0,0,0,-1,0,0,0,0,0,0,0,0,0,0,0,0
00026353,15,0,0,0,3,0,0,0,0,0,0,0,5,0,0,0,1,0,0,0,0,0,0,0,13,0,0,0,3,0,0,0,2,0,0,0,5,0,0,0,1,0,0,0,0,0,0,0,2,0,0,0,0,0,0,0,-2,0,0,0,0,0,0,0,0,0,0,0,0,0,0,0
00026379,23,0,0,0,0,0,0,0,2,0,0,0,0,0,0,0,0,0,0,8,0,0,0,0,22,0,0,0,0,0,0,0,3,0,0,0,0,0,0,0,0,0,0,8,0,0,0,0,1,0,0,0,0,0,0,0,-1,0,0,0,0,0,0,0,0,0,0,0,0,0,0,0
00026424,17,1,0,0,0,0,0,0,0,0,0,0,0,0,7,0,0,2,0,0,0,0,2,0,15,3,0,0,0,0,0,0,0,0,0,0,0,0,7,0,0,2,0,0,0,0,2,0,2,-2,0,0,0,0,0,0,0,0,0,0,0,0,0,0,0,0,0,0,0,0,0,0
00026469,20,3,0,0,0,0,1,0,0,0,0,0,0,0,0,0,0,0,0,4,0,0,0,0,19,3,0,0,0,0,2,0,0,0,0,0,0,0,0,0,0,0,0,4,0,0,0,0,1,0,0,0,0,0,-1,0,0,0,0,0,0,0,0,0,0,0,0,0,0,0,0,0
00026501,36,0,0,4,0,0,0,3,0,0,2,0,0,0,7,0,0,0,0,0,0,0,0,0,33,0,0,4,0,0,0,6,0,0,2,0,0,0,7,0,0,0,0,0,0,0,0,0,3,0,0,0,0,0,0,-3,0,0,0,0,0,0,0,0,0,0,0,0,0,0,0,0
00026512,20,3,0,4,0,0,0,0,1,0,0,0,0,0,0,0,0,0,0,0,0,0,0,0,19,3,0,4,0,0,0,0,2,0,0,0,0,0,0,0,0,0,0,0,0,0,0,0,1,0,0,0,0,0,0,0,-1,0,0,0,0,0,0,0,0,0,0,0,0,0,0,0
00026528,13,0,2,4,0,0,0,0,0,2,0,0,0,0,0,0,0,0,0,0,5,0,0,0,12,0,2,4,0,0,0,0,0,3,0,0,0,0,0,0,0,0,0,0,5,0,0,0,1,0,0,0,0,0,0,0,0,-1,0,0,0,0,0,0,0,0,0,0,0,0,0,0
00026548,18,4,4,0,3,0,0,0,0,0,0,0,0,0,0,0,0,0,0,0,0,0,0,0,16,6,4,0,3,0,0,0,0,0,0,0,0,0,0,0,0,0,0,0,0,0,0,0,2,-2,0,0,0,0,0,0,0,0,0,0,0,0,0,0,0,0,0,0,0,0,0,0
00026665,15,0,0,0,0,0,0,0,0,0,1,0,0,4,0,0,0,0,4,0,5,0,0,0,14,0,0,0,0,0,0,0,0,0,2,0,0,4,0,0,0,0,4,0,5,0,0,0,1,0,0,0,0,0,0,0,0,0,-1,0,0,0,0,0,0,0,0,0,0,0,0,0
00026680,15,3,0,0,3,0,1,0,0,0,0,0,0,0,0,1,0,0,0,0,0,0,0,0,14,3,0,0,3,0,2,0,0,0,0,0,0,0,0,1,0,0,0,0,0,0,0,0,1,0,0,0,0,0,-1,0,0,0,0,0,0,0,0,0,0,0,0,0,0,0,0,0
00026687,11,0,0,0,0,0,0,0,0,0,0,3,5,0,0,0,0,5,0,0,0,0,0,0,10,0,0,0,0,0,0,0,0,0,0,4,5,0,0,0,0,5,0,0,0,0,0,0,1,0,0,0,0,0,0,0,0,0,0,-1,0,0,0,0,0,0,0,0,0,0,0,0
00026706,19,0,0,4,3,6,0,0,0,0,1,0,0,0,0,0,0,0,0,0,0,0,0,0,18,0,0,4,3,6,0,0,0,0,2,0,0,0,0,0,0,0,0,0,0,0,0,0,1,0,0,0,0,0,0,0,0,0,-1,0,0,0,0,0,0,0,0,0,0,0,0,0
00026726,19,0,0,0,0,0,0,0,1,0,2,0,0,0,0,0,0,0,0,0,0,3,0,0,18,0,0,0,0,0,0,0,2,0,2,0,0,0,0,0,0,0,0,0,0,3,0,0,1,0,0,0,0,0,0,0,-1,0,0,0,0,0,0,0,0,0,0,0,0,0,0,0
00026751,12,2,0,0,0,6,4,0,0,0,0,0,0,0,0,0,0,0,0,0,0,0,0,0,11,3,0,0,0,6,4,0,0,0,0,0,0,0,0,0,0,0,0,0,0,0,0,0,1,-1,0,0,0,0,0,0,0,0,0,0,0,0,0,0,0,0,0,0,0,0,0,0
00026778,16,1,2,0,0,0,0,3,0,0,0,0,0,0,0,0,0,0,0,0,5,0,0,0,14,3,2,0,0,0,0,3,0,0,0,0,0,0,0,0,0,0,0,0,5,0,0,0,2,-2,0,0,0,0,0,0,0,0,0,0,0,0,0,0,0,0,0,0,0,0,0,0
00026837,12,0,0,0,3,0,0,0,1,0,2,0,0,0,0,0,0,0,0,3,0,0,0,0,10,0,0,0,3,0,0,0,2,0,2,0,0,0,0,0,0,0,0,4,0,0,0,0,2,0,0,0,0,0,0,0,-1,0,0,0,0,0,0,0,0,0,0,-1,0,0,0,0
00026940,25,0,0,0,0,0,0,0,0,0,0,4,0,4,0,0,0,0,0,3,0,3,0,0,24,0,0,0,0,0,0,0,0,0,0,4,0,4,0,0,0,0,0,4,0,3,0,0,1,0,0,0,0,0,0,0,0,0,0,0,0,0,0,0,0,0,0,-1,0,0,0,0
00026949,34,0,0,0,0,0,0,0,0,3,0,0,0,0,0,1,0,0,0,0,0,3,0,0,31,0,0,0,0,0,0,3,0,3,0,0,0,0,0,1,0,0,0,0,0,3,0,0,3,0,0,0,0,0,0,-3,0,0,0,0,0,0,0,0,0,0,0,0,0,0,0,0
00027092,25,0,0,4,0,0,0,0,1,0,0,0,0,0,0,0,0,0,0,4,0,0,0,0,24,0,0,4,0,0,0,0,2,0,0,0,0,0,0,0,0,0,0,4,0,0,0,0,1,0,0,0,0,0,0,0,-1,0,0,0,0,0,0,0,0,0,0,0,0,0,0,0
00027112,20,1,0,0,0,0,0,0,0,0,0,0,5,0,0,0,0,0,0,0,0,3,0,0,18,3,0,0,0,0,0,0,0,0,0,0,5,0,0,0,0,0,0,0,0,3,0,0,2,-2,0,0,0,0,0,0,0,0,0,0,0,0,0,0,0,0,0,0,0,0,0,0
00027118,26,3,0,0,0,0,0,0,0,0,2,3,0,0,0,0,2,0,0,0,0,0,0,0,25,3,0,0,0,0,0,0,0,0,2,4,0,0,0,0,2,0,0,0,0,0,0,0,1,0,0,0,0,0,0,0,0,0,0,-1,0,0,0,0,0,0,0,0,0,0,0,0
00027171,17,2,0,0,0,6,0,0,0,0,0,0,0,0,0,1,0,0,0,0,0,0,0,0,16,3,0,0,0,6,0,0,0,0,0,0,0,0,0,1,0,0,0,0,0,0,0,0,1,-1,0,0,0,0,0,0,0,0,0,0,0,0,0,0,0,0,0,0,0,0,0,0
00027173,17,1,2,0,0,0,0,0,0,0,2,0,0,0,0,0,1,0,0,0,0,0,0,0,15,3,2,0,0,0,0,0,0,0,2,0,0,0,0,0,1,0,0,0,0,0,0,0,2,-2,0,0,0,0,0,0,0,0,0,0,0,0,0,0,0,0,0,0,0,0,0,0
00027177,21,1,0,0,0,0,0,0,2,0,0,0,0,0,0,0,0,0,0,4,0,3,2,0,19,3,0,0,0,0,0,0,2,0,0,0,0,0,0,0,0,0,0,4,0,3,2,0,2,-2,0,0,0,0,0,0,0,0,0,0,0,0,0,0,0,0,0,0,0,0,0,0
00027195,13,0,0,0,0,0,0,0,0,2,0,4,0,0,0,0,0,0,4,0,0,0,0,0,12,0,0,0,0,0,0,0,0,3,0,4,0,0,0,0,0,0,4,0,0,0,0,0,1,0,0,0,0,0,0,0,0,-1,0,0,0,0,0,0,0,0,0,0,0,0,0,0
00027389,21,0,0,0,0,0,0,0,0,2,0,0,5,0,0,1,0,0,0,0,0,0,0,0,20,0,0,0,0,0,0,0,0,3,0,0,5,0,0,1,0,0,0,0,0,0,0,0,1,0,0,0,0,0,0,0,0,-1,0,0,0,0,0,0,0,0,0,0,0,0,0,0
00027391,24,0,0,0,0,0,0,0,1,0,0,0,0,4,0,0,0,0,0,0,0,6,0,0,23,0,0,0,0,0,0,0,2,0,0,0,0,4,0,0,0,0,0,0,0,6,0,0,1,0,0,0,0,0,0,0,-1,0,0,0,0,0,0,0,0,0,0,0,0,0,0,0
00027445,44,3,0,4,3,0,1,0,0,0,2,0,0,0,0,0,0,0,0,0,0,0,0,0,43,3,0,4,3,0,2,0,0,0,2,0,0,0,0,0,0,0,0,0,0,0,0,0,1,0,0,0,0,0,-1,0,0,0,0,0,0,0,0,0,0,0,0,0,0,0,0,0
00027457,15,0,0,0,0,6,1,0,0,0,0,0,5,0,0,0,0,0,0,0,0,0,0,0,14,0,0,0,0,6,2,0,0,0,0,0,5,0,0,0,0,0,0,0,0,0,0,0,1,0,0,0,0,0,-1,0,0,0,0,0,0,0,0,0,0,0,0,0,0,0,0,0
00027487,26,0,0,0,0,19,0,3,0,0,0,0,5,0,0,0,0,0,0,0,0,0,0,0,25,0,0,0,0,20,0,3,0,0,0,0,5,0,0,0,0,0,0,0,0,0,0,0,1,0,0,0,0,-1,0,0,0,0,0,0,0,0,0,0,0,0,0,0,0,0,0,0
00027501,17,0,3,0,0,0,0,0,2,0,0,0,0,0,0,0,0,0,0,0,0,3,0,0,16,0,4,0,0,0,0,0,2,0,0,0,0,0,0,0,0,0,0,0,0,3,0,0,1,0,-1,0,0,0,0,0,0,0,0,0,0,0,0,0,0,0,0,0,0,0,0,0
00027507,33,1,0,0,0,0,0,0,2,0,0,4,0,0,0,0,0,0,0,0,0,3,0,0,31,3,0,0,0,0,0,0,2,0,0,4,0,0,0,0,0,0,0,0,0,3,0,0,2,-2,0,0,0,0,0,0,0,0,0,0,0,0,0,0,0,0,0,0,0,0,0,0
00027514,19,2,0,0,0,0,2,0,0,0,0,0,5,0,7,0,0,0,0,0,0,0,0,0,18,3,0,0,0,0,2,0,0,0,0,0,5,0,7,0,0,0,0,0,0,0,0,0,1,-1,0,0,0,0,0,0,0,0,0,0,0,0,0,0,0,0,0,0,0,0,0,0
00027593,14,0,0,0,0,0,2,0,0,3,2,0,0,0,0,0,0,0,0,3,0,0,0,0,13,0,0,0,0,0,2,0,0,3,2,0,0,0,0,0,0,0,0,4,0,0,0,0,1,0,0,0,0,0,0,0,0,0,0,0,0,0,0,0,0,0,0,-1,0,0,0,0
00027657,23,1,0,0,0,0,0,0,0,3,0,0,0,0,7,0,1,0,0,0,0,0,0,0,21,3,0,0,0,0,0,0,0,3,0,0,0,0,7,0,1,0,0,0,0,0,0,0,2,-2,0,0,0,0,0,0,0,0,0,0,0,0,0,0,0,0,0,0,0,0,0,0
00027684,36,1,0,0,3,0,0,0,0,0,2,0,0,0,0,0,0,0,0,0,0,0,0,0,34,3,0,0,3,0,0,0,0,0,2,0,0,0,0,0,0,0,0,0,0,0,0,0,2,-2,0,0,0,0,0,0,0,0,0,0,0,0,0,0,0,0,0,0,0,0,0,0
00027692,27,3,0,0,0,0,0,0,1,0,0,0,0,0,0,0,0,0,0,0,0,0,0,0,22,7,0,0,0,0,0,0,2,0,0,0,0,0,0,0,0,0,0,0,0,0,0,0,5,-4,0,0,0,0,0,0,-1,0,0,0,0,0,0,0,0,0,0,0,0,0,0,0
00027697,20,3,0,0,0,6,0,0,1,0,2,0,0,0,0,0,0,0,0,0,0,0,0,0,19,3,0,0,0,6,0,0,2,0,2,0,0,0,0,0,0,0,0,0,0,0,0,0,1,0,0,0,0,0,0,0,-1,0,0,0,0,0,0,0,0,0,0,0,0,0,0,0
00027765,13,3,0,0,0,0,0,3,0,0,0,4,0,0,0,0,0,0,0,3,5,0,0,0,12,3,0,0,0,0,0,3,0,0,0,4,0,0,0,0,0,0,0,4,5,0,0,0,1,0,0,0,0,0,0,0,0,0,0,0,0,0,0,0,0,0,0,-1,0,0,0,0
00027923,29,1,2,0,0,0,0,0,0,0,0,0,0,0,0,0,0,2,0,0,0,0,0,0,27,3,2,0,0,0,0,0,0,0,0,0,0,0,0,0,0,2,0,0,0,0,0,0,2,-2,0,0,0,0,0,0,0,0,0,0,0,0,0,0,0,0,0,0,0,0,0,0
00027961,20,0,2,0,0,0,0,0,0,0,0,7,0,0,0,0,0,0,0,0,0,0,0,0,19,0,2,0,0,0,0,0,0,0,0,8,0,0,0,0,0,0,0,0,0,0,0,0,1,0,0,0,0,0,0,0,0,0,0,-1,0,0,0,0,0,0,0,0,0,0,0,0
00028024,19,0,0,4,0,0,0,0,0,3,0,0,0,4,0,0,0,0,0,3,0,0,0,0,18,0,0,4,0,0,0,0,0,3,0,0,0,4,0,0,0,0,0,4,0,0,0,0,1,0,0,0,0,0,0,0,0,0,0,0,0,0,0,0,0,0,0,-1,0,0,0,0
00028028,11,0,0,4,0,0,1,0,0,0,0,0,0,0,0,0,0,0,4,0,0,0,0,0,10,0,0,4,0,0,2,0,0,0,0,0,0,0,0,0,0,0,4,0,0,0,0,0,1,0,0,0,0,0,-1,0,0,0,0,0,0,0,0,0,0,0,0,0,0,0,0,0
00028110,32,1,0,0,3,0,0,4,0,0,0,0,0,0,0,0,0,0,0,0,0,0,0,0,30,3,0,0,3,0,0,4,0,0,0,0,0,0,0,0,0,0,0,0,0,0,0,0,2,-2,0,0,0,0,0,0,0,0,0,0,0,0,0,0,0,0,0,0,0,0,0,0
00028287,16,0,0,0,0,0,0,0,0,0,0,3,0,0,0,0,1,2,0,0,0,0,0,0,15,0,0,0,0,0,0,0,0,0,0,4,0,0,0,0,1,2,0,0,0,0,0,0,1,0,0,0,0,0,0,0,0,0,0,-1,0,0,0,0,0,0,0,0,0,0,0,0
00028321,13,0,0,0,0,0,0,6,0,0,3,0,0,0,0,0,0,0,0,0,0,0,0,0,12,0,0,0,0,0,0,6,0,0,4,0,0,0,0,0,0,0,0,0,0,0,0,0,1,0,0,0,0,0,0,0,0,0,-1,0,0,0,0,0,0,0,0,0,0,0,0,0
00028390,32,0,0,0,3,0,0,0,1,6,0,0,0,4,0,0,0,0,0,0,0,0,0,0,31,0,0,0,3,0,0,0,2,6,0,0,0,4,0,0,0,0,0,0,0,0,0,0,1,0,0,0,0,0,0,0,-1,0,0,0,0,0,0,0,0,0,0,0,0,0,0,0
00028398,21,3,0,0,0,0,1,0,0,0,0,0,5,0,0,0,0,0,0,0,5,0,0,0,20,3,0,0,0,0,2,0,0,0,0,0,5,0,0,0,0,0,0,0,5,0,0,0,1,0,0,0,0,0,-1,0,0,0,0,0,0,0,0,0,0,0,0,0,0,0,0,0
00028399,24,0,0,0,0,6,0,0,1,0,0,0,0,0,0,0,0,2,0,0,0,0,0,0,23,0,0,0,0,6,0,0,2,0,0,0,0,0,0,0,0,2,0,0,0,0,0,0,1,0,0,0,0,0,0,0,-1,0,0,0,0,0,0,0,0,0,0,0,0,0,0,0
00028529,25,1,0,0,3,6,0,0,1,0,0,0,0,0,0,0,0,0,0,0,0,0,0,0,22,3,0,0,3,6,0,0,2,0,0,0,0,0,0,0,0,0,0,0,0,0,0,0,3,-2,0,0,0,0,0,0,-1,0,0,0,0,0,0,0,0,0,0,0,0,0,0,0
00028549,12,0,0,0,0,0,0,3,0,0,1,4,0,0,0,0,0,0,0,0,0,0,0,0,11,0,0,0,0,0,0,3,0,0,2,4,0,0,0,0,0,0,0,0,0,0,0,0,1,0,0,0,0,0,0,0,0,0,-1,0,0,0,0,0,0,0,0,0,0,0,0,0
00028553,18,1,0,0,0,0,0,0,0,0,0,0,5,0,7,0,0,0,0,4,0,0,0,0,16,3,0,0,0,0,0,0,0,0,0,0,5,0,7,0,0,0,0,4,0,0,0,0,2,-2,0,0,0,0,0,0,0,0,0,0,0,0,0,0,0,0,0,0,0,0,0,0
00028623,8,0,0,0,0,0,0,0,2,0,0,0,0,0,0,1,0,0,0,4,0,3,0,0,7,0,0,0,0,0,0,0,3,0,0,0,0,0,0,1,0,0,0,4,0,3,0,0,1,0,0,0,0,0,0,0,-1,0,0,0,0,0,0,0,0,0,0,0,0,0,0,0
00028651,18,3,0,0,0,0,2,0,1,0,0,0,5,0,0,0,0,0,0,0,0,0,0,0,17,3,0,0,0,0,2,0,2,0,0,0,5,0,0,0,0,0,0,0,0,0,0,0,1,0,0,0,0,0,0,0,-1,0,0,0,0,0,0,0,0,0,0,0,0,0,0,0
00028658,15,1,0,0,0,0,0,3,0,0,0,0,0,0,0,0,0,0,0,4,0,0,0,0,13,3,0,0,0,0,0,3,0,0,0,0,0,0,0,0,0,0,0,4,0,0,0,0,2,-2,0,0,0,0,0,0,0,0,0,0,0,0,0,0,0,0,0,0,0,0,0,0
00028693,30,1,2,0,0,0,0,0,0,0,0,4,0,0,7,0,0,0,0,0,0,0,0,0,28,3,2,0,0,0,0,0,0,0,0,4,0,0,7,0,0,0,0,0,0,0,0,0,2,-2,0,0,0,0,0,0,0,0,0,0,0,0,0,0,0,0,0,0,0,0,0,0
00028705,20,0,0,0,0,0,1,3,0,0,0,0,0,4,0,0,0,0,0,0,0,0,0,0,19,0,0,0,0,0,2,3,0,0,0,0,0,4,0,0,0,0,0,0,0,0,0,0,1,0,0,0,0,0,-1,0,0,0,0,0,0,0,0,0,0,0,0,0,0,0,0,0
00028769,21,1,2,0,0,0,0,0,0,0,0,0,0,4,0,0,0,0,0,0,0,3,0,0,19,3,2,0,0,0,0,0,0,0,0,0,0,4,0,0,0,0,0,0,0,3,0,0,2,-2,0,0,0,0,0,0,0,0,0,0,0,0,0,0,0,0,0,0,0,0,0,0
00028802,25,1,0,4,0,0,0,0,2,0,0,4,0,0,0,0,0,0,0,0,0,0,2,0,23,3,0,4,0,0,0,0,2,0,0,4,0,0,0,0,0,0,0,0,0,0,2,0,2,-2,0,0,0,0,0,0,0,0,0,0,0,0,0,0,0,0,0,0,0,0,0,0
00028846,12,0,2,0,0,0,0,3,4,0,0,3,0,0,0,0,0,0,0,0,0,0,0,0,11,0,2,0,0,0,0,3,4,0,0,4,0,0,0,0,0,0,0,0,0,0,0,0,1,0,0,0,0,0,0,0,0,0,0,-1,0,0,0,0,0,0,0,0,0,0,0,0
00028848,29,0,0,0,0,0,0,0,0,3,1,4,0,0,0,0,0,0,0,0,0,0,0,0,28,0,0,0,0,0,0,0,0,3,2,4,0,0,0,0,0,0,0,0,0,0,0,0,1,0,0,0,0,0,0,0,0,0,-1,0,0,0,0,0,0,0,0,0,0,0,0,0
00028881,29,0,0,4,0,0,0,0,0,0,1,0,5,0,0,0,0,0,0,0,0,0,0,0,28,0,0,4,0,0,0,0,0,0,2,0,5,0,0,0,0,0,0,0,0,0,0,0,1,0,0,0,0,0,0,0,0,0,-1,0,0,0,0,0,0,0,0,0,0,0,0,0
00028922,14,0,2,0,0,0,0,0,0,0,0,3,0,0,7,0,0,0,0,0,0,0,0,0,13,0,2,0,0,0,0,0,0,0,0,4,0,0,7,0,0,0,0,0,0,0,0,0,1,0,0,0,0,0,0,0,0,0,0,-1,0,0,0,0,0,0,0,0,0,0,0,0
00028948,12,3,0,0,0,0,0,2,0,0,0,4,0,0,0,0,0,0,0,0,0,0,0,0,11,3,0,0,0,0,0,3,0,0,0,4,0,0,0,0,0,0,0,0,0,0,0,0,1,0,0,0,0,0,0,-1,0,0,0,0,0,0,0,0,0,0,0,0,0,0,0,0
00029017,32,0,0,0,3,0,1,0,2,0,0,0,0,0,0,1,0,0,0,0,0,0,0,0,31,0,0,0,3,0,2,0,2,0,0,0,0,0,0,1,0,0,0,0,0,0,0,0,1,0,0,0,0,0,-1,0,0,0,0,0,0,0,0,0,0,0,0,0,0,0,0,0
00029130,29,2,0,0,0,0,0,0,2,0,0,0,0,0,0,0,0,0,0,0,0,3,0,0,25,6,0,0,0,0,0,0,2,0,0,0,0,0,0,0,0,0,0,0,0,3,0,0,4,-4,0,0,0,0,0,0,0,0,0,0,0,0,0,0,0,0,0,0,0,0,0,0
00029211,20,3,0,0,0,0,0,0,0,0,2,0,5,0,0,0,0,0,0,0,0,0,0,0,19,4,0,0,0,0,0,0,0,0,2,0,5,0,0,0,0,0,0,0,0,0,0,0,1,-1,0,0,0,0,0,0,0,0,0,0,0,0,0,0,0,0,0,0,0,0,0,0
00029364,25,0,0,4,0,0,0,0,1,0,0,4,0,0,0,0,1,0,0,0,0,0,0,0,24,0,0,4,0,0,0,0,2,0,0,4,0,0,0,0,1,0,0,0,0,0,0,0,1,0,0,0,0,0,0,0,-1,0,0,0,0,0,0,0,0,0,0,0,0,0,0,0
00029426,7,0,0,0,0,0,0,0,0,0,3,0,5,0,0,0,1,0,0,0,0,0,0,0,6,0,0,0,0,0,0,0,0,0,4,0,5,0,0,0,1,0,0,0,0,0,0,0,1,0,0,0,0,0,0,0,0,0,-1,0,0,0,0,0,0,0,0,0,0,0,0,0
00029429,19,3,0,4,0,0,0,3,9,0,0,0,0,0,0,0,1,0,0,0,0,0,0,0,18,3,0,4,0,0,0,3,10,0,0,0,0,0,0,0,1,0,0,0,0,0,0,0,1,0,0,0,0,0,0,0,-1,0,0,0,0,0,0,0,0,0,0,0,0,0,0,0
00029489,10,0,0,0,0,0,1,0,0,3,0,0,0,0,0,0,0,0,4,0,0,0,0,0,9,0,0,0,0,0,2,0,0,3,0,0,0,0,0,0,0,0,4,0,0,0,0,0,1,0,0,0,0,0,-1,0,0,0,0,0,0,0,0,0,0,0,0,0,0,0,0,0
00029540,17,7,0,0,0,0,0,0,0,0,0,0,0,0,0,0,0,2,0,0,0,0,0,0,15,9,0,0,0,0,0,0,0,0,0,0,0,0,0,0,0,2,0,0,0,0,0,0,2,-2,0,0,0,0,0,0,0,0,0,0,0,0,0,0,0,0,0,0,0,0,0,0
00029591,22,4,0,0,0,0,1,0,0,0,0,0,0,0,0,0,0,0,4,0,5,0,0,0,21,4,0,0,0,0,2,0,0,0,0,0,0,0,0,0,0,0,4,0,5,0,0,0,1,0,0,0,0,0,-1,0,0,0,0,0,0,0,0,0,0,0,0,0,0,0,0,0
00029614,13,2,0,0,3,0,0,6,0,0,0,0,5,0,0,0,0,0,0,0,0,0,0,0,12,3,0,0,3,0,0,6,0,0,0,0,5,0,0,0,0,0,0,0,0,0,0,0,1,-1,0,0,0,0,0,0,0,0,0,0,0,0,0,0,0,0,0,0,0,0,0,0
00029634,17,0,0,4,0,0,0,3,0,0,0,0,0,0,7,0,0,0,0,0,0,0,0,0,16,0,0,5,0,0,0,3,0,0,0,0,0,0,7,0,0,0,0,0,0,0,0,0,1,0,0,-1,0,0,0,0,0,0,0,0,0,0,0,0,0,0,0,0,0,0,0,0
00029687,10,0,0,0,0,6,0,3,0,0,0,3,0,4,0,1,0,0,0,0,0,0,0,0,9,0,0,0,0,6,0,3,0,0,0,4,0,4,0,1,0,0,0,0,0,0,0,0,1,0,0,0,0,0,0,0,0,0,0,-1,0,0,0,0,0,0,0,0,0,0,0,0
00029728,17,0,0,0,0,0,2,0,1,0,0,0,0,0,0,0,0,0,0,0,0,3,0,0,16,0,0,0,0,0,2,0,2,0,0,0,0,0,0,0,0,0,0,0,0,3,0,0,1,0,0,0,0,0,0,0,-1,0,0,0,0,0,0,0,0,0,0,0,0,0,0,0
00029785,28,0,0,0,3,0,1,3,0,0,0,8,0,0,0,0,0,4,0,0,0,0,0,0,25,0,2,0,3,0,2,3,0,0,0,8,0,0,0,0,0,4,0,0,0,0,0,0,3,0,-2,0,0,0,-1,0,0,0,0,0,0,0,0,0,0,0,0,0,0,0,0,0
00029826,25,0,0,0,0,6,1,0,0,3,0,0,0,0,0,0,0,0,0,0,0,0,2,0,24,0,0,0,0,6,2,0,0,3,0,0,0,0,0,0,0,0,0,0,0,0,2,0,1,0,0,0,0,0,-1,0,0,0,0,0,0,0,0,0,0,0,0,0,0,0,0,0
00029835,7,0,0,0,0,0,0,0,0,0,0,0,4,0,0,0,4,0,0,0,0,0,2,0,3,0,0,0,0,0,0,0,0,0,0,0,7,0,0,0,5,0,0,0,0,0,2,0,4,0,0,0,0,0,0,0,0,0,0,0,-3,0,0,0,-1,0,0,0,0,0,0,0
00029982,19,0,0,0,3,0,0,1,0,0,0,0,5,0,0,0,0,0,0,0,5,0,0,0,17,0,0,0,3,0,0,3,0,0,0,0,5,0,0,0,0,0,0,0,5,0,0,0,2,0,0,0,0,0,0,-2,0,0,0,0,0,0,0,0,0,0,0,0,0,0,0,0
00030002,27,6,0,0,0,0,0,0,0,0,0,0,0,0,0,1,0,0,0,0,0,0,0,0,23,6,4,0,0,0,0,0,0,0,0,0,0,0,0,1,0,0,0,0,0,0,0,0,4,0,-4,0,0,0,0,0,0,0,0,0,0,0,0,0,0,0,0,0,0,0,0,0
00030049,39,1,0,0,0,0,0,0,0,0,0,0,0,0,7,0,0,2,0,0,0,0,0,0,37,3,0,0,0,0,0,0,0,0,0,0,0,0,7,0,0,2,0,0,0,0,0,0,2,-2,0,0,0,0,0,0,0,0,0,0,0,0,0,0,0,0,0,0,0,0,0,0
00030061,17,2,0,0,0,0,0,0,0,0,0,0,0,0,7,1,0,0,0,0,0,0,2,0,16,3,0,0,0,0,0,0,0,0,0,0,0,0,7,1,0,0,0,0,0,0,2,0,1,-1,0,0,0,0,0,0,0,0,0,0,0,0,0,0,0,0,0,0,0,0,0,0
00030072,17,1,0,0,0,0,0,0,0,6,0,0,0,0,0,0,0,0,0,0,0,3,0,0,15,3,0,0,0,0,0,0,0,6,0,0,0,0,0,0,0,0,0,0,0,3,0,0,2,-2,0,0,0,0,0,0,0,0,0,0,0,0,0,0,0,0,0,0,0,0,0,0
00030125,42,1,2,0,0,0,0,0,0,0,0,0,10,0,0,0,0,0,0,0,0,0,0,0,40,3,2,0,0,0,0,0,0,0,0,0,10,0,0,0,0,0,0,0,0,0,0,0,2,-2,0,0,0,0,0,0,0,0,0,0,0,0,0,0,0,0,0,0,0,0,0,0
00030234,27,0,0,0,0,0,0,0,0,2,0,0,5,4,0,0,0,0,0,0,0,0,0,0,26,0,0,0,0,0,0,0,0,3,0,0,5,4,0,0,0,0,0,0,0,0,0,0,1,0,0,0,0,0,0,0,0,-1,0,0,0,0,0,0,0,0,0,0,0,0,0,0
00030269,17,0,0,0,0,0,0,3,3,0,2,0,0,0,0,0,0,0,0,0,0,0,0,0,16,0,0,0,0,0,0,3,4,0,2,0,0,0,0,0,0,0,0,0,0,0,0,0,1,0,0,0,0,0,0,0,-1,0,0,0,0,0,0,0,0,0,0,0,0,0,0,0
00030283,14,4,0,0,0,0,0,0,0,0,0,0,0,0,7,0,0,0,0,0,0,0,2,0,12,6,0,0,0,0,0,0,0,0,0,0,0,0,7,0,0,0,0,0,0,0,2,0,2,-2,0,0,0,0,0,0,0,0,0,0,0,0,0,0,0,0,0,0,0,0,0,0
00030318,27,0,0,0,0,0,0,0,0,0,3,0,5,0,0,0,0,0,0,0,0,0,2,0,26,0,0,0,0,0,0,0,0,0,4,0,5,0,0,0,0,0,0,0,0,0,2,0,1,0,0,0,0,0,0,0,0,0,-1,0,0,0,0,0,0,0,0,0,0,0,0,0
00030350,14,0,0,0,0,0,0,5,0,0,0,0,0,4,0,0,0,0,0,4,0,0,0,0,13,0,0,0,0,0,0,6,0,0,0,0,0,4,0,0,0,0,0,4,0,0,0,0,1,0,0,0,0,0,0,-1,0,0,0,0,0,0,0,0,0,0,0,0,0,0,0,0
00030481,14,3,0,0,0,0,1,0,0,0,0,0,0,0,7,0,0,0,0,0,0,0,2,0,13,3,0,0,0,0,2,0,0,0,0,0,0,0,7,0,0,0,0,0,0,0,2,0,1,0,0,0,0,0,-1,0,0,0,0,0,0,0,0,0,0,0,0,0,0,0,0,0
00030496,17,0,0,0,0,0,0,0,0,0,1,0,0,0,0,0,0,5,4,4,0,0,0,0,16,0,0,0,0,0,0,0,0,0,2,0,0,0,0,0,0,5,4,4,0,0,0,0,1,0,0,0,0,0,0,0,0,0,-1,0,0,0,0,0,0,0,0,0,0,0,0,0
00030514,18,0,0,0,0,0,0,0,1,0,0,0,0,0,0,0,1,0,0,4,0,0,0,0,17,0,0,0,0,0,0,0,2,0,0,0,0,0,0,0,1,0,0,4,0,0,0,0,1,0,0,0,0,0,0,0,-1,0,0,0,0,0,0,0,0,0,0,0,0,0,0,0
00030572,12,2,0,0,0,6,0,0,2,0,0,0,0,0,0,0,0,0,0,0,0,0,0,0,11,3,0,0,0,6,0,0,2,0,0,0,0,0,0,0,0,0,0,0,0,0,0,0,1,-1,0,0,0,0,0,0,0,0,0,0,0,0,0,0,0,0,0,0,0,0,0,0
00030614,29,0,2,0,0,0,1,0,0,0,0,4,0,0,0,0,0,0,0,0,0,0,0,0,28,0,2,0,0,0,2,0,0,0,0,4,0,0,0,0,0,0,0,0,0,0,0,0,1,0,0,0,0,0,-1,0,0,0,0,0,0,0,0,0,0,0,0,0,0,0,0,0
00030649,21,0,0,0,0,12,0,0,2,0,0,0,0,0,0,0,0,0,0,0,0,0,0,0,19,0,0,0,0,12,0,0,4,0,0,0,0,0,0,0,0,0,0,0,0,0,0,0,2,0,0,0,0,0,0,0,-2,0,0,0,0,0,0,0,0,0,0,0,0,0,0,0
00030675,20,1,0,4,3,0,2,0,0,0,0,0,0,0,0,0,0,0,0,0,0,0,0,0,18,3,0,4,3,0,2,0,0,0,0,0,0,0,0,0,0,0,0,0,0,0,0,0,2,-2,0,0,0,0,0,0,0,0,0,0,0,0,0,0,0,0,0,0,0,0,0,0
00030700,19,0,0,0,0,0,1,0,0,0,0,0,0,0,7,1,0,0,4,0,0,0,0,0,18,0,0,0,0,0,2,0,0,0,0,0,0,0,7,1,0,0,4,0,0,0,0,0,1,0,0,0,0,0,-1,0,0,0,0,0,0,0,0,0,0,0,0,0,0,0,0,0
00030813,27,0,0,0,0,0,0,3,1,0,0,4,0,0,0,0,0,0,0,0,0,3,0,0,26,0,0,0,0,0,0,3,2,0,0,4,0,0,0,0,0,0,0,0,0,3,0,0,1,0,0,0,0,0,0,0,-1,0,0,0,0,0,0,0,0,0,0,0,0,0,0,0
00030899,17,0,0,4,6,0,0,0,0,0,1,0,0,0,0,0,1,0,0,0,0,0,0,0,16,0,0,4,6,0,0,0,0,0,2,0,0,0,0,0,1,0,0,0,0,0,0,0,1,0,0,0,0,0,0,0,0,0,-1,0,0,0,0,0,0,0,0,0,0,0,0,0
00030928,28,0,3,0,0,0,0,0,0,0,0,0,0,0,0,0,0,0,0,0,5,0,2,0,27,0,4,0,0,0,0,0,0,0,0,0,0,0,0,0,0,0,0,0,5,0,2,0,1,0,-1,0,0,0,0,0,0,0,0,0,0,0,0,0,0,0,0,0,0,0,0,0
00030945,17,0,0,0,0,0,1,0,0,0,0,4,0,0,0,1,0,0,0,0,0,0,0,0,16,0,0,0,0,0,2,0,0,0,0,4,0,0,0,1,0,0,0,0,0,0,0,0,1,0,0,0,0,0,-1,0,0,0,0,0,0,0,0,0,0,0,0,0,0,0,0,0
00030973,13,0,0,0,0,0,0,0,1,0,4,0,0,0,0,0,0,0,0,0,0,0,0,0,12,0,0,0,0,0,0,0,2,0,4,0,0,0,0,0,0,0,0,0,0,0,0,0,1,0,0,0,0,0,0,0,-1,0,0,0,0,0,0,0,0,0,0,0,0,0,0,0
00031003,10,0,0,0,0,0,5,0,0,0,0,4,0,0,0,0,0,0,0,0,0,0,0,0,9,0,0,0,0,0,6,0,0,0,0,4,0,0,0,0,0,0,0,0,0,0,0,0,1,0,0,0,0,0,-1,0,0,0,0,0,0,0,0,0,0,0,0,0,0,0,0,0
00031013,22,0,2,0,0,6,1,0,1,0,0,0,0,0,0,0,1,0,0,0,0,3,4,0,18,0,4,0,0,6,2,0,2,0,0,0,0,0,0,0,1,0,0,0,0,3,4,0,4,0,-2,0,0,0,-1,0,-1,0,0,0,0,0,0,0,0,0,0,0,0,0,0,0
00031082,13,0,2,0,0,0,0,0,0,0,0,7,0,0,0,0,1,0,0,0,0,0,0,0,12,0,2,0,0,0,0,0,0,0,0,8,0,0,0,0,1,0,0,0,0,0,0,0,1,0,0,0,0,0,0,0,0,0,0,-1,0,0,0,0,0,0,0,0,0,0,0,0
00031116,19,0,2,0,0,0,0,0,1,3,0,0,0,0,0,0,0,0,0,0,0,0,0,0,18,0,2,0,0,0,0,0,2,3,0,0,0,0,0,0,0,0,0,0,0,0,0,0,1,0,0,0,0,0,0,0,-1,0,0,0,0,0,0,0,0,0,0,0,0,0,0,0
00031143,16,0,0,0,3,0,3,0,0,0,0,0,0,0,0,0,0,0,0,0,5,0,0,0,15,0,0,0,3,0,4,0,0,0,0,0,0,0,0,0,0,0,0,0,5,0,0,0,1,0,0,0,0,0,-1,0,0,0,0,0,0,0,0,0,0,0,0,0,0,0,0,0
00031194,22,0,0,0,0,0,1,0,0,0,0,0,5,0,0,0,1,0,0,0,0,0,0,0,21,0,0,0,0,0,2,0,0,0,0,0,5,0,0,0,1,0,0,0,0,0,0,0,1,0,0,0,0,0,-1,0,0,0,0,0,0,0,0,0,0,0,0,0,0,0,0,0
00031300,26,0,0,0,0,6,0,0,0,0,0,0,0,0,0,1,1,0,0,0,0,0,0,0,25,0,0,0,0,7,0,0,0,0,0,0,0,0,0,1,1,0,0,0,0,0,0,0,1,0,0,0,0,-1,0,0,0,0,0,0,0,0,0,0,0,0,0,0,0,0,0,0
00031359,14,0,0,4,0,0,0,0,0,0,0,0,0,0,0,0,0,0,4,0,0,0,0,0,13,0,0,5,0,0,0,0,0,0,0,0,0,0,0,0,0,0,4,0,0,0,0,0,1,0,0,-1,0,0,0,0,0,0,0,0,0,0,0,0,0,0,0,0,0,0,0,0
00031360,16,0,2,0,0,0,0,0,0,0,0,4,0,0,0,0,0,0,4,0,0,0,0,0,15,0,3,0,0,0,0,0,0,0,0,4,0,0,0,0,0,0,4,0,0,0,0,0,1,0,-1,0,0,0,0,0,0,0,0,0,0,0,0,0,0,0,0,0,0,0,0,0
00031406,14,0,0,0,3,0,0,0,1,0,4,0,0,0,0,0,0,0,0,0,0,0,0,0,13,0,0,0,3,0,0,0,2,0,4,0,0,0,0,0,0,0,0,0,0,0,0,0,1,0,0,0,0,0,0,0,-1,0,0,0,0,0,0,0,0,0,0,0,0,0,0,0
00031446,22,2,0,0,3,0,0,0,0,3,0,0,0,4,0,0,0,0,0,0,0,0,0,0,21,3,0,0,3,0,0,0,0,3,0,0,0,4,0,0,0,0,0,0,0,0,0,0,1,-1,0,0,0,0,0,0,0,0,0,0,0,0,0,0,0,0,0,0,0,0,0,0
00031462,23,0,0,0,0,0,1,0,0,0,0,0,0,0,0,0,0,2,0,3,0,3,0,0,20,0,0,0,0,0,3,0,0,0,0,0,0,0,0,0,0,2,0,4,0,3,0,0,3,0,0,0,0,0,-2,0,0,0,0,0,0,0,0,0,0,0,0,-1,0,0,0,0
00031487,26,1,1,0,0,0,3,0,0,0,0,3,0,0,0,0,0,3,0,0,0,0,0,0,22,3,2,0,0,0,3,0,0,0,0,4,0,0,0,0,0,3,0,0,0,0,0,0,4,-2,-1,0,0,0,0,0,0,0,0,-1,0,0,0,0,0,0,0,0,0,0,0,0
00031568,15,2,0,4,0,0,0,0,0,3,0,0,0,0,0,0,0,0,0,0,0,0,2,0,14,3,0,4,0,0,0,0,0,3,0,0,0,0,0,0,0,0,0,0,0,0,2,0,1,-1,0,0,0,0,0,0,0,0,0,0,0,0,0,0,0,0,0,0,0,0,0,0
00031575,23,1,0,0,0,0,0,0,0,0,0,0,0,0,7,0,0,0,0,0,5,0,0,0,21,3,0,0,0,0,0,0,0,0,0,0,0,0,7,0,0,0,0,0,5,0,0,0,2,-2,0,0,0,0,0,0,0,0,0,0,0,0,0,0,0,0,0,0,0,0,0,0
00031722,17,0,0,0,0,0,0,0,1,3,0,4,0,0,0,0,0,0,0,0,0,0,0,0,16,0,0,0,0,0,0,0,2,3,0,4,0,0,0,0,0,0,0,0,0,0,0,0,1,0,0,0,0,0,0,0,-1,0,0,0,0,0,0,0,0,0,0,0,0,0,0,0
00031739,20,1,0,0,9,13,0,0,0,0,0,0,0,0,0,0,0,0,0,0,0,0,0,0,18,3,0,0,9,13,0,0,0,0,0,0,0,0,0,0,0,0,0,0,0,0,0,0,2,-2,0,0,0,0,0,0,0,0,0,0,0,0,0,0,0,0,0,0,0,0,0,0
00031775,15,0,0,0,0,0,0,0,0,0,0,0,5,0,7,0,0,2,0,3,0,0,0,0,14,0,0,0,0,0,0,0,0,0,0,0,5,0,7,0,0,2,0,4,0,0,0,0,1,0,0,0,0,0,0,0,0,0,0,0,0,0,0,0,0,0,0,-1,0,0,0,0
00031848,23,1,0,4,0,0,0,0,0,0,0,0,0,0,7,0,0,0,0,0,0,0,0,0,21,3,0,4,0,0,0,0,0,0,0,0,0,0,7,0,0,0,0,0,0,0,0,0,2,-2,0,0,0,0,0,0,0,0,0,0,0,0,0,0,0,0,0,0,0,0,0,0
00031895,16,0,0,0,0,0,1,6,0,0,0,0,0,0,7,0,0,0,0,0,0,0,0,0,15,0,0,0,0,0,2,6,0,0,0,0,0,0,7,0,0,0,0,0,0,0,0,0,1,0,0,0,0,0,-1,0,0,0,0,0,0,0,0,0,0,0,0,0,0,0,0,0
00031909,37,0,0,0,0,6,0,0,0,0,2,3,0,0,0,0,0,0,0,0,0,0,0,0,36,0,0,0,0,6,0,0,0,0,2,4,0,0,0,0,0,0,0,0,0,0,0,0,1,0,0,0,0,0,0,0,0,0,0,-1,0,0,0,0,0,0,0,0,0,0,0,0
00031923,31,4,0,4,0,0,0,0,0,0,0,0,0,0,0,0,0,2,0,0,0,0,0,0,29,6,0,4,0,0,0,0,0,0,0,0,0,0,0,0,0,2,0,0,0,0,0,0,2,-2,0,0,0,0,0,0,0,0,0,0,0,0,0,0,0,0,0,0,0,0,0,0
00031972,21,1,0,0,0,6,0,0,0,0,1,0,0,0,0,0,0,2,0,4,0,0,0,0,18,3,0,0,0,6,0,0,0,0,2,0,0,0,0,0,0,2,0,4,0,0,0,0,3,-2,0,0,0,0,0,0,0,0,-1,0,0,0,0,0,0,0,0,0,0,0,0,0
00032013,21,0,0,0,0,6,0,0,0,0,1,0,0,0,0,0,0,0,0,0,5,3,0,0,20,0,0,0,0,6,0,0,0,0,2,0,0,0,0,0,0,0,0,0,5,3,0,0,1,0,0,0,0,0,0,0,0,0,-1,0,0,0,0,0,0,0,0,0,0,0,0,0
00032030,19,0,0,0,0,0,0,6,0,2,0,0,0,0,0,0,1,0,0,0,0,0,0,0,18,0,0,0,0,0,0,6,0,3,0,0,0,0,0,0,1,0,0,0,0,0,0,0,1,0,0,0,0,0,0,0,0,-1,0,0,0,0,0,0,0,0,0,0,0,0,0,0
00032150,14,0,0,0,3,0,0,0,1,0,2,4,0,0,0,0,0,0,0,0,0,0,0,0,13,0,0,0,3,0,0,0,2,0,2,4,0,0,0,0,0,0,0,0,0,0,0,0,1,0,0,0,0,0,0,0,-1,0,0,0,0,0,0,0,0,0,0,0,0,0,0,0
00032239,15,3,1,4,0,0,0,0,0,0,0,0,0,0,0,0,0,0,0,0,0,0,0,0,14,3,2,4,0,0,0,0,0,0,0,0,0,0,0,0,0,0,0,0,0,0,0,0,1,0,-1,0,0,0,0,0,0,0,0,0,0,0,0,0,0,0,0,0,0,0,0,0
00032247,21,3,2,0,0,0,0,0,0,0,0,0,0,0,14,0,0,0,0,0,0,6,0,0,17,7,2,0,0,0,0,0,0,0,0,0,0,0,14,0,0,0,0,0,0,6,0,0,4,-4,0,0,0,0,0,0,0,0,0,0,0,0,0,0,0,0,0,0,0,0,0,0
00032367,24,0,2,4,0,0,1,0,0,0,0,0,0,0,0,0,1,0,0,0,0,0,0,0,23,0,2,4,0,0,2,0,0,0,0,0,0,0,0,0,1,0,0,0,0,0,0,0,1,0,0,0,0,0,-1,0,0,0,0,0,0,0,0,0,0,0,0,0,0,0,0,0
00032424,11,2,0,4,0,0,0,0,0,3,0,0,0,0,0,0,0,0,4,0,0,0,2,0,10,3,0,4,0,0,0,0,0,3,0,0,0,0,0,0,0,0,4,0,0,0,2,0,1,-1,0,0,0,0,0,0,0,0,0,0,0,0,0,0,0,0,0,0,0,0,0,0
00032458,11,0,0,0,0,0,1,0,0,0,0,0,0,0,0,0,0,0,0,0,0,6,0,0,10,0,0,0,0,0,2,0,0,0,0,0,0,0,0,0,0,0,0,0,0,6,0,0,1,0,0,0,0,0,-1,0,0,0,0,0,0,0,0,0,0,0,0,0,0,0,0,0
00032504,12,0,0,0,0,0,1,3,0,0,0,0,5,0,0,0,0,0,0,0,0,0,0,0,11,0,0,0,0,0,2,3,0,0,0,0,5,0,0,0,0,0,0,0,0,0,0,0,1,0,0,0,0,0,-1,0,0,0,0,0,0,0,0,0,0,0,0,0,0,0,0,0
00032546,4,0,0,0,0,6,0,0,0,0,0,0,0,3,0,0,0,0,0,0,0,0,2,0,3,0,0,0,0,6,0,0,0,0,0,0,0,4,0,0,0,0,0,0,0,0,2,0,1,0,0,0,0,0,0,0,0,0,0,0,0,-1,0,0,0,0,0,0,0,0,0,0
00032569,30,0,0,0,0,0,0,0,2,2,2,4,0,0,0,0,0,0,0,0,0,0,0,0,29,0,0,0,0,0,0,0,2,3,2,4,0,0,0,0,0,0,0,0,0,0,0,0,1,0,0,0,0,0,0,0,0,-1,0,0,0,0,0,0,0,0,0,0,0,0,0,0
00032619,18,1,0,0,0,6,0,0,0,0,0,0,0,0,7,0,0,0,0,0,0,0,0,0,16,3,0,0,0,6,0,0,0,0,0,0,0,0,7,0,0,0,0,0,0,0,0,0,2,-2,0,0,0,0,0,0,0,0,0,0,0,0,0,0,0,0,0,0,0,0,0,0
00032725,10,2,0,0,3,0,0,0,0,0,0,0,0,0,7,0,0,0,0,0,0,3,0,0,9,3,0,0,3,0,0,0,0,0,0,0,0,0,7,0,0,0,0,0,0,3,0,0,1,-1,0,0,0,0,0,0,0,0,0,0,0,0,0,0,0,0,0,0,0,0,0,0
00032742,18,5,0,0,0,0,0,5,0,0,0,0,0,0,0,0,0,0,0,0,5,0,0,0,16,7,0,0,0,0,0,5,0,0,0,0,0,0,0,0,0,0,0,0,5,0,0,0,2,-2,0,0,0,0,0,0,0,0,0,0,0,0,0,0,0,0,0,0,0,0,0,0
00032786,14,3,0,0,0,0,0,0,0,0,0,0,0,4,0,0,0,0,0,3,0,0,2,0,13,3,0,0,0,0,0,0,0,0,0,0,0,4,0,0,0,0,0,4,0,0,2,0,1,0,0,0,0,0,0,0,0,0,0,0,0,0,0,0,0,0,0,-1,0,0,0,0
00032800,18,0,0,0,3,0,2,2,0,0,4,4,0,0,0,0,0,0,4,4,0,0,0,0,17,0,0,0,3,0,2,3,0,0,4,4,0,0,0,0,0,0,4,4,0,0,0,0,1,0,0,0,0,0,0,-1,0,0,0,0,0,0,0,0,0,0,0,0,0,0,0,0
00032803,25,3,0,0,0,0,0,0,0,0,0,2,0,0,0,0,1,0,0,0,5,0,2,0,23,3,0,0,0,0,0,0,0,0,0,4,0,0,0,0,1,0,0,0,5,0,2,0,2,0,0,0,0,0,0,0,0,0,0,-2,0,0,0,0,0,0,0,0,0,0,0,0
00032839,31,0,0,0,0,6,0,0,0,0,0,4,0,0,0,0,0,0,0,0,0,0,0,0,29,0,0,0,0,6,0,0,2,0,0,4,0,0,0,0,0,0,0,0,0,0,0,0,2,0,0,0,0,0,0,0,-2,0,0,0,0,0,0,0,0,0,0,0,0,0,0,0
00032901,24,1,0,4,0,0,0,0,0,3,0,0,0,0,0,0,1,0,0,0,0,3,0,0,22,3,0,4,0,0,0,0,0,3,0,0,0,0,0,0,1,0,0,0,0,3,0,0,2,-2,0,0,0,0,0,0,0,0,0,0,0,0,0,0,0,0,0,0,0,0,0,0
00032935,42,0,0,0,0,0,1,0,0,0,0,0,0,0,0,0,0,0,4,4,0,0,0,0,41,0,0,0,0,0,2,0,0,0,0,0,0,0,0,0,0,0,4,4,0,0,0,0,1,0,0,0,0,0,-1,0,0,0,0,0,0,0,0,0,0,0,0,0,0,0,0,0
00032955,16,0,0,0,3,0,2,0,1,0,0,0,0,0,0,0,0,0,0,0,0,0,0,0,15,0,0,0,3,0,2,0,2,0,0,0,0,0,0,0,0,0,0,0,0,0,0,0,1,0,0,0,0,0,0,0,-1,0,0,0,0,0,0,0,0,0,0,0,0,0,0,0
00032959,15,3,0,0,0,0,0,0,0,0,3,7,0,0,0,0,0,0,0,0,0,0,0,0,13,3,0,0,0,0,0,0,0,0,4,8,0,0,0,0,0,0,0,0,0,0,0,0,2,0,0,0,0,0,0,0,0,0,-1,-1,0,0,0,0,0,0,0,0,0,0,0,0
00032961,13,0,0,0,3,0,0,0,5,0,2,0,0,0,0,0,0,0,0,0,0,0,0,0,12,0,0,0,3,0,0,0,6,0,2,0,0,0,0,0,0,0,0,0,0,0,0,0,1,0,0,0,0,0,0,0,-1,0,0,0,0,0,0,0,0,0,0,0,0,0,0,0
00033023,13,0,0,0,0,0,1,0,2,0,0,0,0,0,7,0,1,2,0,0,0,0,0,0,12,0,0,0,0,0,2,0,2,0,0,0,0,0,7,0,1,2,0,0,0,0,0,0,1,0,0,0,0,0,-1,0,0,0,0,0,0,0,0,0,0,0,0,0,0,0,0,0
00033032,8,0,0,0,0,0,0,0,0,0,2,2,0,0,7,0,0,2,0,0,0,0,0,0,6,0,0,0,0,0,0,0,0,0,2,4,0,0,7,0,0,2,0,0,0,0,0,0,2,0,0,0,0,0,0,0,0,0,0,-2,0,0,0,0,0,0,0,0,0,0,0,0
00033054,16,5,0,0,0,0,2,4,0,0,0,0,0,0,0,0,1,0,0,0,0,0,0,0,14,7,0,0,0,0,2,4,0,0,0,0,0,0,0,0,1,0,0,0,0,0,0,0,2,-2,0,0,0,0,0,0,0,0,0,0,0,0,0,0,0,0,0,0,0,0,0,0
00033055,32,1,0,0,0,0,0,0,0,0,0,0,0,4,0,0,0,2,0,4,5,0,0,0,30,3,0,0,0,0,0,0,0,0,0,0,0,4,0,0,0,2,0,4,5,0,0,0,2,-2,0,0,0,0,0,0,0,0,0,0,0,0,0,0,0,0,0,0,0,0,0,0
00033099,13,0,0,0,0,0,0,0,2,0,1,0,0,0,0,0,0,4,0,0,0,0,0,0,12,0,0,0,0,0,0,0,2,0,2,0,0,0,0,0,0,4,0,0,0,0,0,0,1,0,0,0,0,0,0,0,0,0,-1,0,0,0,0,0,0,0,0,0,0,0,0,0
00033170,27,0,1,0,0,0,0,0,0,0,2,0,10,0,0,0,0,0,0,0,0,0,0,0,26,0,2,0,0,0,0,0,0,0,2,0,10,0,0,0,0,0,0,0,0,0,0,0,1,0,-1,0,0,0,0,0,0,0,0,0,0,0,0,0,0,0,0,0,0,0,0,0
00033241,22,0,2,0,0,0,0,0,1,3,0,0,0,0,0,0,0,0,0,0,0,0,0,0,21,0,2,0,0,0,0,0,2,3,0,0,0,0,0,0,0,0,0,0,0,0,0,0,1,0,0,0,0,0,0,0,-1,0,0,0,0,0,0,0,0,0,0,0,0,0,0,0
00033286,25,3,0,0,3,0,0,2,0,0,0,0,0,0,0,0,0,0,0,0,0,0,0,0,24,3,0,0,3,0,0,3,0,0,0,0,0,0,0,0,0,0,0,0,0,0,0,0,1,0,0,0,0,0,0,-1,0,0,0,0,0,0,0,0,0,0,0,0,0,0,0,0
00033373,19,0,2,0,0,6,0,0,0,0,1,3,0,0,0,0,0,0,0,0,0,0,0,0,17,0,2,0,0,6,0,0,0,0,2,4,0,0,0,0,0,0,0,0,0,0,0,0,2,0,0,0,0,0,0,0,0,0,-1,-1,0,0,0,0,0,0,0,0,0,0,0,0
00033624,17,0,0,0,0,0,0,0,1,0,0,0,5,0,0,0,0,2,0,0,0,0,0,0,16,0,0,0,0,0,0,0,2,0,0,0,5,0,0,0,0,2,0,0,0,0,0,0,1,0,0,0,0,0,0,0,-1,0,0,0,0,0,0,0,0,0,0,0,0,0,0,0
00033644,14,0,0,0,0,0,0,0,0,3,0,0,0,0,0,0,0,0,0,4,5,0,0,0,13,0,0,0,0,0,0,0,0,3,0,0,0,0,0,1,0,0,0,4,5,0,0,0,1,0,0,0,0,0,0,0,0,0,0,0,0,0,0,-1,0,0,0,0,0,0,0,0
00033663,30,0,0,4,0,0,1,0,0,3,0,0,0,8,0,0,1,2,0,0,0,0,0,0,29,0,0,4,0,0,2,0,0,3,0,0,0,8,0,0,1,2,0,0,0,0,0,0,1,0,0,0,0,0,-1,0,0,0,0,0,0,0,0,0,0,0,0,0,0,0,0,0
00033713,29,10,0,0,3,6,0,0,0,0,0,0,0,0,0,1,0,0,0,0,0,0,2,0,28,11,0,0,3,6,0,0,0,0,0,0,0,0,0,1,0,0,0,0,0,0,2,0,1,-1,0,0,0,0,0,0,0,0,0,0,0,0,0,0,0,0,0,0,0,0,0,0
00033714,20,1,0,0,0,0,0,0,0,0,0,4,0,0,0,0,0,0,0,0,0,0,2,0,18,3,0,0,0,0,0,0,0,0,0,4,0,0,0,0,0,0,0,0,0,0,2,0,2,-2,0,0,0,0,0,0,0,0,0,0,0,0,0,0,0,0,0,0,0,0,0,0
00033717,23,1,0,0,0,0,0,0,0,0,0,0,5,0,0,0,0,0,0,8,0,0,0,0,21,3,0,0,0,0,0,0,0,0,0,0,5,0,0,0,0,0,0,8,0,0,0,0,2,-2,0,0,0,0,0,0,0,0,0,0,0,0,0,0,0,0,0,0,0,0,0,0
00033800,18,0,0,0,4,0,0,3,1,0,0,0,0,0,0,0,0,0,0,0,0,3,0,0,17,0,0,0,4,0,0,3,2,0,0,0,0,0,0,0,0,0,0,0,0,3,0,0,1,0,0,0,0,0,0,0,-1,0,0,0,0,0,0,0,0,0,0,0,0,0,0,0
00033830,22,1,0,0,0,0,0,0,0,0,0,4,0,0,0,0,1,0,0,0,5,0,0,0,20,3,0,0,0,0,0,0,0,0,0,4,0,0,0,0,1,0,0,0,5,0,0,0,2,-2,0,0,0,0,0,0,0,0,0,0,0,0,0,0,0,0,0,0,0,0,0,0
00033861,16,0,0,0,0,0,0,3,1,0,0,0,5,0,0,0,0,0,0,0,0,0,2,0,15,0,0,0,0,0,0,3,2,0,0,0,5,0,0,0,0,0,0,0,0,0,2,0,1,0,0,0,0,0,0,0,-1,0,0,0,0,0,0,0,0,0,0,0,0,0,0,0
00033902,20,2,0,0,0,0,0,0,0,0,0,4,0,4,0,0,0,0,0,0,0,0,0,0,19,3,0,0,0,0,0,0,0,0,0,4,0,4,0,0,0,0,0,0,0,0,0,0,1,-1,0,0,0,0,0,0,0,0,0,0,0,0,0,0,0,0,0,0,0,0,0,0
00033918,36,0,0,0,0,0,0,0,0,0,1,0,0,0,0,0,0,0,0,4,5,0,0,0,35,0,0,0,0,0,0,0,0,0,2,0,0,0,0,0,0,0,0,4,5,0,0,0,1,0,0,0,0,0,0,0,0,0,-1,0,0,0,0,0,0,0,0,0,0,0,0,0
00033958,18,0,0,4,0,0,0,0,1,0,0,0,0,0,0,0,0,0,0,0,0,3,0,0,17,0,0,4,0,0,0,0,2,0,0,0,0,0,0,0,0,0,0,0,0,3,0,0,1,0,0,0,0,0,0,0,-1,0,0,0,0,0,0,0,0,0,0,0,0,0,0,0
00033960,31,0,0,0,3,0,0,0,1,0,0,0,0,0,7,0,0,0,0,0,0,0,0,0,30,0,0,0,3,0,0,0,2,0,0,0,0,0,7,0,0,0,0,0,0,0,0,0,1,0,0,0,0,0,0,0,-1,0,0,0,0,0,0,0,0,0,0,0,0,0,0,0
00033999,16,3,0,0,0,0,2,0,0,2,2,0,0,0,0,0,0,0,0,0,0,0,0,0,15,3,0,0,0,0,2,0,0,3,2,0,0,0,0,0,0,0,0,0,0,0,0,0,1,0,0,0,0,0,0,0,0,-1,0,0,0,0,0,0,0,0,0,0,0,0,0,0
00034058,16,3,0,0,0,0,0,3,0,0,1,4,0,0,0,0,0,0,0,0,0,0,0,0,15,3,0,0,0,0,0,3,0,0,2,4,0,0,0,0,0,0,0,0,0,0,0,0,1,0,0,0,0,0,0,0,0,0,-1,0,0,0,0,0,0,0,0,0,0,0,0,0
00034064,20,0,0,0,0,0,0,0,0,3,0,0,0,0,0,0,0,0,0,0,0,0,2,0,18,0,0,0,0,0,0,0,2,3,0,0,0,0,0,0,0,0,0,0,0,0,2,0,2,0,0,0,0,0,0,0,-2,0,0,0,0,0,0,0,0,0,0,0,0,0,0,0
00034109,24,1,2,0,0,0,2,0,0,0,2,0,0,0,0,0,0,0,4,0,0,0,0,0,22,3,2,0,0,0,2,0,0,0,2,0,0,0,0,0,0,0,4,0,0,0,0,0,2,-2,0,0,0,0,0,0,0,0,0,0,0,0,0,0,0,0,0,0,0,0,0,0
00034167,22,1,0,0,0,6,0,3,0,0,1,0,0,0,0,0,0,0,0,0,0,0,0,0,19,3,0,0,0,6,0,3,0,0,2,0,0,0,0,0,0,0,0,0,0,0,0,0,3,-2,0,0,0,0,0,0,0,0,-1,0,0,0,0,0,0,0,0,0,0,0,0,0
00034214,21,0,0,0,0,6,1,1,4,0,0,4,0,0,0,0,0,2,0,0,0,0,0,0,18,0,0,0,0,6,2,3,4,0,0,4,0,0,0,0,0,2,0,0,0,0,0,0,3,0,0,0,0,0,-1,-2,0,0,0,0,0,0,0,0,0,0,0,0,0,0,0,0
00034438,14,3,0,0,0,0,0,0,1,0,0,5,0,0,0,0,1,0,0,0,0,0,0,0,13,3,0,0,0,0,0,0,2,0,0,5,0,0,0,0,1,0,0,0,0,0,0,0,1,0,0,0,0,0,0,0,-1,0,0,0,0,0,0,0,0,0,0,0,0,0,0,0
00034494,18,0,0,0,3,0,0,2,0,0,0,4,0,0,0,0,0,0,0,0,0,0,0,0,17,0,0,0,3,0,0,3,0,0,0,4,0,0,0,0,0,0,0,0,0,0,0,0,1,0,0,0,0,0,0,-1,0,0,0,0,0,0,0,0,0,0,0,0,0,0,0,0
00034744,29,9,1,0,0,0,0,0,0,0,2,4,0,0,0,0,0,0,0,0,5,3,0,0,28,9,2,0,0,0,0,0,0,0,2,4,0,0,0,0,0,0,0,0,5,3,0,0,1,0,-1,0,0,0,0,0,0,0,0,0,0,0,0,0,0,0,0,0,0,0,0,0
00034955,26,0,0,0,0,0,1,3,0,3,0,0,0,0,0,0,0,0,0,0,0,0,0,0,25,0,0,0,0,0,2,3,0,3,0,0,0,0,0,0,0,0,0,0,0,0,0,0,1,0,0,0,0,0,-1,0,0,0,0,0,0,0,0,0,0,0,0,0,0,0,0,0
00034960,13,0,0,4,0,0,0,0,0,2,0,0,5,0,0,0,0,0,4,0,0,0,0,0,12,0,0,4,0,0,0,0,0,3,0,0,5,0,0,0,0,0,4,0,0,0,0,0,1,0,0,0,0,0,0,0,0,-1,0,0,0,0,0,0,0,0,0,0,0,0,0,0
00034977,5,0,0,0,0,6,0,0,0,0,0,0,14,0,0,0,0,0,0,0,0,0,0,0,3,0,0,0,0,7,0,0,0,0,0,0,15,0,0,0,0,0,0,0,0,0,0,0,2,0,0,0,0,-1,0,0,0,0,0,0,-1,0,0,0,0,0,0,0,0,0,0,0
00035004,15,0,2,0,10,0,1,0,0,0,0,0,0,0,0,0,0,3,0,0,0,0,0,0,14,0,2,0,10,0,2,0,0,0,0,0,0,0,0,0,0,3,0,0,0,0,0,0,1,0,0,0,0,0,-1,0,0,0,0,0,0,0,0,0,0,0,0,0,0,0,0,0
00035022,12,0,0,0,0,0,0,0,0,0,0,3,0,0,0,1,1,0,0,0,0,0,2,0,11,0,0,0,0,0,0,0,0,0,0,4,0,0,0,1,1,0,0,0,0,0,2,0,1,0,0,0,0,0,0,0,0,0,0,-1,0,0,0,0,0,0,0,0,0,0,0,0
00035047,17,3,0,0,0,13,0,0,0,2,0,4,0,0,0,0,0,0,0,0,0,0,0,0,16,3,0,0,0,13,0,0,0,3,0,4,0,0,0,0,0,0,0,0,0,0,0,0,1,0,0,0,0,0,0,0,0,-1,0,0,0,0,0,0,0,0,0,0,0,0,0,0
00035063,28,0,0,0,0,0,3,4,3,0,0,0,0,0,0,0,0,0,0,0,0,0,0,0,24,0,0,0,0,0,6,4,4,0,0,0,0,0,0,0,0,0,0,0,0,0,0,0,4,0,0,0,0,0,-3,0,-1,0,0,0,0,0,0,0,0,0,0,0,0,0,0,0
00035161,26,0,0,4,0,0,0,1,0,0,0,0,0,0,0,0,1,0,0,0,0,0,0,0,24,0,0,4,0,0,0,3,0,0,0,0,0,0,0,0,1,0,0,0,0,0,0,0,2,0,0,0,0,0,0,-2,0,0,0,0,0,0,0,0,0,0,0,0,0,0,0,0
00035209,23,1,2,8,0,0,0,0,0,0,0,0,0,0,0,0,0,0,0,0,0,0,0,0,21,3,2,8,0,0,0,0,0,0,0,0,0,0,0,0,0,0,0,0,0,0,0,0,2,-2,0,0,0,0,0,0,0,0,0,0,0,0,0,0,0,0,0,0,0,0,0,0
00035260,18,3,0,4,0,0,0,0,1,0,0,4,0,0,0,0,0,0,0,0,0,0,0,0,17,3,0,4,0,0,0,0,2,0,0,4,0,0,0,0,0,0,0,0,0,0,0,0,1,0,0,0,0,0,0,0,-1,0,0,0,0,0,0,0,0,0,0,0,0,0,0,0
00035261,19,0,0,0,0,0,0,1,4,0,0,4,0,0,0,0,0,0,0,0,5,0,0,0,17,0,0,0,0,0,0,3,4,0,0,4,0,0,0,0,0,0,0,0,5,0,0,0,2,0,0,0,0,0,0,-2,0,0,0,0,0,0,0,0,0,0,0,0,0,0,0,0
00035308,20,0,0,0,3,0,0,0,0,0,0,3,0,0,0,0,2,0,0,0,0,0,0,0,19,0,0,0,3,0,0,0,0,0,0,4,0,0,0,0,2,0,0,0,0,0,0,0,1,0,0,0,0,0,0,0,0,0,0,-1,0,0,0,0,0,0,0,0,0,0,0,0
00035382,20,2,0,0,0,6,0,0,0,3,0,0,0,0,0,0,0,0,0,0,0,0,0,0,19,3,0,0,0,6,0,0,0,3,0,0,0,0,0,0,0,0,0,0,0,0,0,0,1,-1,0,0,0,0,0,0,0,0,0,0,0,0,0,0,0,0,0,0,0,0,0,0
00035390,16,1,2,0,0,0,0,0,0,0,0,0,0,0,0,0,0,0,0,0,10,0,0,0,14,3,2,0,0,0,0,0,0,0,0,0,0,0,0,0,0,0,0,0,10,0,0,0,2,-2,0,0,0,0,0,0,0,0,0,0,0,0,0,0,0,0,0,0,0,0,0,0
00035492,20,0,0,0,0,0,0,0,0,2,0,0,5,0,0,0,0,0,0,0,0,6,0,0,19,0,0,0,0,0,0,0,0,3,0,0,5,0,0,0,0,0,0,0,0,6,0,0,1,0,0,0,0,0,0,0,0,-1,0,0,0,0,0,0,0,0,0,0,0,0,0,0
00035516,20,1,0,0,0,0,0,0,0,4,0,8,0,0,0,0,1,0,0,4,0,0,0,0,18,3,0,0,0,0,0,0,0,4,0,8,0,0,0,0,1,0,0,4,0,0,0,0,2,-2,0,0,0,0,0,0,0,0,0,0,0,0,0,0,0,0,0,0,0,0,0,0
00035526,26,0,0,0,3,0,0,5,1,0,3,0,0,0,0,0,0,0,0,0,0,0,0,0,23,0,0,0,3,0,0,6,2,0,4,0,0,0,0,0,0,0,0,0,0,0,0,0,3,0,0,0,0,0,0,-1,-1,0,-1,0,0,0,0,0,0,0,0,0,0,0,0,0
00035531,9,0,0,0,0,0,0,3,0,0,1,0,5,0,0,0,0,0,0,0,5,0,0,0,8,0,0,0,0,0,0,3,0,0,2,0,5,0,0,0,0,0,0,0,5,0,0,0,1,0,0,0,0,0,0,0,0,0,-1,0,0,0,0,0,0,0,0,0,0,0,0,0
00035623,22,0,0,0,0,0,0,0,0,0,1,0,0,4,0,1,0,0,0,0,5,0,0,0,21,0,0,0,0,0,0,0,0,0,2,0,0,4,0,1,0,0,0,0,5,0,0,0,1,0,0,0,0,0,0,0,0,0,-1,0,0,0,0,0,0,0,0,0,0,0,0,0
00035718,13,0,0,0,0,0,0,0,1,0,0,4,0,0,7,0,0,0,4,0,0,0,2,0,12,0,0,0,0,0,0,0,2,0,0,4,0,0,7,0,0,0,4,0,0,0,2,0,1,0,0,0,0,0,0,0,-1,0,0,0,0,0,0,0,0,0,0,0,0,0,0,0
00035728,22,1,0,4,0,0,0,0,0,0,0,0,0,0,0,0,0,0,0,0,0,3,0,0,20,3,0,4,0,0,0,0,0,0,0,0,0,0,0,0,0,0,0,0,0,3,0,0,2,-2,0,0,0,0,0,0,0,0,0,0,0,0,0,0,0,0,0,0,0,0,0,0
00035739,31,1,2,0,0,0,0,0,0,0,0,0,0,4,0,0,1,0,0,0,0,0,0,0,29,3,2,0,0,0,0,0,0,0,0,0,0,4,0,0,1,0,0,0,0,0,0,0,2,-2,0,0,0,0,0,0,0,0,0,0,0,0,0,0,0,0,0,0,0,0,0,0
00035770,25,1,0,0,3,0,2,0,3,0,0,0,0,0,0,0,1,0,0,0,0,0,0,0,23,3,0,0,3,0,2,0,3,0,0,0,0,0,0,0,1,0,0,0,0,0,0,0,2,-2,0,0,0,0,0,0,0,0,0,0,0,0,0,0,0,0,0,0,0,0,0,0
00035807,20,0,0,0,0,6,1,0,0,3,0,0,0,0,0,0,0,0,0,0,5,0,0,0,19,0,0,0,0,6,2,0,0,3,0,0,0,0,0,0,0,0,0,0,5,0,0,0,1,0,0,0,0,0,-1,0,0,0,0,0,0,0,0,0,0,0,0,0,0,0,0,0
00035811,24,0,0,0,0,0,1,0,0,0,0,0,0,0,7,1,0,0,0,0,5,0,0,0,23,0,0,0,0,0,2,0,0,0,0,0,0,0,7,1,0,0,0,0,5,0,0,0,1,0,0,0,0,0,-1,0,0,0,0,0,0,0,0,0,0,0,0,0,0,0,0,0
00035838,4,0,0,0,0,0,0,0,0,0,0,0,9,0,0,0,1,0,0,0,0,0,2,0,3,0,0,0,0,0,0,0,0,0,0,0,10,0,0,0,1,0,0,0,0,0,2,0,1,0,0,0,0,0,0,0,0,0,0,0,-1,0,0,0,0,0,0,0,0,0,0,0
00035939,18,0,0,0,0,0,0,0,1,0,0,0,0,4,0,0,0,0,0,0,10,0,0,0,17,0,0,0,0,0,0,0,2,0,0,0,0,4,0,0,0,0,0,0,10,0,0,0,1,0,0,0,0,0,0,0,-1,0,0,0,0,0,0,0,0,0,0,0,0,0,0,0
00036043,15,2,0,0,3,0,0,0,0,0,2,0,0,0,0,0,0,0,0,0,0,0,0,0,14,3,0,0,3,0,0,0,0,0,2,0,0,0,0,0,0,0,0,0,0,0,0,0,1,-1,0,0,0,0,0,0,0,0,0,0,0,0,0,0,0,0,0,0,0,0,0,0
00036058,8,3,0,0,0,6,0,0,2,0,3,0,0,0,0,0,0,0,0,0,0,0,0,0,7,3,0,0,0,6,0,0,2,0,4,0,0,0,0,0,0,0,0,0,0,0,0,0,1,0,0,0,0,0,0,0,0,0,-1,0,0,0,0,0,0,0,0,0,0,0,0,0
00036102,16,0,0,4,3,0,0,0,1,0,0,0,5,0,0,0,0,0,0,0,0,0,0,0,15,0,0,4,3,0,0,0,2,0,0,0,5,0,0,0,0,0,0,0,0,0,0,0,1,0,0,0,0,0,0,0,-1,0,0,0,0,0,0,0,0,0,0,0,0,0,0,0
00036119,14,0,0,0,0,6,1,0,0,0,0,0,5,0,0,0,0,0,0,0,0,0,0,0,13,0,0,0,0,6,2,0,0,0,0,0,5,0,0,0,0,0,0,0,0,0,0,0,1,0,0,0,0,0,-1,0,0,0,0,0,0,0,0,0,0,0,0,0,0,0,0,0
00036197,22,1,0,4,0,0,0,3,0,0,0,4,0,0,0,0,0,0,0,0,0,0,0,0,20,3,0,4,0,0,0,3,0,0,0,4,0,0,0,0,0,0,0,0,0,0,0,0,2,-2,0,0,0,0,0,0,0,0,0,0,0,0,0,0,0,0,0,0,0,0,0,0
00036246,20,1,0,4,3,0,0,0,2,0,0,0,0,0,0,0,0,0,0,0,0,0,0,0,18,3,0,4,3,0,0,0,2,0,0,0,0,0,0,0,0,0,0,0,0,0,0,0,2,-2,0,0,0,0,0,0,0,0,0,0,0,0,0,0,0,0,0,0,0,0,0,0
00036360,11,1,2,0,0,6,0,0,0,0,0,0,0,0,0,0,0,2,0,0,0,3,0,0,9,3,2,0,0,6,0,0,0,0,0,0,0,0,0,0,0,2,0,0,0,3,0,0,2,-2,0,0,0,0,0,0,0,0,0,0,0,0,0,0,0,0,0,0,0,0,0,0
00036369,19,0,0,0,0,0,1,0,0,0,0,4,5,0,0,0,0,0,0,4,0,0,0,0,18,0,0,0,0,0,2,0,0,0,0,4,5,0,0,0,0,0,0,4,0,0,0,0,1,0,0,0,0,0,-1,0,0,0,0,0,0,0,0,0,0,0,0,0,0,0,0,0
00036411,22,0,0,4,0,0,2,0,1,0,0,0,0,0,0,0,0,2,0,0,0,0,0,0,21,0,0,4,0,0,2,0,2,0,0,0,0,0,0,0,0,2,0,0,0,0,0,0,1,0,0,0,0,0,0,0,-1,0,0,0,0,0,0,0,0,0,0,0,0,0,0,0
00036462,19,2,0,0,0,0,0,0,0,0,0,0,0,4,0,0,0,0,0,0,0,3,0,0,18,3,0,0,0,0,0,0,0,0,0,0,0,4,0,0,0,0,0,0,0,3,0,0,1,-1,0,0,0,0,0,0,0,0,0,0,0,0,0,0,0,0,0,0,0,0,0,0
00036489,11,0,0,0,0,0,3,3,0,0,0,0,0,0,0,0,0,0,0,0,0,0,0,0,7,0,0,0,0,0,4,6,0,0,0,0,0,0,0,0,0,0,0,0,0,0,0,0,4,0,0,0,0,0,-1,-3,0,0,0,0,0,0,0,0,0,0,0,0,0,0,0,0
00036522,30,1,0,4,0,0,0,0,0,0,0,0,0,4,0,0,1,0,0,4,0,0,0,0,28,3,0,4,0,0,0,0,0,0,0,0,0,4,0,0,1,0,0,4,0,0,0,0,2,-2,0,0,0,0,0,0,0,0,0,0,0,0,0,0,0,0,0,0,0,0,0,0
00036551,15,4,0,4,0,0,0,1,0,0,0,0,0,0,0,1,1,0,0,0,0,0,0,0,13,4,0,4,0,0,0,3,0,0,0,0,0,0,0,1,1,0,0,0,0,0,0,0,2,0,0,0,0,0,0,-2,0,0,0,0,0,0,0,0,0,0,0,0,0,0,0,0
00036582,19,0,0,0,0,0,1,0,1,0,0,0,0,0,0,0,0,0,0,0,5,0,2,0,17,0,0,0,0,0,2,0,2,0,0,0,0,0,0,0,0,0,0,0,5,0,2,0,2,0,0,0,0,0,-1,0,-1,0,0,0,0,0,0,0,0,0,0,0,0,0,0,0
00036617,20,3,0,0,0,0,1,0,0,0,0,4,0,0,0,0,0,0,0,0,0,0,0,0,19,3,0,0,0,0,2,0,0,0,0,4,0,0,0,0,0,0,0,0,0,0,0,0,1,0,0,0,0,0,-1,0,0,0,0,0,0,0,0,0,0,0,0,0,0,0,0,0
00036714,20,0,0,4,0,0,2,0,0,0,0,4,0,0,0,0,0,3,0,0,0,0,0,0,17,0,2,4,0,0,2,0,0,0,0,5,0,0,0,0,0,3,0,0,0,0,0,0,3,0,-2,0,0,0,0,0,0,0,0,-1,0,0,0,0,0,0,0,0,0,0,0,0
00036826,30,0,0,4,0,0,0,0,1,0,0,0,0,0,0,0,0,3,0,0,0,0,0,0,29,0,0,4,0,0,0,0,2,0,0,0,0,0,0,0,0,3,0,0,0,0,0,0,1,0,0,0,0,0,0,0,-1,0,0,0,0,0,0,0,0,0,0,0,0,0,0,0
00036885,14,0,0,0,4,0,0,3,0,0,2,11,0,0,0,0,0,0,4,0,0,0,0,0,12,0,0,0,4,0,0,3,0,0,2,13,0,0,0,0,0,0,4,0,0,0,0,0,2,0,0,0,0,0,0,0,0,0,0,-2,0,0,0,0,0,0,0,0,0,0,0,0
00037018,25,1,0,0,0,6,0,0,0,3,2,0,0,0,0,0,0,2,0,0,0,0,0,0,23,3,0,0,0,6,0,0,0,3,2,0,0,0,0,0,0,2,0,0,0,0,0,0,2,-2,0,0,0,0,0,0,0,0,0,0,0,0,0,0,0,0,0,0,0,0,0,0
00037019,7,0,0,8,0,0,0,0,0,0,0,0,9,0,0,0,0,0,0,0,0,0,0,0,6,0,0,8,0,0,0,0,0,0,0,0,10,0,0,0,0,0,0,0,0,0,0,0,1,0,0,0,0,0,0,0,0,0,0,0,-1,0,0,0,0,0,0,0,0,0,0,0
00037040,21,0,1,0,0,0,0,3,2,0,0,0,0,0,0,0,1,0,0,0,0,0,0,0,20,0,2,0,0,0,0,3,2,0,0,0,0,0,0,0,1,0,0,0,0,0,0,0,1,0,-1,0,0,0,0,0,0,0,0,0,0,0,0,0,0,0,0,0,0,0,0,0
00037096,27,1,0,0,0,6,0,3,0,3,0,0,0,0,0,0,0,0,0,0,0,0,0,0,25,3,0,0,0,6,0,3,0,3,0,0,0,0,0,0,0,0,0,0,0,0,0,0,2,-2,0,0,0,0,0,0,0,0,0,0,0,0,0,0,0,0,0,0,0,0,0,0
00037125,15,0,0,0,3,0,0,1,0,0,0,8,0,0,0,0,0,0,0,0,0,0,0,0,13,0,0,0,3,0,0,3,0,0,0,8,0,0,0,0,0,0,0,0,0,0,0,0,2,0,0,0,0,0,0,-2,0,0,0,0,0,0,0,0,0,0,0,0,0,0,0,0
00037196,16,3,0,0,3,0,0,0,0,0,3,0,0,0,0,0,0,0,0,0,0,0,0,0,15,3,0,0,3,0,0,0,0,0,4,0,0,0,0,0,0,0,0,0,0,0,0,0,1,0,0,0,0,0,0,0,0,0,-1,0,0,0,0,0,0,0,0,0,0,0,0,0
00037258,10,6,2,0,0,0,0,0,0,0,0,7,0,0,0,0,0,0,0,0,5,0,2,0,9,6,2,0,0,0,0,0,0,0,0,8,0,0,0,0,0,0,0,0,5,0,2,0,1,0,0,0,0,0,0,0,0,0,0,-1,0,0,0,0,0,0,0,0,0,0,0,0
00037262,23,0,0,0,0,0,1,0,2,0,0,5,0,5,0,0,0,0,0,0,0,3,0,0,22,0,0,0,0,0,2,0,2,0,0,5,0,5,0,0,0,0,0,0,0,3,0,0,1,0,0,0,0,0,-1,0,0,0,0,0,0,0,0,0,0,0,0,0,0,0,0,0
00037314,26,0,0,0,3,0,1,0,1,0,0,8,0,0,0,0,0,0,0,0,0,0,0,0,24,0,0,0,3,0,2,0,2,0,0,8,0,0,0,0,0,0,0,0,0,0,0,0,2,0,0,0,0,0,-1,0,-1,0,0,0,0,0,0,0,0,0,0,0,0,0,0,0
00037388,30,1,0,0,0,6,0,0,0,0,0,0,0,0,0,0,0,0,0,0,0,0,2,0,28,3,0,0,0,6,0,0,0,0,0,0,0,0,0,0,0,0,0,0,0,0,2,0,2,-2,0,0,0,0,0,0,0,0,0,0,0,0,0,0,0,0,0,0,0,0,0,0
00037489,17,0,0,8,0,0,0,3,0,0,3,0,0,0,0,0,0,0,0,0,0,0,0,0,16,0,0,8,0,0,0,3,0,0,4,0,0,0,0,0,0,0,0,0,0,0,0,0,1,0,0,0,0,0,0,0,0,0,-1,0,0,0,0,0,0,0,0,0,0,0,0,0
00037511,36,4,0,0,0,0,0,0,0,0,0,0,0,0,0,0,0,0,4,0,0,0,0,0,34,6,0,0,0,0,0,0,0,0,0,0,0,0,0,0,0,0,4,0,0,0,0,0,2,-2,0,0,0,0,0,0,0,0,0,0,0,0,0,0,0,0,0,0,0,0,0,0
00037543,29,1,0,0,0,0,0,0,2,0,0,0,0,0,0,0,1,2,0,0,0,0,0,0,27,3,0,0,0,0,0,0,2,0,0,0,0,0,0,0,1,2,0,0,0,0,0,0,2,-2,0,0,0,0,0,0,0,0,0,0,0,0,0,0,0,0,0,0,0,0,0,0
00037581,17,3,0,0,0,0,0,0,0,3,0,4,0,0,0,0,0,0,4,0,0,0,0,0,16,4,0,0,0,0,0,0,0,3,0,4,0,0,0,0,0,0,4,0,0,0,0,0,1,-1,0,0,0,0,0,0,0,0,0,0,0,0,0,0,0,0,0,0,0,0,0,0
00037610,28,0,0,8,0,0,6,0,0,0,0,0,0,0,0,0,0,0,0,0,0,3,0,0,27,0,0,8,0,0,7,0,0,0,0,0,0,0,0,0,0,0,0,0,0,3,0,0,1,0,0,0,0,0,-1,0,0,0,0,0,0,0,0,0,0,0,0,0,0,0,0,0
00037612,37,1,0,0,0,0,0,3,2,0,0,0,0,4,0,0,0,0,0,0,0,0,0,0,35,3,0,0,0,0,0,3,2,0,0,0,0,4,0,0,0,0,0,0,0,0,0,0,2,-2,0,0,0,0,0,0,0,0,0,0,0,0,0,0,0,0,0,0,0,0,0,0
00037663,12,0,0,0,0,0,0,0,1,0,0,0,5,0,0,0,0,2,4,0,0,0,0,0,11,0,0,0,0,0,0,0,2,0,0,0,5,0,0,0,0,2,4,0,0,0,0,0,1,0,0,0,0,0,0,0,-1,0,0,0,0,0,0,0,0,0,0,0,0,0,0,0
00037681,22,0,0,0,0,0,0,0,1,0,0,4,5,0,0,0,0,0,0,0,0,0,0,0,21,0,0,0,0,0,0,0,2,0,0,4,5,0,0,0,0,0,0,0,0,0,0,0,1,0,0,0,0,0,0,0,-1,0,0,0,0,0,0,0,0,0,0,0,0,0,0,0
00037695,8,0,2,0,0,0,0,0,0,0,0,0,0,0,0,0,2,0,0,4,0,0,0,0,7,0,2,0,0,0,0,0,0,0,0,0,0,0,0,0,3,0,0,4,0,0,0,0,1,0,0,0,0,0,0,0,0,0,0,0,0,0,0,0,-1,0,0,0,0,0,0,0
00037727,31,1,0,0,0,0,2,0,0,0,0,0,0,0,0,0,0,2,0,0,0,0,2,0,29,3,0,0,0,0,2,0,0,0,0,0,0,0,0,0,0,2,0,0,0,0,2,0,2,-2,0,0,0,0,0,0,0,0,0,0,0,0,0,0,0,0,0,0,0,0,0,0
00037804,30,2,2,0,0,0,0,0,0,0,0,0,0,0,0,0,1,0,0,4,0,0,0,0,29,3,2,0,0,0,0,0,0,0,0,0,0,0,0,0,1,0,0,4,0,0,0,0,1,-1,0,0,0,0,0,0,0,0,0,0,0,0,0,0,0,0,0,0,0,0,0,0
00037835,28,0,0,0,0,0,0,0,0,0,0,7,0,0,0,0,0,0,4,0,0,0,0,0,27,0,0,0,0,0,0,0,0,0,0,8,0,0,0,0,0,0,4,0,0,0,0,0,1,0,0,0,0,0,0,0,0,0,0,-1,0,0,0,0,0,0,0,0,0,0,0,0
00037890,24,1,0,0,0,0,0,0,0,0,0,4,0,0,0,0,1,0,4,0,0,0,0,0,22,3,0,0,0,0,0,0,0,0,0,4,0,0,0,0,1,0,4,0,0,0,0,0,2,-2,0,0,0,0,0,0,0,0,0,0,0,0,0,0,0,0,0,0,0,0,0,0
00037927,13,0,0,4,0,19,0,2,0,0,0,0,0,0,0,0,0,2,0,0,0,0,0,0,12,0,0,4,0,19,0,3,0,0,0,0,0,0,0,0,0,2,0,0,0,0,0,0,1,0,0,0,0,0,0,-1,0,0,0,0,0,0,0,0,0,0,0,0,0,0,0,0
00038153,19,3,0,0,0,0,0,3,2,0,0,4,0,0,0,0,0,0,0,3,0,0,0,0,18,3,0,0,0,0,0,3,2,0,0,4,0,0,0,0,0,0,0,4,0,0,0,0,1,0,0,0,0,0,0,0,0,0,0,0,0,0,0,0,0,0,0,-1,0,0,0,0
00038170,18,0,0,0,0,0,7,0,1,0,0,0,0,0,7,0,0,0,0,0,0,0,0,0,16,0,0,0,0,0,8,0,2,0,0,0,0,0,7,0,0,0,0,0,0,0,0,0,2,0,0,0,0,0,-1,0,-1,0,0,0,0,0,0,0,0,0,0,0,0,0,0,0
00038202,25,0,1,0,0,0,4,0,0,2,0,0,0,0,0,0,0,0,0,0,0,0,0,0,23,0,2,0,0,0,4,0,0,3,0,0,0,0,0,0,0,0,0,0,0,0,0,0,2,0,-1,0,0,0,0,0,0,-1,0,0,0,0,0,0,0,0,0,0,0,0,0,0
00038301,21,0,0,0,0,0,0,0,0,0,1,0,5,0,0,0,0,2,0,0,0,0,2,0,20,0,0,0,0,0,0,0,0,0,2,0,5,0,0,0,0,2,0,0,0,0,2,0,1,0,0,0,0,0,0,0,0,0,-1,0,0,0,0,0,0,0,0,0,0,0,0,0
00038324,28,0,0,0,0,0,2,1,0,0,6,0,0,0,0,0,0,0,0,0,0,0,0,0,26,0,0,0,0,0,2,3,0,0,6,0,0,0,0,0,0,0,0,0,0,0,0,0,2,0,0,0,0,0,0,-2,0,0,0,0,0,0,0,0,0,0,0,0,0,0,0,0
00038383,30,0,0,0,3,0,0,2,0,0,0,0,0,0,0,0,0,0,4,0,0,0,0,0,29,0,0,0,3,0,0,3,0,0,0,0,0,0,0,0,0,0,4,0,0,0,0,0,1,0,0,0,0,0,0,-1,0,0,0,0,0,0,0,0,0,0,0,0,0,0,0,0
00038429,10,2,0,0,3,0,0,3,2,0,0,0,0,0,0,0,0,0,0,0,0,0,0,0,9,3,0,0,3,0,0,3,2,0,0,0,0,0,0,0,0,0,0,0,0,0,0,0,1,-1,0,0,0,0,0,0,0,0,0,0,0,0,0,0,0,0,0,0,0,0,0,0
00038499,21,0,0,0,0,0,0,0,0,0,1,8,0,0,0,0,0,0,0,0,5,0,0,0,20,0,0,0,0,0,0,0,0,0,2,8,0,0,0,0,0,0,0,0,5,0,0,0,1,0,0,0,0,0,0,0,0,0,-1,0,0,0,0,0,0,0,0,0,0,0,0,0
00038521,19,0,0,0,0,0,0,0,1,0,0,0,5,0,0,0,0,0,0,4,0,0,0,0,18,0,0,0,0,0,0,0,2,0,0,0,5,0,0,0,0,0,0,4,0,0,0,0,1,0,0,0,0,0,0,0,-1,0,0,0,0,0,0,0,0,0,0,0,0,0,0,0
00038625,14,3,0,0,0,0,0,0,1,0,0,4,5,0,0,0,0,0,0,0,0,0,0,0,13,3,0,0,0,0,0,0,2,0,0,4,5,0,0,0,0,0,0,0,0,0,0,0,1,0,0,0,0,0,0,0,-1,0,0,0,0,0,0,0,0,0,0,0,0,0,0,0
00038723,12,0,0,0,3,0,0,0,2,0,0,0,0,0,7,0,0,0,0,0,0,0,0,0,11,0,0,0,3,0,0,0,3,0,0,0,0,0,7,0,0,0,0,0,0,0,0,0,1,0,0,0,0,0,0,0,-1,0,0,0,0,0,0,0,0,0,0,0,0,0,0,0
00038748,24,6,7,0,0,0,0,0,0,0,0,0,0,0,0,0,0,0,0,0,0,0,0,0,23,6,8,0,0,0,0,0,0,0,0,0,0,0,0,0,0,0,0,0,0,0,0,0,1,0,-1,0,0,0,0,0,0,0,0,0,0,0,0,0,0,0,0,0,0,0,0,0
00038762,16,0,0,0,0,6,0,0,0,0,0,3,0,0,7,0,0,0,0,0,0,0,0,0,15,0,0,0,0,6,0,0,0,0,0,4,0,0,7,0,0,0,0,0,0,0,0,0,1,0,0,0,0,0,0,0,0,0,0,-1,0,0,0,0,0,0,0,0,0,0,0,0
00038779,20,1,4,0,0,6,0,0,0,0,0,0,0,0,0,0,0,0,0,0,0,0,0,0,18,3,4,0,0,6,0,0,0,0,0,0,0,0,0,0,0,0,0,0,0,0,0,0,2,-2,0,0,0,0,0,0,0,0,0,0,0,0,0,0,0,0,0,0,0,0,0,0
00038780,9,0,0,0,0,0,0,3,0,0,1,0,0,0,7,0,0,0,0,0,0,0,0,0,8,0,0,0,0,0,0,3,0,0,2,0,0,0,7,0,0,0,0,0,0,0,0,0,1,0,0,0,0,0,0,0,0,0,-1,0,0,0,0,0,0,0,0,0,0,0,0,0
00038849,9,0,0,0,0,6,0,0,0,0,0,0,4,0,0,0,1,0,0,0,0,0,0,0,3,0,0,0,0,6,0,0,0,0,0,0,7,0,0,0,4,0,0,0,0,0,0,0,6,0,0,0,0,0,0,0,0,0,0,0,-3,0,0,0,-3,0,0,0,0,0,0,0
00038857,28,2,0,0,0,6,0,0,0,0,2,0,0,0,0,0,0,0,0,4,0,3,0,0,27,3,0,0,0,6,0,0,0,0,2,0,0,0,0,0,0,0,0,4,0,3,0,0,1,-1,0,0,0,0,0,0,0,0,0,0,0,0,0,0,0,0,0,0,0,0,0,0
00038871,21,2,0,0,0,0,0,0,0,3,0,0,0,0,0,0,0,0,0,8,0,0,0,0,20,3,0,0,0,0,0,0,0,3,0,0,0,0,0,0,0,0,0,8,0,0,0,0,1,-1,0,0,0,0,0,0,0,0,0,0,0,0,0,0,0,0,0,0,0,0,0,0
00039003,25,0,2,4,0,0,1,0,0,0,0,4,0,0,0,0,0,0,0,0,0,0,0,0,24,0,2,4,0,0,2,0,0,0,0,4,0,0,0,0,0,0,0,0,0,0,0,0,1,0,0,0,0,0,-1,0,0,0,0,0,0,0,0,0,0,0,0,0,0,0,0,0
00039064,13,0,0,0,0,0,0,3,2,0,1,0,0,0,0,0,0,0,0,0,0,0,0,0,12,0,0,0,0,0,0,3,2,0,2,0,0,0,0,0,0,0,0,0,0,0,0,0,1,0,0,0,0,0,0,0,0,0,-1,0,0,0,0,0,0,0,0,0,0,0,0,0
00039069,14,0,0,0,3,0,0,0,3,0,0,0,0,0,0,0,0,0,0,0,0,0,2,0,13,0,0,0,3,0,0,0,4,0,0,0,0,0,0,0,0,0,0,0,0,0,2,0,1,0,0,0,0,0,0,0,-1,0,0,0,0,0,0,0,0,0,0,0,0,0,0,0
00039079,12,0,0,0,0,0,0,0,0,2,0,0,0,0,0,1,0,4,0,0,0,0,0,1,11,0,0,0,0,0,0,0,0,3,0,0,0,0,0,1,0,4,0,0,0,0,0,1,1,0,0,0,0,0,0,0,0,-1,0,0,0,0,0,0,0,0,0,0,0,0,0,0
00039098,8,0,2,4,0,0,0,0,2,0,0,7,0,0,0,0,0,0,0,0,5,0,2,0,7,0,2,4,0,0,0,0,2,0,0,8,0,0,0,0,0,0,0,0,5,0,2,0,1,0,0,0,0,0,0,0,0,0,0,-1,0,0,0,0,0,0,0,0,0,0,0,0
00039193,23,0,0,0,0,0,0,0,1,0,0,0,0,0,7,0,0,0,0,0,5,0,0,0,22,0,0,0,0,0,0,0,2,0,0,0,0,0,7,0,0,0,0,0,5,0,0,0,1,0,0,0,0,0,0,0,-1,0,0,0,0,0,0,0,0,0,0,0,0,0,0,0
00039207,28,1,0,4,0,0,0,0,0,0,0,4,0,4,0,0,0,0,0,0,0,3,0,0,26,3,0,4,0,0,0,0,0,0,0,4,0,4,0,0,0,0,0,0,0,3,0,0,2,-2,0,0,0,0,0,0,0,0,0,0,0,0,0,0,0,0,0,0,0,0,0,0
00039210,23,0,0,0,0,0,1,3,0,0,0,0,0,0,0,0,0,0,0,0,0,3,0,0,22,0,0,0,0,0,2,3,0,0,0,0,0,0,0,0,0,0,0,0,0,3,0,0,1,0,0,0,0,0,-1,0,0,0,0,0,0,0,0,0,0,0,0,0,0,0,0,0
00039367,12,0,0,0,0,0,0,3,3,0,2,0,0,0,0,0,0,0,0,0,0,0,0,0,11,0,0,0,0,0,0,3,4,0,2,0,0,0,0,0,0,0,0,0,0,0,0,0,1,0,0,0,0,0,0,0,-1,0,0,0,0,0,0,0,0,0,0,0,0,0,0,0
00039421,11,0,0,0,0,0,0,3,0,0,0,3,0,8,0,0,0,0,0,0,0,0,0,0,10,0,0,0,0,0,0,3,0,0,0,4,0,8,0,0,0,0,0,0,0,0,0,0,1,0,0,0,0,0,0,0,0,0,0,-1,0,0,0,0,0,0,0,0,0,0,0,0
00039456,17,0,0,0,3,6,0,0,0,0,1,4,0,0,0,0,0,0,0,0,0,0,0,0,16,0,0,0,3,6,0,0,0,0,2,4,0,0,0,0,0,0,0,0,0,0,0,0,1,0,0,0,0,0,0,0,0,0,-1,0,0,0,0,0,0,0,0,0,0,0,0,0
00039467,22,0,0,0,0,0,0,3,2,0,1,0,0,0,0,0,0,0,0,0,0,0,0,0,21,0,0,0,0,0,0,3,2,0,2,0,0,0,0,0,0,0,0,0,0,0,0,0,1,0,0,0,0,0,0,0,0,0,-1,0,0,0,0,0,0,0,0,0,0,0,0,0
00039528,12,2,0,4,0,0,0,3,0,0,0,0,0,0,0,0,0,0,0,4,5,0,0,0,11,3,0,4,0,0,0,3,0,0,0,0,0,0,0,0,0,0,0,4,5,0,0,0,1,-1,0,0,0,0,0,0,0,0,0,0,0,0,0,0,0,0,0,0,0,0,0,0
00039586,22,0,2,0,0,0,0,0,0,0,1,4,0,0,0,0,1,0,0,0,10,0,0,0,21,0,2,0,0,0,0,0,0,0,2,4,0,0,0,0,1,0,0,0,10,0,0,0,1,0,0,0,0,0,0,0,0,0,-1,0,0,0,0,0,0,0,0,0,0,0,0,0
00039667,22,1,2,0,0,0,0,0,0,3,0,4,0,0,0,0,0,0,0,0,0,0,0,0,20,3,2,0,0,0,0,0,0,3,0,4,0,0,0,0,0,0,0,0,0,0,0,0,2,-2,0,0,0,0,0,0,0,0,0,0,0,0,0,0,0,0,0,0,0,0,0,0
00039749,10,2,0,0,0,0,0,0,0,0,0,4,0,0,0,1,0,0,0,0,0,0,2,0,9,3,0,0,0,0,0,0,0,0,0,4,0,0,0,1,0,0,0,0,0,0,2,0,1,-1,0,0,0,0,0,0,0,0,0,0,0,0,0,0,0,0,0,0,0,0,0,0
00039768,30,1,0,4,0,0,0,0,0,0,0,0,0,4,0,0,0,0,0,4,0,0,0,0,28,3,0,4,0,0,0,0,0,0,0,0,0,4,0,0,0,0,0,4,0,0,0,0,2,-2,0,0,0,0,0,0,0,0,0,0,0,0,0,0,0,0,0,0,0,0,0,0
00039807,22,0,2,0,0,0,0,0,0,0,0,3,0,0,0,0,0,2,0,0,0,0,0,0,21,0,2,0,0,0,0,0,0,0,0,4,0,0,0,0,0,2,0,0,0,0,0,0,1,0,0,0,0,0,0,0,0,0,0,-1,0,0,0,0,0,0,0,0,0,0,0,0
00039838,14,1,0,0,0,0,0,0,0,0,0,0,0,0,0,0,0,0,4,0,0,0,2,0,12,3,0,0,0,0,0,0,0,0,0,0,0,0,0,0,0,0,4,0,0,0,2,0,2,-2,0,0,0,0,0,0,0,0,0,0,0,0,0,0,0,0,0,0,0,0,0,0
00039878,11,3,2,0,3,0,2,0,0,0,0,0,0,0,0,0,0,0,0,0,0,0,0,0,9,3,4,0,3,0,2,0,0,0,0,0,0,0,0,0,0,0,0,0,0,0,0,0,2,0,-2,0,0,0,0,0,0,0,0,0,0,0,0,0,0,0,0,0,0,0,0,0
00039929,42,2,0,8,0,0,3,3,0,0,0,0,0,0,0,0,0,0,0,0,0,0,0,0,37,6,0,8,0,0,4,3,0,0,0,0,0,0,0,0,0,0,0,0,0,0,0,0,5,-4,0,0,0,0,-1,0,0,0,0,0,0,0,0,0,0,0,0,0,0,0,0,0
00040050,14,7,0,0,0,0,0,0,1,0,0,0,0,0,0,0,0,0,0,0,0,0,0,0,13,7,0,0,0,0,0,0,2,0,0,0,0,0,0,0,0,0,0,0,0,0,0,0,1,0,0,0,0,0,0,0,-1,0,0,0,0,0,0,0,0,0,0,0,0,0,0,0
00040088,22,0,0,0,0,6,0,0,0,0,0,0,5,0,0,0,0,0,0,0,0,0,0,0,20,0,2,0,0,6,0,0,0,0,0,0,5,0,0,0,0,0,0,0,0,0,0,0,2,0,-2,0,0,0,0,0,0,0,0,0,0,0,0,0,0,0,0,0,0,0,0,0
00040156,39,0,0,4,0,0,1,0,0,0,1,0,0,0,0,1,0,0,0,0,0,0,0,0,37,0,0,4,0,0,2,0,0,0,2,0,0,0,0,1,0,0,0,0,0,0,0,0,2,0,0,0,0,0,-1,0,0,0,-1,0,0,0,0,0,0,0,0,0,0,0,0,0
00040169,25,0,0,0,3,0,1,0,0,0,2,0,0,0,0,0,0,0,0,0,0,0,0,0,24,0,0,0,3,0,2,0,0,0,2,0,0,0,0,0,0,0,0,0,0,0,0,0,1,0,0,0,0,0,-1,0,0,0,0,0,0,0,0,0,0,0,0,0,0,0,0,0
00040429,13,1,0,0,0,0,0,0,0,3,0,0,0,0,0,0,0,2,0,0,0,0,2,0,11,3,0,0,0,0,0,0,0,3,0,0,0,0,0,0,0,2,0,0,0,0,2,0,2,-2,0,0,0,0,0,0,0,0,0,0,0,0,0,0,0,0,0,0,0,0,0,0
00040575,14,2,0,0,0,6,0,0,0,0,0,0,0,0,0,0,0,0,0,0,0,6,0,0,13,3,0,0,0,6,0,0,0,0,0,0,0,0,0,0,0,0,0,0,0,6,0,0,1,-1,0,0,0,0,0,0,0,0,0,0,0,0,0,0,0,0,0,0,0,0,0,0
00040644,16,0,0,0,0,0,0,0,0,0,0,0,0,0,0,1,0,0,0,8,0,0,0,0,15,0,0,0,0,0,0,0,0,0,0,0,0,0,0,2,0,0,0,8,0,0,0,0,1,0,0,0,0,0,0,0,0,0,0,0,0,0,0,-1,0,0,0,0,0,0,0,0
00040672,24,0,0,0,0,0,0,0,1,0,0,4,5,4,0,0,0,0,0,0,0,0,0,0,23,0,0,0,0,0,0,0,2,0,0,4,5,4,0,0,0,0,0,0,0,0,0,0,1,0,0,0,0,0,0,0,-1,0,0,0,0,0,0,0,0,0,0,0,0,0,0,0
00040690,40,1,0,0,0,0,0,0,0,0,0,0,0,8,0,0,0,4,0,0,0,0,0,0,38,3,0,0,0,0,0,0,0,0,0,0,0,8,0,0,0,4,0,0,0,0,0,0,2,-2,0,0,0,0,0,0,0,0,0,0,0,0,0,0,0,0,0,0,0,0,0,0
00040752,19,3,0,0,0,0,0,0,1,0,0,4,0,0,0,0,0,2,0,0,0,0,0,0,18,3,0,0,0,0,0,0,2,0,0,4,0,0,0,0,0,2,0,0,0,0,0,0,1,0,0,0,0,0,0,0,-1,0,0,0,0,0,0,0,0,0,0,0,0,0,0,0
00040887,24,0,1,0,0,0,0,0,0,0,0,4,0,4,0,0,1,0,0,0,0,3,0,0,23,0,2,0,0,0,0,0,0,0,0,4,0,4,0,0,1,0,0,0,0,3,0,0,1,0,-1,0,0,0,0,0,0,0,0,0,0,0,0,0,0,0,0,0,0,0,0,0
00040983,28,1,0,0,0,0,0,0,0,0,0,0,0,0,0,0,1,0,0,0,0,3,0,0,26,3,0,0,0,0,0,0,0,0,0,0,0,0,0,0,1,0,0,0,0,3,0,0,2,-2,0,0,0,0,0,0,0,0,0,0,0,0,0,0,0,0,0,0,0,0,0,0
00041002,27,1,2,0,0,0,0,3,0,0,0,0,0,0,0,0,0,0,0,0,5,0,0,0,25,3,2,0,0,0,0,3,0,0,0,0,0,0,0,0,0,0,0,0,5,0,0,0,2,-2,0,0,0,0,0,0,0,0,0,0,0,0,0,0,0,0,0,0,0,0,0,0
00041044,15,0,0,4,0,6,0,0,0,0,3,0,0,0,0,0,0,0,0,0,0,0,0,0,14,0,0,4,0,6,0,0,0,0,4,0,0,0,0,0,0,0,0,0,0,0,0,0,1,0,0,0,0,0,0,0,0,0,-1,0,0,0,0,0,0,0,0,0,0,0,0,0
00041074,15,2,2,0,0,0,0,3,3,0,0,0,0,0,0,0,1,0,0,0,0,0,0,0,14,3,2,0,0,0,0,3,3,0,0,0,0,0,0,0,1,0,0,0,0,0,0,0,1,-1,0,0,0,0,0,0,0,0,0,0,0,0,0,0,0,0,0,0,0,0,0,0
00041121,21,3,0,0,0,0,0,0,0,0,1,0,0,0,0,0,0,0,0,0,5,0,0,0,20,3,0,0,0,0,0,0,0,0,2,0,0,0,0,0,0,0,0,0,5,0,0,0,1,0,0,0,0,0,0,0,0,0,-1,0,0,0,0,0,0,0,0,0,0,0,0,0
00041162,24,0,0,0,0,6,1,0,1,0,0,0,0,0,0,0,0,0,0,0,5,0,0,0,22,0,0,0,0,6,2,0,2,0,0,0,0,0,0,0,0,0,0,0,5,0,0,0,2,0,0,0,0,0,-1,0,-1,0,0,0,0,0,0,0,0,0,0,0,0,0,0,0
00041187,24,0,0,0,0,0,0,0,0,9,0,0,0,0,0,0,0,0,3,0,0,0,0,0,22,0,0,0,0,0,0,0,0,9,0,0,0,0,0,0,0,0,5,0,0,0,0,0,2,0,0,0,0,0,0,0,0,0,0,0,0,0,0,0,0,0,-2,0,0,0,0,0
00041196,13,3,1,0,0,6,3,0,0,0,0,0,0,0,0,0,0,2,0,0,0,0,0,0,12,3,2,0,0,6,3,0,0,0,0,0,0,0,0,0,0,2,0,0,0,0,0,0,1,0,-1,0,0,0,0,0,0,0,0,0,0,0,0,0,0,0,0,0,0,0,0,0
00041208,17,0,2,0,0,0,0,0,0,0,0,4,0,0,0,0,0,2,0,4,0,0,0,0,16,0,2,0,0,0,0,0,0,0,0,4,0,0,0,0,0,3,0,4,0,0,0,0,1,0,0,0,0,0,0,0,0,0,0,0,0,0,0,0,0,-1,0,0,0,0,0,0
00041232,41,1,0,0,0,0,0,0,0,0,2,8,0,0,0,0,0,0,0,0,5,0,0,0,39,3,0,0,0,0,0,0,0,0,2,8,0,0,0,0,0,0,0,0,5,0,0,0,2,-2,0,0,0,0,0,0,0,0,0,0,0,0,0,0,0,0,0,0,0,0,0,0
00041352,27,3,2,0,0,0,0,0,2,0,1,0,5,0,0,0,0,0,0,0,0,0,0,0,26,3,2,0,0,0,0,0,2,0,2,0,5,0,0,0,0,0,0,0,0,0,0,0,1,0,0,0,0,0,0,0,0,0,-1,0,0,0,0,0,0,0,0,0,0,0,0,0
00041374,16,0,0,0,0,0,0,2,0,0,0,4,0,0,0,0,0,0,0,0,0,0,2,0,15,0,0,0,0,0,0,3,0,0,0,4,0,0,0,0,0,0,0,0,0,0,2,0,1,0,0,0,0,0,0,-1,0,0,0,0,0,0,0,0,0,0,0,0,0,0,0,0
00041434,22,0,0,4,0,0,0,0,1,0,0,0,0,0,7,0,0,0,0,0,0,0,0,0,21,0,0,4,0,0,0,0,2,0,0,0,0,0,7,0,0,0,0,0,0,0,0,0,1,0,0,0,0,0,0,0,-1,0,0,0,0,0,0,0,0,0,0,0,0,0,0,0
00041500,16,0,0,0,0,0,0,0,3,0,0,4,0,0,0,0,0,0,0,0,10,0,0,0,15,0,0,0,0,0,0,0,4,0,0,4,0,0,0,0,0,0,0,0,10,0,0,0,1,0,0,0,0,0,0,0,-1,0,0,0,0,0,0,0,0,0,0,0,0,0,0,0
00041716,26,0,0,0,3,0,0,0,1,0,0,0,0,4,0,0,0,0,0,0,0,0,0,0,25,0,0,0,3,0,0,0,2,0,0,0,0,4,0,0,0,0,0,0,0,0,0,0,1,0,0,0,0,0,0,0,-1,0,0,0,0,0,0,0,0,0,0,0,0,0,0,0
00041717,24,0,0,0,0,0,0,0,0,0,0,15,0,0,0,0,0,0,0,0,0,0,0,0,23,0,0,0,0,0,0,0,0,0,0,16,0,0,0,0,0,0,0,0,0,0,0,0,1,0,0,0,0,0,0,0,0,0,0,-1,0,0,0,0,0,0,0,0,0,0,0,0
00041792,27,0,0,0,3,0,0,0,0,0,0,2,0,0,0,0,0,2,4,0,0,0,0,0,25,0,0,0,3,0,0,0,0,0,0,4,0,0,0,0,0,2,4,0,0,0,0,0,2,0,0,0,0,0,0,0,0,0,0,-2,0,0,0,0,0,0,0,0,0,0,0,0
00041819,22,1,0,0,0,0,2,0,0,0,0,0,0,0,0,0,0,2,0,0,0,0,0,0,20,3,0,0,0,0,2,0,0,0,0,0,0,0,0,0,0,2,0,0,0,0,0,0,2,-2,0,0,0,0,0,0,0,0,0,0,0,0,0,0,0,0,0,0,0,0,0,0
00041875,22,0,0,4,0,0,0,2,0,2,0,0,0,4,0,0,1,0,0,0,0,0,0,0,20,0,0,4,0,0,0,3,0,3,0,0,0,4,0,0,1,0,0,0,0,0,0,0,2,0,0,0,0,0,0,-1,0,-1,0,0,0,0,0,0,0,0,0,0,0,0,0,0
00041963,8,0,0,0,0,6,0,0,0,0,0,0,0,0,7,1,0,0,0,3,5,0,0,0,7,0,0,0,0,6,0,0,0,0,0,0,0,0,7,1,0,0,0,4,5,0,0,0,1,0,0,0,0,0,0,0,0,0,0,0,0,0,0,0,0,0,0,-1,0,0,0,0
00042020,17,0,0,0,3,0,0,0,0,0,0,0,5,0,0,1,0,0,0,3,0,0,0,0,16,0,0,0,3,0,0,0,0,0,0,0,5,0,0,1,0,0,0,4,0,0,0,0,1,0,0,0,0,0,0,0,0,0,0,0,0,0,0,0,0,0,0,-1,0,0,0,0
00042023,10,0,0,0,0,0,0,0,1,0,0,0,0,0,0,0,1,0,0,4,0,0,2,0,9,0,0,0,0,0,0,0,2,0,0,0,0,0,0,0,1,0,0,4,0,0,2,0,1,0,0,0,0,0,0,0,-1,0,0,0,0,0,0,0,0,0,0,0,0,0,0,0
00042026,8,0,0,0,0,0,0,0,0,0,0,0,0,0,0,0,1,0,0,0,0,0,1,0,7,0,0,0,0,0,0,0,0,0,0,0,0,0,0,0,1,0,0,0,0,0,2,0,1,0,0,0,0,0,0,0,0,0,0,0,0,0,0,0,0,0,0,0,0,0,-1,0
00042143,17,0,2,0,0,0,0,0,1,0,0,0,0,4,0,0,0,0,0,0,0,3,0,0,16,0,2,0,0,0,0,0,2,0,0,0,0,4,0,0,0,0,0,0,0,3,0,0,1,0,0,0,0,0,0,0,-1,0,0,0,0,0,0,0,0,0,0,0,0,0,0,0
00042185,10,1,2,4,0,0,4,0,0,0,0,0,0,0,0,0,0,0,0,0,0,0,0,0,8,3,2,4,0,0,4,0,0,0,0,0,0,0,0,0,0,0,0,0,0,0,0,0,2,-2,0,0,0,0,0,0,0,0,0,0,0,0,0,0,0,0,0,0,0,0,0,0
00042271,24,3,0,0,0,0,0,0,1,0,0,0,5,0,0,0,0,0,0,4,5,0,0,0,23,3,0,0,0,0,0,0,2,0,0,0,5,0,0,0,0,0,0,4,5,0,0,0,1,0,0,0,0,0,0,0,-1,0,0,0,0,0,0,0,0,0,0,0,0,0,0,0
00042354,27,1,0,0,3,0,0,0,0,0,0,0,0,0,0,0,0,0,0,4,5,0,0,0,25,3,0,0,3,0,0,0,0,0,0,0,0,0,0,0,0,0,0,4,5,0,0,0,2,-2,0,0,0,0,0,0,0,0,0,0,0,0,0,0,0,0,0,0,0,0,0,0
00042375,22,0,0,8,0,0,2,0,0,2,0,0,0,0,7,0,0,0,0,0,10,3,0,0,21,0,0,8,0,0,2,0,0,3,0,0,0,0,7,0,0,0,0,0,10,3,0,0,1,0,0,0,0,0,0,0,0,-1,0,0,0,0,0,0,0,0,0,0,0,0,0,0
00042393,18,2,0,0,0,0,0,0,0,0,0,0,0,0,14,0,0,0,0,0,0,0,0,0,17,3,0,0,0,0,0,0,0,0,0,0,0,0,14,0,0,0,0,0,0,0,0,0,1,-1,0,0,0,0,0,0,0,0,0,0,0,0,0,0,0,0,0,0,0,0,0,0
00042497,15,3,0,0,0,0,0,0,0,0,0,0,5,0,0,0,0,0,0,4,0,0,0,0,12,6,0,0,0,0,0,0,0,0,0,0,5,0,0,0,0,0,0,4,0,0,0,0,3,-3,0,0,0,0,0,0,0,0,0,0,0,0,0,0,0,0,0,0,0,0,0,0
00042515,19,0,0,0,0,0,0,0,1,0,2,0,10,0,0,0,0,0,0,0,0,0,2,0,18,0,0,0,0,0,0,0,2,0,2,0,10,0,0,0,0,0,0,0,0,0,2,0,1,0,0,0,0,0,0,0,-1,0,0,0,0,0,0,0,0,0,0,0,0,0,0,0
00042540,27,2,0,0,3,0,0,0,0,0,0,0,0,0,0,1,0,0,0,0,0,0,0,0,26,3,0,0,3,0,0,0,0,0,0,0,0,0,0,1,0,0,0,0,0,0,0,0,1,-1,0,0,0,0,0,0,0,0,0,0,0,0,0,0,0,0,0,0,0,0,0,0
00042557,32,0,0,4,0,0,0,0,0,0,0,8,0,0,0,0,0,2,0,0,0,0,0,0,31,0,0,4,0,0,0,0,0,0,0,8,0,0,0,0,0,3,0,0,0,0,0,0,1,0,0,0,0,0,0,0,0,0,0,0,0,0,0,0,0,-1,0,0,0,0,0,0
00042562,16,3,0,0,0,0,1,0,3,0,0,0,0,0,0,0,0,0,0,0,0,0,0,0,14,3,0,0,0,0,2,0,4,0,0,0,0,0,0,0,0,0,0,0,0,0,0,0,2,0,0,0,0,0,-1,0,-1,0,0,0,0,0,0,0,0,0,0,0,0,0,0,0
00042601,22,0,0,0,0,6,0,1,0,0,0,4,0,0,0,1,0,0,0,0,0,0,0,0,20,0,0,0,0,6,0,3,0,0,0,4,0,0,0,1,0,0,0,0,0,0,0,0,2,0,0,0,0,0,0,-2,0,0,0,0,0,0,0,0,0,0,0,0,0,0,0,0
00042677,18,1,0,0,0,6,0,0,0,0,0,0,0,0,0,0,1,0,0,0,0,0,0,0,16,3,0,0,0,6,0,0,0,0,0,0,0,0,0,0,1,0,0,0,0,0,0,0,2,-2,0,0,0,0,0,0,0,0,0,0,0,0,0,0,0,0,0,0,0,0,0,0
00042695,21,1,0,4,0,0,0,0,0,0,2,0,0,4,0,0,0,2,0,0,0,0,0,0,19,3,0,4,0,0,0,0,0,0,2,0,0,4,0,0,0,2,0,0,0,0,0,0,2,-2,0,0,0,0,0,0,0,0,0,0,0,0,0,0,0,0,0,0,0,0,0,0
00042725,29,1,0,0,0,0,0,3,0,0,0,0,0,0,0,0,0,2,0,0,0,3,0,0,27,3,0,0,0,0,0,3,0,0,0,0,0,0,0,0,0,2,0,0,0,3,0,0,2,-2,0,0,0,0,0,0,0,0,0,0,0,0,0,0,0,0,0,0,0,0,0,0
00042740,18,0,0,0,0,6,0,0,0,0,3,0,0,0,0,0,1,0,0,0,0,0,0,0,17,0,0,0,0,6,0,0,0,0,4,0,0,0,0,0,1,0,0,0,0,0,0,0,1,0,0,0,0,0,0,0,0,0,-1,0,0,0,0,0,0,0,0,0,0,0,0,0
00042764,24,0,0,0,0,0,1,0,1,0,0,0,0,0,0,0,0,0,8,0,0,0,0,0,22,0,0,0,0,0,2,0,2,0,0,0,0,0,0,0,0,0,8,0,0,0,0,0,2,0,0,0,0,0,-1,0,-1,0,0,0,0,0,0,0,0,0,0,0,0,0,0,0
00042811,20,0,0,0,3,0,0,0,0,0,0,3,0,4,0,0,0,0,0,0,5,0,0,0,19,0,0,0,3,0,0,0,0,0,0,4,0,4,0,0,0,0,0,0,5,0,0,0,1,0,0,0,0,0,0,0,0,0,0,-1,0,0,0,0,0,0,0,0,0,0,0,0
00042897,13,0,0,0,3,0,0,0,1,0,0,0,0,0,0,0,0,0,0,4,5,0,0,0,12,0,0,0,3,0,0,0,2,0,0,0,0,0,0,0,0,0,0,4,5,0,0,0,1,0,0,0,0,0,0,0,-1,0,0,0,0,0,0,0,0,0,0,0,0,0,0,0
00042939,21,0,0,0,0,0,0,0,0,0,1,4,0,0,0,0,0,0,0,4,0,0,0,0,20,0,0,0,0,0,0,0,0,0,2,4,0,0,0,0,0,0,0,4,0,0,0,0,1,0,0,0,0,0,0,0,0,0,-1,0,0,0,0,0,0,0,0,0,0,0,0,0
00042951,20,0,0,0,0,6,0,0,2,0,3,0,0,0,0,0,2,0,0,0,0,0,0,0,19,0,0,0,0,6,0,0,2,0,4,0,0,0,0,0,2,0,0,0,0,0,0,0,1,0,0,0,0,0,0,0,0,0,-1,0,0,0,0,0,0,0,0,0,0,0,0,0
00043054,20,0,0,4,0,0,0,0,0,0,1,0,0,0,0,0,1,0,0,0,0,0,0,0,19,0,0,4,0,0,0,0,0,0,2,0,0,0,0,0,1,0,0,0,0,0,0,0,1,0,0,0,0,0,0,0,0,0,-1,0,0,0,0,0,0,0,0,0,0,0,0,0
00043061,15,0,0,0,3,0,1,0,0,3,2,0,0,0,7,0,0,0,0,0,0,0,0,0,14,0,0,0,3,0,2,0,0,3,2,0,0,0,7,0,0,0,0,0,0,0,0,0,1,0,0,0,0,0,-1,0,0,0,0,0,0,0,0,0,0,0,0,0,0,0,0,0
00043150,28,0,0,0,0,0,1,0,0,0,2,0,0,0,0,1,0,0,0,0,0,0,0,0,27,0,0,0,0,0,2,0,0,0,2,0,0,0,0,1,0,0,0,0,0,0,0,0,1,0,0,0,0,0,-1,0,0,0,0,0,0,0,0,0,0,0,0,0,0,0,0,0
00043189,28,0,0,8,0,0,0,0,0,1,0,0,0,0,7,0,0,0,4,0,0,0,0,0,26,0,0,8,0,0,0,0,0,3,0,0,0,0,7,0,0,0,4,0,0,0,0,0,2,0,0,0,0,0,0,0,0,-2,0,0,0,0,0,0,0,0,0,0,0,0,0,0
00043231,10,0,0,0,0,0,2,0,0,5,0,0,0,0,7,0,0,0,0,0,0,0,0,0,9,0,0,0,0,0,2,0,0,6,0,0,0,0,7,0,0,0,0,0,0,0,0,0,1,0,0,0,0,0,0,0,0,-1,0,0,0,0,0,0,0,0,0,0,0,0,0,0
00043309,21,0,0,0,0,0,1,0,2,0,0,0,5,0,0,0,0,0,0,4,0,0,0,0,20,0,0,0,0,0,2,0,2,0,0,0,5,0,0,0,0,0,0,4,0,0,0,0,1,0,0,0,0,0,-1,0,0,0,0,0,0,0,0,0,0,0,0,0,0,0,0,0
00043354,15,0,0,0,0,6,0,3,0,0,1,0,0,0,0,0,1,0,0,0,0,3,0,0,14,0,0,0,0,6,0,3,0,0,2,0,0,0,0,0,1,0,0,0,0,3,0,0,1,0,0,0,0,0,0,0,0,0,-1,0,0,0,0,0,0,0,0,0,0,0,0,0
00043447,15,6,0,4,0,0,0,0,4,5,0,0,0,0,0,0,1,2,0,0,0,0,0,0,14,6,0,4,0,0,0,0,4,6,0,0,0,0,0,0,1,2,0,0,0,0,0,0,1,0,0,0,0,0,0,0,0,-1,0,0,0,0,0,0,0,0,0,0,0,0,0,0
00043468,25,0,2,0,0,0,1,0,0,0,0,0,0,4,0,0,0,0,0,0,0,0,0,0,24,0,2,0,0,0,2,0,0,0,0,0,0,4,0,0,0,0,0,0,0,0,0,0,1,0,0,0,0,0,-1,0,0,0,0,0,0,0,0,0,0,0,0,0,0,0,0,0
00043493,25,2,0,0,0,0,0,0,0,0,2,0,0,0,7,0,0,0,0,0,0,0,2,0,24,3,0,0,0,0,0,0,0,0,2,0,0,0,7,0,0,0,0,0,0,0,2,0,1,-1,0,0,0,0,0,0,0,0,0,0,0,0,0,0,0,0,0,0,0,0,0,0
00043525,26,1,0,0,0,0,0,0,0,0,0,0,0,0,0,0,2,0,0,0,0,0,2,0,24,3,0,0,0,0,0,0,0,0,0,0,0,0,0,0,2,0,0,0,0,0,2,0,2,-2,0,0,0,0,0,0,0,0,0,0,0,0,0,0,0,0,0,0,0,0,0,0
00043646,29,12,4,0,0,0,0,0,0,0,0,0,0,0,0,0,0,0,0,0,0,0,0,0,27,14,4,0,0,0,0,0,0,0,0,0,0,0,0,0,0,0,0,0,0,0,0,0,2,-2,0,0,0,0,0,0,0,0,0,0,0,0,0,0,0,0,0,0,0,0,0,0
00043680,18,1,0,4,0,0,4,0,2,3,0,0,5,0,0,0,0,0,0,0,5,0,0,0,16,3,0,4,0,0,4,0,2,3,0,0,5,0,0,0,0,0,0,0,5,0,0,0,2,-2,0,0,0,0,0,0,0,0,0,0,0,0,0,0,0,0,0,0,0,0,0,0
00043740,11,0,0,0,0,0,0,0,0,0,3,0,0,0,0,0,1,0,0,0,0,0,0,0,10,0,0,0,0,0,0,0,0,0,4,0,0,0,0,0,1,0,0,0,0,0,0,0,1,0,0,0,0,0,0,0,0,0,-1,0,0,0,0,0,0,0,0,0,0,0,0,0
00043772,20,1,0,0,0,6,0,0,0,0,1,0,0,0,0,0,0,0,0,0,0,0,0,0,17,3,0,0,0,6,0,0,0,0,2,0,0,0,0,0,0,0,0,0,0,0,0,0,3,-2,0,0,0,0,0,0,0,0,-1,0,0,0,0,0,0,0,0,0,0,0,0,0
00043859,20,0,0,0,0,0,2,0,2,0,0,0,0,0,0,0,0,0,0,0,0,0,0,0,18,0,2,0,0,0,2,0,2,0,0,0,0,0,0,0,0,0,0,0,0,0,0,0,2,0,-2,0,0,0,0,0,0,0,0,0,0,0,0,0,0,0,0,0,0,0,0,0
00044140,14,0,0,0,0,6,0,2,0,0,0,0,0,0,0,1,1,0,0,0,0,0,0,0,13,0,0,0,0,6,0,3,0,0,0,0,0,0,0,1,1,0,0,0,0,0,0,0,1,0,0,0,0,0,0,-1,0,0,0,0,0,0,0,0,0,0,0,0,0,0,0,0
00044181,25,1,0,0,0,0,0,0,0,3,1,0,5,0,0,0,0,0,0,0,0,0,0,0,22,3,0,0,0,0,0,0,0,3,2,0,5,0,0,0,0,0,0,0,0,0,0,0,3,-2,0,0,0,0,0,0,0,0,-1,0,0,0,0,0,0,0,0,0,0,0,0,0
00044210,15,0,0,0,0,0,0,0,2,0,0,4,5,0,0,0,0,0,0,0,0,0,0,0,14,0,0,0,0,0,0,0,2,0,0,5,5,0,0,0,0,0,0,0,0,0,0,0,1,0,0,0,0,0,0,0,0,0,0,-1,0,0,0,0,0,0,0,0,0,0,0,0
00044271,52,1,0,0,0,0,0,0,3,3,0,0,5,0,0,0,0,0,0,0,5,0,0,0,50,3,0,0,0,0,0,0,3,3,0,0,5,0,0,0,0,0,0,0,5,0,0,0,2,-2,0,0,0,0,0,0,0,0,0,0,0,0,0,0,0,0,0,0,0,0,0,0
00044284,6,0,0,4,0,0,0,0,0,0,0,0,4,0,0,0,0,0,0,0,0,0,0,0,5,0,0,4,0,0,0,0,0,0,0,0,5,0,0,0,0,0,0,0,0,0,0,0,1,0,0,0,0,0,0,0,0,0,0,0,-1,0,0,0,0,0,0,0,0,0,0,0
00044301,24,0,0,4,0,6,0,0,0,0,0,0,0,0,0,0,0,0,0,0,0,0,0,0,22,0,2,4,0,6,0,0,0,0,0,0,0,0,0,0,0,0,0,0,0,0,0,0,2,0,-2,0,0,0,0,0,0,0,0,0,0,0,0,0,0,0,0,0,0,0,0,0
00044335,21,5,0,0,0,0,0,0,2,0,0,4,0,0,0,0,0,0,0,0,0,0,0,0,20,6,0,0,0,0,0,0,2,0,0,4,0,0,0,0,0,0,0,0,0,0,0,0,1,-1,0,0,0,0,0,0,0,0,0,0,0,0,0,0,0,0,0,0,0,0,0,0
00044345,21,0,0,0,0,6,0,0,0,0,0,0,0,0,0,0,0,0,0,0,0,3,0,0,19,0,2,0,0,6,0,0,0,0,0,0,0,0,0,0,0,0,0,0,0,3,0,0,2,0,-2,0,0,0,0,0,0,0,0,0,0,0,0,0,0,0,0,0,0,0,0,0
00044442,17,0,0,0,0,0,2,0,3,0,0,0,0,0,0,0,0,0,0,0,0,0,0,0,16,0,0,0,0,0,2,0,4,0,0,0,0,0,0,0,0,0,0,0,0,0,0,0,1,0,0,0,0,0,0,0,-1,0,0,0,0,0,0,0,0,0,0,0,0,0,0,0
00044519,19,0,0,0,3,0,1,0,0,0,0,0,0,0,0,0,0,2,0,0,0,0,0,0,18,0,0,0,3,0,2,0,0,0,0,0,0,0,0,0,0,2,0,0,0,0,0,0,1,0,0,0,0,0,-1,0,0,0,0,0,0,0,0,0,0,0,0,0,0,0,0,0
00044526,36,0,0,0,0,0,0,0,0,0,1,4,0,0,7,0,0,0,0,0,0,0,0,0,35,0,0,0,0,0,0,0,0,0,2,4,0,0,7,0,0,0,0,0,0,0,0,0,1,0,0,0,0,0,0,0,0,0,-1,0,0,0,0,0,0,0,0,0,0,0,0,0
00044611,19,0,2,4,0,0,0,1,0,0,0,0,0,0,0,0,1,0,0,0,0,0,0,0,17,0,2,4,0,0,0,3,0,0,0,0,0,0,0,0,1,0,0,0,0,0,0,0,2,0,0,0,0,0,0,-2,0,0,0,0,0,0,0,0,0,0,0,0,0,0,0,0
00044634,14,2,0,0,0,0,0,0,5,0,0,4,0,0,0,0,0,2,0,0,0,0,0,0,13,3,0,0,0,0,0,0,5,0,0,4,0,0,0,0,0,2,0,0,0,0,0,0,1,-1,0,0,0,0,0,0,0,0,0,0,0,0,0,0,0,0,0,0,0,0,0,0
00044650,19,3,0,0,0,0,0,0,0,0,1,0,0,0,0,0,2,0,0,0,5,0,0,0,18,3,0,0,0,0,0,0,0,0,2,0,0,0,0,0,2,0,0,0,5,0,0,0,1,0,0,0,0,0,0,0,0,0,-1,0,0,0,0,0,0,0,0,0,0,0,0,0
00044683,14,0,0,0,0,0,0,0,2,2,0,3,0,0,7,0,0,0,0,0,0,0,0,0,12,0,0,0,0,0,0,0,2,3,0,4,0,0,7,0,0,0,0,0,0,0,0,0,2,0,0,0,0,0,0,0,0,-1,0,-1,0,0,0,0,0,0,0,0,0,0,0,0
00044708,11,2,0,4,0,6,0,3,2,0,0,0,0,0,0,0,0,0,0,0,0,0,0,0,10,3,0,4,0,6,0,3,2,0,0,0,0,0,0,0,0,0,0,0,0,0,0,0,1,-1,0,0,0,0,0,0,0,0,0,0,0,0,0,0,0,0,0,0,0,0,0,0
00044724,25,2,0,0,0,0,0,0,0,0,0,4,0,0,0,0,0,0,0,0,0,0,0,0,21,6,0,0,0,0,0,0,0,0,0,4,0,0,0,0,0,0,0,0,0,0,0,0,4,-4,0,0,0,0,0,0,0,0,0,0,0,0,0,0,0,0,0,0,0,0,0,0
00044751,31,1,0,0,0,0,0,3,0,0,2,0,0,0,0,0,0,0,0,0,0,3,0,0,29,3,0,0,0,0,0,3,0,0,2,0,0,0,0,0,0,0,0,0,0,3,0,0,2,-2,0,0,0,0,0,0,0,0,0,0,0,0,0,0,0,0,0,0,0,0,0,0
00044812,21,3,0,0,0,0,0,0,2,0,0,0,5,0,0,1,0,0,0,0,0,0,0,0,19,3,0,0,0,0,0,0,4,0,0,0,5,0,0,1,0,0,0,0,0,0,0,0,2,0,0,0,0,0,0,0,-2,0,0,0,0,0,0,0,0,0,0,0,0,0,0,0
00044815,16,0,0,0,0,0,1,0,1,0,0,0,5,0,0,0,0,0,0,0,0,0,0,0,14,0,0,0,0,0,2,0,2,0,0,0,5,0,0,0,0,0,0,0,0,0,0,0,2,0,0,0,0,0,-1,0,-1,0,0,0,0,0,0,0,0,0,0,0,0,0,0,0
00044928,16,0,0,8,0,0,2,0,1,0,0,0,0,0,0,0,0,0,0,0,0,0,0,0,15,0,0,8,0,0,2,0,2,0,0,0,0,0,0,0,0,0,0,0,0,0,0,0,1,0,0,0,0,0,0,0,-1,0,0,0,0,0,0,0,0,0,0,0,0,0,0,0
00044935,29,2,0,0,3,0,1,0,0,0,0,0,0,0,0,0,0,0,0,0,0,0,0,0,24,6,0,0,3,0,2,0,0,0,0,0,0,0,0,0,0,0,0,0,0,0,0,0,5,-4,0,0,0,0,-1,0,0,0,0,0,0,0,0,0,0,0,0,0,0,0,0,0
00044940,18,0,0,0,3,0,0,0,3,0,0,0,0,0,0,0,0,0,0,0,0,0,0,0,17,0,0,0,3,0,0,0,4,0,0,0,0,0,0,0,0,0,0,0,0,0,0,0,1,0,0,0,0,0,0,0,-1,0,0,0,0,0,0,0,0,0,0,0,0,0,0,0
00044949,10,0,0,0,3,6,1,0,0,0,2,0,0,0,0,0,0,0,0,0,0,0,0,0,9,0,0,0,3,6,2,0,0,0,2,0,0,0,0,0,0,0,0,0,0,0,0,0,1,0,0,0,0,0,-1,0,0,0,0,0,0,0,0,0,0,0,0,0,0,0,0,0
00045025,19,0,0,0,0,0,0,0,3,0,0,0,0,0,7,0,0,0,0,0,0,3,0,0,18,0,0,0,0,0,0,0,4,0,0,0,0,0,7,0,0,0,0,0,0,3,0,0,1,0,0,0,0,0,0,0,-1,0,0,0,0,0,0,0,0,0,0,0,0,0,0,0
00045083,13,0,2,0,0,0,0,0,0,0,0,0,0,4,0,1,0,0,0,0,0,0,0,0,11,0,4,0,0,0,0,0,0,0,0,0,0,4,0,1,0,0,0,0,0,0,0,0,2,0,-2,0,0,0,0,0,0,0,0,0,0,0,0,0,0,0,0,0,0,0,0,0
00045148,12,0,0,0,0,0,0,0,0,6,0,8,0,0,0,0,0,0,0,3,0,0,0,0,11,0,0,0,0,0,0,0,0,6,0,8,0,0,0,0,0,0,0,4,0,0,0,0,1,0,0,0,0,0,0,0,0,0,0,0,0,0,0,0,0,0,0,-1,0,0,0,0
00045151,4,0,0,0,0,0,0,0,0,0,0,0,0,3,0,0,0,0,0,0,0,0,4,0,3,0,0,0,0,0,0,0,0,0,0,0,0,4,0,0,0,0,0,0,0,0,4,0,1,0,0,0,0,0,0,0,0,0,0,0,0,-1,0,0,0,0,0,0,0,0,0,0
00045164,14,0,0,0,0,6,0,0,1,0,0,4,0,0,0,0,1,0,0,0,0,0,0,0,13,0,0,0,0,6,0,0,2,0,0,4,0,0,0,0,1,0,0,0,0,0,0,0,1,0,0,0,0,0,0,0,-1,0,0,0,0,0,0,0,0,0,0,0,0,0,0,0
00045210,30,0,0,0,3,6,0,0,0,0,0,8,0,0,0,0,0,0,0,0,0,3,0,0,29,0,0,0,3,6,0,0,0,0,0,9,0,0,0,0,0,0,0,0,0,3,0,0,1,0,0,0,0,0,0,0,0,0,0,-1,0,0,0,0,0,0,0,0,0,0,0,0
00045273,21,0,0,0,0,6,0,2,0,0,0,0,0,0,0,0,0,0,0,0,5,0,0,0,20,0,0,0,0,6,0,3,0,0,0,0,0,0,0,0,0,0,0,0,5,0,0,0,1,0,0,0,0,0,0,-1,0,0,0,0,0,0,0,0,0,0,0,0,0,0,0,0
00045294,23,1,0,0,0,0,0,0,0,0,0,0,0,0,0,0,0,0,0,0,0,3,2,0,21,3,0,0,0,0,0,0,0,0,0,0,0,0,0,0,0,0,0,0,0,3,2,0,2,-2,0,0,0,0,0,0,0,0,0,0,0,0,0,0,0,0,0,0,0,0,0,0
00045328,24,0,0,0,0,0,1,4,0,0,0,4,5,0,0,0,0,0,0,4,0,0,0,0,23,0,0,0,0,0,2,4,0,0,0,4,5,0,0,0,0,0,0,4,0,0,0,0,1,0,0,0,0,0,-1,0,0,0,0,0,0,0,0,0,0,0,0,0,0,0,0,0
00045449,18,0,0,0,3,0,4,0,1,0,0,0,0,0,0,0,0,0,0,0,0,0,0,0,17,0,0,0,3,0,4,0,2,0,0,0,0,0,0,0,0,0,0,0,0,0,0,0,1,0,0,0,0,0,0,0,-1,0,0,0,0,0,0,0,0,0,0,0,0,0,0,0
00045471,36,0,0,0,0,0,0,2,0,0,0,0,0,0,0,0,1,0,0,0,5,3,0,0,35,0,0,0,0,0,0,3,0,0,0,0,0,0,0,0,1,0,0,0,5,3,0,0,1,0,0,0,0,0,0,-1,0,0,0,0,0,0,0,0,0,0,0,0,0,0,0,0
00045590,26,5,0,0,0,0,0,0,1,0,0,0,0,0,14,0,0,0,0,0,0,0,0,0,24,6,0,0,0,0,0,0,2,0,0,0,0,0,14,0,0,0,0,0,0,0,0,0,2,-1,0,0,0,0,0,0,-1,0,0,0,0,0,0,0,0,0,0,0,0,0,0,0
00045648,24,1,0,0,0,0,2,0,0,0,0,4,0,0,0,0,0,0,0,0,0,0,0,0,22,3,0,0,0,0,2,0,0,0,0,4,0,0,0,0,0,0,0,0,0,0,0,0,2,-2,0,0,0,0,0,0,0,0,0,0,0,0,0,0,0,0,0,0,0,0,0,0
00045666,12,0,0,0,3,0,2,1,0,0,0,0,0,0,7,0,1,0,0,0,0,3,4,0,10,0,0,0,3,0,2,3,0,0,0,0,0,0,7,0,1,0,0,0,0,3,4,0,2,0,0,0,0,0,0,-2,0,0,0,0,0,0,0,0,0,0,0,0,0,0,0,0
00045694,18,0,0,0,3,0,0,0,0,0,1,0,0,0,0,0,0,0,0,0,0,0,2,0,17,0,0,0,3,0,0,0,0,0,2,0,0,0,0,0,0,0,0,0,0,0,2,0,1,0,0,0,0,0,0,0,0,0,-1,0,0,0,0,0,0,0,0,0,0,0,0,0
00045701,15,0,2,6,0,10,0,0,0,0,0,0,0,0,0,0,0,0,0,0,0,0,0,0,14,0,2,6,0,11,0,0,0,0,0,0,0,0,0,0,0,0,0,0,0,0,0,0,1,0,0,0,0,-1,0,0,0,0,0,0,0,0,0,0,0,0,0,0,0,0,0,0
00045751,22,0,0,0,0,0,0,0,0,0,1,0,0,0,0,0,1,2,0,0,5,0,0,0,21,0,0,0,0,0,0,0,0,0,2,0,0,0,0,0,1,2,0,0,5,0,0,0,1,0,0,0,0,0,0,0,0,0,-1,0,0,0,0,0,0,0,0,0,0,0,0,0
00045760,20,0,0,0,3,0,2,0,0,0,1,0,0,0,0,0,0,0,0,0,0,0,0,0,19,0,0,0,3,0,2,0,0,0,2,0,0,0,0,0,0,0,0,0,0,0,0,0,1,0,0,0,0,0,0,0,0,0,-1,0,0,0,0,0,0,0,0,0,0,0,0,0
00045772,18,5,0,0,3,0,0,0,0,0,0,0,0,0,0,0,1,2,0,0,0,0,0,0,17,6,0,0,3,0,0,0,0,0,0,0,0,0,0,0,1,2,0,0,0,0,0,0,1,-1,0,0,0,0,0,0,0,0,0,0,0,0,0,0,0,0,0,0,0,0,0,0
00045814,21,3,2,0,0,0,0,0,0,0,0,0,0,0,0,0,1,0,0,0,0,0,2,0,19,5,2,0,0,0,0,0,0,0,0,0,0,0,0,0,1,0,0,0,0,0,2,0,2,-2,0,0,0,0,0,0,0,0,0,0,0,0,0,0,0,0,0,0,0,0,0,0
00045863,29,1,0,0,0,0,0,3,0,3,0,0,0,0,0,0,0,0,0,0,5,0,0,0,27,3,0,0,0,0,0,3,0,3,0,0,0,0,0,0,0,0,0,0,5,0,0,0,2,-2,0,0,0,0,0,0,0,0,0,0,0,0,0,0,0,0,0,0,0,0,0,0
00045878,34,0,0,0,0,0,0,0,5,0,0,0,0,0,0,0,0,0,4,0,0,0,0,0,33,0,0,0,0,0,0,0,6,0,0,0,0,0,0,0,0,0,4,0,0,0,0,0,1,0,0,0,0,0,0,0,-1,0,0,0,0,0,0,0,0,0,0,0,0,0,0,0
00045897,8,0,0,0,0,0,2,0,0,0,5,4,0,0,0,0,0,0,0,0,0,0,0,0,7,0,0,0,0,0,2,0,0,0,6,4,0,0,0,0,0,0,0,0,0,0,0,0,1,0,0,0,0,0,0,0,0,0,-1,0,0,0,0,0,0,0,0,0,0,0,0,0
00045950,13,0,0,0,0,0,1,0,2,0,0,0,0,0,0,1,0,0,0,0,0,0,0,0,12,0,0,0,0,0,2,0,2,0,0,0,0,0,0,1,0,0,0,0,0,0,0,0,1,0,0,0,0,0,-1,0,0,0,0,0,0,0,0,0,0,0,0,0,0,0,0,0
00046064,21,0,0,0,0,0,2,3,2,0,1,0,0,0,0,0,0,0,0,0,0,3,0,0,20,0,0,0,0,0,2,3,2,0,2,0,0,0,0,0,0,0,0,0,0,3,0,0,1,0,0,0,0,0,0,0,0,0,-1,0,0,0,0,0,0,0,0,0,0,0,0,0
00046107,17,0,0,0,0,0,0,3,0,0,1,0,0,0,0,1,0,0,0,0,0,0,0,0,16,0,0,0,0,0,0,3,0,0,2,0,0,0,0,1,0,0,0,0,0,0,0,0,1,0,0,0,0,0,0,0,0,0,-1,0,0,0,0,0,0,0,0,0,0,0,0,0
00046152,6,0,0,0,0,6,0,0,0,2,0,0,0,4,0,0,0,0,4,0,0,0,0,0,5,0,0,0,0,6,0,0,0,3,0,0,0,4,0,0,0,0,4,0,0,0,0,0,1,0,0,0,0,0,0,0,0,-1,0,0,0,0,0,0,0,0,0,0,0,0,0,0
00046153,8,3,0,0,3,0,0,0,0,0,0,4,0,0,7,0,0,0,0,3,0,0,0,0,7,3,0,0,3,0,0,0,0,0,0,4,0,0,7,0,0,0,0,4,0,0,0,0,1,0,0,0,0,0,0,0,0,0,0,0,0,0,0,0,0,0,0,-1,0,0,0,0
00046185,38,4,0,0,0,6,0,0,0,0,0,0,0,0,0,0,1,0,0,0,0,0,0,0,34,8,0,0,0,6,0,0,0,0,0,0,0,0,0,0,1,0,0,0,0,0,0,0,4,-4,0,0,0,0,0,0,0,0,0,0,0,0,0,0,0,0,0,0,0,0,0,0
00046265,16,0,2,0,0,0,0,0,0,3,0,7,0,0,0,0,0,0,0,0,0,0,0,0,15,0,2,0,0,0,0,0,0,3,0,8,0,0,0,0,0,0,0,0,0,0,0,0,1,0,0,0,0,0,0,0,0,0,0,-1,0,0,0,0,0,0,0,0,0,0,0,0
00046316,18,3,0,0,3,0,0,0,0,3,0,0,0,0,0,0,0,0,0,0,0,0,0,0,17,4,0,0,3,0,0,0,0,3,0,0,0,0,0,0,0,0,0,0,0,0,0,0,1,-1,0,0,0,0,0,0,0,0,0,0,0,0,0,0,0,0,0,0,0,0,0,0
00046336,28,0,0,0,0,6,1,0,0,0,2,4,0,0,0,0,0,0,0,0,0,3,0,0,27,0,0,0,0,6,2,0,0,0,2,4,0,0,0,0,0,0,0,0,0,3,0,0,1,0,0,0,0,0,-1,0,0,0,0,0,0,0,0,0,0,0,0,0,0,0,0,0
00046403,22,1,0,0,0,0,0,0,0,0,0,0,5,0,0,0,0,0,0,0,0,3,2,0,20,3,0,0,0,0,0,0,0,0,0,0,5,0,0,0,0,0,0,0,0,3,2,0,2,-2,0,0,0,0,0,0,0,0,0,0,0,0,0,0,0,0,0,0,0,0,0,0
00046432,24,4,0,0,0,6,0,0,0,0,0,0,0,0,0,0,0,0,0,0,0,0,0,0,22,6,0,0,0,6,0,0,0,0,0,0,0,0,0,0,0,0,0,0,0,0,0,0,2,-2,0,0,0,0,0,0,0,0,0,0,0,0,0,0,0,0,0,0,0,0,0,0
00046520,11,3,0,0,0,0,0,0,0,0,0,4,0,0,0,0,0,0,4,3,0,0,0,0,10,3,0,0,0,0,0,0,0,0,0,4,0,0,0,0,0,0,4,4,0,0,0,0,1,0,0,0,0,0,0,0,0,0,0,0,0,0,0,0,0,0,0,-1,0,0,0,0
00046638,31,0,0,0,0,0,0,0,2,0,1,0,5,0,0,0,0,0,0,0,0,0,0,0,30,0,0,0,0,0,0,0,2,0,2,0,5,0,0,0,0,0,0,0,0,0,0,0,1,0,0,0,0,0,0,0,0,0,-1,0,0,0,0,0,0,0,0,0,0,0,0,0
00046649,11,0,0,0,0,0,2,0,1,0,0,4,0,0,0,0,0,0,0,0,0,0,0,0,10,0,0,0,0,0,2,0,2,0,0,4,0,0,0,0,0,0,0,0,0,0,0,0,1,0,0,0,0,0,0,0,-1,0,0,0,0,0,0,0,0,0,0,0,0,0,0,0
00046677,14,0,0,0,0,0,2,0,0,0,0,4,0,0,0,0,1,0,0,0,0,0,2,0,13,0,0,0,0,0,2,0,0,0,0,4,0,0,0,1,1,0,0,0,0,0,2,0,1,0,0,0,0,0,0,0,0,0,0,0,0,0,0,-1,0,0,0,0,0,0,0,0
00046691,24,0,0,4,0,0,0,0,1,0,0,0,0,0,0,0,0,2,0,0,0,0,2,0,23,0,0,4,0,0,0,0,2,0,0,0,0,0,0,0,0,2,0,0,0,0,2,0,1,0,0,0,0,0,0,0,-1,0,0,0,0,0,0,0,0,0,0,0,0,0,0,0
00046728,13,3,0,4,0,0,0,3,0,2,0,0,0,4,0,0,0,0,0,0,0,0,0,0,12,3,0,4,0,0,0,3,0,3,0,0,0,4,0,0,0,0,0,0,0,0,0,0,1,0,0,0,0,0,0,0,0,-1,0,0,0,0,0,0,0,0,0,0,0,0,0,0
00046737,26,0,0,4,0,0,0,3,0,3,0,0,0,0,0,0,0,0,0,0,0,0,0,0,24,0,2,4,0,0,0,3,0,3,0,0,0,0,0,0,0,0,0,0,0,0,0,0,2,0,-2,0,0,0,0,0,0,0,0,0,0,0,0,0,0,0,0,0,0,0,0,0
00046750,26,0,0,0,0,0,3,0,0,0,0,0,0,0,0,0,0,0,0,0,5,0,0,0,25,0,0,0,0,0,4,0,0,0,0,0,0,0,0,0,0,0,0,0,5,0,0,0,1,0,0,0,0,0,-1,0,0,0,0,0,0,0,0,0,0,0,0,0,0,0,0,0
00046770,38,0,0,0,0,6,0,0,0,0,0,4,5,0,0,0,0,2,0,0,0,0,0,0,36,0,0,0,0,6,0,0,2,0,0,4,5,0,0,0,0,2,0,0,0,0,0,0,2,0,0,0,0,0,0,0,-2,0,0,0,0,0,0,0,0,0,0,0,0,0,0,0
00046792,16,1,2,0,0,0,0,0,0,0,0,12,0,0,0,0,0,0,0,0,0,3,0,0,14,3,2,0,0,0,0,0,0,0,0,12,0,0,0,0,0,0,0,0,0,3,0,0,2,-2,0,0,0,0,0,0,0,0,0,0,0,0,0,0,0,0,0,0,0,0,0,0
00046794,24,1,0,0,3,0,0,0,0,0,0,0,0,0,0,0,0,0,0,0,0,3,0,0,22,3,0,0,3,0,0,0,0,0,0,0,0,0,0,0,0,0,0,0,0,3,0,0,2,-2,0,0,0,0,0,0,0,0,0,0,0,0,0,0,0,0,0,0,0,0,0,0
00046800,19,0,2,0,0,0,0,0,2,0,0,3,0,0,0,0,0,0,0,0,0,0,0,0,18,0,2,0,0,0,0,0,2,0,0,4,0,0,0,0,0,0,0,0,0,0,0,0,1,0,0,0,0,0,0,0,0,0,0,-1,0,0,0,0,0,0,0,0,0,0,0,0
00046821,17,0,0,0,0,0,0,0,0,0,1,5,0,0,0,1,0,0,0,4,0,0,0,0,16,0,0,0,0,0,0,0,0,0,2,5,0,0,0,1,0,0,0,4,0,0,0,0,1,0,0,0,0,0,0,0,0,0,-1,0,0,0,0,0,0,0,0,0,0,0,0,0
00046860,12,0,0,0,0,6,0,0,0,0,3,0,0,0,0,0,0,0,0,0,5,0,0,0,11,0,0,0,0,6,0,0,0,0,4,0,0,0,0,0,0,0,0,0,5,0,0,0,1,0,0,0,0,0,0,0,0,0,-1,0,0,0,0,0,0,0,0,0,0,0,0,0
00046862,29,6,0,0,0,0,0,0,1,0,0,0,0,0,0,0,1,0,0,0,0,0,0,0,28,6,0,0,0,0,0,0,2,0,0,0,0,0,0,0,1,0,0,0,0,0,0,0,1,0,0,0,0,0,0,0,-1,0,0,0,0,0,0,0,0,0,0,0,0,0,0,0
00046922,24,1,0,8,0,0,0,3,0,0,0,0,0,0,0,0,0,0,4,0,0,0,0,0,22,3,0,8,0,0,0,3,0,0,0,0,0,0,0,0,0,0,4,0,0,0,0,0,2,-2,0,0,0,0,0,0,0,0,0,0,0,0,0,0,0,0,0,0,0,0,0,0
00046985,11,0,0,0,0,0,0,0,1,3,0,4,0,0,0,0,0,0,0,0,10,0,2,0,10,0,0,0,0,0,0,0,2,3,0,4,0,0,0,0,0,0,0,0,10,0,2,0,1,0,0,0,0,0,0,0,-1,0,0,0,0,0,0,0,0,0,0,0,0,0,0,0
00047041,16,0,0,0,0,0,0,0,1,0,0,4,0,0,0,0,0,2,0,0,0,0,0,0,15,0,0,0,0,0,0,0,2,0,0,4,0,0,0,0,0,2,0,0,0,0,0,0,1,0,0,0,0,0,0,0,-1,0,0,0,0,0,0,0,0,0,0,0,0,0,0,0
00047044,11,0,2,0,0,0,0,0,0,3,0,0,0,0,0,0,0,0,0,3,0,0,0,0,10,0,2,0,0,0,0,0,0,3,0,0,0,0,0,0,0,0,0,4,0,0,0,0,1,0,0,0,0,0,0,0,0,0,0,0,0,0,0,0,0,0,0,-1,0,0,0,0
00047073,28,0,0,0,6,0,1,0,0,0,0,0,0,0,7,0,0,0,0,0,0,0,0,0,27,0,0,0,6,0,2,0,0,0,0,0,0,0,7,0,0,0,0,0,0,0,0,0,1,0,0,0,0,0,-1,0,0,0,0,0,0,0,0,0,0,0,0,0,0,0,0,0
00047086,36,1,0,4,0,0,0,0,0,0,0,0,0,4,0,0,0,4,0,0,0,0,0,0,34,3,0,4,0,0,0,0,0,0,0,0,0,4,0,0,0,4,0,0,0,0,0,0,2,-2,0,0,0,0,0,0,0,0,0,0,0,0,0,0,0,0,0,0,0,0,0,0
00047119,18,2,0,0,0,0,0,0,0,0,0,0,0,0,7,0,0,0,0,0,0,3,0,0,17,3,0,0,0,0,0,0,0,0,0,0,0,0,7,0,0,0,0,0,0,3,0,0,1,-1,0,0,0,0,0,0,0,0,0,0,0,0,0,0,0,0,0,0,0,0,0,0
00047147,20,0,0,0,0,0,0,0,0,3,0,3,0,0,0,0,0,0,0,4,0,0,0,0,19,0,0,0,0,0,0,0,0,3,0,4,0,0,0,0,0,0,0,4,0,0,0,0,1,0,0,0,0,0,0,0,0,0,0,-1,0,0,0,0,0,0,0,0,0,0,0,0
00047200,24,0,0,0,0,0,0,0,0,0,0,3,5,0,0,1,1,0,0,0,0,0,0,0,23,0,0,0,0,0,0,0,0,0,0,4,5,0,0,1,1,0,0,0,0,0,0,0,1,0,0,0,0,0,0,0,0,0,0,-1,0,0,0,0,0,0,0,0,0,0,0,0
00047224,15,0,0,4,0,0,0,0,0,3,1,0,0,0,0,0,0,0,0,0,0,0,0,0,14,0,0,4,0,0,0,0,0,3,2,0,0,0,0,0,0,0,0,0,0,0,0,0,1,0,0,0,0,0,0,0,0,0,-1,0,0,0,0,0,0,0,0,0,0,0,0,0
00047370,24,0,0,0,3,0,1,0,0,0,0,4,0,0,0,0,0,0,0,0,5,0,0,0,22,0,0,0,3,0,3,0,0,0,0,4,0,0,0,0,0,0,0,0,5,0,0,0,2,0,0,0,0,0,-2,0,0,0,0,0,0,0,0,0,0,0,0,0,0,0,0,0
00047385,11,3,0,0,0,0,0,3,0,0,0,0,0,4,0,0,0,0,0,3,0,0,0,0,10,3,0,0,0,0,0,3,0,0,0,0,0,4,0,0,0,0,0,4,0,0,0,0,1,0,0,0,0,0,0,0,0,0,0,0,0,0,0,0,0,0,0,-1,0,0,0,0
00047426,19,3,0,0,0,0,0,0,1,0,0,0,0,0,0,0,0,0,0,8,0,0,0,0,18,3,0,0,0,0,0,0,2,0,0,0,0,0,0,0,0,0,0,8,0,0,0,0,1,0,0,0,0,0,0,0,-1,0,0,0,0,0,0,0,0,0,0,0,0,0,0,0
00047478,18,3,2,0,0,0,0,0,0,3,0,0,0,0,0,0,0,0,0,0,0,0,0,0,17,3,3,0,0,0,0,0,0,3,0,0,0,0,0,0,0,0,0,0,0,0,0,0,1,0,-1,0,0,0,0,0,0,0,0,0,0,0,0,0,0,0,0,0,0,0,0,0
00047507,29,1,0,0,0,0,0,3,0,0,0,4,0,0,7,0,0,0,0,0,0,0,0,0,27,3,0,0,0,0,0,3,0,0,0,4,0,0,7,0,0,0,0,0,0,0,0,0,2,-2,0,0,0,0,0,0,0,0,0,0,0,0,0,0,0,0,0,0,0,0,0,0
00047527,26,1,0,0,0,6,0,0,0,0,0,7,0,0,0,0,0,0,0,0,0,0,0,0,22,3,0,0,0,7,0,0,0,0,0,8,0,0,0,0,0,0,0,0,0,0,0,0,4,-2,0,0,0,-1,0,0,0,0,0,-1,0,0,0,0,0,0,0,0,0,0,0,0
00047636,19,3,0,0,0,0,0,0,1,0,2,0,5,0,0,0,0,0,0,0,5,0,0,0,18,3,0,0,0,0,0,0,2,0,2,0,5,0,0,0,0,0,0,0,5,0,0,0,1,0,0,0,0,0,0,0,-1,0,0,0,0,0,0,0,0,0,0,0,0,0,0,0
00047641,13,0,0,0,0,6,1,0,0,0,0,0,0,0,0,0,0,0,0,4,5,0,0,0,12,0,0,0,0,6,2,0,0,0,0,0,0,0,0,0,0,0,0,4,5,0,0,0,1,0,0,0,0,0,-1,0,0,0,0,0,0,0,0,0,0,0,0,0,0,0,0,0
00047643,9,0,0,0,3,0,1,0,0,0,2,0,0,4,0,0,0,0,0,0,0,0,0,0,8,0,0,0,3,0,2,0,0,0,2,0,0,4,0,0,0,0,0,0,0,0,0,0,1,0,0,0,0,0,-1,0,0,0,0,0,0,0,0,0,0,0,0,0,0,0,0,0
00047666,16,0,0,0,3,0,0,0,1,0,0,0,0,4,0,0,0,0,0,0,0,0,0,0,15,0,0,0,3,0,0,0,2,0,0,0,0,4,0,0,0,0,0,0,0,0,0,0,1,0,0,0,0,0,0,0,-1,0,0,0,0,0,0,0,0,0,0,0,0,0,0,0
00047674,29,0,2,0,0,0,0,0,4,6,0,0,0,0,0,0,0,0,0,0,0,0,0,0,26,0,5,0,0,0,0,0,4,6,0,0,0,0,0,0,0,0,0,0,0,0,0,0,3,0,-3,0,0,0,0,0,0,0,0,0,0,0,0,0,0,0,0,0,0,0,0,0
00047675,13,8,2,0,0,12,0,0,2,0,0,0,0,0,0,1,0,0,0,0,0,0,0,0,11,10,2,0,0,12,0,0,2,0,0,0,0,0,0,1,0,0,0,0,0,0,0,0,2,-2,0,0,0,0,0,0,0,0,0,0,0,0,0,0,0,0,0,0,0,0,0,0
00047687,21,0,0,0,0,12,0,0,0,0,0,4,0,0,0,0,1,0,0,0,0,3,0,0,20,0,0,0,0,12,0,0,0,0,0,4,0,0,0,0,2,0,0,0,0,3,0,0,1,0,0,0,0,0,0,0,0,0,0,0,0,0,0,0,-1,0,0,0,0,0,0,0
00047778,19,0,2,0,0,0,2,0,0,0,0,0,0,4,0,0,0,0,0,0,0,0,0,0,17,0,2,0,0,0,4,0,0,0,0,0,0,4,0,0,0,0,0,0,0,0,0,0,2,0,0,0,0,0,-2,0,0,0,0,0,0,0,0,0,0,0,0,0,0,0,0,0
00047819,14,0,0,0,0,0,0,2,0,3,0,0,0,0,0,1,0,0,0,0,5,0,0,0,13,0,0,0,0,0,0,3,0,3,0,0,0,0,0,1,0,0,0,0,5,0,0,0,1,0,0,0,0,0,0,-1,0,0,0,0,0,0,0,0,0,0,0,0,0,0,0,0
00047822,25,4,0,0,0,0,0,0,0,0,0,0,0,0,0,0,0,0,4,0,0,0,0,0,23,6,0,0,0,0,0,0,0,0,0,0,0,0,0,0,0,0,4,0,0,0,0,0,2,-2,0,0,0,0,0,0,0,0,0,0,0,0,0,0,0,0,0,0,0,0,0,0
00047862,35,1,0,0,0,0,0,0,0,0,0,4,0,0,0,0,0,3,0,0,0,0,0,0,33,3,0,0,0,0,0,0,0,0,0,4,0,0,0,0,0,3,0,0,0,0,0,0,2,-2,0,0,0,0,0,0,0,0,0,0,0,0,0,0,0,0,0,0,0,0,0,0
00047969,23,1,0,0,0,6,0,0,0,0,0,0,0,4,0,0,0,0,0,0,0,0,0,0,21,3,0,0,0,6,0,0,0,0,0,0,0,4,0,0,0,0,0,0,0,0,0,0,2,-2,0,0,0,0,0,0,0,0,0,0,0,0,0,0,0,0,0,0,0,0,0,0
00047997,33,0,0,0,0,0,2,0,0,0,0,0,0,0,0,1,0,0,0,0,0,0,0,0,31,0,2,0,0,0,2,0,0,0,0,0,0,0,0,1,0,0,0,0,0,0,0,0,2,0,-2,0,0,0,0,0,0,0,0,0,0,0,0,0,0,0,0,0,0,0,0,0
00048049,13,0,0,0,0,6,1,0,0,3,0,4,0,0,0,0,0,0,0,0,0,0,0,0,12,0,0,0,0,6,2,0,0,3,0,4,0,0,0,0,0,0,0,0,0,0,0,0,1,0,0,0,0,0,-1,0,0,0,0,0,0,0,0,0,0,0,0,0,0,0,0,0
00048068,28,1,2,0,4,0,0,0,0,0,0,0,0,0,7,0,0,0,0,0,0,0,0,0,26,3,2,0,4,0,0,0,0,0,0,0,0,0,7,0,0,0,0,0,0,0,0,0,2,-2,0,0,0,0,0,0,0,0,0,0,0,0,0,0,0,0,0,0,0,0,0,0
00048178,20,3,0,0,0,0,1,0,0,0,0,0,0,4,0,0,1,0,0,0,0,0,0,0,19,3,0,0,0,0,2,0,0,0,0,0,0,4,0,0,1,0,0,0,0,0,0,0,1,0,0,0,0,0,-1,0,0,0,0,0,0,0,0,0,0,0,0,0,0,0,0,0
00048220,25,0,0,0,0,6,1,3,0,0,0,0,0,0,7,0,0,0,0,0,0,0,0,0,24,0,0,0,0,6,2,3,0,0,0,0,0,0,7,0,0,0,0,0,0,0,0,0,1,0,0,0,0,0,-1,0,0,0,0,0,0,0,0,0,0,0,0,0,0,0,0,0
00048223,23,0,0,0,0,0,0,0,0,3,0,0,0,0,0,0,0,0,0,4,0,0,2,0,21,0,2,0,0,0,0,0,0,3,0,0,0,0,0,0,0,0,0,4,0,0,2,0,2,0,-2,0,0,0,0,0,0,0,0,0,0,0,0,0,0,0,0,0,0,0,0,0
00048253,24,0,0,0,0,0,0,2,0,2,0,0,0,0,0,0,0,3,0,0,0,3,0,0,22,0,0,0,0,0,0,3,0,3,0,0,0,0,0,0,0,3,0,0,0,3,0,0,2,0,0,0,0,0,0,-1,0,-1,0,0,0,0,0,0,0,0,0,0,0,0,0,0
00048323,13,0,0,0,3,0,0,2,0,0,0,4,5,0,0,0,0,0,0,0,0,0,0,0,12,0,0,0,3,0,0,3,0,0,0,4,5,0,0,0,0,0,0,0,0,0,0,0,1,0,0,0,0,0,0,-1,0,0,0,0,0,0,0,0,0,0,0,0,0,0,0,0
00048386,25,1,0,0,0,0,1,0,0,0,0,0,5,0,0,0,0,0,0,0,0,0,0,0,22,3,0,0,0,0,2,0,0,0,0,0,5,0,0,0,0,0,0,0,0,0,0,0,3,-2,0,0,0,0,-1,0,0,0,0,0,0,0,0,0,0,0,0,0,0,0,0,0
00048398,24,1,0,4,3,0,0,0,0,0,0,0,0,0,0,0,0,0,0,0,0,3,0,0,20,3,2,4,3,0,0,0,0,0,0,0,0,0,0,0,0,0,0,0,0,3,0,0,4,-2,-2,0,0,0,0,0,0,0,0,0,0,0,0,0,0,0,0,0,0,0,0,0
00048403,20,4,0,0,3,0,0,0,0,2,0,0,0,0,0,0,0,0,0,0,0,0,0,0,17,6,0,0,3,0,0,0,0,3,0,0,0,0,0,0,0,0,0,0,0,0,0,0,3,-2,0,0,0,0,0,0,0,-1,0,0,0,0,0,0,0,0,0,0,0,0,0,0
00048415,24,0,0,0,0,0,0,0,1,0,0,0,0,4,0,0,0,2,0,4,0,0,2,0,23,0,0,0,0,0,0,0,2,0,0,0,0,4,0,0,0,2,0,4,0,0,2,0,1,0,0,0,0,0,0,0,-1,0,0,0,0,0,0,0,0,0,0,0,0,0,0,0
00048526,18,0,0,0,3,0,1,3,0,3,0,0,0,0,0,0,0,0,0,0,0,0,0,0,17,0,0,0,3,0,2,3,0,3,0,0,0,0,0,0,0,0,0,0,0,0,0,0,1,0,0,0,0,0,-1,0,0,0,0,0,0,0,0,0,0,0,0,0,0,0,0,0
00048570,27,0,0,4,0,0,1,0,0,0,0,0,0,0,7,0,0,0,0,0,5,0,0,0,26,0,0,4,0,0,2,0,0,0,0,0,0,0,7,0,0,0,0,0,5,0,0,0,1,0,0,0,0,0,-1,0,0,0,0,0,0,0,0,0,0,0,0,0,0,0,0,0
00048603,35,1,0,0,3,0,2,3,0,0,0,0,0,0,0,0,0,0,4,0,0,0,0,0,33,3,0,0,3,0,2,3,0,0,0,0,0,0,0,0,0,0,4,0,0,0,0,0,2,-2,0,0,0,0,0,0,0,0,0,0,0,0,0,0,0,0,0,0,0,0,0,0
00048616,23,7,0,0,0,0,0,0,2,0,0,0,0,0,0,0,0,0,0,0,0,0,0,0,18,12,0,0,0,0,0,0,2,0,0,0,0,0,0,0,0,0,0,0,0,0,0,0,5,-5,0,0,0,0,0,0,0,0,0,0,0,0,0,0,0,0,0,0,0,0,0,0
00048619,26,0,0,0,0,0,0,0,0,0,1,0,5,0,0,0,0,2,0,0,0,0,0,0,25,0,0,0,0,0,0,0,0,0,2,0,5,0,0,0,0,2,0,0,0,0,0,0,1,0,0,0,0,0,0,0,0,0,-1,0,0,0,0,0,0,0,0,0,0,0,0,0
00048748,31,1,0,0,0,6,0,0,0,0,0,4,0,0,0,0,0,3,0,0,0,0,0,0,29,3,0,0,0,6,0,0,0,0,0,4,0,0,0,0,0,3,0,0,0,0,0,0,2,-2,0,0,0,0,0,0,0,0,0,0,0,0,0,0,0,0,0,0,0,0,0,0
00048814,29,0,4,0,0,0,0,0,0,0,0,0,0,0,0,2,1,0,0,0,0,0,0,0,27,0,5,0,0,0,0,0,0,0,0,0,0,0,0,3,1,0,0,0,0,0,0,0,2,0,-1,0,0,0,0,0,0,0,0,0,0,0,0,-1,0,0,0,0,0,0,0,0
00048815,15,6,0,0,0,0,0,0,0,6,0,6,0,0,0,0,0,0,4,0,0,3,0,0,13,6,0,0,0,0,0,0,0,6,0,8,0,0,0,0,0,0,4,0,0,3,0,0,2,0,0,0,0,0,0,0,0,0,0,-2,0,0,0,0,0,0,0,0,0,0,0,0
00048822,28,0,0,0,3,0,0,0,1,0,0,0,5,0,0,0,0,0,0,0,5,0,0,0,27,0,0,0,3,0,0,0,2,0,0,0,5,0,0,0,0,0,0,0,5,0,0,0,1,0,0,0,0,0,0,0,-1,0,0,0,0,0,0,0,0,0,0,0,0,0,0,0
00048924,13,0,0,0,0,7,1,0,0,0,0,0,0,0,0,0,0,0,0,0,0,0,0,0,12,0,0,0,0,7,2,0,0,0,0,0,0,0,0,0,0,0,0,0,0,0,0,0,1,0,0,0,0,0,-1,0,0,0,0,0,0,0,0,0,0,0,0,0,0,0,0,0
00048928,21,0,0,0,3,14,0,0,0,0,1,0,0,0,0,0,4,0,0,0,0,0,0,0,19,0,0,0,3,14,0,0,0,0,2,0,0,0,0,0,5,0,0,0,0,0,0,0,2,0,0,0,0,0,0,0,0,0,-1,0,0,0,0,0,-1,0,0,0,0,0,0,0
00048949,29,0,0,0,0,6,0,0,0,0,0,3,0,0,7,0,0,0,0,0,0,0,0,0,28,0,0,0,0,6,0,0,0,0,0,4,0,0,7,0,0,0,0,0,0,0,0,0,1,0,0,0,0,0,0,0,0,0,0,-1,0,0,0,0,0,0,0,0,0,0,0,0
00048966,14,0,0,0,0,0,1,0,0,0,0,0,0,0,14,0,0,2,0,0,0,0,0,0,13,0,0,0,0,0,2,0,0,0,0,0,0,0,14,0,0,2,0,0,0,0,0,0,1,0,0,0,0,0,-1,0,0,0,0,0,0,0,0,0,0,0,0,0,0,0,0,0
00048977,13,0,0,0,3,0,0,1,0,0,0,4,0,0,0,0,0,0,0,0,0,0,2,0,11,0,0,0,3,0,0,3,0,0,0,4,0,0,0,0,0,0,0,0,0,0,2,0,2,0,0,0,0,0,0,-2,0,0,0,0,0,0,0,0,0,0,0,0,0,0,0,0
00049041,21,0,0,0,0,0,0,0,0,0,0,0,0,0,0,0,1,0,0,7,5,0,0,0,20,0,0,0,0,0,0,0,0,0,0,0,0,0,0,0,1,0,0,8,5,0,0,0,1,0,0,0,0,0,0,0,0,0,0,0,0,0,0,0,0,0,0,-1,0,0,0,0
00049090,17,0,0,0,0,0,1,0,0,0,0,0,0,0,0,0,0,2,0,0,0,3,2,0,16,0,0,0,0,0,2,0,0,0,0,0,0,0,0,0,0,2,0,0,0,3,2,0,1,0,0,0,0,0,-1,0,0,0,0,0,0,0,0,0,0,0,0,0,0,0,0,0
00049123,19,4,0,0,0,0,0,3,0,0,0,0,0,16,0,0,0,0,0,0,5,0,0,0,17,6,0,0,0,0,0,3,0,0,0,0,0,16,0,0,0,0,0,0,5,0,0,0,2,-2,0,0,0,0,0,0,0,0,0,0,0,0,0,0,0,0,0,0,0,0,0,0
00049240,17,0,2,0,0,0,0,0,1,0,0,4,0,0,0,0,1,2,0,0,0,0,0,0,16,0,2,0,0,0,0,0,2,0,0,4,0,0,0,0,1,2,0,0,0,0,0,0,1,0,0,0,0,0,0,0,-1,0,0,0,0,0,0,0,0,0,0,0,0,0,0,0
00049331,8,0,2,0,0,0,0,0,0,3,0,3,0,0,0,0,1,0,0,0,5,0,0,0,7,0,2,0,0,0,0,0,0,3,0,4,0,0,0,0,1,0,0,0,5,0,0,0,1,0,0,0,0,0,0,0,0,0,0,-1,0,0,0,0,0,0,0,0,0,0,0,0
00049351,14,0,4,0,0,0,0,0,1,0,0,0,0,0,0,0,0,0,0,0,0,0,0,0,13,0,4,0,0,0,0,0,2,0,0,0,0,0,0,0,0,0,0,0,0,0,0,0,1,0,0,0,0,0,0,0,-1,0,0,0,0,0,0,0,0,0,0,0,0,0,0,0
00049393,9,0,0,4,0,0,0,3,0,0,0,3,0,0,0,0,0,0,4,0,0,0,0,0,8,0,0,4,0,0,0,3,0,0,0,4,0,0,0,0,0,0,4,0,0,0,0,0,1,0,0,0,0,0,0,0,0,0,0,-1,0,0,0,0,0,0,0,0,0,0,0,0
00049405,18,0,3,0,0,0,0,0,0,0,0,0,0,0,0,1,0,0,0,0,0,0,0,0,17,0,4,0,0,0,0,0,0,0,0,0,0,0,0,1,0,0,0,0,0,0,0,0,1,0,-1,0,0,0,0,0,0,0,0,0,0,0,0,0,0,0,0,0,0,0,0,0
00049416,15,0,0,0,3,0,1,3,0,0,0,0,0,0,0,0,1,0,0,0,0,0,0,0,14,0,0,0,3,0,2,3,0,0,0,0,0,0,0,0,1,0,0,0,0,0,0,0,1,0,0,0,0,0,-1,0,0,0,0,0,0,0,0,0,0,0,0,0,0,0,0,0
00049488,12,0,0,4,0,0,0,0,3,0,0,0,5,0,0,0,0,0,0,0,0,0,0,0,11,0,0,4,0,0,0,0,4,0,0,0,5,0,0,0,0,0,0,0,0,0,0,0,1,0,0,0,0,0,0,0,-1,0,0,0,0,0,0,0,0,0,0,0,0,0,0,0
00049565,15,3,0,0,0,0,0,0,0,4,0,0,0,0,0,0,0,0,4,0,0,0,0,0,13,3,0,0,0,0,0,0,0,6,0,0,0,0,0,0,0,0,4,0,0,0,0,0,2,0,0,0,0,0,0,0,0,-2,0,0,0,0,0,0,0,0,0,0,0,0,0,0
00049596,19,1,0,4,3,0,0,0,0,0,0,0,0,0,0,0,0,0,0,0,0,0,0,0,17,3,0,4,3,0,0,0,0,0,0,0,0,0,0,0,0,0,0,0,0,0,0,0,2,-2,0,0,0,0,0,0,0,0,0,0,0,0,0,0,0,0,0,0,0,0,0,0
00049694,22,0,0,0,0,0,1,0,0,0,0,0,0,0,0,0,0,2,0,0,5,0,2,0,21,0,0,0,0,0,2,0,0,0,0,0,0,0,0,0,0,2,0,0,5,0,2,0,1,0,0,0,0,0,-1,0,0,0,0,0,0,0,0,0,0,0,0,0,0,0,0,0
00049761,20,0,0,0,0,0,0,2,0,0,0,4,0,0,0,0,0,0,4,0,0,3,0,0,19,0,0,0,0,0,0,3,0,0,0,4,0,0,0,0,0,0,4,0,0,3,0,0,1,0,0,0,0,0,0,-1,0,0,0,0,0,0,0,0,0,0,0,0,0,0,0,0
00049884,27,1,0,0,0,0,0,0,0,0,0,0,0,0,7,0,0,0,0,0,0,0,2,0,25,3,0,0,0,0,0,0,0,0,0,0,0,0,7,0,0,0,0,0,0,0,2,0,2,-2,0,0,0,0,0,0,0,0,0,0,0,0,0,0,0,0,0,0,0,0,0,0
00050068,19,3,2,0,0,0,0,0,3,0,0,0,0,0,7,0,0,0,0,0,0,0,0,0,18,3,2,0,0,0,0,0,4,0,0,0,0,0,7,0,0,0,0,0,0,0,0,0,1,0,0,0,0,0,0,0,-1,0,0,0,0,0,0,0,0,0,0,0,0,0,0,0
00050159,18,1,0,0,0,0,0,0,0,0,0,0,0,0,0,0,1,0,0,0,0,0,2,0,16,3,0,0,0,0,0,0,0,0,0,0,0,0,0,0,1,0,0,0,0,0,2,0,2,-2,0,0,0,0,0,0,0,0,0,0,0,0,0,0,0,0,0,0,0,0,0,0
00050214,18,2,0,0,0,0,0,0,0,0,0,0,0,0,0,0,2,0,0,0,0,0,2,0,17,3,0,0,0,0,0,0,0,0,0,0,0,0,0,0,2,0,0,0,0,0,2,0,1,-1,0,0,0,0,0,0,0,0,0,0,0,0,0,0,0,0,0,0,0,0,0,0
00050235,23,0,0,0,3,0,0,0,0,0,1,0,0,0,0,0,0,0,0,4,0,0,0,0,22,0,0,0,3,0,0,0,0,0,2,0,0,0,0,0,0,0,0,4,0,0,0,0,1,0,0,0,0,0,0,0,0,0,-1,0,0,0,0,0,0,0,0,0,0,0,0,0
00050290,23,2,0,0,3,0,0,3,0,0,0,0,0,4,0,0,0,0,0,0,0,0,0,0,21,4,0,0,3,0,0,3,0,0,0,0,0,4,0,0,0,0,0,0,0,0,0,0,2,-2,0,0,0,0,0,0,0,0,0,0,0,0,0,0,0,0,0,0,0,0,0,0
00050403,20,0,0,16,0,0,0,6,0,0,0,0,0,0,0,0,2,0,0,0,0,0,0,0,19,0,0,16,0,0,0,6,0,0,0,0,0,0,0,0,3,0,0,0,0,0,0,0,1,0,0,0,0,0,0,0,0,0,0,0,0,0,0,0,-1,0,0,0,0,0,0,0
00050419,32,0,0,0,0,6,0,0,1,0,0,0,0,0,0,0,0,4,0,0,0,0,2,0,31,0,0,0,0,6,0,0,2,0,0,0,0,0,0,0,0,4,0,0,0,0,2,0,1,0,0,0,0,0,0,0,-1,0,0,0,0,0,0,0,0,0,0,0,0,0,0,0
00050421,23,0,0,0,0,6,0,0,0,0,1,0,0,4,0,0,0,0,0,4,0,0,0,0,22,0,0,0,0,6,0,0,0,0,2,0,0,4,0,0,0,0,0,4,0,0,0,0,1,0,0,0,0,0,0,0,0,0,-1,0,0,0,0,0,0,0,0,0,0,0,0,0
00050461,19,0,0,0,0,0,0,3,0,0,1,0,0,0,0,0,0,2,0,0,0,0,0,0,18,0,0,0,0,0,0,3,0,0,2,0,0,0,0,0,0,2,0,0,0,0,0,0,1,0,0,0,0,0,0,0,0,0,-1,0,0,0,0,0,0,0,0,0,0,0,0,0
00050542,12,2,0,0,0,6,0,0,0,0,0,0,0,0,0,1,0,0,0,5,0,0,0,0,11,3,0,0,0,6,0,0,0,0,0,0,0,0,0,1,0,0,0,5,0,0,0,0,1,-1,0,0,0,0,0,0,0,0,0,0,0,0,0,0,0,0,0,0,0,0,0,0
00050580,22,0,0,4,0,0,1,0,0,0,0,0,0,0,0,0,0,0,0,4,0,3,0,0,21,0,0,4,0,0,2,0,0,0,0,0,0,0,0,0,0,0,0,4,0,3,0,0,1,0,0,0,0,0,-1,0,0,0,0,0,0,0,0,0,0,0,0,0,0,0,0,0
00050608,20,1,0,0,3,0,0,0,0,0,0,4,0,0,0,0,0,0,0,0,5,0,0,0,18,3,0,0,3,0,0,0,0,0,0,4,0,0,0,0,0,0,0,0,5,0,0,0,2,-2,0,0,0,0,0,0,0,0,0,0,0,0,0,0,0,0,0,0,0,0,0,0
00050722,27,1,2,0,0,0,0,0,1,0,0,4,0,0,0,0,0,0,0,0,5,0,0,0,24,3,2,0,0,0,0,0,2,0,0,4,0,0,0,0,0,0,0,0,5,0,0,0,3,-2,0,0,0,0,0,0,-1,0,0,0,0,0,0,0,0,0,0,0,0,0,0,0
00050754,27,0,0,0,0,6,0,1,0,0,0,4,0,0,0,0,1,0,0,0,0,3,0,0,25,0,0,0,0,6,0,3,0,0,0,4,0,0,0,0,1,0,0,0,0,3,0,0,2,0,0,0,0,0,0,-2,0,0,0,0,0,0,0,0,0,0,0,0,0,0,0,0
00050797,20,0,0,0,0,6,0,0,0,0,0,4,0,0,0,0,1,0,0,0,0,0,0,0,18,0,2,0,0,6,0,0,0,0,0,4,0,0,0,0,1,0,0,0,0,0,0,0,2,0,-2,0,0,0,0,0,0,0,0,0,0,0,0,0,0,0,0,0,0,0,0,0
00050836,14,2,0,0,3,0,0,0,0,0,0,0,0,0,0,0,0,0,0,0,5,0,0,0,13,3,0,0,3,0,0,0,0,0,0,0,0,0,0,0,0,0,0,0,5,0,0,0,1,-1,0,0,0,0,0,0,0,0,0,0,0,0,0,0,0,0,0,0,0,0,0,0
00051009,23,0,0,0,0,6,1,0,0,0,0,0,5,0,0,0,1,0,0,0,0,0,0,0,22,0,0,0,0,6,2,0,0,0,0,0,5,0,0,0,1,0,0,0,0,0,0,0,1,0,0,0,0,0,-1,0,0,0,0,0,0,0,0,0,0,0,0,0,0,0,0,0
00051068,19,0,2,0,0,0,1,0,0,3,0,0,0,0,0,0,1,0,0,4,0,0,0,0,18,0,2,0,0,0,2,0,0,3,0,0,0,0,0,0,1,0,0,4,0,0,0,0,1,0,0,0,0,0,-1,0,0,0,0,0,0,0,0,0,0,0,0,0,0,0,0,0
00051216,13,3,0,0,0,0,1,0,2,0,0,4,0,0,0,1,0,0,0,0,0,0,0,0,12,3,0,0,0,0,2,0,2,0,0,4,0,0,0,1,0,0,0,0,0,0,0,0,1,0,0,0,0,0,-1,0,0,0,0,0,0,0,0,0,0,0,0,0,0,0,0,0
00051248,23,0,0,0,0,0,0,3,0,1,0,4,0,0,0,0,0,0,4,0,0,0,0,0,21,0,0,0,0,0,0,3,0,3,0,4,0,0,0,0,0,0,4,0,0,0,0,0,2,0,0,0,0,0,0,0,0,-2,0,0,0,0,0,0,0,0,0,0,0,0,0,0
00051276,22,2,0,0,6,0,0,0,0,0,0,4,0,0,0,0,0,0,0,0,0,0,0,0,21,3,0,0,6,0,0,0,0,0,0,4,0,0,0,0,0,0,0,0,0,0,0,0,1,-1,0,0,0,0,0,0,0,0,0,0,0,0,0,0,0,0,0,0,0,0,0,0
00051309,25,4,0,0,0,0,0,0,0,0,2,0,0,0,0,0,0,0,0,0,0,0,0,0,23,6,0,0,0,0,0,0,0,0,2,0,0,0,0,0,0,0,0,0,0,0,0,0,2,-2,0,0,0,0,0,0,0,0,0,0,0,0,0,0,0,0,0,0,0,0,0,0
00051406,13,0,0,0,0,6,0,0,0,0,0,4,0,0,7,0,0,0,0,0,0,0,0,0,11,0,2,0,0,6,0,0,0,0,0,4,0,0,7,0,0,0,0,0,0,0,0,0,2,0,-2,0,0,0,0,0,0,0,0,0,0,0,0,0,0,0,0,0,0,0,0,0
00051437,22,0,2,0,0,0,0,0,0,0,0,8,0,0,0,1,0,0,0,0,0,0,0,0,21,0,2,0,0,0,0,0,0,0,0,8,0,0,0,2,0,0,0,0,0,0,0,0,1,0,0,0,0,0,0,0,0,0,0,0,0,0,0,-1,0,0,0,0,0,0,0,0
00051468,26,1,0,0,0,6,0,0,0,0,0,0,0,0,7,0,0,0,0,0,0,0,0,0,24,3,0,0,0,6,0,0,0,0,0,0,0,0,7,0,0,0,0,0,0,0,0,0,2,-2,0,0,0,0,0,0,0,0,0,0,0,0,0,0,0,0,0,0,0,0,0,0
00051523,25,1,2,0,0,0,0,0,0,3,0,0,0,0,0,0,0,0,0,0,0,0,0,0,23,3,2,0,0,0,0,0,0,3,0,0,0,0,0,0,0,0,0,0,0,0,0,0,2,-2,0,0,0,0,0,0,0,0,0,0,0,0,0,0,0,0,0,0,0,0,0,0
00051528,21,0,0,0,0,0,0,0,1,0,0,4,0,0,0,0,0,0,0,0,5,0,0,0,20,0,0,0,0,0,0,0,2,0,0,4,0,0,0,0,0,0,0,0,5,0,0,0,1,0,0,0,0,0,0,0,-1,0,0,0,0,0,0,0,0,0,0,0,0,0,0,0
00051566,26,3,0,0,0,0,0,0,0,0,1,0,0,0,0,0,0,0,0,0,5,0,0,0,25,3,0,0,0,0,0,0,0,0,2,0,0,0,0,0,0,0,0,0,5,0,0,0,1,0,0,0,0,0,0,0,0,0,-1,0,0,0,0,0,0,0,0,0,0,0,0,0
00051635,20,3,0,0,0,6,1,0,0,0,0,4,0,0,0,0,0,0,0,0,0,0,0,0,19,3,0,0,0,6,2,0,0,0,0,4,0,0,0,0,0,0,0,0,0,0,0,0,1,0,0,0,0,0,-1,0,0,0,0,0,0,0,0,0,0,0,0,0,0,0,0,0
00051660,23,0,2,0,0,0,0,0,1,0,0,0,0,0,0,0,0,0,0,4,5,0,2,0,22,0,2,0,0,0,0,0,2,0,0,0,0,0,0,0,0,0,0,4,5,0,2,0,1,0,0,0,0,0,0,0,-1,0,0,0,0,0,0,0,0,0,0,0,0,0,0,0
00051676,42,4,0,0,0,0,2,0,0,0,0,0,0,0,0,0,0,0,0,0,0,0,0,0,40,6,0,0,0,0,2,0,0,0,0,0,0,0,0,0,0,0,0,0,0,0,0,0,2,-2,0,0,0,0,0,0,0,0,0,0,0,0,0,0,0,0,0,0,0,0,0,0
00051681,10,0,0,0,0,12,1,0,0,3,3,0,0,0,0,0,1,0,0,0,0,0,0,0,8,0,0,0,0,12,2,0,0,3,4,0,0,0,0,0,1,0,0,0,0,0,0,0,2,0,0,0,0,0,-1,0,0,0,-1,0,0,0,0,0,0,0,0,0,0,0,0,0
00051695,29,3,0,4,0,0,2,0,0,0,2,0,0,0,0,0,0,0,0,0,0,0,0,0,27,3,0,4,0,0,2,0,0,0,4,0,0,0,0,0,0,0,0,0,0,0,0,0,2,0,0,0,0,0,0,0,0,0,-2,0,0,0,0,0,0,0,0,0,0,0,0,0
00051710,21,1,0,0,3,0,0,0,0,0,0,0,0,0,7,0,0,0,0,0,0,0,2,0,19,3,0,0,3,0,0,0,0,0,0,0,0,0,7,0,0,0,0,0,0,0,2,0,2,-2,0,0,0,0,0,0,0,0,0,0,0,0,0,0,0,0,0,0,0,0,0,0
00051771,18,0,0,0,3,0,0,0,0,0,2,3,0,0,7,0,0,0,4,0,0,0,0,0,17,0,0,0,3,0,0,0,0,0,2,4,0,0,7,0,0,0,4,0,0,0,0,0,1,0,0,0,0,0,0,0,0,0,0,-1,0,0,0,0,0,0,0,0,0,0,0,0
00051863,34,0,2,4,0,0,1,0,0,0,0,0,0,0,0,0,0,0,0,0,0,0,0,0,33,0,2,4,0,0,2,0,0,0,0,0,0,0,0,0,0,0,0,0,0,0,0,0,1,0,0,0,0,0,-1,0,0,0,0,0,0,0,0,0,0,0,0,0,0,0,0,0
00051979,16,3,0,0,0,6,0,0,1,3,0,0,0,0,0,0,0,0,0,0,0,0,0,0,15,3,0,0,0,6,0,0,2,3,0,0,0,0,0,0,0,0,0,0,0,0,0,0,1,0,0,0,0,0,0,0,-1,0,0,0,0,0,0,0,0,0,0,0,0,0,0,0
00052003,23,4,0,0,0,0,0,0,0,0,0,4,0,0,0,0,0,2,0,0,0,0,0,0,21,6,0,0,0,0,0,0,0,0,0,4,0,0,0,0,0,2,0,0,0,0,0,0,2,-2,0,0,0,0,0,0,0,0,0,0,0,0,0,0,0,0,0,0,0,0,0,0
00052012,25,1,0,0,0,6,0,0,0,3,0,4,0,0,0,0,0,0,0,0,0,0,0,0,23,3,0,0,0,6,0,0,0,3,0,4,0,0,0,0,0,0,0,0,0,0,0,0,2,-2,0,0,0,0,0,0,0,0,0,0,0,0,0,0,0,0,0,0,0,0,0,0
00052035,22,1,0,0,0,0,0,0,0,0,2,4,0,4,0,1,0,0,0,0,0,0,0,0,20,3,0,0,0,0,0,0,0,0,2,4,0,4,0,1,0,0,0,0,0,0,0,0,2,-2,0,0,0,0,0,0,0,0,0,0,0,0,0,0,0,0,0,0,0,0,0,0
00052074,22,0,0,0,3,0,0,1,0,0,0,4,0,0,0,0,0,0,0,4,0,0,0,0,20,0,0,0,3,0,0,3,0,0,0,4,0,0,0,0,0,0,0,4,0,0,0,0,2,0,0,0,0,0,0,-2,0,0,0,0,0,0,0,0,0,0,0,0,0,0,0,0
00052099,24,3,0,0,0,6,0,0,1,0,0,0,0,4,0,0,0,0,0,0,0,0,0,0,23,3,0,0,0,6,0,0,2,0,0,0,0,4,0,0,0,0,0,0,0,0,0,0,1,0,0,0,0,0,0,0,-1,0,0,0,0,0,0,0,0,0,0,0,0,0,0,0
00052110,21,0,0,0,0,0,4,0,0,0,0,0,0,0,0,0,0,0,0,0,0,0,0,0,18,0,0,0,0,0,7,0,0,0,0,0,0,0,0,0,0,0,0,0,0,0,0,0,3,0,0,0,0,0,-3,0,0,0,0,0,0,0,0,0,0,0,0,0,0,0,0,0
00052125,12,0,0,0,0,0,0,0,0,0,0,3,0,0,0,0,0,0,4,0,0,3,0,0,11,0,0,0,0,0,0,0,0,0,0,4,0,0,0,0,0,0,4,0,0,3,0,0,1,0,0,0,0,0,0,0,0,0,0,-1,0,0,0,0,0,0,0,0,0,0,0,0
00052143,19,0,0,0,0,0,0,0,0,0,0,0,0,0,7,0,1,0,0,0,5,0,0,0,17,0,2,0,0,0,0,0,0,0,0,0,0,0,7,0,1,0,0,0,5,0,0,0,2,0,-2,0,0,0,0,0,0,0,0,0,0,0,0,0,0,0,0,0,0,0,0,0
00052231,16,1,0,0,0,0,4,0,4,0,2,0,10,0,0,0,0,0,0,0,0,0,0,0,14,3,0,0,0,0,4,0,4,0,2,0,10,0,0,0,0,0,0,0,0,0,0,0,2,-2,0,0,0,0,0,0,0,0,0,0,0,0,0,0,0,0,0,0,0,0,0,0
00052250,8,0,0,0,5,0,0,0,0,0,0,0,5,0,0,0,0,0,0,0,5,0,2,0,7,0,0,0,5,0,0,0,0,0,0,0,6,0,0,0,0,0,0,0,5,0,2,0,1,0,0,0,0,0,0,0,0,0,0,0,-1,0,0,0,0,0,0,0,0,0,0,0
00052265,16,0,0,0,0,6,1,3,0,0,0,4,0,0,0,0,0,0,0,0,0,0,0,0,15,0,0,0,0,6,2,3,0,0,0,4,0,0,0,0,0,0,0,0,0,0,0,0,1,0,0,0,0,0,-1,0,0,0,0,0,0,0,0,0,0,0,0,0,0,0,0,0
00052297,32,1,0,0,7,0,0,0,1,0,0,0,0,0,0,0,0,0,0,0,0,0,0,0,29,3,0,0,7,0,0,0,2,0,0,0,0,0,0,0,0,0,0,0,0,0,0,0,3,-2,0,0,0,0,0,0,-1,0,0,0,0,0,0,0,0,0,0,0,0,0,0,0
00052307,21,1,0,0,0,6,0,0,0,0,0,0,0,0,0,0,1,0,0,0,0,0,0,0,18,3,0,0,0,7,0,0,0,0,0,0,0,0,0,0,1,0,0,0,0,0,0,0,3,-2,0,0,0,-1,0,0,0,0,0,0,0,0,0,0,0,0,0,0,0,0,0,0
00052321,12,0,0,4,0,0,0,0,0,0,1,4,0,0,0,0,0,0,4,0,0,0,0,0,11,0,0,4,0,0,0,0,0,0,2,4,0,0,0,0,0,0,4,0,0,0,0,0,1,0,0,0,0,0,0,0,0,0,-1,0,0,0,0,0,0,0,0,0,0,0,0,0
00052415,29,2,0,0,0,0,0,0,0,0,0,0,0,0,0,0,0,0,0,0,5,0,2,0,25,6,0,0,0,0,0,0,0,0,0,0,0,0,0,0,0,0,0,0,5,0,2,0,4,-4,0,0,0,0,0,0,0,0,0,0,0,0,0,0,0,0,0,0,0,0,0,0
00052599,19,1,0,0,0,0,0,0,0,0,0,0,0,0,0,1,0,2,0,0,0,0,0,0,17,3,0,0,0,0,0,0,0,0,0,0,0,0,0,1,0,2,0,0,0,0,0,0,2,-2,0,0,0,0,0,0,0,0,0,0,0,0,0,0,0,0,0,0,0,0,0,0
00052607,36,3,0,0,0,6,0,0,1,0,0,0,0,0,7,0,0,0,0,0,0,0,0,0,35,3,0,0,0,6,0,0,2,0,0,0,0,0,7,0,0,0,0,0,0,0,0,0,1,0,0,0,0,0,0,0,-1,0,0,0,0,0,0,0,0,0,0,0,0,0,0,0
00052741,24,1,0,0,0,0,0,3,0,3,0,0,0,0,0,0,0,0,0,0,0,0,0,0,22,3,0,0,0,0,0,3,0,3,0,0,0,0,0,0,0,0,0,0,0,0,0,0,2,-2,0,0,0,0,0,0,0,0,0,0,0,0,0,0,0,0,0,0,0,0,0,0
00052751,12,0,0,4,0,0,0,0,2,3,1,0,0,0,0,0,0,0,0,0,0,0,0,0,11,0,0,4,0,0,0,0,2,3,2,0,0,0,0,0,0,0,0,0,0,0,0,0,1,0,0,0,0,0,0,0,0,0,-1,0,0,0,0,0,0,0,0,0,0,0,0,0
00052766,6,0,0,0,0,0,0,0,0,0,0,0,0,0,0,0,1,0,0,0,0,0,1,0,5,0,0,0,0,0,0,0,0,0,0,0,0,0,0,0,1,0,0,0,0,0,2,0,1,0,0,0,0,0,0,0,0,0,0,0,0,0,0,0,0,0,0,0,0,0,-1,0
00052777,26,0,0,0,0,0,0,0,2,0,0,0,0,0,0,0,0,0,0,4,0,3,0,0,24,0,0,0,0,0,0,0,4,0,0,0,0,0,0,0,0,0,0,4,0,3,0,0,2,0,0,0,0,0,0,0,-2,0,0,0,0,0,0,0,0,0,0,0,0,0,0,0
00052814,35,3,0,0,0,0,0,0,2,0,2,0,0,0,0,0,0,0,4,0,0,0,0,0,33,3,0,0,0,0,0,0,4,0,2,0,0,0,0,0,0,0,4,0,0,0,0,0,2,0,0,0,0,0,0,0,-2,0,0,0,0,0,0,0,0,0,0,0,0,0,0,0
00052825,19,6,0,0,0,0,0,0,0,3,0,0,0,0,0,0,0,0,0,4,0,3,0,0,18,7,0,0,0,0,0,0,0,3,0,0,0,0,0,0,0,0,0,4,0,3,0,0,1,-1,0,0,0,0,0,0,0,0,0,0,0,0,0,0,0,0,0,0,0,0,0,0
00052858,19,0,0,0,0,0,1,0,0,0,0,0,0,4,0,0,0,3,0,0,0,0,0,0,18,0,0,0,0,0,2,0,0,0,0,0,0,4,0,0,0,3,0,0,0,0,0,0,1,0,0,0,0,0,-1,0,0,0,0,0,0,0,0,0,0,0,0,0,0,0,0,0
00052944,24,3,0,0,0,0,0,0,0,0,1,0,0,0,7,0,0,0,0,0,0,0,0,0,23,3,0,0,0,0,0,0,0,0,2,0,0,0,7,0,0,0,0,0,0,0,0,0,1,0,0,0,0,0,0,0,0,0,-1,0,0,0,0,0,0,0,0,0,0,0,0,0
00053078,20,1,0,4,0,0,0,0,2,0,0,0,0,0,0,0,0,0,0,0,5,0,0,0,18,3,0,4,0,0,0,0,2,0,0,0,0,0,0,0,0,0,0,0,5,0,0,0,2,-2,0,0,0,0,0,0,0,0,0,0,0,0,0,0,0,0,0,0,0,0,0,0
00053174,23,0,0,0,0,0,0,4,0,0,2,4,0,0,0,0,0,0,0,0,0,0,0,0,21,0,0,0,0,0,0,6,0,0,2,4,0,0,0,0,0,0,0,0,0,0,0,0,2,0,0,0,0,0,0,-2,0,0,0,0,0,0,0,0,0,0,0,0,0,0,0,0
00053214,24,0,0,0,0,0,0,0,1,0,0,4,0,0,0,0,0,0,0,0,0,0,2,0,23,0,0,0,0,0,0,0,2,0,0,4,0,0,0,0,0,0,0,0,0,0,2,0,1,0,0,0,0,0,0,0,-1,0,0,0,0,0,0,0,0,0,0,0,0,0,0,0
00053224,26,0,0,0,0,0,0,0,1,0,0,0,0,0,0,0,1,2,0,0,0,0,2,0,25,0,0,0,0,0,0,0,2,0,0,0,0,0,0,0,1,2,0,0,0,0,2,0,1,0,0,0,0,0,0,0,-1,0,0,0,0,0,0,0,0,0,0,0,0,0,0,0
00053234,20,1,2,0,0,6,0,0,0,0,0,0,0,0,0,0,0,0,0,0,0,0,0,0,18,3,2,0,0,6,0,0,0,0,0,0,0,0,0,0,0,0,0,0,0,0,0,0,2,-2,0,0,0,0,0,0,0,0,0,0,0,0,0,0,0,0,0,0,0,0,0,0
00053312,32,5,2,0,3,0,0,0,0,0,0,8,0,0,0,0,0,0,0,0,0,0,0,0,30,7,2,0,3,0,0,0,0,0,0,8,0,0,0,0,0,0,0,0,0,0,0,0,2,-2,0,0,0,0,0,0,0,0,0,0,0,0,0,0,0,0,0,0,0,0,0,0
00053404,8,0,0,0,0,0,0,0,0,0,0,0,0,0,0,0,1,0,0,0,0,0,0,0,7,0,0,0,0,0,0,0,0,0,0,0,0,0,0,0,2,0,0,0,0,0,0,0,1,0,0,0,0,0,0,0,0,0,0,0,0,0,0,0,-1,0,0,0,0,0,0,0
00053511,17,0,2,0,0,0,2,0,0,0,0,0,0,0,0,0,0,0,0,0,0,0,0,0,15,0,2,0,0,0,4,0,0,0,0,0,0,0,0,0,0,0,0,0,0,0,0,0,2,0,0,0,0,0,-2,0,0,0,0,0,0,0,0,0,0,0,0,0,0,0,0,0
00053532,25,7,0,0,0,0,0,0,0,0,0,0,0,0,0,0,1,0,0,0,0,0,0,0,23,9,0,0,0,0,0,0,0,0,0,0,0,0,0,0,1,0,0,0,0,0,0,0,2,-2,0,0,0,0,0,0,0,0,0,0,0,0,0,0,0,0,0,0,0,0,0,0
00053620,18,4,0,0,0,0,1,0,0,0,0,4,0,0,0,0,0,0,0,0,5,0,0,0,17,4,0,0,0,0,2,0,0,0,0,4,0,0,0,0,0,0,0,0,5,0,0,0,1,0,0,0,0,0,-1,0,0,0,0,0,0,0,0,0,0,0,0,0,0,0,0,0
00053627,12,3,0,0,0,0,0,2,0,0,0,0,0,0,0,0,0,0,4,0,0,0,0,0,11,3,0,0,0,0,0,3,0,0,0,0,0,0,0,0,0,0,4,0,0,0,0,0,1,0,0,0,0,0,0,-1,0,0,0,0,0,0,0,0,0,0,0,0,0,0,0,0
00053679,23,0,0,0,0,0,0,2,1,3,0,0,0,0,0,0,0,0,0,0,0,3,0,0,21,0,0,0,0,0,0,3,2,3,0,0,0,0,0,0,0,0,0,0,0,3,0,0,2,0,0,0,0,0,0,-1,-1,0,0,0,0,0,0,0,0,0,0,0,0,0,0,0
00053723,20,0,2,4,0,0,0,0,0,0,0,0,0,0,0,0,0,0,0,3,0,0,0,0,19,0,2,4,0,0,0,0,0,0,0,0,0,0,0,0,0,0,0,4,0,0,0,0,1,0,0,0,0,0,0,0,0,0,0,0,0,0,0,0,0,0,0,-1,0,0,0,0
00053733,24,2,0,0,0,6,0,0,0,0,0,4,0,0,0,2,0,0,0,0,0,0,0,0,23,3,0,0,0,6,0,0,0,0,0,4,0,0,0,2,0,0,0,0,0,0,0,0,1,-1,0,0,0,0,0,0,0,0,0,0,0,0,0,0,0,0,0,0,0,0,0,0
00053754,21,0,0,0,0,0,2,0,0,2,1,4,0,0,0,0,0,0,0,0,0,0,0,0,19,0,0,0,0,0,2,0,0,3,2,4,0,0,0,0,0,0,0,0,0,0,0,0,2,0,0,0,0,0,0,0,0,-1,-1,0,0,0,0,0,0,0,0,0,0,0,0,0
00053767,14,2,0,4,0,0,0,0,0,0,0,0,0,0,0,0,0,0,0,0,0,0,2,0,13,3,0,4,0,0,0,0,0,0,0,0,0,0,0,0,0,0,0,0,0,0,2,0,1,-1,0,0,0,0,0,0,0,0,0,0,0,0,0,0,0,0,0,0,0,0,0,0
00053771,16,4,0,0,0,0,0,0,0,0,0,0,0,0,0,0,0,0,4,0,0,0,0,0,14,6,0,0,0,0,0,0,0,0,0,0,0,0,0,0,0,0,4,0,0,0,0,0,2,-2,0,0,0,0,0,0,0,0,0,0,0,0,0,0,0,0,0,0,0,0,0,0
00053835,35,0,0,4,0,0,0,0,1,0,0,4,0,0,0,0,0,0,4,0,0,0,0,0,34,0,0,4,0,0,0,0,2,0,0,4,0,0,0,0,0,0,4,0,0,0,0,0,1,0,0,0,0,0,0,0,-1,0,0,0,0,0,0,0,0,0,0,0,0,0,0,0
00053852,32,0,0,4,0,0,0,0,0,0,0,0,0,0,0,0,1,0,0,3,0,0,0,0,31,0,0,4,0,0,0,0,0,0,0,0,0,0,0,0,1,0,0,4,0,0,0,0,1,0,0,0,0,0,0,0,0,0,0,0,0,0,0,0,0,0,0,-1,0,0,0,0
00053900,29,0,1,0,0,0,0,0,0,0,0,0,0,0,0,0,1,0,0,0,10,0,0,0,28,0,2,0,0,0,0,0,0,0,0,0,0,0,0,0,1,0,0,0,10,0,0,0,1,0,-1,0,0,0,0,0,0,0,0,0,0,0,0,0,0,0,0,0,0,0,0,0
00053929,26,1,0,0,0,0,0,3,0,0,0,0,0,0,0,0,0,2,0,0,5,0,0,0,24,3,0,0,0,0,0,3,0,0,0,0,0,0,0,0,0,2,0,0,5,0,0,0,2,-2,0,0,0,0,0,0,0,0,0,0,0,0,0,0,0,0,0,0,0,0,0,0
00053992,27,0,0,0,3,0,0,0,0,0,0,0,0,0,0,0,0,0,4,0,0,0,0,0,25,0,2,0,3,0,0,0,0,0,0,0,0,0,0,0,0,0,4,0,0,0,0,0,2,0,-2,0,0,0,0,0,0,0,0,0,0,0,0,0,0,0,0,0,0,0,0,0
00053993,18,2,0,0,0,12,2,0,0,0,0,0,0,0,0,0,0,0,0,0,5,0,0,0,17,3,0,0,0,12,2,0,0,0,0,0,0,0,0,0,0,0,0,0,5,0,0,0,1,-1,0,0,0,0,0,0,0,0,0,0,0,0,0,0,0,0,0,0,0,0,0,0
00054027,28,2,0,4,0,0,0,0,0,0,0,0,5,0,0,0,0,0,0,0,0,0,0,0,27,3,0,4,0,0,0,0,0,0,0,0,5,0,0,0,0,0,0,0,0,0,0,0,1,-1,0,0,0,0,0,0,0,0,0,0,0,0,0,0,0,0,0,0,0,0,0,0
00054041,22,3,0,0,3,0,0,0,0,0,0,0,0,8,0,0,0,0,0,4,0,3,2,0,19,6,0,0,3,0,0,0,0,0,0,0,0,8,0,0,0,0,0,4,0,3,2,0,3,-3,0,0,0,0,0,0,0,0,0,0,0,0,0,0,0,0,0,0,0,0,0,0
00054066,13,2,0,0,0,0,0,0,0,0,0,0,0,0,0,1,0,0,0,0,0,3,0,0,12,3,0,0,0,0,0,0,0,0,0,0,0,0,0,1,0,0,0,0,0,3,0,0,1,-1,0,0,0,0,0,0,0,0,0,0,0,0,0,0,0,0,0,0,0,0,0,0
00054212,16,0,0,0,0,6,0,0,0,3,0,0,5,0,0,0,0,0,0,3,0,0,0,0,15,0,0,0,0,6,0,0,0,3,0,0,5,0,0,0,0,0,0,4,0,0,0,0,1,0,0,0,0,0,0,0,0,0,0,0,0,0,0,0,0,0,0,-1,0,0,0,0
00054280,28,0,0,0,3,6,0,1,0,2,0,0,0,0,0,0,1,0,0,0,0,0,0,0,25,0,0,0,3,6,0,3,0,3,0,0,0,0,0,0,1,0,0,0,0,0,0,0,3,0,0,0,0,0,0,-2,0,-1,0,0,0,0,0,0,0,0,0,0,0,0,0,0
00054284,30,1,0,0,0,0,2,0,0,0,0,0,0,4,0,0,0,0,4,0,0,0,0,0,28,3,0,0,0,0,2,0,0,0,0,0,0,4,0,0,0,0,4,0,0,0,0,0,2,-2,0,0,0,0,0,0,0,0,0,0,0,0,0,0,0,0,0,0,0,0,0,0
00054292,13,0,0,8,0,0,0,0,1,0,0,0,0,0,0,0,1,0,0,0,0,0,0,0,12,0,0,8,0,0,0,0,2,0,0,0,0,0,0,0,1,0,0,0,0,0,0,0,1,0,0,0,0,0,0,0,-1,0,0,0,0,0,0,0,0,0,0,0,0,0,0,0
00054313,23,3,2,0,0,0,0,0,0,0,0,0,0,4,0,0,0,0,0,3,0,0,0,0,22,3,2,0,0,0,0,0,0,0,0,0,0,4,0,0,0,0,0,4,0,0,0,0,1,0,0,0,0,0,0,0,0,0,0,0,0,0,0,0,0,0,0,-1,0,0,0,0
00054403,23,1,0,0,0,0,0,0,0,0,1,4,0,0,0,0,1,0,0,0,0,0,0,0,20,3,0,0,0,0,0,0,0,0,2,4,0,0,0,0,1,0,0,0,0,0,0,0,3,-2,0,0,0,0,0,0,0,0,-1,0,0,0,0,0,0,0,0,0,0,0,0,0
00054416,19,0,0,0,0,8,0,1,0,0,0,0,0,0,0,0,0,0,0,0,0,0,0,0,17,0,0,0,0,8,0,3,0,0,0,0,0,0,0,0,0,0,0,0,0,0,0,0,2,0,0,0,0,0,0,-2,0,0,0,0,0,0,0,0,0,0,0,0,0,0,0,0
00054438,15,0,0,0,0,0,0,6,0,0,0,0,0,0,0,0,0,2,4,0,0,0,0,0,13,0,2,0,0,0,0,6,0,0,0,0,0,0,0,0,0,2,4,0,0,0,0,0,2,0,-2,0,0,0,0,0,0,0,0,0,0,0,0,0,0,0,0,0,0,0,0,0
00054446,13,7,0,0,0,6,0,0,0,0,0,4,0,0,0,0,0,0,0,0,0,0,0,0,12,8,0,0,0,6,0,0,0,0,0,4,0,0,0,0,0,0,0,0,0,0,0,0,1,-1,0,0,0,0,0,0,0,0,0,0,0,0,0,0,0,0,0,0,0,0,0,0
00054489,17,0,0,0,0,6,0,0,1,0,0,0,0,0,0,0,0,0,0,0,5,0,0,0,16,0,0,0,0,6,0,0,2,0,0,0,0,0,0,0,0,0,0,0,5,0,0,0,1,0,0,0,0,0,0,0,-1,0,0,0,0,0,0,0,0,0,0,0,0,0,0,0
00054544,23,2,0,0,3,0,0,0,0,0,0,4,0,0,0,0,1,0,0,0,0,0,0,0,22,3,0,0,3,0,0,0,0,0,0,4,0,0,0,0,1,0,0,0,0,0,0,0,1,-1,0,0,0,0,0,0,0,0,0,0,0,0,0,0,0,0,0,0,0,0,0,0
00054618,14,0,0,0,0,6,0,3,0,0,1,0,5,0,0,0,0,0,0,0,0,0,0,0,13,0,0,0,0,6,0,3,0,0,2,0,5,0,0,0,0,0,0,0,0,0,0,0,1,0,0,0,0,0,0,0,0,0,-1,0,0,0,0,0,0,0,0,0,0,0,0,0
00054620,21,0,0,0,0,0,2,5,2,0,0,0,0,0,0,0,0,0,0,0,0,0,0,0,20,0,0,0,0,0,2,6,2,0,0,0,0,0,0,0,0,0,0,0,0,0,0,0,1,0,0,0,0,0,0,-1,0,0,0,0,0,0,0,0,0,0,0,0,0,0,0,0
00054699,28,0,0,0,0,0,0,0,0,0,0,0,5,0,0,1,0,0,0,0,5,0,0,0,26,0,2,0,0,0,0,0,0,0,0,0,5,0,0,1,0,0,0,0,5,0,0,0,2,0,-2,0,0,0,0,0,0,0,0,0,0,0,0,0,0,0,0,0,0,0,0,0
00054730,27,3,0,4,0,0,2,0,1,0,0,0,0,0,0,0,0,0,0,0,0,0,0,0,26,3,0,4,0,0,2,0,2,0,0,0,0,0,0,0,0,0,0,0,0,0,0,0,1,0,0,0,0,0,0,0,-1,0,0,0,0,0,0,0,0,0,0,0,0,0,0,0
00054803,30,0,0,0,0,6,1,0,0,0,0,0,0,0,0,0,0,0,0,0,0,0,2,0,29,0,0,0,0,6,2,0,0,0,0,0,0,0,0,0,0,0,0,0,0,0,2,0,1,0,0,0,0,0,-1,0,0,0,0,0,0,0,0,0,0,0,0,0,0,0,0,0
00054844,12,0,0,0,0,6,0,0,0,0,0,3,0,0,0,0,1,3,0,0,0,0,0,0,11,0,0,0,0,6,0,0,0,0,0,4,0,0,0,0,1,3,0,0,0,0,0,0,1,0,0,0,0,0,0,0,0,0,0,-1,0,0,0,0,0,0,0,0,0,0,0,0
00054872,19,2,0,4,0,6,0,0,0,0,0,0,0,0,0,0,0,2,0,0,0,0,0,0,18,3,0,4,0,6,0,0,0,0,0,0,0,0,0,0,0,2,0,0,0,0,0,0,1,-1,0,0,0,0,0,0,0,0,0,0,0,0,0,0,0,0,0,0,0,0,0,0
00054935,18,0,0,0,0,0,0,0,1,0,0,0,0,0,0,0,0,2,0,0,5,0,0,0,17,0,0,0,0,0,0,0,2,0,0,0,0,0,0,0,0,2,0,0,5,0,0,0,1,0,0,0,0,0,0,0,-1,0,0,0,0,0,0,0,0,0,0,0,0,0,0,0
00054972,19,1,0,4,3,0,0,0,0,0,0,0,0,0,0,0,0,0,0,0,0,3,0,0,17,3,0,4,3,0,0,0,0,0,0,0,0,0,0,0,0,0,0,0,0,3,0,0,2,-2,0,0,0,0,0,0,0,0,0,0,0,0,0,0,0,0,0,0,0,0,0,0
00055071,14,4,0,0,0,0,0,0,0,2,0,0,0,0,0,1,0,0,5,0,0,0,0,0,13,4,0,0,0,0,0,0,0,3,0,0,0,0,0,1,0,0,5,0,0,0,0,0,1,0,0,0,0,0,0,0,0,-1,0,0,0,0,0,0,0,0,0,0,0,0,0,0
00055149,16,0,0,0,3,0,0,0,0,0,0,11,0,4,0,0,0,0,0,0,0,0,0,0,15,0,0,0,3,0,0,0,0,0,0,12,0,4,0,0,0,0,0,0,0,0,0,0,1,0,0,0,0,0,0,0,0,0,0,-1,0,0,0,0,0,0,0,0,0,0,0,0
00055185,14,0,0,8,0,0,1,0,0,0,0,0,0,0,0,0,0,0,0,0,10,0,0,0,13,0,0,8,0,0,2,0,0,0,0,0,0,0,0,0,0,0,0,0,10,0,0,0,1,0,0,0,0,0,-1,0,0,0,0,0,0,0,0,0,0,0,0,0,0,0,0,0
00055201,20,4,0,0,0,0,0,0,1,0,0,0,0,0,0,0,0,0,0,0,0,0,0,0,17,6,0,0,0,0,0,0,2,0,0,0,0,0,0,0,0,0,0,0,0,0,0,0,3,-2,0,0,0,0,0,0,-1,0,0,0,0,0,0,0,0,0,0,0,0,0,0,0
00055238,25,0,0,0,3,0,0,0,0,2,0,0,0,0,0,1,0,0,0,0,0,0,0,0,24,0,0,0,3,0,0,0,0,3,0,0,0,0,0,1,0,0,0,0,0,0,0,0,1,0,0,0,0,0,0,0,0,-1,0,0,0,0,0,0,0,0,0,0,0,0,0,0
00055249,25,1,0,4,0,0,0,0,2,0,0,4,0,0,0,0,0,0,0,0,0,0,0,0,23,3,0,4,0,0,0,0,2,0,0,4,0,0,0,0,0,0,0,0,0,0,0,0,2,-2,0,0,0,0,0,0,0,0,0,0,0,0,0,0,0,0,0,0,0,0,0,0
00055259,17,1,2,0,0,0,3,0,0,0,0,0,0,0,7,0,0,0,0,0,0,0,0,0,15,3,2,0,0,0,3,0,0,0,0,0,0,0,7,0,0,0,0,0,0,0,0,0,2,-2,0,0,0,0,0,0,0,0,0,0,0,0,0,0,0,0,0,0,0,0,0,0
00055282,26,0,0,0,0,0,0,0,0,0,0,0,0,0,0,0,0,0,0,0,10,0,0,0,24,0,0,0,0,0,0,0,2,0,0,0,0,0,0,0,0,0,0,0,10,0,0,0,2,0,0,0,0,0,0,0,-2,0,0,0,0,0,0,0,0,0,0,0,0,0,0,0
00055433,26,0,0,0,0,0,0,0,2,0,0,4,0,0,0,0,0,0,0,0,0,3,0,0,25,0,0,0,0,0,0,0,2,0,0,4,0,0,0,1,0,0,0,0,0,3,0,0,1,0,0,0,0,0,0,0,0,0,0,0,0,0,0,-1,0,0,0,0,0,0,0,0
00055479,17,0,0,5,0,0,1,1,0,0,0,4,0,0,0,0,0,0,0,0,0,0,0,0,14,0,0,5,0,0,2,3,0,0,0,4,0,0,0,0,0,0,0,0,0,0,0,0,3,0,0,0,0,0,-1,-2,0,0,0,0,0,0,0,0,0,0,0,0,0,0,0,0
00055480,16,0,0,0,0,0,0,0,0,0,0,4,0,0,7,0,0,0,0,7,0,0,0,0,15,0,0,0,0,0,0,0,0,0,0,4,0,0,7,0,0,0,0,8,0,0,0,0,1,0,0,0,0,0,0,0,0,0,0,0,0,0,0,0,0,0,0,-1,0,0,0,0
00055505,14,3,0,0,3,0,0,0,0,2,0,0,5,0,0,0,0,0,0,0,0,0,0,0,13,3,0,0,3,0,0,0,0,3,0,0,5,0,0,0,0,0,0,0,0,0,0,0,1,0,0,0,0,0,0,0,0,-1,0,0,0,0,0,0,0,0,0,0,0,0,0,0
00055695,10,0,0,0,6,0,0,0,0,0,1,0,0,0,7,0,0,0,0,0,0,0,0,0,9,0,0,0,6,0,0,0,0,0,2,0,0,0,7,0,0,0,0,0,0,0,0,0,1,0,0,0,0,0,0,0,0,0,-1,0,0,0,0,0,0,0,0,0,0,0,0,0
00055702,37,1,0,0,0,0,0,0,2,0,0,0,0,0,0,0,0,0,0,4,0,0,0,0,35,3,0,0,0,0,0,0,2,0,0,0,0,0,0,0,0,0,0,4,0,0,0,0,2,-2,0,0,0,0,0,0,0,0,0,0,0,0,0,0,0,0,0,0,0,0,0,0
00055727,20,0,0,4,0,0,0,0,1,0,0,0,0,0,0,0,0,0,0,4,0,3,0,0,19,0,0,4,0,0,0,0,2,0,0,0,0,0,0,0,0,0,0,4,0,3,0,0,1,0,0,0,0,0,0,0,-1,0,0,0,0,0,0,0,0,0,0,0,0,0,0,0
00055744,13,3,0,0,3,0,0,0,0,0,0,3,0,0,0,0,0,0,0,0,0,0,0,0,12,3,0,0,3,0,0,0,0,0,0,4,0,0,0,0,0,0,0,0,0,0,0,0,1,0,0,0,0,0,0,0,0,0,0,-1,0,0,0,0,0,0,0,0,0,0,0,0
00055816,20,0,0,0,0,0,0,2,0,0,0,0,0,4,0,0,0,2,4,0,0,0,0,0,19,0,0,0,0,0,0,3,0,0,0,0,0,4,0,0,0,2,4,0,0,0,0,0,1,0,0,0,0,0,0,-1,0,0,0,0,0,0,0,0,0,0,0,0,0,0,0,0
00055922,18,3,0,0,0,0,1,0,0,0,0,0,0,0,0,0,0,0,0,0,5,0,0,0,17,3,0,0,0,0,2,0,0,0,0,0,0,0,0,0,0,0,0,0,5,0,0,0,1,0,0,0,0,0,-1,0,0,0,0,0,0,0,0,0,0,0,0,0,0,0,0,0
00056052,14,0,0,0,0,0,1,3,0,0,0,3,0,0,0,1,0,0,0,0,0,0,0,0,12,0,0,0,0,0,2,3,0,0,0,4,0,0,0,1,0,0,0,0,0,0,0,0,2,0,0,0,0,0,-1,0,0,0,0,-1,0,0,0,0,0,0,0,0,0,0,0,0
00056062,13,0,0,4,0,0,0,0,0,2,0,0,0,0,0,0,0,3,0,0,0,0,2,0,12,0,0,4,0,0,0,0,0,3,0,0,0,0,0,0,0,3,0,0,0,0,2,0,1,0,0,0,0,0,0,0,0,-1,0,0,0,0,0,0,0,0,0,0,0,0,0,0
00056102,28,0,0,4,0,0,0,0,0,0,0,0,0,0,0,0,0,0,4,0,0,0,0,0,26,0,2,4,0,0,0,0,0,0,0,0,0,0,0,0,0,0,4,0,0,0,0,0,2,0,-2,0,0,0,0,0,0,0,0,0,0,0,0,0,0,0,0,0,0,0,0,0
00056138,15,0,0,0,0,0,0,0,1,0,0,4,0,0,0,0,0,0,4,0,0,0,0,0,14,0,0,0,0,0,0,0,2,0,0,4,0,0,0,0,0,0,4,0,0,0,0,0,1,0,0,0,0,0,0,0,-1,0,0,0,0,0,0,0,0,0,0,0,0,0,0,0
00056149,22,3,0,0,0,0,0,2,0,0,0,0,0,0,0,1,1,0,0,0,0,0,0,0,21,3,0,0,0,0,0,3,0,0,0,0,0,0,0,1,1,0,0,0,0,0,0,0,1,0,0,0,0,0,0,-1,0,0,0,0,0,0,0,0,0,0,0,0,0,0,0,0
00056163,14,0,1,0,3,0,0,0,0,3,0,0,0,0,0,0,1,0,0,0,0,0,0,0,13,0,2,0,3,0,0,0,0,3,0,0,0,0,0,0,1,0,0,0,0,0,0,0,1,0,-1,0,0,0,0,0,0,0,0,0,0,0,0,0,0,0,0,0,0,0,0,0
00056268,23,0,0,0,3,0,1,3,0,3,0,0,0,0,7,0,0,0,0,0,0,0,0,0,22,0,0,0,3,0,2,3,0,3,0,0,0,0,7,0,0,0,0,0,0,0,0,0,1,0,0,0,0,0,-1,0,0,0,0,0,0,0,0,0,0,0,0,0,0,0,0,0
00056272,20,0,0,0,0,0,0,0,1,0,0,4,0,0,0,0,0,3,0,0,0,0,0,0,19,0,0,0,0,0,0,0,2,0,0,4,0,0,0,0,0,3,0,0,0,0,0,0,1,0,0,0,0,0,0,0,-1,0,0,0,0,0,0,0,0,0,0,0,0,0,0,0
00056301,14,1,0,0,0,6,0,0,0,0,0,0,5,0,0,0,0,0,0,0,0,0,0,0,12,3,0,0,0,6,0,0,0,0,0,0,5,0,0,0,0,0,0,0,0,0,0,0,2,-2,0,0,0,0,0,0,0,0,0,0,0,0,0,0,0,0,0,0,0,0,0,0
00056397,21,0,0,0,0,0,0,0,0,0,3,4,0,0,0,0,0,0,0,0,0,0,0,0,20,0,0,0,0,0,0,0,0,0,4,4,0,0,0,0,0,0,0,0,0,0,0,0,1,0,0,0,0,0,0,0,0,0,-1,0,0,0,0,0,0,0,0,0,0,0,0,0
00056421,23,3,0,4,0,0,0,0,1,0,0,0,0,0,7,0,0,0,0,0,0,3,0,0,22,3,0,4,0,0,0,0,2,0,0,0,0,0,7,0,0,0,0,0,0,3,0,0,1,0,0,0,0,0,0,0,-1,0,0,0,0,0,0,0,0,0,0,0,0,0,0,0
00056516,18,1,0,0,0,0,0,0,0,0,0,0,5,0,0,0,0,0,0,0,0,0,4,0,16,3,0,0,0,0,0,0,0,0,0,0,5,0,0,0,0,0,0,0,0,0,4,0,2,-2,0,0,0,0,0,0,0,0,0,0,0,0,0,0,0,0,0,0,0,0,0,0
00056526,15,0,2,0,0,0,0,0,0,0,0,3,0,0,0,0,0,0,0,4,0,3,0,0,14,0,2,0,0,0,0,0,0,0,0,4,0,0,0,0,0,0,0,4,0,3,0,0,1,0,0,0,0,0,0,0,0,0,0,-1,0,0,0,0,0,0,0,0,0,0,0,0
00056527,19,0,0,0,4,0,0,0,0,0,0,4,0,0,0,0,1,0,0,3,0,0,4,0,18,0,0,0,4,0,0,0,0,0,0,4,0,0,0,0,1,0,0,4,0,0,4,0,1,0,0,0,0,0,0,0,0,0,0,0,0,0,0,0,0,0,0,-1,0,0,0,0
00056603,20,0,0,0,6,0,1,0,0,0,0,0,0,0,0,0,0,2,0,0,0,0,0,0,19,0,0,0,6,0,2,0,0,0,0,0,0,0,0,0,0,2,0,0,0,0,0,0,1,0,0,0,0,0,-1,0,0,0,0,0,0,0,0,0,0,0,0,0,0,0,0,0
00056652,19,0,0,0,0,6,0,0,0,0,2,0,0,0,0,0,0,0,0,3,5,0,0,0,18,0,0,0,0,6,0,0,0,0,2,0,0,0,0,0,0,0,0,4,5,0,0,0,1,0,0,0,0,0,0,0,0,0,0,0,0,0,0,0,0,0,0,-1,0,0,0,0
00056694,35,3,0,4,0,0,0,3,2,0,0,0,0,0,7,2,0,0,0,0,0,0,0,0,33,3,0,4,0,0,0,3,4,0,0,0,0,0,7,2,0,0,0,0,0,0,0,0,2,0,0,0,0,0,0,0,-2,0,0,0,0,0,0,0,0,0,0,0,0,0,0,0
00056785,21,0,0,0,3,0,0,0,0,2,0,0,0,0,0,0,1,0,0,0,0,0,0,0,20,0,0,0,3,0,0,0,0,3,0,0,0,0,0,0,1,0,0,0,0,0,0,0,1,0,0,0,0,0,0,0,0,-1,0,0,0,0,0,0,0,0,0,0,0,0,0,0
00056924,20,0,0,0,0,6,0,0,4,0,0,0,0,0,0,0,0,0,0,0,0,0,0,0,18,0,2,0,0,6,0,0,4,0,0,0,0,0,0,0,0,0,0,0,0,0,0,0,2,0,-2,0,0,0,0,0,0,0,0,0,0,0,0,0,0,0,0,0,0,0,0,0
00056934,12,0,0,0,0,0,0,0,0,0,1,8,0,4,0,1,0,0,0,0,0,0,0,0,11,0,0,0,0,0,0,0,0,0,2,8,0,4,0,1,0,0,0,0,0,0,0,0,1,0,0,0,0,0,0,0,0,0,-1,0,0,0,0,0,0,0,0,0,0,0,0,0
00056984,55,1,0,4,0,0,0,0,1,0,0,4,0,4,0,0,0,0,0,0,0,0,0,0,52,3,0,4,0,0,0,0,2,0,0,4,0,4,0,0,0,0,0,0,0,0,0,0,3,-2,0,0,0,0,0,0,-1,0,0,0,0,0,0,0,0,0,0,0,0,0,0,0
00057103,43,1,0,0,0,0,0,0,0,0,1,0,0,4,0,0,0,0,0,4,0,0,0,0,40,3,0,0,0,0,0,0,0,0,2,0,0,4,0,0,0,0,0,4,0,0,0,0,3,-2,0,0,0,0,0,0,0,0,-1,0,0,0,0,0,0,0,0,0,0,0,0,0
00057106,13,5,0,4,0,0,0,0,0,0,0,0,0,4,0,0,0,2,0,0,0,0,0,0,12,6,0,4,0,0,0,0,0,0,0,0,0,4,0,0,0,2,0,0,0,0,0,0,1,-1,0,0,0,0,0,0,0,0,0,0,0,0,0,0,0,0,0,0,0,0,0,0
00057225,18,0,0,0,3,0,0,0,0,1,0,0,0,0,0,0,0,0,0,4,0,0,0,0,16,0,0,0,3,0,0,0,0,3,0,0,0,0,0,0,0,0,0,4,0,0,0,0,2,0,0,0,0,0,0,0,0,-2,0,0,0,0,0,0,0,0,0,0,0,0,0,0
00057261,23,0,0,4,3,0,1,0,2,0,0,0,0,0,7,0,0,0,0,0,0,0,0,0,22,0,0,4,3,0,2,0,2,0,0,0,0,0,7,0,0,0,0,0,0,0,0,0,1,0,0,0,0,0,-1,0,0,0,0,0,0,0,0,0,0,0,0,0,0,0,0,0
00057325,31,0,0,0,0,0,0,0,1,0,0,0,0,0,0,0,0,0,0,0,0,0,2,0,28,0,0,0,0,0,0,0,4,0,0,0,0,0,0,0,0,0,0,0,0,0,2,0,3,0,0,0,0,0,0,0,-3,0,0,0,0,0,0,0,0,0,0,0,0,0,0,0
00057329,20,0,0,0,3,0,0,0,0,0,1,0,0,4,0,0,0,0,0,0,0,0,0,0,19,0,0,0,3,0,0,0,0,0,2,0,0,4,0,0,0,0,0,0,0,0,0,0,1,0,0,0,0,0,0,0,0,0,-1,0,0,0,0,0,0,0,0,0,0,0,0,0
00057367,38,1,0,0,0,0,0,0,0,0,1,4,0,0,0,0,0,0,4,0,0,0,0,0,35,3,0,0,0,0,0,0,0,0,2,4,0,0,0,0,0,0,4,0,0,0,0,0,3,-2,0,0,0,0,0,0,0,0,-1,0,0,0,0,0,0,0,0,0,0,0,0,0
00057429,19,4,0,0,0,6,0,0,0,0,0,0,0,0,0,0,0,0,0,0,0,0,0,0,15,8,0,0,0,6,0,0,0,0,0,0,0,0,0,0,0,0,0,0,0,0,0,0,4,-4,0,0,0,0,0,0,0,0,0,0,0,0,0,0,0,0,0,0,0,0,0,0
00057537,14,0,0,0,0,0,6,0,0,0,0,0,0,0,0,0,0,0,0,0,0,0,0,0,13,0,0,0,0,0,7,0,0,0,0,0,0,0,0,0,0,0,0,0,0,0,0,0,1,0,0,0,0,0,-1,0,0,0,0,0,0,0,0,0,0,0,0,0,0,0,0,0
00057576,13,0,0,0,0,0,0,0,3,0,0,0,0,0,7,0,1,0,0,0,0,0,0,0,12,0,0,0,0,0,0,0,4,0,0,0,0,0,7,0,1,0,0,0,0,0,0,0,1,0,0,0,0,0,0,0,-1,0,0,0,0,0,0,0,0,0,0,0,0,0,0,0
00057596,13,0,2,0,0,0,2,0,0,0,0,6,0,0,0,0,0,0,0,0,0,0,0,0,11,0,2,0,0,0,2,0,0,0,0,8,0,0,0,0,0,0,0,0,0,0,0,0,2,0,0,0,0,0,0,0,0,0,0,-2,0,0,0,0,0,0,0,0,0,0,0,0
00057630,16,1,0,0,0,0,0,0,0,0,2,0,0,0,14,0,0,0,0,0,0,0,0,0,14,3,0,0,0,0,0,0,0,0,2,0,0,0,14,0,0,0,0,0,0,0,0,0,2,-2,0,0,0,0,0,0,0,0,0,0,0,0,0,0,0,0,0,0,0,0,0,0
00057694,29,1,0,0,0,6,0,0,0,0,2,0,0,0,0,0,0,0,0,0,0,0,0,0,27,3,0,0,0,6,0,0,0,0,2,0,0,0,0,0,0,0,0,0,0,0,0,0,2,-2,0,0,0,0,0,0,0,0,0,0,0,0,0,0,0,0,0,0,0,0,0,0
00057729,28,5,0,0,0,6,0,0,0,0,0,0,0,0,0,0,0,2,4,0,0,0,0,0,27,6,0,0,0,6,0,0,0,0,0,0,0,0,0,0,0,2,4,0,0,0,0,0,1,-1,0,0,0,0,0,0,0,0,0,0,0,0,0,0,0,0,0,0,0,0,0,0
00057781,29,0,0,0,0,0,0,0,1,0,0,0,0,0,7,0,0,0,0,0,0,6,0,0,28,0,0,0,0,0,0,0,2,0,0,0,0,0,7,0,0,0,0,0,0,6,0,0,1,0,0,0,0,0,0,0,-1,0,0,0,0,0,0,0,0,0,0,0,0,0,0,0
00057794,19,0,0,0,0,0,3,0,0,0,0,0,5,0,7,0,0,2,0,0,0,0,0,0,18,0,0,0,0,0,4,0,0,0,0,0,5,0,7,0,0,2,0,0,0,0,0,0,1,0,0,0,0,0,-1,0,0,0,0,0,0,0,0,0,0,0,0,0,0,0,0,0
00057857,19,0,0,0,3,0,0,0,0,0,1,0,0,0,0,0,0,0,0,0,10,0,0,0,18,0,0,0,3,0,0,0,0,0,2,0,0,0,0,0,0,0,0,0,10,0,0,0,1,0,0,0,0,0,0,0,0,0,-1,0,0,0,0,0,0,0,0,0,0,0,0,0
00057896,22,0,0,0,0,0,1,0,0,3,0,0,5,0,0,0,0,0,0,0,5,0,0,0,21,0,0,0,0,0,2,0,0,3,0,0,5,0,0,0,0,0,0,0,5,0,0,0,1,0,0,0,0,0,-1,0,0,0,0,0,0,0,0,0,0,0,0,0,0,0,0,0
00057897,14,0,0,0,0,0,1,0,0,0,1,4,0,0,0,0,0,0,0,0,0,0,0,0,12,0,0,0,0,0,2,0,0,0,2,4,0,0,0,0,0,0,0,0,0,0,0,0,2,0,0,0,0,0,-1,0,0,0,-1,0,0,0,0,0,0,0,0,0,0,0,0,0
00057973,22,3,0,0,0,0,0,1,0,0,0,0,0,4,0,0,0,0,4,0,0,0,0,0,20,3,0,0,0,0,0,3,0,0,0,0,0,4,0,0,0,0,4,0,0,0,0,0,2,0,0,0,0,0,0,-2,0,0,0,0,0,0,0,0,0,0,0,0,0,0,0,0
00058005,32,0,0,0,0,0,1,0,0,0,2,0,0,0,0,0,0,0,0,4,0,0,2,0,31,0,0,0,0,0,2,0,0,0,2,0,0,0,0,0,0,0,0,4,0,0,2,0,1,0,0,0,0,0,-1,0,0,0,0,0,0,0,0,0,0,0,0,0,0,0,0,0
00058038,17,0,0,0,0,0,0,0,0,0,2,2,0,0,0,0,1,0,0,4,5,0,0,0,15,0,0,0,0,0,0,0,0,0,2,4,0,0,0,0,1,0,0,4,5,0,0,0,2,0,0,0,0,0,0,0,0,0,0,-2,0,0,0,0,0,0,0,0,0,0,0,0
00058058,21,3,0,0,0,0,0,0,0,0,0,3,0,0,7,0,0,0,0,3,0,0,0,0,19,3,0,0,0,0,0,0,0,0,0,4,0,0,7,0,0,0,0,4,0,0,0,0,2,0,0,0,0,0,0,0,0,0,0,-1,0,0,0,0,0,0,0,-1,0,0,0,0
00058068,12,0,0,0,0,6,0,0,3,0,0,0,0,0,0,0,0,0,0,0,0,3,0,0,11,0,0,0,0,6,0,0,4,0,0,0,0,0,0,0,0,0,0,0,0,3,0,0,1,0,0,0,0,0,0,0,-1,0,0,0,0,0,0,0,0,0,0,0,0,0,0,0
00058120,28,0,0,12,0,0,0,0,0,0,0,0,0,4,7,0,1,0,0,5,0,0,2,0,26,0,0,14,0,0,0,0,0,0,0,0,0,4,7,0,1,0,0,5,0,0,2,0,2,0,0,-2,0,0,0,0,0,0,0,0,0,0,0,0,0,0,0,0,0,0,0,0
00058206,19,0,0,0,0,6,1,0,0,3,0,0,0,0,0,0,0,0,4,0,0,0,0,0,18,0,0,0,0,6,2,0,0,3,0,0,0,0,0,0,0,0,4,0,0,0,0,0,1,0,0,0,0,0,-1,0,0,0,0,0,0,0,0,0,0,0,0,0,0,0,0,0
00058214,11,0,0,4,0,6,0,3,0,0,3,0,5,0,0,0,0,0,0,0,0,0,0,0,10,0,0,4,0,6,0,3,0,0,4,0,5,0,0,0,0,0,0,0,0,0,0,0,1,0,0,0,0,0,0,0,0,0,-1,0,0,0,0,0,0,0,0,0,0,0,0,0
00058219,14,0,0,0,0,0,0,0,1,3,0,0,0,0,0,0,1,0,0,0,0,3,0,0,13,0,0,0,0,0,0,0,2,3,0,0,0,0,0,0,1,0,0,0,0,3,0,0,1,0,0,0,0,0,0,0,-1,0,0,0,0,0,0,0,0,0,0,0,0,0,0,0
00058255,14,2,0,4,3,6,0,0,0,0,0,0,0,0,0,0,0,0,0,0,0,0,0,0,13,3,0,4,3,6,0,0,0,0,0,0,0,0,0,0,0,0,0,0,0,0,0,0,1,-1,0,0,0,0,0,0,0,0,0,0,0,0,0,0,0,0,0,0,0,0,0,0
00058298,25,4,0,0,0,0,0,3,0,0,0,0,0,0,7,0,0,0,0,0,0,0,0,0,23,6,0,0,0,0,0,3,0,0,0,0,0,0,7,0,0,0,0,0,0,0,0,0,2,-2,0,0,0,0,0,0,0,0,0,0,0,0,0,0,0,0,0,0,0,0,0,0
00058339,20,0,0,0,0,0,0,0,0,0,2,4,0,0,0,0,0,2,0,3,0,0,0,0,19,0,0,0,0,0,0,0,0,0,2,4,0,0,0,0,0,2,0,4,0,0,0,0,1,0,0,0,0,0,0,0,0,0,0,0,0,0,0,0,0,0,0,-1,0,0,0,0
00058361,22,3,0,4,0,0,0,0,1,0,0,0,0,0,0,0,0,2,0,0,0,0,0,0,21,3,0,4,0,0,0,0,2,0,0,0,0,0,0,0,0,2,0,0,0,0,0,0,1,0,0,0,0,0,0,0,-1,0,0,0,0,0,0,0,0,0,0,0,0,0,0,0
00058369,11,0,0,4,0,0,1,0,0,0,0,0,0,0,0,0,0,0,0,0,0,3,2,0,10,0,0,4,0,0,2,0,0,0,0,0,0,0,0,0,0,0,0,0,0,3,2,0,1,0,0,0,0,0,-1,0,0,0,0,0,0,0,0,0,0,0,0,0,0,0,0,0
00058421,22,0,0,0,0,0,0,0,0,0,0,4,0,0,7,0,1,0,0,0,0,0,2,0,20,0,2,0,0,0,0,0,0,0,0,4,0,0,7,0,1,0,0,0,0,0,2,0,2,0,-2,0,0,0,0,0,0,0,0,0,0,0,0,0,0,0,0,0,0,0,0,0
00058470,10,1,2,0,0,0,0,0,0,0,0,0,0,0,14,0,0,0,0,0,0,0,0,0,8,3,2,0,0,0,0,0,0,0,0,0,0,0,14,0,0,0,0,0,0,0,0,0,2,-2,0,0,0,0,0,0,0,0,0,0,0,0,0,0,0,0,0,0,0,0,0,0
00058728,21,3,0,0,0,6,0,0,2,0,0,0,5,0,0,0,0,0,0,3,0,0,0,0,20,3,0,0,0,6,0,0,2,0,0,0,5,0,0,0,0,0,0,4,0,0,0,0,1,0,0,0,0,0,0,0,0,0,0,0,0,0,0,0,0,0,0,-1,0,0,0,0
00058757,20,5,0,4,3,0,0,6,0,3,0,0,0,4,0,0,0,2,0,0,5,0,0,0,16,9,0,4,3,0,0,6,0,3,0,0,0,4,0,0,0,2,0,0,5,0,0,0,4,-4,0,0,0,0,0,0,0,0,0,0,0,0,0,0,0,0,0,0,0,0,0,0
00058868,12,0,2,0,0,0,2,0,0,0,0,0,0,0,0,0,0,2,0,0,0,0,0,0,11,0,2,0,0,0,3,0,0,0,0,0,0,0,0,0,0,2,0,0,0,0,0,0,1,0,0,0,0,0,-1,0,0,0,0,0,0,0,0,0,0,0,0,0,0,0,0,0
00058895,16,4,0,0,0,0,2,0,0,0,0,0,0,0,0,0,0,2,0,0,0,0,0,0,14,6,0,0,0,0,2,0,0,0,0,0,0,0,0,0,0,2,0,0,0,0,0,0,2,-2,0,0,0,0,0,0,0,0,0,0,0,0,0,0,0,0,0,0,0,0,0,0
00058948,33,3,0,0,0,0,1,0,0,0,0,0,0,0,0,0,1,0,0,0,0,0,0,0,32,3,0,0,0,0,2,0,0,0,0,0,0,0,0,0,1,0,0,0,0,0,0,0,1,0,0,0,0,0,-1,0,0,0,0,0,0,0,0,0,0,0,0,0,0,0,0,0
00058953,25,3,0,0,0,6,0,0,1,0,0,0,0,0,0,0,0,0,0,0,0,0,0,0,24,3,0,0,0,6,0,0,2,0,0,0,0,0,0,0,0,0,0,0,0,0,0,0,1,0,0,0,0,0,0,0,-1,0,0,0,0,0,0,0,0,0,0,0,0,0,0,0
00059062,17,0,0,0,0,0,0,0,0,0,2,0,0,4,0,0,0,0,0,0,5,0,0,0,15,0,0,0,0,0,0,0,2,0,2,0,0,4,0,0,0,0,0,0,5,0,0,0,2,0,0,0,0,0,0,0,-2,0,0,0,0,0,0,0,0,0,0,0,0,0,0,0
00059096,29,4,0,4,0,0,0,0,0,0,0,0,5,0,0,0,0,0,0,0,0,0,0,0,27,6,0,4,0,0,0,0,0,0,0,0,5,0,0,0,0,0,0,0,0,0,0,0,2,-2,0,0,0,0,0,0,0,0,0,0,0,0,0,0,0,0,0,0,0,0,0,0
00059132,23,2,0,0,0,0,0,3,0,0,0,0,0,0,0,0,1,0,0,0,0,0,0,0,19,6,0,0,0,0,0,3,0,0,0,0,0,0,0,0,1,0,0,0,0,0,0,0,4,-4,0,0,0,0,0,0,0,0,0,0,0,0,0,0,0,0,0,0,0,0,0,0
00059180,24,0,0,4,0,0,0,3,0,0,0,0,0,0,0,0,0,0,0,0,0,0,0,0,23,0,0,5,0,0,0,3,0,0,0,0,0,0,0,0,0,0,0,0,0,0,0,0,1,0,0,-1,0,0,0,0,0,0,0,0,0,0,0,0,0,0,0,0,0,0,0,0
00059253,19,0,2,0,3,0,0,0,0,0,2,0,5,0,0,0,0,0,0,0,0,0,0,0,17,0,4,0,3,0,0,0,0,0,2,0,5,0,0,0,0,0,0,0,0,0,0,0,2,0,-2,0,0,0,0,0,0,0,0,0,0,0,0,0,0,0,0,0,0,0,0,0
00059298,25,1,0,0,0,0,0,0,0,0,0,0,0,0,0,4,0,0,0,0,0,0,0,0,23,3,0,0,0,0,0,0,0,0,0,0,0,0,0,4,0,0,0,0,0,0,0,0,2,-2,0,0,0,0,0,0,0,0,0,0,0,0,0,0,0,0,0,0,0,0,0,0
00059311,32,1,2,0,0,0,0,0,0,0,0,4,0,0,0,0,0,0,0,0,0,0,0,0,30,3,2,0,0,0,0,0,0,0,0,4,0,0,0,0,0,0,0,0,0,0,0,0,2,-2,0,0,0,0,0,0,0,0,0,0,0,0,0,0,0,0,0,0,0,0,0,0
00059342,21,0,0,0,0,0,0,0,0,5,0,0,0,0,0,0,0,0,0,0,0,0,2,0,20,0,0,0,0,0,0,0,0,6,0,0,0,0,0,0,0,0,0,0,0,0,2,0,1,0,0,0,0,0,0,0,0,-1,0,0,0,0,0,0,0,0,0,0,0,0,0,0
00059356,14,0,0,4,0,0,3,0,0,0,0,0,0,0,0,0,1,0,0,0,0,0,0,0,13,0,0,4,0,0,4,0,0,0,0,0,0,0,0,0,1,0,0,0,0,0,0,0,1,0,0,0,0,0,-1,0,0,0,0,0,0,0,0,0,0,0,0,0,0,0,0,0
00059430,20,0,0,0,0,6,0,0,1,0,2,0,0,0,0,0,0,0,4,0,0,0,0,0,19,0,0,0,0,6,0,0,2,0,2,0,0,0,0,0,0,0,4,0,0,0,0,0,1,0,0,0,0,0,0,0,-1,0,0,0,0,0,0,0,0,0,0,0,0,0,0,0
00059580,25,1,0,4,0,0,0,0,2,0,0,0,0,0,0,0,0,0,0,0,0,0,0,0,23,3,0,4,0,0,0,0,2,0,0,0,0,0,0,0,0,0,0,0,0,0,0,0,2,-2,0,0,0,0,0,0,0,0,0,0,0,0,0,0,0,0,0,0,0,0,0,0
00059604,20,0,0,0,0,6,0,0,0,3,2,4,0,0,0,0,0,0,0,0,0,0,0,0,18,0,2,0,0,6,0,0,0,3,2,4,0,0,0,0,0,0,0,0,0,0,0,0,2,0,-2,0,0,0,0,0,0,0,0,0,0,0,0,0,0,0,0,0,0,0,0,0
00059749,40,0,0,0,0,0,0,1,0,0,0,4,0,0,0,1,0,2,0,0,0,0,0,0,38,0,0,0,0,0,0,3,0,0,0,4,0,0,0,1,0,2,0,0,0,0,0,0,2,0,0,0,0,0,0,-2,0,0,0,0,0,0,0,0,0,0,0,0,0,0,0,0
00059801,24,2,0,0,0,0,0,0,0,0,0,0,0,0,0,1,0,2,0,0,0,0,0,0,22,4,0,0,0,0,0,0,0,0,0,0,0,0,0,1,0,2,0,0,0,0,0,0,2,-2,0,0,0,0,0,0,0,0,0,0,0,0,0,0,0,0,0,0,0,0,0,0
00059819,19,0,0,0,0,0,0,1,0,0,0,0,0,4,0,0,0,0,0,0,10,0,0,0,17,0,0,0,0,0,0,3,0,0,0,0,0,4,0,0,0,0,0,0,10,0,0,0,2,0,0,0,0,0,0,-2,0,0,0,0,0,0,0,0,0,0,0,0,0,0,0,0
00059823,13,0,0,4,0,6,2,0,0,0,0,3,0,0,0,0,0,0,0,0,0,0,0,0,12,0,0,4,0,6,2,0,0,0,0,4,0,0,0,0,0,0,0,0,0,0,0,0,1,0,0,0,0,0,0,0,0,0,0,-1,0,0,0,0,0,0,0,0,0,0,0,0
00059825,22,1,0,0,0,6,0,3,0,0,0,0,0,0,7,0,0,0,0,0,0,0,0,0,20,3,0,0,0,6,0,3,0,0,0,0,0,0,7,0,0,0,0,0,0,0,0,0,2,-2,0,0,0,0,0,0,0,0,0,0,0,0,0,0,0,0,0,0,0,0,0,0
00059828,23,0,0,0,3,0,1,0,0,3,0,0,0,4,0,0,0,0,0,0,0,0,0,0,22,0,0,0,3,0,2,0,0,3,0,0,0,4,0,0,0,0,0,0,0,0,0,0,1,0,0,0,0,0,-1,0,0,0,0,0,0,0,0,0,0,0,0,0,0,0,0,0
00059896,24,0,0,0,0,0,0,5,0,3,0,0,0,0,0,0,0,0,0,4,0,0,0,0,23,0,0,0,0,0,0,6,0,3,0,0,0,0,0,0,0,0,0,4,0,0,0,0,1,0,0,0,0,0,0,-1,0,0,0,0,0,0,0,0,0,0,0,0,0,0,0,0
00059928,18,0,0,0,0,0,0,0,3,0,0,0,0,4,0,0,0,0,0,0,0,0,4,0,17,0,0,0,0,0,0,0,4,0,0,0,0,4,0,0,0,0,0,0,0,0,4,0,1,0,0,0,0,0,0,0,-1,0,0,0,0,0,0,0,0,0,0,0,0,0,0,0
00059995,25,0,0,0,0,0,1,0,0,0,0,0,0,0,0,0,1,2,0,0,5,0,0,0,24,0,0,0,0,0,2,0,0,0,0,0,0,0,0,0,1,2,0,0,5,0,0,0,1,0,0,0,0,0,-1,0,0,0,0,0,0,0,0,0,0,0,0,0,0,0,0,0
00060064,18,0,0,0,0,0,0,0,0,0,0,6,0,0,0,0,0,2,0,4,0,0,0,0,16,0,0,0,0,0,0,0,0,0,0,8,0,0,0,0,0,2,0,4,0,0,0,0,2,0,0,0,0,0,0,0,0,0,0,-2,0,0,0,0,0,0,0,0,0,0,0,0
00060089,16,0,0,0,0,6,0,0,0,0,2,3,0,0,0,0,0,0,0,0,0,3,0,0,15,0,0,0,0,6,0,0,0,0,2,4,0,0,0,0,0,0,0,0,0,3,0,0,1,0,0,0,0,0,0,0,0,0,0,-1,0,0,0,0,0,0,0,0,0,0,0,0
00060316,20,0,2,0,0,0,0,2,1,0,0,0,0,0,0,0,0,0,0,0,0,3,0,0,18,0,2,0,0,0,0,3,2,0,0,0,0,0,0,0,0,0,0,0,0,3,0,0,2,0,0,0,0,0,0,-1,-1,0,0,0,0,0,0,0,0,0,0,0,0,0,0,0
00060467,20,0,2,0,3,0,0,0,1,0,0,0,0,0,0,0,0,0,0,0,0,0,0,0,19,0,2,0,3,0,0,0,2,0,0,0,0,0,0,0,0,0,0,0,0,0,0,0,1,0,0,0,0,0,0,0,-1,0,0,0,0,0,0,0,0,0,0,0,0,0,0,0
00060501,18,0,2,4,0,0,1,0,0,0,2,0,0,0,0,0,0,0,0,0,0,0,0,0,17,0,2,4,0,0,2,0,0,0,2,0,0,0,0,0,0,0,0,0,0,0,0,0,1,0,0,0,0,0,-1,0,0,0,0,0,0,0,0,0,0,0,0,0,0,0,0,0
00060507,17,1,0,0,0,0,0,0,1,0,1,4,0,0,0,0,0,0,0,0,0,0,0,0,13,3,0,0,0,0,0,0,2,0,2,4,0,0,0,0,0,0,0,0,0,0,0,0,4,-2,0,0,0,0,0,0,-1,0,-1,0,0,0,0,0,0,0,0,0,0,0,0,0
00060516,11,0,0,4,3,0,0,0,0,2,0,0,0,0,0,0,0,0,0,8,0,0,0,0,10,0,0,4,3,0,0,0,0,3,0,0,0,0,0,0,0,0,0,8,0,0,0,0,1,0,0,0,0,0,0,0,0,-1,0,0,0,0,0,0,0,0,0,0,0,0,0,0
00060527,30,1,0,0,0,0,0,0,0,0,0,5,0,0,0,0,2,0,0,0,0,0,2,0,28,3,0,0,0,0,0,0,0,0,0,5,0,0,0,0,2,0,0,0,0,0,2,0,2,-2,0,0,0,0,0,0,0,0,0,0,0,0,0,0,0,0,0,0,0,0,0,0
00060575,17,1,0,0,0,0,0,0,2,0,0,0,0,0,0,0,1,0,4,0,0,0,0,0,15,3,0,0,0,0,0,0,2,0,0,0,0,0,0,0,1,0,4,0,0,0,0,0,2,-2,0,0,0,0,0,0,0,0,0,0,0,0,0,0,0,0,0,0,0,0,0,0
00060644,21,0,4,0,0,0,0,3,0,0,0,4,0,0,0,0,0,0,0,0,0,3,0,0,20,0,5,0,0,0,0,3,0,0,0,4,0,0,0,0,0,0,0,0,0,3,0,0,1,0,-1,0,0,0,0,0,0,0,0,0,0,0,0,0,0,0,0,0,0,0,0,0
00060657,23,2,0,4,0,0,0,3,0,0,0,0,0,0,0,0,0,0,0,0,0,0,0,0,21,4,0,4,0,0,0,3,0,0,0,0,0,0,0,0,0,0,0,0,0,0,0,0,2,-2,0,0,0,0,0,0,0,0,0,0,0,0,0,0,0,0,0,0,0,0,0,0
00060675,20,3,0,0,0,0,0,0,3,0,0,0,0,0,0,0,0,0,0,0,0,0,0,0,19,3,0,0,0,0,0,0,4,0,0,0,0,0,0,0,0,0,0,0,0,0,0,0,1,0,0,0,0,0,0,0,-1,0,0,0,0,0,0,0,0,0,0,0,0,0,0,0
00060693,20,0,0,0,0,0,0,0,1,0,0,0,0,0,7,0,1,0,4,0,0,0,2,0,19,0,0,0,0,0,0,0,2,0,0,0,0,0,7,0,1,0,4,0,0,0,2,0,1,0,0,0,0,0,0,0,-1,0,0,0,0,0,0,0,0,0,0,0,0,0,0,0
00060793,25,1,0,0,0,12,0,0,0,0,0,0,0,0,0,0,0,0,0,0,0,0,2,0,21,3,2,0,0,12,0,0,0,0,0,0,0,0,0,0,0,0,0,0,0,0,2,0,4,-2,-2,0,0,0,0,0,0,0,0,0,0,0,0,0,0,0,0,0,0,0,0,0
00060811,27,4,0,0,0,0,0,0,0,3,0,0,0,0,0,0,0,0,0,0,0,0,0,0,25,6,0,0,0,0,0,0,0,3,0,0,0,0,0,0,0,0,0,0,0,0,0,0,2,-2,0,0,0,0,0,0,0,0,0,0,0,0,0,0,0,0,0,0,0,0,0,0
00060813,17,3,0,0,0,6,0,0,1,0,0,0,0,0,0,0,0,0,0,0,0,0,0,0,16,3,0,0,0,6,0,0,2,0,0,0,0,0,0,0,0,0,0,0,0,0,0,0,1,0,0,0,0,0,0,0,-1,0,0,0,0,0,0,0,0,0,0,0,0,0,0,0
00060882,37,1,4,0,0,0,0,0,0,0,0,0,0,0,0,0,0,0,0,4,0,0,0,0,35,3,4,0,0,0,0,0,0,0,0,0,0,0,0,0,0,0,0,4,0,0,0,0,2,-2,0,0,0,0,0,0,0,0,0,0,0,0,0,0,0,0,0,0,0,0,0,0
00061024,26,4,0,0,3,0,0,0,0,0,0,0,0,0,0,0,0,3,0,0,0,0,0,0,24,6,0,0,3,0,0,0,0,0,0,0,0,0,0,0,0,3,0,0,0,0,0,0,2,-2,0,0,0,0,0,0,0,0,0,0,0,0,0,0,0,0,0,0,0,0,0,0
00061065,15,0,0,0,0,6,0,0,2,0,0,0,0,0,0,0,0,0,0,0,0,3,0,0,13,0,0,0,0,6,0,0,4,0,0,0,0,0,0,0,0,0,0,0,0,3,0,0,2,0,0,0,0,0,0,0,-2,0,0,0,0,0,0,0,0,0,0,0,0,0,0,0
00061073,23,0,0,0,0,0,0,3,0,0,1,0,5,0,0,0,1,0,0,0,0,0,0,0,22,0,0,0,0,0,0,3,0,0,2,0,5,0,0,0,1,0,0,0,0,0,0,0,1,0,0,0,0,0,0,0,0,0,-1,0,0,0,0,0,0,0,0,0,0,0,0,0
00061098,19,0,0,0,0,0,0,0,0,0,1,0,0,0,0,0,0,2,0,0,5,3,0,0,18,0,0,0,0,0,0,0,0,0,2,0,0,0,0,0,0,2,0,0,5,3,0,0,1,0,0,0,0,0,0,0,0,0,-1,0,0,0,0,0,0,0,0,0,0,0,0,0
00061115,15,0,0,4,0,0,1,0,1,0,0,0,5,0,0,0,0,0,0,0,5,0,0,0,11,0,0,4,0,0,3,0,3,0,0,0,5,0,0,0,0,0,0,0,5,0,0,0,4,0,0,0,0,0,-2,0,-2,0,0,0,0,0,0,0,0,0,0,0,0,0,0,0
00061334,29,1,0,0,0,0,0,0,0,0,0,3,0,0,0,0,1,0,0,0,0,6,0,0,26,3,0,0,0,0,0,0,0,0,0,4,0,0,0,0,1,0,0,0,0,6,0,0,3,-2,0,0,0,0,0,0,0,0,0,-1,0,0,0,0,0,0,0,0,0,0,0,0
00061383,27,0,0,0,0,0,2,0,1,0,0,0,0,4,0,1,1,0,0,0,0,0,0,0,26,0,0,0,0,0,2,0,2,0,0,0,0,4,0,1,1,0,0,0,0,0,0,0,1,0,0,0,0,0,0,0,-1,0,0,0,0,0,0,0,0,0,0,0,0,0,0,0
00061415,19,4,0,0,0,0,0,0,0,0,0,0,0,0,7,0,0,0,0,0,15,0,2,0,17,6,0,0,0,0,0,0,0,0,0,0,0,0,7,0,0,0,0,0,15,0,2,0,2,-2,0,0,0,0,0,0,0,0,0,0,0,0,0,0,0,0,0,0,0,0,0,0
00061451,12,0,2,0,0,0,0,7,2,0,0,0,0,0,0,0,1,0,0,0,0,0,0,0,10,0,2,0,0,0,0,9,2,0,0,0,0,0,0,0,1,0,0,0,0,0,0,0,2,0,0,0,0,0,0,-2,0,0,0,0,0,0,0,0,0,0,0,0,0,0,0,0
00061459,8,0,2,0,3,0,0,0,0,0,0,3,0,0,7,0,0,0,4,0,5,0,0,0,7,0,2,0,3,0,0,0,0,0,0,4,0,0,7,0,0,0,4,0,5,0,0,0,1,0,0,0,0,0,0,0,0,0,0,-1,0,0,0,0,0,0,0,0,0,0,0,0
00061639,19,0,0,23,0,0,0,0,0,0,0,7,0,0,0,0,0,0,0,0,0,0,0,0,18,0,0,23,0,0,0,0,0,0,0,8,0,0,0,0,0,0,0,0,0,0,0,0,1,0,0,0,0,0,0,0,0,0,0,-1,0,0,0,0,0,0,0,0,0,0,0,0
00061651,29,0,0,4,0,0,0,0,0,0,0,4,5,0,0,0,0,0,0,0,0,0,0,0,27,0,0,4,0,0,0,0,2,0,0,4,5,0,0,0,0,0,0,0,0,0,0,0,2,0,0,0,0,0,0,0,-2,0,0,0,0,0,0,0,0,0,0,0,0,0,0,0
00061660,26,0,0,0,0,0,0,0,1,0,0,8,0,0,7,0,0,0,0,0,0,0,0,0,25,0,0,0,0,0,0,0,2,0,0,8,0,0,7,0,0,0,0,0,0,0,0,0,1,0,0,0,0,0,0,0,-1,0,0,0,0,0,0,0,0,0,0,0,0,0,0,0
00061664,24,0,0,0,0,6,0,0,0,0,1,0,0,0,0,0,0,0,0,0,5,0,0,0,23,0,0,0,0,6,0,0,0,0,2,0,0,0,0,0,0,0,0,0,5,0,0,0,1,0,0,0,0,0,0,0,0,0,-1,0,0,0,0,0,0,0,0,0,0,0,0,0
00061695,37,1,0,0,0,0,0,0,0,0,0,4,0,0,7,0,0,2,0,0,0,0,0,0,35,3,0,0,0,0,0,0,0,0,0,4,0,0,7,0,0,2,0,0,0,0,0,0,2,-2,0,0,0,0,0,0,0,0,0,0,0,0,0,0,0,0,0,0,0,0,0,0
00061832,12,0,0,0,0,0,0,0,1,0,0,0,0,4,0,0,0,2,0,0,0,0,0,0,11,0,0,0,0,0,0,0,2,0,0,0,0,4,0,0,0,2,0,0,0,0,0,0,1,0,0,0,0,0,0,0,-1,0,0,0,0,0,0,0,0,0,0,0,0,0,0,0
00061868,26,0,2,0,0,0,0,2,1,0,0,0,0,0,0,0,0,0,0,4,0,0,0,0,24,0,2,0,0,0,0,3,2,0,0,0,0,0,0,0,0,0,0,4,0,0,0,0,2,0,0,0,0,0,0,-1,-1,0,0,0,0,0,0,0,0,0,0,0,0,0,0,0
00061895,20,0,0,0,0,0,0,0,0,2,0,0,5,0,0,0,0,0,0,4,0,0,0,0,19,0,0,0,0,0,0,0,0,3,0,0,5,0,0,0,0,0,0,4,0,0,0,0,1,0,0,0,0,0,0,0,0,-1,0,0,0,0,0,0,0,0,0,0,0,0,0,0
00061909,19,1,0,0,0,0,0,0,0,0,0,4,5,0,0,0,0,0,0,0,5,0,0,0,17,3,0,0,0,0,0,0,0,0,0,4,5,0,0,0,0,0,0,0,5,0,0,0,2,-2,0,0,0,0,0,0,0,0,0,0,0,0,0,0,0,0,0,0,0,0,0,0
00061972,26,0,0,0,0,0,1,0,0,0,2,4,0,0,0,0,0,0,0,0,0,6,0,0,25,0,0,0,0,0,2,0,0,0,2,4,0,0,0,0,0,0,0,0,0,6,0,0,1,0,0,0,0,0,-1,0,0,0,0,0,0,0,0,0,0,0,0,0,0,0,0,0
00061982,26,0,2,0,0,0,0,0,0,0,1,0,5,0,0,0,0,0,0,0,0,0,0,0,25,0,2,0,0,0,0,0,0,0,2,0,5,0,0,0,0,0,0,0,0,0,0,0,1,0,0,0,0,0,0,0,0,0,-1,0,0,0,0,0,0,0,0,0,0,0,0,0
00062036,15,0,0,0,0,12,0,0,1,0,2,0,0,0,0,0,1,0,0,0,0,0,0,0,14,0,0,0,0,12,0,0,2,0,2,0,0,0,0,0,1,0,0,0,0,0,0,0,1,0,0,0,0,0,0,0,-1,0,0,0,0,0,0,0,0,0,0,0,0,0,0,0
00062047,18,1,0,0,3,0,1,0,0,0,0,0,0,0,0,1,0,0,0,0,0,0,0,0,15,3,0,0,3,0,2,0,0,0,0,0,0,0,0,1,0,0,0,0,0,0,0,0,3,-2,0,0,0,0,-1,0,0,0,0,0,0,0,0,0,0,0,0,0,0,0,0,0
00062130,19,2,0,4,3,0,0,0,0,0,1,0,0,4,0,0,0,2,0,0,0,0,0,0,17,3,0,4,3,0,0,0,0,0,2,0,0,4,0,0,0,2,0,0,0,0,0,0,2,-1,0,0,0,0,0,0,0,0,-1,0,0,0,0,0,0,0,0,0,0,0,0,0
00062204,12,0,0,8,0,6,0,0,0,0,3,0,0,0,0,0,0,0,0,0,0,0,0,0,11,0,0,8,0,6,0,0,0,0,4,0,0,0,0,0,0,0,0,0,0,0,0,0,1,0,0,0,0,0,0,0,0,0,-1,0,0,0,0,0,0,0,0,0,0,0,0,0
00062580,13,0,0,0,3,6,0,0,1,0,0,0,0,0,0,0,0,2,0,0,0,0,0,0,12,0,0,0,3,6,0,0,2,0,0,0,0,0,0,0,0,2,0,0,0,0,0,0,1,0,0,0,0,0,0,0,-1,0,0,0,0,0,0,0,0,0,0,0,0,0,0,0
00062659,23,1,0,0,0,7,2,0,0,0,0,0,0,0,0,0,0,0,0,0,0,3,0,0,21,3,0,0,0,7,2,0,0,0,0,0,0,0,0,0,0,0,0,0,0,3,0,0,2,-2,0,0,0,0,0,0,0,0,0,0,0,0,0,0,0,0,0,0,0,0,0,0
00062709,33,0,0,0,0,0,0,0,0,0,2,0,0,4,7,0,0,0,4,0,0,0,0,0,32,0,0,0,0,0,0,0,0,0,3,0,0,4,7,0,0,0,4,0,0,0,0,0,1,0,0,0,0,0,0,0,0,0,-1,0,0,0,0,0,0,0,0,0,0,0,0,0
00062753,27,0,0,0,0,0,4,0,2,0,0,0,0,0,0,0,0,0,0,0,0,0,0,0,26,0,0,0,0,0,5,0,2,0,0,0,0,0,0,0,0,0,0,0,0,0,0,0,1,0,0,0,0,0,-1,0,0,0,0,0,0,0,0,0,0,0,0,0,0,0,0,0
00062792,17,0,0,0,0,0,1,0,0,0,0,4,0,4,0,0,1,0,0,0,0,0,0,0,16,0,0,0,0,0,2,0,0,0,0,4,0,4,0,0,1,0,0,0,0,0,0,0,1,0,0,0,0,0,-1,0,0,0,0,0,0,0,0,0,0,0,0,0,0,0,0,0
00062796,11,2,0,0,3,0,0,0,0,0,0,0,0,0,0,0,0,0,0,0,0,0,2,0,10,3,0,0,3,0,0,0,0,0,0,0,0,0,0,0,0,0,0,0,0,0,2,0,1,-1,0,0,0,0,0,0,0,0,0,0,0,0,0,0,0,0,0,0,0,0,0,0
00062884,28,1,0,0,3,0,0,0,0,0,1,0,0,0,7,0,0,0,0,0,0,0,0,0,25,3,0,0,3,0,0,0,0,0,2,0,0,0,7,0,0,0,0,0,0,0,0,0,3,-2,0,0,0,0,0,0,0,0,-1,0,0,0,0,0,0,0,0,0,0,0,0,0
00062929,21,0,0,0,0,0,1,0,0,0,0,0,0,0,14,0,0,0,0,0,0,0,0,0,20,0,0,0,0,0,2,0,0,0,0,0,0,0,14,0,0,0,0,0,0,0,0,0,1,0,0,0,0,0,-1,0,0,0,0,0,0,0,0,0,0,0,0,0,0,0,0,0
00062963,17,0,0,0,0,0,0,0,0,3,2,0,0,0,0,0,1,0,0,0,0,3,0,0,15,0,0,0,0,0,0,0,0,3,4,0,0,0,0,0,1,0,0,0,0,3,0,0,2,0,0,0,0,0,0,0,0,0,-2,0,0,0,0,0,0,0,0,0,0,0,0,0
00062971,19,3,0,0,0,0,0,0,1,0,0,0,0,0,7,0,1,0,0,0,0,0,2,0,18,3,0,0,0,0,0,0,2,0,0,0,0,0,7,0,1,0,0,0,0,0,2,0,1,0,0,0,0,0,0,0,-1,0,0,0,0,0,0,0,0,0,0,0,0,0,0,0
00062988,22,0,1,4,0,0,0,3,0,0,0,3,0,4,0,0,0,0,0,0,0,0,0,0,21,0,2,4,0,0,0,3,0,0,0,3,0,4,0,0,0,0,0,0,0,0,0,0,1,0,-1,0,0,0,0,0,0,0,0,0,0,0,0,0,0,0,0,0,0,0,0,0
00063050,19,0,2,4,3,0,3,0,0,0,0,0,0,0,0,0,0,0,0,0,0,0,0,0,18,0,2,4,3,0,4,0,0,0,0,0,0,0,0,0,0,0,0,0,0,0,0,0,1,0,0,0,0,0,-1,0,0,0,0,0,0,0,0,0,0,0,0,0,0,0,0,0
00063114,19,0,0,0,0,0,0,0,1,3,0,0,5,0,0,2,0,0,0,0,0,3,0,0,18,0,0,0,0,0,0,0,2,3,0,0,5,0,0,2,0,0,0,0,0,3,0,0,1,0,0,0,0,0,0,0,-1,0,0,0,0,0,0,0,0,0,0,0,0,0,0,0
00063199,25,0,0,0,0,0,0,0,0,0,0,3,0,0,7,0,1,0,0,0,0,3,0,0,24,0,0,0,0,0,0,0,0,0,0,4,0,0,7,0,1,0,0,0,0,3,0,0,1,0,0,0,0,0,0,0,0,0,0,-1,0,0,0,0,0,0,0,0,0,0,0,0
00063251,17,0,8,0,0,0,0,0,0,0,0,0,0,0,0,0,0,0,0,0,5,0,0,0,16,0,9,0,0,0,0,0,0,0,0,0,0,0,0,0,0,0,0,0,5,0,0,0,1,0,-1,0,0,0,0,0,0,0,0,0,0,0,0,0,0,0,0,0,0,0,0,0
00063354,30,4,0,0,3,0,0,0,0,0,0,0,0,4,7,0,0,0,0,0,0,0,0,0,28,6,0,0,3,0,0,0,0,0,0,0,0,4,7,0,0,0,0,0,0,0,0,0,2,-2,0,0,0,0,0,0,0,0,0,0,0,0,0,0,0,0,0,0,0,0,0,0
00063407,12,0,0,0,0,0,0,0,4,0,3,8,0,0,0,0,0,0,0,4,0,0,2,0,11,0,0,0,0,0,0,0,4,0,4,8,0,0,0,0,0,0,0,4,0,0,2,0,1,0,0,0,0,0,0,0,0,0,-1,0,0,0,0,0,0,0,0,0,0,0,0,0
00063449,29,0,1,0,3,0,0,0,0,0,0,0,0,0,7,0,0,2,0,0,0,0,0,0,28,0,2,0,3,0,0,0,0,0,0,0,0,0,7,0,0,2,0,0,0,0,0,0,1,0,-1,0,0,0,0,0,0,0,0,0,0,0,0,0,0,0,0,0,0,0,0,0
00063587,21,2,0,4,0,0,0,0,0,2,0,0,0,0,0,0,0,2,0,0,0,0,0,0,19,3,0,4,0,0,0,0,0,3,0,0,0,0,0,0,0,2,0,0,0,0,0,0,2,-1,0,0,0,0,0,0,0,-1,0,0,0,0,0,0,0,0,0,0,0,0,0,0
00063588,18,6,0,0,0,0,1,0,0,0,0,0,5,0,0,0,0,0,0,0,0,0,0,0,17,6,0,0,0,0,2,0,0,0,0,0,5,0,0,0,0,0,0,0,0,0,0,0,1,0,0,0,0,0,-1,0,0,0,0,0,0,0,0,0,0,0,0,0,0,0,0,0
00063603,14,2,0,0,0,0,0,3,0,0,0,4,0,0,7,0,0,0,0,0,0,0,0,0,13,3,0,0,0,0,0,3,0,0,0,4,0,0,7,0,0,0,0,0,0,0,0,0,1,-1,0,0,0,0,0,0,0,0,0,0,0,0,0,0,0,0,0,0,0,0,0,0
00063610,22,1,2,0,0,12,0,0,0,0,0,0,0,0,0,0,0,0,0,0,5,0,0,0,20,3,2,0,0,12,0,0,0,0,0,0,0,0,0,0,0,0,0,0,5,0,0,0,2,-2,0,0,0,0,0,0,0,0,0,0,0,0,0,0,0,0,0,0,0,0,0,0
00063705,15,0,0,4,0,0,0,0,1,0,0,0,0,0,0,0,1,0,0,0,0,0,0,0,14,0,0,4,0,0,0,0,2,0,0,0,0,0,0,0,1,0,0,0,0,0,0,0,1,0,0,0,0,0,0,0,-1,0,0,0,0,0,0,0,0,0,0,0,0,0,0,0
00063741,18,0,0,0,3,0,0,0,0,2,0,0,0,0,7,0,0,0,0,0,0,0,2,0,17,0,0,0,3,0,0,0,0,3,0,0,0,0,7,0,0,0,0,0,0,0,2,0,1,0,0,0,0,0,0,0,0,-1,0,0,0,0,0,0,0,0,0,0,0,0,0,0
00063761,27,7,0,0,0,0,0,0,0,0,0,0,0,0,0,0,0,0,0,0,0,3,0,0,23,11,0,0,0,0,0,0,0,0,0,0,0,0,0,0,0,0,0,0,0,3,0,0,4,-4,0,0,0,0,0,0,0,0,0,0,0,0,0,0,0,0,0,0,0,0,0,0
00063852,17,3,3,4,3,0,0,0,1,0,0,0,0,0,0,0,0,0,0,0,0,0,0,0,16,3,3,4,3,0,0,0,2,0,0,0,0,0,0,0,0,0,0,0,0,0,0,0,1,0,0,0,0,0,0,0,-1,0,0,0,0,0,0,0,0,0,0,0,0,0,0,0
00064027,10,0,0,0,0,6,1,0,0,0,0,0,5,0,0,0,1,0,0,0,0,0,0,0,9,0,0,0,0,6,2,0,0,0,0,0,5,0,0,0,1,0,0,0,0,0,0,0,1,0,0,0,0,0,-1,0,0,0,0,0,0,0,0,0,0,0,0,0,0,0,0,0
00064031,17,1,0,4,0,6,0,0,0,0,0,0,5,0,0,0,0,0,0,0,0,0,0,0,15,3,0,4,0,6,0,0,0,0,0,0,5,0,0,0,0,0,0,0,0,0,0,0,2,-2,0,0,0,0,0,0,0,0,0,0,0,0,0,0,0,0,0,0,0,0,0,0
00064051,12,0,0,4,3,0,0,1,0,0,2,0,0,0,0,0,0,0,0,0,0,0,0,0,10,0,0,4,3,0,0,3,0,0,2,0,0,0,0,0,0,0,0,0,0,0,0,0,2,0,0,0,0,0,0,-2,0,0,0,0,0,0,0,0,0,0,0,0,0,0,0,0
00064064,22,0,0,0,0,0,0,0,0,0,0,4,0,0,0,0,0,2,0,3,0,0,0,0,21,0,0,0,0,0,0,0,0,0,0,4,0,0,0,0,0,2,0,4,0,0,0,0,1,0,0,0,0,0,0,0,0,0,0,0,0,0,0,0,0,0,0,-1,0,0,0,0
00064094,12,0,0,0,0,0,0,0,0,3,0,0,0,0,0,0,0,3,0,3,0,3,0,0,11,0,0,0,0,0,0,0,0,3,0,0,0,0,0,0,0,3,0,4,0,3,0,0,1,0,0,0,0,0,0,0,0,0,0,0,0,0,0,0,0,0,0,-1,0,0,0,0
00064169,16,1,0,0,3,0,0,0,2,0,0,0,0,0,0,0,0,0,0,0,0,0,0,0,14,3,0,0,3,0,0,0,2,0,0,0,0,0,0,0,0,0,0,0,0,0,0,0,2,-2,0,0,0,0,0,0,0,0,0,0,0,0,0,0,0,0,0,0,0,0,0,0
00064219,6,0,0,0,3,0,0,0,0,0,0,0,5,7,0,0,0,0,0,0,0,0,0,0,5,0,0,0,3,0,0,0,0,0,0,0,5,8,0,0,0,0,0,0,0,0,0,0,1,0,0,0,0,0,0,0,0,0,0,0,0,-1,0,0,0,0,0,0,0,0,0,0
00064264,18,3,0,0,0,12,0,0,0,2,0,4,0,0,0,0,0,0,0,0,0,0,0,0,17,3,0,0,0,12,0,0,0,3,0,4,0,0,0,0,0,0,0,0,0,0,0,0,1,0,0,0,0,0,0,0,0,-1,0,0,0,0,0,0,0,0,0,0,0,0,0,0
00064337,16,0,0,0,6,0,2,2,0,0,0,0,0,0,0,0,0,0,0,0,0,0,0,0,15,0,0,0,6,0,2,3,0,0,0,0,0,0,0,0,0,0,0,0,0,0,0,0,1,0,0,0,0,0,0,-1,0,0,0,0,0,0,0,0,0,0,0,0,0,0,0,0
00064380,11,0,0,0,0,6,1,0,1,0,0,0,0,4,0,0,0,0,0,0,0,0,0,0,9,0,0,0,0,6,2,0,2,0,0,0,0,4,0,0,0,0,0,0,0,0,0,0,2,0,0,0,0,0,-1,0,-1,0,0,0,0,0,0,0,0,0,0,0,0,0,0,0
00064398,19,0,0,0,3,0,2,0,0,0,0,0,0,0,0,0,1,0,0,0,0,0,0,0,18,0,0,0,3,0,3,0,0,0,0,0,0,0,0,0,1,0,0,0,0,0,0,0,1,0,0,0,0,0,-1,0,0,0,0,0,0,0,0,0,0,0,0,0,0,0,0,0
00064464,23,0,2,0,0,0,0,4,0,0,0,0,0,4,0,1,0,0,0,0,0,3,0,0,22,0,2,0,0,0,0,4,0,0,0,0,0,4,0,2,0,0,0,0,0,3,0,0,1,0,0,0,0,0,0,0,0,0,0,0,0,0,0,-1,0,0,0,0,0,0,0,0
00064478,46,2,0,0,0,0,2,0,0,0,1,0,5,0,0,0,0,0,0,0,0,0,0,0,41,6,0,0,0,0,2,0,0,0,2,0,5,0,0,0,0,0,0,0,0,0,0,0,5,-4,0,0,0,0,0,0,0,0,-1,0,0,0,0,0,0,0,0,0,0,0,0,0
00064497,13,2,0,0,3,0,0,0,0,0,0,4,0,0,0,0,1,0,0,0,0,0,0,0,12,3,0,0,3,0,0,0,0,0,0,4,0,0,0,0,1,0,0,0,0,0,0,0,1,-1,0,0,0,0,0,0,0,0,0,0,0,0,0,0,0,0,0,0,0,0,0,0
00064500,30,1,0,0,3,0,2,0,0,0,0,0,0,4,7,0,0,0,0,0,0,0,0,0,28,3,0,0,3,0,2,0,0,0,0,0,0,4,7,0,0,0,0,0,0,0,0,0,2,-2,0,0,0,0,0,0,0,0,0,0,0,0,0,0,0,0,0,0,0,0,0,0
00064516,13,0,0,0,0,6,0,0,0,0,0,3,0,0,0,0,1,0,0,0,0,0,0,0,12,0,0,0,0,6,0,0,0,0,0,4,0,0,0,0,1,0,0,0,0,0,0,0,1,0,0,0,0,0,0,0,0,0,0,-1,0,0,0,0,0,0,0,0,0,0,0,0
00064527,19,0,0,0,0,0,4,0,1,3,0,0,0,0,0,0,0,0,0,0,0,0,0,0,18,0,0,0,0,0,4,0,2,3,0,0,0,0,0,0,0,0,0,0,0,0,0,0,1,0,0,0,0,0,0,0,-1,0,0,0,0,0,0,0,0,0,0,0,0,0,0,0
00064561,16,1,0,0,0,6,0,0,0,0,0,0,0,0,7,0,0,0,0,0,0,0,0,0,14,3,0,0,0,6,0,0,0,0,0,0,0,0,7,0,0,0,0,0,0,0,0,0,2,-2,0,0,0,0,0,0,0,0,0,0,0,0,0,0,0,0,0,0,0,0,0,0
00064692,17,1,0,0,0,0,1,0,0,0,0,0,0,0,0,0,1,2,0,0,0,0,0,0,14,3,0,0,0,0,2,0,0,0,0,0,0,0,0,0,1,2,0,0,0,0,0,0,3,-2,0,0,0,0,-1,0,0,0,0,0,0,0,0,0,0,0,0,0,0,0,0,0
00064705,23,0,0,0,0,0,0,0,0,3,3,0,0,0,0,0,0,0,0,0,0,0,2,0,22,0,0,0,0,0,0,0,0,3,4,0,0,0,0,0,0,0,0,0,0,0,2,0,1,0,0,0,0,0,0,0,0,0,-1,0,0,0,0,0,0,0,0,0,0,0,0,0
00064716,19,0,0,0,0,6,0,0,0,0,1,3,0,0,0,0,0,0,4,0,0,0,0,0,17,0,0,0,0,6,0,0,0,0,2,4,0,0,0,0,0,0,4,0,0,0,0,0,2,0,0,0,0,0,0,0,0,0,-1,-1,0,0,0,0,0,0,0,0,0,0,0,0
00064752,14,0,0,0,3,0,0,0,0,0,0,0,0,0,0,0,0,0,0,3,0,3,0,0,13,0,0,0,3,0,0,0,0,0,0,0,0,0,0,0,0,0,0,4,0,3,0,0,1,0,0,0,0,0,0,0,0,0,0,0,0,0,0,0,0,0,0,-1,0,0,0,0
00064925,28,1,0,0,0,6,0,0,0,0,0,0,0,0,0,0,0,0,0,0,10,0,0,0,26,3,0,0,0,6,0,0,0,0,0,0,0,0,0,0,0,0,0,0,10,0,0,0,2,-2,0,0,0,0,0,0,0,0,0,0,0,0,0,0,0,0,0,0,0,0,0,0
00064976,15,0,0,0,3,0,0,0,0,0,3,0,0,0,0,0,1,0,0,0,0,0,0,0,14,0,0,0,3,0,0,0,0,0,4,0,0,0,0,0,1,0,0,0,0,0,0,0,1,0,0,0,0,0,0,0,0,0,-1,0,0,0,0,0,0,0,0,0,0,0,0,0
00064993,19,0,0,0,0,0,1,3,0,0,0,0,0,0,0,0,0,0,0,0,10,0,0,0,18,0,0,0,0,0,2,3,0,0,0,0,0,0,0,0,0,0,0,0,10,0,0,0,1,0,0,0,0,0,-1,0,0,0,0,0,0,0,0,0,0,0,0,0,0,0,0,0
00065036,20,2,0,0,4,0,0,0,0,0,0,0,0,0,7,0,0,0,0,0,0,0,0,0,19,3,0,0,4,0,0,0,0,0,0,0,0,0,7,0,0,0,0,0,0,0,0,0,1,-1,0,0,0,0,0,0,0,0,0,0,0,0,0,0,0,0,0,0,0,0,0,0
00065081,25,4,0,0,0,0,0,0,0,3,0,0,0,0,0,0,0,3,0,0,0,0,0,0,22,7,0,0,0,0,0,0,0,3,0,0,0,0,0,0,0,3,0,0,0,0,0,0,3,-3,0,0,0,0,0,0,0,0,0,0,0,0,0,0,0,0,0,0,0,0,0,0
00065236,25,0,0,0,0,0,0,0,1,0,0,4,0,0,0,0,2,0,0,0,0,0,0,0,24,0,0,0,0,0,0,0,2,0,0,4,0,0,0,0,2,0,0,0,0,0,0,0,1,0,0,0,0,0,0,0,-1,0,0,0,0,0,0,0,0,0,0,0,0,0,0,0
00065308,20,0,0,0,0,0,0,3,0,3,0,3,0,0,0,0,0,0,0,0,0,3,0,0,19,0,0,0,0,0,0,3,0,3,0,4,0,0,0,0,0,0,0,0,0,3,0,0,1,0,0,0,0,0,0,0,0,0,0,-1,0,0,0,0,0,0,0,0,0,0,0,0
00065321,22,4,0,0,0,0,0,0,0,0,0,8,0,0,0,0,0,0,0,0,5,0,0,0,20,6,0,0,0,0,0,0,0,0,0,8,0,0,0,0,0,0,0,0,5,0,0,0,2,-2,0,0,0,0,0,0,0,0,0,0,0,0,0,0,0,0,0,0,0,0,0,0
00065327,24,1,2,0,0,0,0,0,0,3,0,4,0,0,0,0,0,0,0,0,0,0,0,0,22,3,2,0,0,0,0,0,0,3,0,4,0,0,0,0,0,0,0,0,0,0,0,0,2,-2,0,0,0,0,0,0,0,0,0,0,0,0,0,0,0,0,0,0,0,0,0,0
00065403,23,1,0,0,0,0,0,0,2,0,0,0,0,4,0,0,1,0,0,0,0,0,0,0,21,3,0,0,0,0,0,0,2,0,0,0,0,4,0,0,1,0,0,0,0,0,0,0,2,-2,0,0,0,0,0,0,0,0,0,0,0,0,0,0,0,0,0,0,0,0,0,0
00065463,17,0,0,0,0,6,0,0,2,0,0,0,0,0,0,0,0,0,8,4,0,0,0,0,16,0,0,0,0,6,0,0,2,0,0,0,0,0,0,0,0,0,9,4,0,0,0,0,1,0,0,0,0,0,0,0,0,0,0,0,0,0,0,0,0,0,-1,0,0,0,0,0
00065480,25,1,0,4,0,0,0,3,0,0,0,0,0,0,0,0,1,0,0,0,0,0,0,0,23,3,0,4,0,0,0,3,0,0,0,0,0,0,0,0,1,0,0,0,0,0,0,0,2,-2,0,0,0,0,0,0,0,0,0,0,0,0,0,0,0,0,0,0,0,0,0,0
00065483,17,0,1,0,0,0,0,0,0,0,0,0,10,0,0,1,0,0,0,0,0,0,0,0,16,0,2,0,0,0,0,0,0,0,0,0,10,0,0,1,0,0,0,0,0,0,0,0,1,0,-1,0,0,0,0,0,0,0,0,0,0,0,0,0,0,0,0,0,0,0,0,0
00065526,32,0,0,0,0,0,0,4,0,0,4,0,0,0,0,0,0,0,0,0,0,0,0,0,30,0,0,0,0,0,0,6,0,0,4,0,0,0,0,0,0,0,0,0,0,0,0,0,2,0,0,0,0,0,0,-2,0,0,0,0,0,0,0,0,0,0,0,0,0,0,0,0
00065536,31,0,2,0,0,0,0,0,0,0,0,4,5,0,0,0,0,0,0,0,5,0,0,0,30,0,2,0,0,0,0,0,0,0,0,5,5,0,0,0,0,0,0,0,5,0,0,0,1,0,0,0,0,0,0,0,0,0,0,-1,0,0,0,0,0,0,0,0,0,0,0,0
00065740,31,2,0,0,3,0,0,0,1,0,0,0,0,0,0,0,0,0,0,0,0,0,0,0,26,6,0,0,3,0,0,0,2,0,0,0,0,0,0,0,0,0,0,0,0,0,0,0,5,-4,0,0,0,0,0,0,-1,0,0,0,0,0,0,0,0,0,0,0,0,0,0,0
00065847,14,0,0,0,0,0,0,0,1,0,0,0,0,0,0,0,0,0,4,0,0,6,0,0,13,0,0,0,0,0,0,0,2,0,0,0,0,0,0,0,0,0,4,0,0,6,0,0,1,0,0,0,0,0,0,0,-1,0,0,0,0,0,0,0,0,0,0,0,0,0,0,0
00065878,18,0,0,0,0,6,0,0,0,0,0,3,0,0,7,0,0,0,0,0,0,0,2,0,17,0,0,0,0,6,0,0,0,0,0,4,0,0,7,0,0,0,0,0,0,0,2,0,1,0,0,0,0,0,0,0,0,0,0,-1,0,0,0,0,0,0,0,0,0,0,0,0
00065924,22,2,0,0,0,0,0,0,0,0,0,0,0,0,0,0,2,0,0,4,0,0,0,0,21,3,0,0,0,0,0,0,0,0,0,0,0,0,0,0,2,0,0,4,0,0,0,0,1,-1,0,0,0,0,0,0,0,0,0,0,0,0,0,0,0,0,0,0,0,0,0,0
00065961,21,0,0,0,0,0,0,0,0,6,0,3,0,0,0,0,0,0,0,0,0,0,0,0,20,0,0,0,0,0,0,0,0,6,0,4,0,0,0,0,0,0,0,0,0,0,0,0,1,0,0,0,0,0,0,0,0,0,0,-1,0,0,0,0,0,0,0,0,0,0,0,0
00066149,23,0,2,0,0,0,0,3,0,0,0,4,0,0,0,0,0,0,0,3,0,0,2,0,22,0,2,0,0,0,0,3,0,0,0,4,0,0,0,0,0,0,0,4,0,0,2,0,1,0,0,0,0,0,0,0,0,0,0,0,0,0,0,0,0,0,0,-1,0,0,0,0
00066170,15,2,0,0,0,0,0,0,0,0,0,0,0,0,0,0,1,0,0,0,0,0,2,0,14,3,0,0,0,0,0,0,0,0,0,0,0,0,0,0,1,0,0,0,0,0,2,0,1,-1,0,0,0,0,0,0,0,0,0,0,0,0,0,0,0,0,0,0,0,0,0,0
00066223,10,0,2,0,0,0,0,0,0,0,0,0,0,0,0,0,0,0,4,4,0,0,0,0,8,0,4,0,0,0,0,0,0,0,0,0,0,0,0,0,0,0,4,4,0,0,0,0,2,0,-2,0,0,0,0,0,0,0,0,0,0,0,0,0,0,0,0,0,0,0,0,0
00066245,17,0,2,4,3,0,0,3,0,3,0,3,0,0,0,0,1,0,0,0,0,0,0,0,16,0,2,4,3,0,0,3,0,3,0,4,0,0,0,0,1,0,0,0,0,0,0,0,1,0,0,0,0,0,0,0,0,0,0,-1,0,0,0,0,0,0,0,0,0,0,0,0
00066248,48,1,0,0,0,0,0,0,0,0,0,8,0,0,0,0,0,3,0,0,0,0,2,0,46,3,0,0,0,0,0,0,0,0,0,8,0,0,0,0,0,3,0,0,0,0,2,0,2,-2,0,0,0,0,0,0,0,0,0,0,0,0,0,0,0,0,0,0,0,0,0,0
00066262,14,2,0,4,0,0,2,0,0,0,0,0,0,0,0,0,0,0,0,0,5,0,2,0,13,3,0,4,0,0,2,0,0,0,0,0,0,0,0,0,0,0,0,0,5,0,2,0,1,-1,0,0,0,0,0,0,0,0,0,0,0,0,0,0,0,0,0,0,0,0,0,0
00066411,14,2,0,0,0,6,0,0,0,0,0,0,5,0,0,0,0,0,0,0,0,0,0,0,13,3,0,0,0,6,0,0,0,0,0,0,5,0,0,0,0,0,0,0,0,0,0,0,1,-1,0,0,0,0,0,0,0,0,0,0,0,0,0,0,0,0,0,0,0,0,0,0
00066415,14,3,0,0,0,0,0,2,0,0,0,4,0,0,0,0,0,0,0,0,0,0,0,0,13,3,0,0,0,0,0,3,0,0,0,4,0,0,0,0,0,0,0,0,0,0,0,0,1,0,0,0,0,0,0,-1,0,0,0,0,0,0,0,0,0,0,0,0,0,0,0,0
00066503,16,0,0,0,3,0,0,0,0,0,0,0,0,0,0,0,1,0,4,3,0,0,0,0,15,0,0,0,3,0,0,0,0,0,0,0,0,0,0,0,1,0,4,4,0,0,0,0,1,0,0,0,0,0,0,0,0,0,0,0,0,0,0,0,0,0,0,-1,0,0,0,0
00066553,37,3,0,4,0,0,0,0,2,0,0,0,0,0,0,0,0,0,0,0,5,0,0,0,36,3,0,4,0,0,0,0,3,0,0,0,0,0,0,0,0,0,0,0,5,0,0,0,1,0,0,0,0,0,0,0,-1,0,0,0,0,0,0,0,0,0,0,0,0,0,0,0
00066554,14,0,0,0,0,0,2,0,0,0,0,0,0,4,0,1,0,0,0,0,0,0,0,0,12,0,2,0,0,0,2,0,0,0,0,0,0,4,0,1,0,0,0,0,0,0,0,0,2,0,-2,0,0,0,0,0,0,0,0,0,0,0,0,0,0,0,0,0,0,0,0,0
00066600,20,0,2,4,0,0,0,0,0,0,0,2,0,0,0,0,0,0,4,0,0,0,0,0,18,0,2,4,0,0,0,0,0,0,0,4,0,0,0,0,0,0,4,0,0,0,0,0,2,0,0,0,0,0,0,0,0,0,0,-2,0,0,0,0,0,0,0,0,0,0,0,0
00066663,12,0,0,0,0,6,1,0,0,3,0,4,0,0,0,0,0,0,0,4,0,0,0,0,11,0,0,0,0,6,2,0,0,3,0,4,0,0,0,0,0,0,0,4,0,0,0,0,1,0,0,0,0,0,-1,0,0,0,0,0,0,0,0,0,0,0,0,0,0,0,0,0
00066672,25,2,0,4,0,0,0,0,0,4,0,0,0,0,0,0,0,0,0,0,0,0,0,0,21,6,0,4,0,0,0,0,0,4,0,0,0,0,0,0,0,0,0,0,0,0,0,0,4,-4,0,0,0,0,0,0,0,0,0,0,0,0,0,0,0,0,0,0,0,0,0,0
00066909,30,1,0,0,0,6,0,0,0,0,0,5,0,0,7,0,0,0,0,0,0,0,0,0,28,3,0,0,0,6,0,0,0,0,0,5,0,0,7,0,0,0,0,0,0,0,0,0,2,-2,0,0,0,0,0,0,0,0,0,0,0,0,0,0,0,0,0,0,0,0,0,0
00067053,14,0,0,0,3,0,0,0,1,0,0,4,0,0,0,0,0,0,0,0,5,0,0,0,13,0,0,0,3,0,0,0,2,0,0,4,0,0,0,0,0,0,0,0,5,0,0,0,1,0,0,0,0,0,0,0,-1,0,0,0,0,0,0,0,0,0,0,0,0,0,0,0
00067106,18,3,0,0,3,0,2,0,1,0,0,0,0,0,0,0,0,0,0,0,0,0,0,0,17,3,0,0,3,0,2,0,2,0,0,0,0,0,0,0,0,0,0,0,0,0,0,0,1,0,0,0,0,0,0,0,-1,0,0,0,0,0,0,0,0,0,0,0,0,0,0,0
00067118,10,0,0,0,0,0,5,0,0,2,0,0,0,0,0,0,0,0,0,4,0,0,2,0,9,0,0,0,0,0,5,0,0,3,0,0,0,0,0,0,0,0,0,4,0,0,2,0,1,0,0,0,0,0,0,0,0,-1,0,0,0,0,0,0,0,0,0,0,0,0,0,0
00067121,15,1,0,4,3,0,0,0,0,3,0,0,0,0,0,0,0,0,16,0,0,0,0,0,13,3,0,4,3,0,0,0,0,3,0,0,0,0,0,0,0,0,16,0,0,0,0,0,2,-2,0,0,0,0,0,0,0,0,0,0,0,0,0,0,0,0,0,0,0,0,0,0
00067136,24,0,2,0,0,0,0,1,0,0,0,0,0,0,7,0,0,2,0,0,0,0,0,0,22,0,2,0,0,0,0,3,0,0,0,0,0,0,7,0,0,2,0,0,0,0,0,0,2,0,0,0,0,0,0,-2,0,0,0,0,0,0,0,0,0,0,0,0,0,0,0,0
00067208,23,0,0,0,3,0,3,0,0,0,0,0,0,0,0,0,0,0,0,0,0,0,0,0,22,0,0,0,3,0,4,0,0,0,0,0,0,0,0,0,0,0,0,0,0,0,0,0,1,0,0,0,0,0,-1,0,0,0,0,0,0,0,0,0,0,0,0,0,0,0,0,0
00067239,21,2,0,0,0,0,0,0,0,0,0,0,10,0,0,0,0,0,0,0,5,0,0,0,20,3,0,0,0,0,0,0,0,0,0,0,10,0,0,0,0,0,0,0,5,0,0,0,1,-1,0,0,0,0,0,0,0,0,0,0,0,0,0,0,0,0,0,0,0,0,0,0
00067242,28,0,5,0,0,0,0,1,0,0,0,0,0,0,0,0,0,0,0,0,0,0,0,0,26,0,5,0,0,0,0,3,0,0,0,0,0,0,0,0,0,0,0,0,0,0,0,0,2,0,0,0,0,0,0,-2,0,0,0,0,0,0,0,0,0,0,0,0,0,0,0,0
00067271,20,3,0,0,3,0,0,0,0,2,3,0,0,0,0,0,1,0,0,0,0,0,0,0,19,3,0,0,3,0,0,0,0,3,3,0,0,0,0,0,1,0,0,0,0,0,0,0,1,0,0,0,0,0,0,0,0,-1,0,0,0,0,0,0,0,0,0,0,0,0,0,0
00067332,25,1,0,0,0,0,0,0,3,0,0,0,0,0,0,0,0,0,0,0,0,0,0,0,22,3,0,0,0,0,0,0,4,0,0,0,0,0,0,0,0,0,0,0,0,0,0,0,3,-2,0,0,0,0,0,0,-1,0,0,0,0,0,0,0,0,0,0,0,0,0,0,0
00067368,35,1,0,0,0,0,0,0,0,0,0,0,0,0,0,0,1,0,0,4,0,3,0,0,33,3,0,0,0,0,0,0,0,0,0,0,0,0,0,0,1,0,0,4,0,3,0,0,2,-2,0,0,0,0,0,0,0,0,0,0,0,0,0,0,0,0,0,0,0,0,0,0
00067443,27,0,0,0,0,6,0,0,0,0,0,0,0,0,0,0,0,2,0,3,0,9,0,0,26,0,0,0,0,6,0,0,0,0,0,0,0,0,0,0,0,2,0,4,0,9,0,0,1,0,0,0,0,0,0,0,0,0,0,0,0,0,0,0,0,0,0,-1,0,0,0,0
00067517,17,0,0,0,0,0,1,0,0,0,0,0,0,0,7,1,1,0,0,0,0,0,0,0,16,0,0,0,0,0,2,0,0,0,0,0,0,0,7,1,1,0,0,0,0,0,0,0,1,0,0,0,0,0,-1,0,0,0,0,0,0,0,0,0,0,0,0,0,0,0,0,0
00067576,24,1,0,0,3,0,0,0,0,0,0,0,5,0,7,0,0,0,0,0,0,0,0,0,22,3,0,0,3,0,0,0,0,0,0,0,5,0,7,0,0,0,0,0,0,0,0,0,2,-2,0,0,0,0,0,0,0,0,0,0,0,0,0,0,0,0,0,0,0,0,0,0
00067662,25,0,0,4,0,0,1,0,0,0,0,0,0,0,0,0,0,2,0,4,5,0,0,0,24,0,0,4,0,0,2,0,0,0,0,0,0,0,0,0,0,2,0,4,5,0,0,0,1,0,0,0,0,0,-1,0,0,0,0,0,0,0,0,0,0,0,0,0,0,0,0,0
00067667,7,3,0,0,3,0,0,0,0,2,0,0,0,0,0,0,0,0,0,0,0,0,2,0,6,3,0,0,3,0,0,0,0,3,0,0,0,0,0,0,0,0,0,0,0,0,2,0,1,0,0,0,0,0,0,0,0,-1,0,0,0,0,0,0,0,0,0,0,0,0,0,0
00067867,12,0,0,4,0,0,0,0,1,3,0,4,0,4,0,0,0,0,0,0,5,0,0,0,11,0,0,4,0,0,0,0,2,3,0,4,0,4,0,0,0,0,0,0,5,0,0,0,1,0,0,0,0,0,0,0,-1,0,0,0,0,0,0,0,0,0,0,0,0,0,0,0
00067907,15,0,0,0,4,0,0,0,0,0,1,0,5,0,0,0,0,0,0,6,0,0,0,0,14,0,0,0,4,0,0,0,0,0,2,0,5,0,0,0,0,0,0,6,0,0,0,0,1,0,0,0,0,0,0,0,0,0,-1,0,0,0,0,0,0,0,0,0,0,0,0,0
00067989,22,0,0,0,3,6,0,0,0,0,2,0,0,0,0,0,0,0,0,0,0,0,0,0,20,0,2,0,3,6,0,0,0,0,2,0,0,0,0,0,0,0,0,0,0,0,0,0,2,0,-2,0,0,0,0,0,0,0,0,0,0,0,0,0,0,0,0,0,0,0,0,0
00068065,21,1,7,0,0,0,0,0,0,0,0,0,0,0,0,0,0,0,0,0,0,0,0,0,19,3,7,0,0,0,0,0,0,0,0,0,0,0,0,0,0,0,0,0,0,0,0,0,2,-2,0,0,0,0,0,0,0,0,0,0,0,0,0,0,0,0,0,0,0,0,0,0
00068068,12,0,0,0,0,7,0,0,0,3,0,0,0,0,0,0,0,0,4,0,0,0,0,0,10,0,2,0,0,7,0,0,0,3,0,0,0,0,0,0,0,0,4,0,0,0,0,0,2,0,-2,0,0,0,0,0,0,0,0,0,0,0,0,0,0,0,0,0,0,0,0,0
00068114,13,2,0,0,0,0,0,0,0,0,0,4,0,0,0,0,0,0,0,0,5,0,0,0,12,3,0,0,0,0,0,0,0,0,0,4,0,0,0,0,0,0,0,0,5,0,0,0,1,-1,0,0,0,0,0,0,0,0,0,0,0,0,0,0,0,0,0,0,0,0,0,0
00068167,11,1,2,0,0,0,2,0,0,0,0,4,0,0,0,0,0,0,0,0,0,0,0,0,9,3,2,0,0,0,2,0,0,0,0,4,0,0,0,0,0,0,0,0,0,0,0,0,2,-2,0,0,0,0,0,0,0,0,0,0,0,0,0,0,0,0,0,0,0,0,0,0
00068170,14,1,0,0,0,0,0,3,0,0,0,4,0,0,0,0,0,0,0,0,0,0,0,0,12,3,0,0,0,0,0,3,0,0,0,4,0,0,0,0,0,0,0,0,0,0,0,0,2,-2,0,0,0,0,0,0,0,0,0,0,0,0,0,0,0,0,0,0,0,0,0,0
00068266,23,0,0,0,0,0,0,0,0,0,1,0,0,4,0,0,0,0,0,4,0,0,0,0,22,0,0,0,0,0,0,0,0,0,2,0,0,4,0,0,0,0,0,4,0,0,0,0,1,0,0,0,0,0,0,0,0,0,-1,0,0,0,0,0,0,0,0,0,0,0,0,0
00068291,13,3,0,0,0,0,0,0,1,0,0,5,0,0,0,0,0,2,0,0,0,0,0,0,12,3,0,0,0,0,0,0,2,0,0,5,0,0,0,0,0,2,0,0,0,0,0,0,1,0,0,0,0,0,0,0,-1,0,0,0,0,0,0,0,0,0,0,0,0,0,0,0
00068372,10,1,0,0,0,0,0,0,0,0,2,4,0,0,0,0,2,0,4,0,0,0,0,0,8,3,0,0,0,0,0,0,0,0,2,4,0,0,0,0,2,0,4,0,0,0,0,0,2,-2,0,0,0,0,0,0,0,0,0,0,0,0,0,0,0,0,0,0,0,0,0,0
00068419,16,6,2,0,0,0,0,0,0,0,0,0,5,0,0,0,0,0,0,0,0,0,0,0,14,6,4,0,0,0,0,0,0,0,0,0,5,0,0,0,0,0,0,0,0,0,0,0,2,0,-2,0,0,0,0,0,0,0,0,0,0,0,0,0,0,0,0,0,0,0,0,0
00068461,22,1,0,0,3,0,0,0,0,0,2,0,0,0,0,0,0,0,4,0,0,0,0,0,20,3,0,0,3,0,0,0,0,0,2,0,0,0,0,0,0,0,4,0,0,0,0,0,2,-2,0,0,0,0,0,0,0,0,0,0,0,0,0,0,0,0,0,0,0,0,0,0
00068505,18,0,0,4,0,0,0,0,1,0,0,0,0,4,7,0,0,0,0,0,0,0,0,0,17,0,0,4,0,0,0,0,2,0,0,0,0,4,7,0,0,0,0,0,0,0,0,0,1,0,0,0,0,0,0,0,-1,0,0,0,0,0,0,0,0,0,0,0,0,0,0,0
00068598,17,0,2,0,0,0,2,0,0,0,3,0,5,0,0,0,0,0,0,0,0,3,0,0,14,0,4,0,0,0,2,0,0,0,4,0,5,0,0,0,0,0,0,0,0,3,0,0,3,0,-2,0,0,0,0,0,0,0,-1,0,0,0,0,0,0,0,0,0,0,0,0,0
00068619,21,1,0,0,0,0,0,0,0,0,0,0,0,0,0,0,0,0,5,0,5,0,0,0,19,3,0,0,0,0,0,0,0,0,0,0,0,0,0,0,0,0,5,0,5,0,0,0,2,-2,0,0,0,0,0,0,0,0,0,0,0,0,0,0,0,0,0,0,0,0,0,0
00068719,20,1,4,0,0,0,0,0,0,0,0,0,5,4,7,0,1,0,0,0,0,3,0,0,18,3,4,0,0,0,0,0,0,0,0,0,5,4,7,0,1,0,0,0,0,3,0,0,2,-2,0,0,0,0,0,0,0,0,0,0,0,0,0,0,0,0,0,0,0,0,0,0
00068762,15,3,0,4,0,0,0,0,0,0,0,0,0,0,0,0,0,0,0,4,0,3,0,0,14,3,0,5,0,0,0,0,0,0,0,0,0,0,0,0,0,0,0,4,0,3,0,0,1,0,0,-1,0,0,0,0,0,0,0,0,0,0,0,0,0,0,0,0,0,0,0,0
00068771,11,0,0,4,0,0,3,0,1,0,2,0,0,0,0,0,0,0,0,0,0,0,0,0,10,0,0,4,0,0,3,0,2,0,2,0,0,0,0,0,0,0,0,0,0,0,0,0,1,0,0,0,0,0,0,0,-1,0,0,0,0,0,0,0,0,0,0,0,0,0,0,0
00068878,13,2,0,0,0,0,2,0,0,3,0,4,0,0,0,0,0,0,0,4,0,0,0,0,12,3,0,0,0,0,2,0,0,3,0,4,0,0,0,0,0,0,0,4,0,0,0,0,1,-1,0,0,0,0,0,0,0,0,0,0,0,0,0,0,0,0,0,0,0,0,0,0
00068958,11,3,0,0,0,0,0,0,1,3,0,0,0,0,0,0,0,0,0,0,0,0,2,0,10,3,0,0,0,0,0,0,2,3,0,0,0,0,0,0,0,0,0,0,0,0,2,0,1,0,0,0,0,0,0,0,-1,0,0,0,0,0,0,0,0,0,0,0,0,0,0,0
00069004,16,0,0,0,0,0,0,0,2,0,3,0,0,0,0,0,0,0,4,0,0,0,0,0,15,0,0,0,0,0,0,0,2,0,4,0,0,0,0,0,0,0,4,0,0,0,0,0,1,0,0,0,0,0,0,0,0,0,-1,0,0,0,0,0,0,0,0,0,0,0,0,0
00069082,20,0,0,0,0,0,0,0,0,0,6,0,0,0,0,0,0,0,0,0,0,0,0,0,18,0,0,0,0,0,0,0,0,0,8,0,0,0,0,0,0,0,0,0,0,0,0,0,2,0,0,0,0,0,0,0,0,0,-2,0,0,0,0,0,0,0,0,0,0,0,0,0
00069146,20,2,2,0,0,0,0,0,0,0,0,0,0,0,0,0,0,0,0,4,0,0,0,0,19,3,2,0,0,0,0,0,0,0,0,0,0,0,0,0,0,0,0,4,0,0,0,0,1,-1,0,0,0,0,0,0,0,0,0,0,0,0,0,0,0,0,0,0,0,0,0,0
00069169,15,1,0,0,0,0,0,0,0,0,0,0,0,0,7,0,0,2,0,0,0,0,0,0,13,3,0,0,0,0,0,0,0,0,0,0,0,0,7,0,0,2,0,0,0,0,0,0,2,-2,0,0,0,0,0,0,0,0,0,0,0,0,0,0,0,0,0,0,0,0,0,0
00069306,20,3,0,0,0,0,0,0,0,0,2,0,0,0,0,0,0,0,0,0,5,0,0,0,19,3,0,0,0,0,0,0,0,0,3,0,0,0,0,0,0,0,0,0,5,0,0,0,1,0,0,0,0,0,0,0,0,0,-1,0,0,0,0,0,0,0,0,0,0,0,0,0
00069356,18,0,0,0,0,0,1,0,2,0,0,0,0,0,0,0,0,0,0,0,0,0,0,0,15,0,0,0,0,0,2,0,4,0,0,0,0,0,0,0,0,0,0,0,0,0,0,0,3,0,0,0,0,0,-1,0,-2,0,0,0,0,0,0,0,0,0,0,0,0,0,0,0
00069405,18,1,0,4,3,6,0,0,0,0,0,0,0,0,0,0,0,0,0,0,0,0,0,0,16,3,0,4,3,6,0,0,0,0,0,0,0,0,0,0,0,0,0,0,0,0,0,0,2,-2,0,0,0,0,0,0,0,0,0,0,0,0,0,0,0,0,0,0,0,0,0,0
00069435,12,0,2,0,0,0,3,0,0,0,0,0,0,0,0,0,0,0,0,0,0,0,0,0,11,0,2,0,0,0,4,0,0,0,0,0,0,0,0,0,0,0,0,0,0,0,0,0,1,0,0,0,0,0,-1,0,0,0,0,0,0,0,0,0,0,0,0,0,0,0,0,0
00069588,18,0,0,0,0,7,1,0,0,0,0,0,0,0,7,0,0,0,0,0,0,3,0,0,17,0,0,0,0,7,2,0,0,0,0,0,0,0,7,0,0,0,0,0,0,3,0,0,1,0,0,0,0,0,-1,0,0,0,0,0,0,0,0,0,0,0,0,0,0,0,0,0
00069591,22,0,0,0,0,0,0,0,0,0,3,0,0,0,0,0,1,0,0,0,5,0,0,0,21,0,0,0,0,0,0,0,0,0,4,0,0,0,0,0,1,0,0,0,5,0,0,0,1,0,0,0,0,0,0,0,0,0,-1,0,0,0,0,0,0,0,0,0,0,0,0,0
00069595,16,3,0,0,0,0,2,0,0,0,0,0,0,0,0,0,0,0,4,0,0,0,0,0,14,3,0,0,0,0,4,0,0,0,0,0,0,0,0,0,0,0,4,0,0,0,0,0,2,0,0,0,0,0,-2,0,0,0,0,0,0,0,0,0,0,0,0,0,0,0,0,0
00069640,12,0,0,9,0,0,2,0,1,0,0,4,5,4,0,0,0,0,0,4,0,3,0,0,11,0,0,9,0,0,2,0,2,0,0,4,5,4,0,0,0,0,0,4,0,3,0,0,1,0,0,0,0,0,0,0,-1,0,0,0,0,0,0,0,0,0,0,0,0,0,0,0
00069735,26,1,0,0,0,0,1,0,0,0,0,0,0,0,0,0,2,0,0,0,5,0,0,0,23,3,0,0,0,0,2,0,0,0,0,0,0,0,0,0,2,0,0,0,5,0,0,0,3,-2,0,0,0,0,-1,0,0,0,0,0,0,0,0,0,0,0,0,0,0,0,0,0
00069803,16,0,0,0,0,0,0,2,0,0,0,0,5,0,0,1,0,0,0,0,0,3,0,0,15,0,0,0,0,0,0,3,0,0,0,0,5,0,0,1,0,0,0,0,0,3,0,0,1,0,0,0,0,0,0,-1,0,0,0,0,0,0,0,0,0,0,0,0,0,0,0,0
00069891,35,4,2,0,0,0,0,0,0,0,0,0,0,0,0,2,0,0,0,0,0,0,0,0,33,6,2,0,0,0,0,0,0,0,0,0,0,0,0,2,0,0,0,0,0,0,0,0,2,-2,0,0,0,0,0,0,0,0,0,0,0,0,0,0,0,0,0,0,0,0,0,0
00069943,11,0,0,0,0,0,0,0,1,0,2,0,0,0,7,0,0,0,0,0,0,0,0,0,10,0,0,0,0,0,0,0,2,0,2,0,0,0,7,0,0,0,0,0,0,0,0,0,1,0,0,0,0,0,0,0,-1,0,0,0,0,0,0,0,0,0,0,0,0,0,0,0
00070179,15,5,0,4,0,0,0,3,0,0,0,0,0,0,0,0,0,0,0,0,0,0,0,0,14,6,0,4,0,0,0,3,0,0,0,0,0,0,0,0,0,0,0,0,0,0,0,0,1,-1,0,0,0,0,0,0,0,0,0,0,0,0,0,0,0,0,0,0,0,0,0,0
00070195,13,0,0,0,0,0,0,3,0,0,1,0,0,0,0,0,0,2,0,0,0,0,0,0,12,0,0,0,0,0,0,3,0,0,2,0,0,0,0,0,0,2,0,0,0,0,0,0,1,0,0,0,0,0,0,0,0,0,-1,0,0,0,0,0,0,0,0,0,0,0,0,0
00070276,15,2,0,0,0,0,0,0,0,0,0,0,0,0,7,0,0,2,0,0,0,0,0,0,13,4,0,0,0,0,0,0,0,0,0,0,0,0,7,0,0,2,0,0,0,0,0,0,2,-2,0,0,0,0,0,0,0,0,0,0,0,0,0,0,0,0,0,0,0,0,0,0
00070315,19,3,0,0,0,0,1,0,0,3,0,0,0,0,0,0,0,0,0,0,0,0,0,0,18,3,0,0,0,0,2,0,0,3,0,0,0,0,0,0,0,0,0,0,0,0,0,0,1,0,0,0,0,0,-1,0,0,0,0,0,0,0,0,0,0,0,0,0,0,0,0,0
00070350,10,0,4,0,0,0,0,0,0,3,0,1,0,0,0,0,1,0,0,0,0,0,0,0,8,0,4,0,0,0,0,0,0,3,0,3,0,0,0,0,1,0,0,0,0,0,0,0,2,0,0,0,0,0,0,0,0,0,0,-2,0,0,0,0,0,0,0,0,0,0,0,0
00070409,18,0,0,0,0,6,0,0,0,2,2,0,0,0,0,0,0,0,0,0,0,0,2,0,17,0,0,0,0,6,0,0,0,3,2,0,0,0,0,0,0,0,0,0,0,0,2,0,1,0,0,0,0,0,0,0,0,-1,0,0,0,0,0,0,0,0,0,0,0,0,0,0
00070522,15,0,4,0,0,0,0,0,0,0,0,0,5,0,0,0,0,0,0,0,0,0,0,0,13,0,6,0,0,0,0,0,0,0,0,0,5,0,0,0,0,0,0,0,0,0,0,0,2,0,-2,0,0,0,0,0,0,0,0,0,0,0,0,0,0,0,0,0,0,0,0,0
00070532,25,0,0,0,0,12,0,0,0,0,1,0,0,0,7,0,0,0,0,0,0,0,0,0,24,0,0,0,0,12,0,0,0,0,2,0,0,0,7,0,0,0,0,0,0,0,0,0,1,0,0,0,0,0,0,0,0,0,-1,0,0,0,0,0,0,0,0,0,0,0,0,0
00070543,19,0,0,0,3,0,2,0,1,0,0,0,0,0,0,0,0,0,0,0,0,0,0,0,18,0,0,0,3,0,2,0,2,0,0,0,0,0,0,0,0,0,0,0,0,0,0,0,1,0,0,0,0,0,0,0,-1,0,0,0,0,0,0,0,0,0,0,0,0,0,0,0
00070571,20,0,0,0,0,0,0,0,0,0,0,4,0,0,0,0,0,2,0,0,0,0,0,0,18,0,2,0,0,0,0,0,0,0,0,4,0,0,0,0,0,2,0,0,0,0,0,0,2,0,-2,0,0,0,0,0,0,0,0,0,0,0,0,0,0,0,0,0,0,0,0,0
00070591,16,0,0,4,0,0,0,3,0,2,0,0,0,0,0,0,1,0,0,0,0,0,0,0,15,0,0,4,0,0,0,3,0,3,0,0,0,0,0,0,1,0,0,0,0,0,0,0,1,0,0,0,0,0,0,0,0,-1,0,0,0,0,0,0,0,0,0,0,0,0,0,0
00070594,22,2,0,0,0,6,0,2,0,3,0,0,0,0,0,0,0,0,0,0,0,0,0,0,20,3,0,0,0,6,0,3,0,3,0,0,0,0,0,0,0,0,0,0,0,0,0,0,2,-1,0,0,0,0,0,-1,0,0,0,0,0,0,0,0,0,0,0,0,0,0,0,0
00070710,23,0,0,4,3,0,2,0,0,0,0,0,5,0,0,0,0,0,0,0,0,0,0,0,21,0,0,4,3,0,4,0,0,0,0,0,5,0,0,0,0,0,0,0,0,0,0,0,2,0,0,0,0,0,-2,0,0,0,0,0,0,0,0,0,0,0,0,0,0,0,0,0
00070749,19,3,0,0,0,0,0,1,0,0,0,0,5,0,0,0,0,0,0,0,0,0,0,0,17,3,0,0,0,0,0,3,0,0,0,0,5,0,0,0,0,0,0,0,0,0,0,0,2,0,0,0,0,0,0,-2,0,0,0,0,0,0,0,0,0,0,0,0,0,0,0,0
00070811,31,1,0,4,0,0,0,0,0,0,0,0,0,4,0,0,1,0,0,0,0,3,0,0,29,3,0,4,0,0,0,0,0,0,0,0,0,4,0,0,1,0,0,0,0,3,0,0,2,-2,0,0,0,0,0,0,0,0,0,0,0,0,0,0,0,0,0,0,0,0,0,0
00070833,18,0,0,0,0,0,0,0,1,0,1,4,0,0,0,0,0,0,0,0,0,0,0,0,16,0,0,0,0,0,0,0,2,0,2,4,0,0,0,0,0,0,0,0,0,0,0,0,2,0,0,0,0,0,0,0,-1,0,-1,0,0,0,0,0,0,0,0,0,0,0,0,0
00071037,17,0,2,0,0,6,0,0,0,0,0,3,0,0,0,0,0,0,0,0,0,0,2,0,16,0,2,0,0,6,0,0,0,0,0,4,0,0,0,0,0,0,0,0,0,0,2,0,1,0,0,0,0,0,0,0,0,0,0,-1,0,0,0,0,0,0,0,0,0,0,0,0
00071087,17,0,0,4,0,0,1,0,0,0,0,3,0,0,0,0,0,3,0,0,0,0,0,0,15,0,0,4,0,0,2,0,0,0,0,4,0,0,0,0,0,3,0,0,0,0,0,0,2,0,0,0,0,0,-1,0,0,0,0,-1,0,0,0,0,0,0,0,0,0,0,0,0
00071111,16,0,2,0,3,0,1,0,0,0,0,0,5,0,7,0,0,0,0,0,0,0,0,0,15,0,2,0,3,0,2,0,0,0,0,0,5,0,7,0,0,0,0,0,0,0,0,0,1,0,0,0,0,0,-1,0,0,0,0,0,0,0,0,0,0,0,0,0,0,0,0,0
00071180,24,0,0,0,3,0,0,0,0,0,0,0,0,0,0,0,0,0,0,0,0,0,2,0,23,0,0,0,4,0,0,0,0,0,0,0,0,0,0,0,0,0,0,0,0,0,2,0,1,0,0,0,-1,0,0,0,0,0,0,0,0,0,0,0,0,0,0,0,0,0,0,0
00071270,15,1,0,0,3,0,0,0,0,0,0,0,5,0,0,0,1,0,0,0,0,0,0,0,13,3,0,0,3,0,0,0,0,0,0,0,5,0,0,0,1,0,0,0,0,0,0,0,2,-2,0,0,0,0,0,0,0,0,0,0,0,0,0,0,0,0,0,0,0,0,0,0
00071277,14,3,0,4,0,0,0,0,1,0,0,4,0,0,0,0,1,0,0,0,0,0,0,0,13,3,0,4,0,0,0,0,2,0,0,4,0,0,0,0,1,0,0,0,0,0,0,0,1,0,0,0,0,0,0,0,-1,0,0,0,0,0,0,0,0,0,0,0,0,0,0,0
00071291,13,0,0,0,0,0,1,0,0,3,0,9,0,0,0,0,1,2,0,4,0,0,0,0,12,0,0,0,0,0,2,0,0,3,0,9,0,0,0,0,1,2,0,4,0,0,0,0,1,0,0,0,0,0,-1,0,0,0,0,0,0,0,0,0,0,0,0,0,0,0,0,0
00071329,22,0,0,4,0,0,0,0,1,0,0,0,0,0,7,0,0,0,0,0,0,0,0,0,21,0,0,4,0,0,0,0,2,0,0,0,0,0,7,0,0,0,0,0,0,0,0,0,1,0,0,0,0,0,0,0,-1,0,0,0,0,0,0,0,0,0,0,0,0,0,0,0
00071352,13,0,0,0,0,6,0,2,0,3,0,0,0,0,0,0,1,0,0,0,0,0,0,0,12,0,0,0,0,6,0,3,0,3,0,0,0,0,0,0,1,0,0,0,0,0,0,0,1,0,0,0,0,0,0,-1,0,0,0,0,0,0,0,0,0,0,0,0,0,0,0,0
00071354,8,0,0,0,0,0,0,0,0,0,0,7,0,0,0,0,0,0,0,4,0,0,0,0,7,0,0,0,0,0,0,0,0,0,0,8,0,0,0,0,0,0,0,4,0,0,0,0,1,0,0,0,0,0,0,0,0,0,0,-1,0,0,0,0,0,0,0,0,0,0,0,0
00071358,18,3,0,0,0,0,0,2,0,0,0,0,0,4,0,0,0,0,0,0,5,0,0,0,17,3,0,0,0,0,0,3,0,0,0,0,0,4,0,0,0,0,0,0,5,0,0,0,1,0,0,0,0,0,0,-1,0,0,0,0,0,0,0,0,0,0,0,0,0,0,0,0
00071485,16,0,0,0,0,0,0,0,2,0,1,4,0,0,0,1,0,0,0,0,0,3,0,0,15,0,0,0,0,0,0,0,2,0,2,4,0,0,0,1,0,0,0,0,0,3,0,0,1,0,0,0,0,0,0,0,0,0,-1,0,0,0,0,0,0,0,0,0,0,0,0,0
00071621,33,1,0,4,0,0,0,0,0,0,0,4,0,0,0,0,0,0,0,0,0,3,0,0,31,3,0,4,0,0,0,0,0,0,0,4,0,0,0,0,0,0,0,0,0,3,0,0,2,-2,0,0,0,0,0,0,0,0,0,0,0,0,0,0,0,0,0,0,0,0,0,0
00071671,13,0,0,0,0,6,0,0,1,0,2,4,0,0,0,0,0,0,0,0,0,0,2,0,12,0,0,0,0,6,0,0,2,0,2,4,0,0,0,0,0,0,0,0,0,0,2,0,1,0,0,0,0,0,0,0,-1,0,0,0,0,0,0,0,0,0,0,0,0,0,0,0
00071682,20,0,0,4,0,0,0,0,0,0,0,0,0,0,0,0,1,0,0,0,0,0,0,0,18,0,2,4,0,0,0,0,0,0,0,0,0,0,0,0,1,0,0,0,0,0,0,0,2,0,-2,0,0,0,0,0,0,0,0,0,0,0,0,0,0,0,0,0,0,0,0,0
00071733,9,0,0,0,0,0,0,0,0,2,2,0,0,0,0,0,1,0,0,0,0,0,2,0,8,0,0,0,0,0,0,0,0,3,2,0,0,0,0,0,1,0,0,0,0,0,2,0,1,0,0,0,0,0,0,0,0,-1,0,0,0,0,0,0,0,0,0,0,0,0,0,0
00071835,23,0,0,0,0,0,1,0,0,0,0,0,5,0,0,0,0,0,4,3,0,0,0,0,21,0,0,0,0,0,2,0,0,0,0,0,5,0,0,0,0,0,4,4,0,0,0,0,2,0,0,0,0,0,-1,0,0,0,0,0,0,0,0,0,0,0,0,-1,0,0,0,0
00071902,21,5,0,0,0,0,0,0,0,0,0,4,0,4,0,0,0,0,0,0,0,0,0,0,20,6,0,0,0,0,0,0,0,0,0,4,0,4,0,0,0,0,0,0,0,0,0,0,1,-1,0,0,0,0,0,0,0,0,0,0,0,0,0,0,0,0,0,0,0,0,0,0
00072066,26,1,0,0,6,0,0,0,0,0,2,0,0,0,0,0,0,0,0,0,0,0,0,0,24,3,0,0,6,0,0,0,0,0,2,0,0,0,0,0,0,0,0,0,0,0,0,0,2,-2,0,0,0,0,0,0,0,0,0,0,0,0,0,0,0,0,0,0,0,0,0,0
00072089,30,0,0,4,0,0,1,0,0,2,0,0,0,0,0,0,0,0,0,0,0,0,0,0,28,0,0,4,0,0,2,0,0,3,0,0,0,0,0,0,0,0,0,0,0,0,0,0,2,0,0,0,0,0,-1,0,0,-1,0,0,0,0,0,0,0,0,0,0,0,0,0,0
00072107,13,3,0,0,0,21,1,0,0,0,0,0,0,0,0,0,0,0,0,0,0,0,0,0,11,3,0,0,0,22,2,0,0,0,0,0,0,0,0,0,0,0,0,0,0,0,0,0,2,0,0,0,0,-1,-1,0,0,0,0,0,0,0,0,0,0,0,0,0,0,0,0,0
00072258,12,3,0,0,0,0,0,0,0,2,0,0,0,0,7,0,0,0,0,0,0,0,0,0,11,3,0,0,0,0,0,0,0,3,0,0,0,0,7,0,0,0,0,0,0,0,0,0,1,0,0,0,0,0,0,0,0,-1,0,0,0,0,0,0,0,0,0,0,0,0,0,0
00072369,11,0,2,4,0,0,0,0,0,0,0,2,0,0,0,0,0,0,0,4,0,0,2,0,9,0,2,4,0,0,0,0,0,0,0,4,0,0,0,0,0,0,0,4,0,0,2,0,2,0,0,0,0,0,0,0,0,0,0,-2,0,0,0,0,0,0,0,0,0,0,0,0
00072370,14,0,0,4,0,6,2,3,0,2,0,0,0,0,0,0,0,0,0,0,0,0,0,0,13,0,0,4,0,6,2,3,0,3,0,0,0,0,0,0,0,0,0,0,0,0,0,0,1,0,0,0,0,0,0,0,0,-1,0,0,0,0,0,0,0,0,0,0,0,0,0,0
00072391,19,0,0,0,0,6,0,0,3,0,0,0,0,0,7,0,0,0,0,0,0,0,0,0,18,0,0,0,0,6,0,0,4,0,0,0,0,0,7,0,0,0,0,0,0,0,0,0,1,0,0,0,0,0,0,0,-1,0,0,0,0,0,0,0,0,0,0,0,0,0,0,0
00072427,22,1,2,0,0,0,0,0,0,0,1,0,0,0,0,0,0,0,0,0,0,0,2,0,19,3,2,0,0,0,0,0,0,0,2,0,0,0,0,0,0,0,0,0,0,0,2,0,3,-2,0,0,0,0,0,0,0,0,-1,0,0,0,0,0,0,0,0,0,0,0,0,0
00072503,32,0,1,4,0,0,0,0,0,0,0,4,0,0,0,0,0,0,0,7,0,0,0,0,30,0,2,4,0,0,0,0,0,0,0,4,0,0,0,0,0,0,0,8,0,0,0,0,2,0,-1,0,0,0,0,0,0,0,0,0,0,0,0,0,0,0,0,-1,0,0,0,0
00072553,18,0,0,0,3,0,5,2,0,0,0,0,0,0,0,0,0,0,0,0,0,3,0,0,17,0,0,0,3,0,5,3,0,0,0,0,0,0,0,0,0,0,0,0,0,3,0,0,1,0,0,0,0,0,0,-1,0,0,0,0,0,0,0,0,0,0,0,0,0,0,0,0
00072559,28,0,0,0,0,0,1,0,0,0,2,0,0,0,0,0,0,0,0,0,0,0,0,0,25,0,0,0,0,0,2,0,2,0,2,0,0,0,0,0,0,0,0,0,0,0,0,0,3,0,0,0,0,0,-1,0,-2,0,0,0,0,0,0,0,0,0,0,0,0,0,0,0
00072563,20,0,0,0,0,0,0,6,1,0,0,0,0,4,0,0,0,0,0,0,0,0,2,0,19,0,0,0,0,0,0,6,2,0,0,0,0,4,0,0,0,0,0,0,0,0,2,0,1,0,0,0,0,0,0,0,-1,0,0,0,0,0,0,0,0,0,0,0,0,0,0,0
00072603,25,2,2,0,0,0,0,0,0,0,0,4,0,0,7,0,0,0,0,0,0,0,0,0,21,6,2,0,0,0,0,0,0,0,0,4,0,0,7,0,0,0,0,0,0,0,0,0,4,-4,0,0,0,0,0,0,0,0,0,0,0,0,0,0,0,0,0,0,0,0,0,0
00072741,14,0,2,0,0,0,1,0,2,0,0,0,0,0,0,0,1,0,0,0,0,0,0,0,13,0,2,0,0,0,2,0,2,0,0,0,0,0,0,0,1,0,0,0,0,0,0,0,1,0,0,0,0,0,-1,0,0,0,0,0,0,0,0,0,0,0,0,0,0,0,0,0
00072794,19,4,0,4,3,0,0,3,0,0,2,0,10,0,0,1,0,0,0,0,0,3,0,0,17,6,0,4,3,0,0,3,0,0,2,0,10,0,0,1,0,0,0,0,0,3,0,0,2,-2,0,0,0,0,0,0,0,0,0,0,0,0,0,0,0,0,0,0,0,0,0,0
00072865,15,0,2,0,0,0,0,4,1,0,0,4,0,0,0,0,0,0,0,0,0,0,2,0,14,0,2,0,0,0,0,4,2,0,0,4,0,0,0,0,0,0,0,0,0,0,2,0,1,0,0,0,0,0,0,0,-1,0,0,0,0,0,0,0,0,0,0,0,0,0,0,0
00072916,13,0,0,0,0,0,0,0,0,0,0,0,0,0,0,0,0,0,4,3,5,0,0,0,12,0,0,0,0,0,0,0,0,0,0,0,0,0,0,0,0,0,4,4,5,0,0,0,1,0,0,0,0,0,0,0,0,0,0,0,0,0,0,0,0,0,0,-1,0,0,0,0
00072929,27,0,2,0,0,0,0,0,0,0,0,4,0,0,0,1,0,0,0,0,5,0,0,0,25,0,4,0,0,0,0,0,0,0,0,4,0,0,0,1,0,0,0,0,5,0,0,0,2,0,-2,0,0,0,0,0,0,0,0,0,0,0,0,0,0,0,0,0,0,0,0,0
00073022,24,3,0,4,3,0,0,0,1,0,0,0,0,0,0,0,0,0,0,0,0,0,0,0,23,3,0,4,3,0,0,0,2,0,0,0,0,0,0,0,0,0,0,0,0,0,0,0,1,0,0,0,0,0,0,0,-1,0,0,0,0,0,0,0,0,0,0,0,0,0,0,0
00073042,15,0,0,0,0,0,0,5,0,0,0,4,0,0,0,0,0,0,0,4,0,0,0,0,14,0,0,0,0,0,0,6,0,0,0,4,0,0,0,0,0,0,0,4,0,0,0,0,1,0,0,0,0,0,0,-1,0,0,0,0,0,0,0,0,0,0,0,0,0,0,0,0
00073055,62,0,0,0,0,0,0,0,0,0,0,4,0,0,0,0,0,0,0,0,0,0,2,0,60,0,2,0,0,0,0,0,0,0,0,4,0,0,0,0,0,0,0,0,0,0,2,0,2,0,-2,0,0,0,0,0,0,0,0,0,0,0,0,0,0,0,0,0,0,0,0,0
00073068,34,1,0,0,3,0,0,0,0,0,0,4,0,0,7,0,0,0,0,0,0,0,0,0,32,3,0,0,3,0,0,0,0,0,0,4,0,0,7,0,0,0,0,0,0,0,0,0,2,-2,0,0,0,0,0,0,0,0,0,0,0,0,0,0,0,0,0,0,0,0,0,0
00073183,25,1,0,0,3,0,0,0,0,3,0,4,0,0,0,0,0,6,0,0,0,0,0,0,23,3,0,0,3,0,0,0,0,3,0,4,0,0,0,0,0,6,0,0,0,0,0,0,2,-2,0,0,0,0,0,0,0,0,0,0,0,0,0,0,0,0,0,0,0,0,0,0
00073255,27,0,4,0,0,0,0,0,0,0,0,0,0,4,7,0,0,0,0,0,0,0,0,0,25,0,6,0,0,0,0,0,0,0,0,0,0,4,7,0,0,0,0,0,0,0,0,0,2,0,-2,0,0,0,0,0,0,0,0,0,0,0,0,0,0,0,0,0,0,0,0,0
00073293,30,8,0,0,0,0,0,0,0,0,0,0,0,0,0,0,0,0,0,0,0,0,0,0,26,12,0,0,0,0,0,0,0,0,0,0,0,0,0,0,0,0,0,0,0,0,0,0,4,-4,0,0,0,0,0,0,0,0,0,0,0,0,0,0,0,0,0,0,0,0,0,0
00073349,12,0,0,0,0,0,0,0,0,3,0,11,0,0,0,0,0,0,0,0,0,0,0,0,11,0,0,0,0,0,0,0,0,3,0,12,0,0,0,0,0,0,0,0,0,0,0,0,1,0,0,0,0,0,0,0,0,0,0,-1,0,0,0,0,0,0,0,0,0,0,0,0
00073385,16,0,0,4,0,0,0,0,0,2,0,0,5,0,0,0,0,0,0,0,0,0,0,0,15,0,0,4,0,0,0,0,0,3,0,0,5,0,0,0,0,0,0,0,0,0,0,0,1,0,0,0,0,0,0,0,0,-1,0,0,0,0,0,0,0,0,0,0,0,0,0,0
00073389,19,0,0,0,0,0,0,0,1,0,0,0,0,0,0,0,0,0,0,0,0,3,2,0,18,0,0,0,0,0,0,0,2,0,0,0,0,0,0,0,0,0,0,0,0,3,2,0,1,0,0,0,0,0,0,0,-1,0,0,0,0,0,0,0,0,0,0,0,0,0,0,0
00073392,22,1,0,0,0,0,0,0,0,0,0,4,0,0,0,0,1,0,0,0,5,0,0,0,20,3,0,0,0,0,0,0,0,0,0,4,0,0,0,0,1,0,0,0,5,0,0,0,2,-2,0,0,0,0,0,0,0,0,0,0,0,0,0,0,0,0,0,0,0,0,0,0
00073408,28,0,0,0,3,0,0,1,0,0,0,0,0,0,0,0,0,0,0,0,0,0,2,0,26,0,0,0,3,0,0,3,0,0,0,0,0,0,0,0,0,0,0,0,0,0,2,0,2,0,0,0,0,0,0,-2,0,0,0,0,0,0,0,0,0,0,0,0,0,0,0,0
00073487,23,0,2,0,0,0,0,0,0,0,2,3,0,0,0,0,0,0,0,0,0,0,0,0,22,0,2,0,0,0,0,0,0,0,2,4,0,0,0,0,0,0,0,0,0,0,0,0,1,0,0,0,0,0,0,0,0,0,0,-1,0,0,0,0,0,0,0,0,0,0,0,0
00073493,18,1,0,4,0,0,0,0,0,0,0,0,0,0,0,0,0,0,0,0,5,0,0,0,16,3,0,4,0,0,0,0,0,0,0,0,0,0,0,0,0,0,0,0,5,0,0,0,2,-2,0,0,0,0,0,0,0,0,0,0,0,0,0,0,0,0,0,0,0,0,0,0
00073499,24,1,0,4,0,0,0,0,0,0,2,0,0,0,0,0,0,0,0,0,0,0,0,0,22,3,0,4,0,0,0,0,0,0,2,0,0,0,0,0,0,0,0,0,0,0,0,0,2,-2,0,0,0,0,0,0,0,0,0,0,0,0,0,0,0,0,0,0,0,0,0,0
00073526,29,0,0,0,0,0,0,0,2,0,0,3,0,0,0,0,0,2,0,0,0,3,0,0,28,0,0,0,0,0,0,0,2,0,0,4,0,0,0,0,0,2,0,0,0,3,0,0,1,0,0,0,0,0,0,0,0,0,0,-1,0,0,0,0,0,0,0,0,0,0,0,0
00073631,15,0,0,0,0,0,0,0,3,0,0,4,0,0,0,0,1,0,0,0,0,0,0,0,14,0,0,0,0,0,0,0,4,0,0,4,0,0,0,0,1,0,0,0,0,0,0,0,1,0,0,0,0,0,0,0,-1,0,0,0,0,0,0,0,0,0,0,0,0,0,0,0
00073660,27,0,0,0,0,0,0,0,2,8,0,0,0,0,0,0,0,0,0,0,0,0,0,0,26,0,0,0,0,0,0,0,2,9,0,0,0,0,0,0,0,0,0,0,0,0,0,0,1,0,0,0,0,0,0,0,0,-1,0,0,0,0,0,0,0,0,0,0,0,0,0,0
00073705,27,5,0,0,0,0,0,0,0,0,2,0,0,0,0,0,0,0,0,0,0,0,0,0,26,6,0,0,0,0,0,0,0,0,2,0,0,0,0,0,0,0,0,0,0,0,0,0,1,-1,0,0,0,0,0,0,0,0,0,0,0,0,0,0,0,0,0,0,0,0,0,0
00073714,15,1,0,0,0,6,0,3,0,0,0,0,0,0,0,1,0,0,0,0,0,0,0,0,13,3,0,0,0,6,0,3,0,0,0,0,0,0,0,1,0,0,0,0,0,0,0,0,2,-2,0,0,0,0,0,0,0,0,0,0,0,0,0,0,0,0,0,0,0,0,0,0
00073757,14,3,0,0,0,6,0,0,1,0,0,0,0,0,0,0,0,0,0,0,0,0,0,0,13,3,0,0,0,6,0,0,2,0,0,0,0,0,0,0,0,0,0,0,0,0,0,0,1,0,0,0,0,0,0,0,-1,0,0,0,0,0,0,0,0,0,0,0,0,0,0,0
00073787,20,6,2,0,0,0,0,0,0,3,0,6,0,0,0,0,0,0,0,0,0,0,0,0,18,6,2,0,0,0,0,0,0,3,0,8,0,0,0,0,0,0,0,0,0,0,0,0,2,0,0,0,0,0,0,0,0,0,0,-2,0,0,0,0,0,0,0,0,0,0,0,0
00073798,14,1,0,0,3,0,0,0,0,0,0,4,0,0,7,0,0,0,4,0,0,3,0,0,12,3,0,0,3,0,0,0,0,0,0,4,0,0,7,0,0,0,4,0,0,3,0,0,2,-2,0,0,0,0,0,0,0,0,0,0,0,0,0,0,0,0,0,0,0,0,0,0
00073806,50,2,0,0,0,6,0,0,0,0,0,0,0,0,0,0,0,2,0,0,0,0,0,0,46,6,0,0,0,6,0,0,0,0,0,0,0,0,0,0,0,2,0,0,0,0,0,0,4,-4,0,0,0,0,0,0,0,0,0,0,0,0,0,0,0,0,0,0,0,0,0,0
00073839,13,0,2,0,3,0,1,0,0,0,0,0,5,0,0,0,0,0,0,0,0,0,0,0,12,0,2,0,3,0,2,0,0,0,0,0,5,0,0,0,0,0,0,0,0,0,0,0,1,0,0,0,0,0,-1,0,0,0,0,0,0,0,0,0,0,0,0,0,0,0,0,0
00073868,15,0,0,0,0,0,0,0,0,0,0,0,0,0,0,1,0,2,0,3,5,0,2,0,14,0,0,0,0,0,0,0,0,0,0,0,0,0,0,1,0,2,0,4,5,0,2,0,1,0,0,0,0,0,0,0,0,0,0,0,0,0,0,0,0,0,0,-1,0,0,0,0
00073895,16,0,0,0,0,0,0,6,3,0,0,0,0,0,0,0,0,0,0,0,0,0,0,0,15,0,0,0,0,0,0,6,4,0,0,0,0,0,0,0,0,0,0,0,0,0,0,0,1,0,0,0,0,0,0,0,-1,0,0,0,0,0,0,0,0,0,0,0,0,0,0,0
00073944,12,0,2,0,0,0,0,0,0,0,0,3,0,4,7,0,0,0,0,0,0,3,0,0,10,0,2,0,0,0,0,0,0,0,0,5,0,4,7,0,0,0,0,0,0,3,0,0,2,0,0,0,0,0,0,0,0,0,0,-2,0,0,0,0,0,0,0,0,0,0,0,0
00073973,18,0,0,0,0,6,1,1,0,0,0,0,5,0,0,0,1,0,0,0,0,0,0,0,15,0,0,0,0,6,2,3,0,0,0,0,5,0,0,0,1,0,0,0,0,0,0,0,3,0,0,0,0,0,-1,-2,0,0,0,0,0,0,0,0,0,0,0,0,0,0,0,0
00074029,12,4,0,0,0,0,0,0,0,0,2,0,0,0,0,0,0,0,0,4,0,0,0,0,10,6,0,0,0,0,0,0,0,0,2,0,0,0,0,0,0,0,0,4,0,0,0,0,2,-2,0,0,0,0,0,0,0,0,0,0,0,0,0,0,0,0,0,0,0,0,0,0
00074074,25,0,0,0,0,0,1,0,0,0,0,0,0,0,0,0,0,0,0,4,0,0,0,0,22,0,2,0,0,0,2,0,0,0,0,0,0,0,0,0,0,0,0,4,0,0,0,0,3,0,-2,0,0,0,-1,0,0,0,0,0,0,0,0,0,0,0,0,0,0,0,0,0
00074080,33,0,0,4,3,0,0,0,1,0,0,0,0,0,0,1,0,0,0,0,0,0,0,0,32,0,0,4,3,0,0,0,2,0,0,0,0,0,0,1,0,0,0,0,0,0,0,0,1,0,0,0,0,0,0,0,-1,0,0,0,0,0,0,0,0,0,0,0,0,0,0,0
00074099,18,0,0,0,0,0,1,1,0,0,0,0,0,4,0,0,0,0,4,0,0,0,0,0,15,0,0,0,0,0,2,3,0,0,0,0,0,4,0,0,0,0,4,0,0,0,0,0,3,0,0,0,0,0,-1,-2,0,0,0,0,0,0,0,0,0,0,0,0,0,0,0,0
00074184,20,6,2,0,3,0,0,0,0,0,0,0,0,0,0,0,0,0,0,0,0,3,0,0,19,6,3,0,3,0,0,0,0,0,0,0,0,0,0,0,0,0,0,0,0,3,0,0,1,0,-1,0,0,0,0,0,0,0,0,0,0,0,0,0,0,0,0,0,0,0,0,0
00074247,27,1,2,0,0,0,0,0,0,0,2,0,0,0,0,1,0,0,0,0,0,0,0,0,25,3,2,0,0,0,0,0,0,0,2,0,0,0,0,1,0,0,0,0,0,0,0,0,2,-2,0,0,0,0,0,0,0,0,0,0,0,0,0,0,0,0,0,0,0,0,0,0
00074358,31,3,0,0,0,0,0,0,1,0,0,0,0,0,0,1,0,0,4,0,0,0,0,0,30,3,0,0,0,0,0,0,2,0,0,0,0,0,0,1,0,0,4,0,0,0,0,0,1,0,0,0,0,0,0,0,-1,0,0,0,0,0,0,0,0,0,0,0,0,0,0,0
00074402,20,0,0,0,0,0,0,0,0,0,1,0,5,0,0,0,0,2,0,0,0,0,2,0,19,0,0,0,0,0,0,0,0,0,2,0,5,0,0,0,0,2,0,0,0,0,2,0,1,0,0,0,0,0,0,0,0,0,-1,0,0,0,0,0,0,0,0,0,0,0,0,0
00074448,8,1,0,4,0,6,0,0,0,0,0,0,5,0,0,0,0,0,0,0,0,0,2,0,6,3,0,4,0,6,0,0,0,0,0,0,5,0,0,0,0,0,0,0,0,0,2,0,2,-2,0,0,0,0,0,0,0,0,0,0,0,0,0,0,0,0,0,0,0,0,0,0
00074486,21,1,0,0,3,0,2,0,0,0,2,0,0,0,0,0,0,0,0,0,0,0,0,0,19,3,0,0,3,0,2,0,0,0,2,0,0,0,0,0,0,0,0,0,0,0,0,0,2,-2,0,0,0,0,0,0,0,0,0,0,0,0,0,0,0,0,0,0,0,0,0,0
00074492,32,1,0,0,0,0,0,0,0,3,0,0,0,0,0,1,0,0,0,0,0,0,0,0,30,3,0,0,0,0,0,0,0,3,0,0,0,0,0,1,0,0,0,0,0,0,0,0,2,-2,0,0,0,0,0,0,0,0,0,0,0,0,0,0,0,0,0,0,0,0,0,0
00074514,24,0,0,4,3,0,0,2,0,0,0,0,0,0,0,0,0,0,0,0,0,0,0,0,23,0,0,4,3,0,0,3,0,0,0,0,0,0,0,0,0,0,0,0,0,0,0,0,1,0,0,0,0,0,0,-1,0,0,0,0,0,0,0,0,0,0,0,0,0,0,0,0
00074559,30,0,0,0,6,0,0,3,1,0,2,0,0,0,0,0,0,0,0,0,0,0,0,0,26,0,0,0,6,0,0,6,2,0,2,0,0,0,0,0,0,0,0,0,0,0,0,0,4,0,0,0,0,0,0,-3,-1,0,0,0,0,0,0,0,0,0,0,0,0,0,0,0
00074579,17,0,0,0,3,6,0,0,0,0,0,0,5,0,0,0,0,0,0,0,0,3,0,0,16,0,0,0,4,6,0,0,0,0,0,0,5,0,0,0,0,0,0,0,0,3,0,0,1,0,0,0,-1,0,0,0,0,0,0,0,0,0,0,0,0,0,0,0,0,0,0,0
00074654,21,2,0,0,0,0,0,0,0,0,0,0,0,0,7,0,0,0,0,0,5,0,0,0,17,6,0,0,0,0,0,0,0,0,0,0,0,0,7,0,0,0,0,0,5,0,0,0,4,-4,0,0,0,0,0,0,0,0,0,0,0,0,0,0,0,0,0,0,0,0,0,0
00074713,26,3,0,0,0,0,0,0,4,0,0,0,0,0,0,0,0,0,0,0,0,0,0,0,25,3,0,0,0,0,0,0,5,0,0,0,0,0,0,0,0,0,0,0,0,0,0,0,1,0,0,0,0,0,0,0,-1,0,0,0,0,0,0,0,0,0,0,0,0,0,0,0
00074780,21,3,0,0,0,0,0,1,0,0,2,4,0,0,0,0,0,0,0,0,0,0,2,0,19,3,0,0,0,0,0,3,0,0,2,4,0,0,0,0,0,0,0,0,0,0,2,0,2,0,0,0,0,0,0,-2,0,0,0,0,0,0,0,0,0,0,0,0,0,0,0,0
00074789,30,0,0,4,0,0,0,0,1,0,0,4,0,0,0,0,0,0,0,0,0,3,0,0,29,0,0,4,0,0,0,0,2,0,0,4,0,0,0,0,0,0,0,0,0,3,0,0,1,0,0,0,0,0,0,0,-1,0,0,0,0,0,0,0,0,0,0,0,0,0,0,0
00074851,20,1,0,8,0,0,0,0,0,0,0,4,0,0,0,0,0,0,0,0,0,3,0,0,18,3,0,8,0,0,0,0,0,0,0,4,0,0,0,0,0,0,0,0,0,3,0,0,2,-2,0,0,0,0,0,0,0,0,0,0,0,0,0,0,0,0,0,0,0,0,0,0
00074852,30,3,0,0,0,0,2,0,3,0,0,0,5,0,7,0,0,0,0,0,0,0,4,0,29,3,0,0,0,0,2,0,4,0,0,0,5,0,7,0,0,0,0,0,0,0,4,0,1,0,0,0,0,0,0,0,-1,0,0,0,0,0,0,0,0,0,0,0,0,0,0,0
00074869,22,0,0,0,0,0,0,6,0,0,0,3,0,0,0,0,0,0,0,0,0,0,0,0,19,0,0,0,0,0,0,6,2,0,0,4,0,0,0,0,0,0,0,0,0,0,0,0,3,0,0,0,0,0,0,0,-2,0,0,-1,0,0,0,0,0,0,0,0,0,0,0,0
00074872,28,2,0,0,0,6,0,3,0,0,0,0,0,4,0,0,1,0,0,0,0,3,0,0,26,4,0,0,0,6,0,3,0,0,0,0,0,4,0,0,1,0,0,0,0,3,0,0,2,-2,0,0,0,0,0,0,0,0,0,0,0,0,0,0,0,0,0,0,0,0,0,0
00074902,23,3,0,4,0,0,0,0,1,0,0,0,0,0,7,0,0,0,0,0,0,3,0,0,22,3,0,4,0,0,0,0,2,0,0,0,0,0,7,0,0,0,0,0,0,3,0,0,1,0,0,0,0,0,0,0,-1,0,0,0,0,0,0,0,0,0,0,0,0,0,0,0
00074972,21,0,0,0,0,0,0,0,0,0,0,3,0,0,0,0,0,0,0,4,5,0,0,0,20,0,0,0,0,0,0,0,0,0,0,4,0,0,0,0,0,0,0,4,5,0,0,0,1,0,0,0,0,0,0,0,0,0,0,-1,0,0,0,0,0,0,0,0,0,0,0,0
00075058,18,0,0,0,0,7,0,2,0,0,0,0,0,0,0,0,0,0,0,4,5,0,0,0,17,0,0,0,0,7,0,3,0,0,0,0,0,0,0,0,0,0,0,4,5,0,0,0,1,0,0,0,0,0,0,-1,0,0,0,0,0,0,0,0,0,0,0,0,0,0,0,0
00075065,17,0,0,0,0,0,0,8,0,3,0,0,0,0,0,0,0,0,0,0,0,0,0,0,16,0,0,0,0,0,0,9,0,3,0,0,0,0,0,0,0,0,0,0,0,0,0,0,1,0,0,0,0,0,0,-1,0,0,0,0,0,0,0,0,0,0,0,0,0,0,0,0
00075092,24,0,0,0,0,0,1,0,0,0,0,0,0,0,0,0,0,0,0,4,0,0,2,0,23,0,0,0,0,0,2,0,0,0,0,0,0,0,0,0,0,0,0,4,0,0,2,0,1,0,0,0,0,0,-1,0,0,0,0,0,0,0,0,0,0,0,0,0,0,0,0,0
00075108,37,1,0,0,3,0,0,3,2,0,0,0,0,0,0,0,0,0,0,0,0,0,0,0,35,3,0,0,3,0,0,3,2,0,0,0,0,0,0,0,0,0,0,0,0,0,0,0,2,-2,0,0,0,0,0,0,0,0,0,0,0,0,0,0,0,0,0,0,0,0,0,0
00075123,16,0,2,0,0,0,1,0,0,0,0,0,5,0,0,0,0,0,0,0,0,0,0,0,15,0,2,0,0,0,2,0,0,0,0,0,5,0,0,0,0,0,0,0,0,0,0,0,1,0,0,0,0,0,-1,0,0,0,0,0,0,0,0,0,0,0,0,0,0,0,0,0
00075125,13,1,0,0,3,0,0,0,0,0,0,0,0,0,0,0,0,0,0,4,0,0,0,0,11,3,0,0,3,0,0,0,0,0,0,0,0,0,0,0,0,0,0,4,0,0,0,0,2,-2,0,0,0,0,0,0,0,0,0,0,0,0,0,0,0,0,0,0,0,0,0,0
00075170,10,2,0,0,3,0,0,0,0,0,0,0,5,0,0,1,0,0,0,0,0,0,0,0,9,3,0,0,3,0,0,0,0,0,0,0,5,0,0,1,0,0,0,0,0,0,0,0,1,-1,0,0,0,0,0,0,0,0,0,0,0,0,0,0,0,0,0,0,0,0,0,0
00075219,10,0,0,0,0,0,1,0,0,0,2,0,0,4,0,0,0,0,0,0,0,0,0,0,9,0,0,0,0,0,2,0,0,0,2,0,0,4,0,0,0,0,0,0,0,0,0,0,1,0,0,0,0,0,-1,0,0,0,0,0,0,0,0,0,0,0,0,0,0,0,0,0
00075302,38,0,0,0,3,0,0,2,0,0,0,4,5,4,0,0,0,0,0,0,0,0,0,0,37,0,0,0,3,0,0,3,0,0,0,4,5,4,0,0,0,0,0,0,0,0,0,0,1,0,0,0,0,0,0,-1,0,0,0,0,0,0,0,0,0,0,0,0,0,0,0,0
00075330,18,0,0,0,3,6,2,0,0,0,0,0,0,0,0,0,0,0,0,3,0,0,0,0,17,0,0,0,3,6,2,0,0,0,0,0,0,0,0,0,0,0,0,4,0,0,0,0,1,0,0,0,0,0,0,0,0,0,0,0,0,0,0,0,0,0,0,-1,0,0,0,0
00075354,18,0,0,0,0,0,0,0,1,0,0,0,0,0,7,1,0,0,0,4,0,0,0,0,17,0,0,0,0,0,0,0,2,0,0,0,0,0,7,1,0,0,0,4,0,0,0,0,1,0,0,0,0,0,0,0,-1,0,0,0,0,0,0,0,0,0,0,0,0,0,0,0
00075487,28,0,0,0,3,0,0,3,0,0,0,4,0,0,0,0,0,0,0,0,0,0,0,0,26,0,2,0,3,0,0,3,0,0,0,4,0,0,0,0,0,0,0,0,0,0,0,0,2,0,-2,0,0,0,0,0,0,0,0,0,0,0,0,0,0,0,0,0,0,0,0,0
00075503,21,0,0,0,3,12,0,0,0,0,3,4,0,0,0,0,0,2,0,0,0,0,0,0,20,0,0,0,3,12,0,0,0,0,4,4,0,0,0,0,0,2,0,0,0,0,0,0,1,0,0,0,0,0,0,0,0,0,-1,0,0,0,0,0,0,0,0,0,0,0,0,0
00075652,29,0,0,0,3,0,1,0,1,0,2,0,0,0,0,0,0,0,0,0,0,0,0,0,27,0,0,0,3,0,2,0,2,0,2,0,0,0,0,0,0,0,0,0,0,0,0,0,2,0,0,0,0,0,-1,0,-1,0,0,0,0,0,0,0,0,0,0,0,0,0,0,0
00075917,16,0,0,4,3,0,0,1,0,0,0,0,0,0,0,0,0,0,0,0,0,3,0,0,14,0,0,4,3,0,0,3,0,0,0,0,0,0,0,0,0,0,0,0,0,3,0,0,2,0,0,0,0,0,0,-2,0,0,0,0,0,0,0,0,0,0,0,0,0,0,0,0
00076014,17,0,0,0,0,0,2,0,0,0,0,0,0,0,0,0,0,0,0,0,0,0,0,0,13,0,0,0,0,0,4,0,2,0,0,0,0,0,0,0,0,0,0,0,0,0,0,0,4,0,0,0,0,0,-2,0,-2,0,0,0,0,0,0,0,0,0,0,0,0,0,0,0
00076024,12,3,0,0,0,6,0,0,0,0,0,0,0,0,0,0,0,0,0,0,0,0,2,0,11,3,0,0,0,7,0,0,0,0,0,0,0,0,0,0,0,0,0,0,0,0,2,0,1,0,0,0,0,-1,0,0,0,0,0,0,0,0,0,0,0,0,0,0,0,0,0,0
00076077,14,2,0,4,3,0,2,0,0,0,0,0,0,0,0,0,0,0,0,0,0,0,0,0,13,3,0,4,3,0,2,0,0,0,0,0,0,0,0,0,0,0,0,0,0,0,0,0,1,-1,0,0,0,0,0,0,0,0,0,0,0,0,0,0,0,0,0,0,0,0,0,0
00076078,18,3,0,8,3,6,0,0,0,2,0,0,0,0,0,0,1,0,0,0,0,0,0,0,17,3,0,8,3,6,0,0,0,3,0,0,0,0,0,0,1,0,0,0,0,0,0,0,1,0,0,0,0,0,0,0,0,-1,0,0,0,0,0,0,0,0,0,0,0,0,0,0
00076139,31,1,0,0,0,0,4,0,0,0,0,0,5,0,0,0,0,0,4,0,0,0,0,0,28,3,0,0,0,0,5,0,0,0,0,0,5,0,0,0,0,0,4,0,0,0,0,0,3,-2,0,0,0,0,-1,0,0,0,0,0,0,0,0,0,0,0,0,0,0,0,0,0
00076332,19,0,0,0,0,0,0,0,0,0,0,4,5,0,0,0,0,0,0,0,0,0,0,0,17,0,0,0,0,0,0,0,2,0,0,4,5,0,0,0,0,0,0,0,0,0,0,0,2,0,0,0,0,0,0,0,-2,0,0,0,0,0,0,0,0,0,0,0,0,0,0,0
00076402,15,0,0,4,0,0,0,0,1,3,0,4,0,4,0,0,0,0,0,0,0,0,0,0,14,0,0,4,0,0,0,0,2,3,0,4,0,4,0,0,0,0,0,0,0,0,0,0,1,0,0,0,0,0,0,0,-1,0,0,0,0,0,0,0,0,0,0,0,0,0,0,0
00076414,14,0,0,0,0,6,0,0,1,0,0,4,0,8,0,0,0,0,4,0,0,0,0,0,13,0,0,0,0,6,0,0,2,0,0,4,0,8,0,0,0,0,4,0,0,0,0,0,1,0,0,0,0,0,0,0,-1,0,0,0,0,0,0,0,0,0,0,0,0,0,0,0
00076423,28,0,0,0,3,0,1,0,0,0,0,4,0,4,0,0,0,0,0,0,0,0,0,0,27,0,0,0,3,0,2,0,0,0,0,4,0,4,0,0,0,0,0,0,0,0,0,0,1,0,0,0,0,0,-1,0,0,0,0,0,0,0,0,0,0,0,0,0,0,0,0,0
00076439,25,3,0,14,3,0,0,0,0,0,0,0,5,0,7,0,0,0,0,0,5,0,0,0,23,3,0,16,3,0,0,0,0,0,0,0,5,0,7,0,0,0,0,0,5,0,0,0,2,0,0,-2,0,0,0,0,0,0,0,0,0,0,0,0,0,0,0,0,0,0,0,0
00076491,22,1,0,0,0,6,0,3,1,0,0,0,0,0,0,0,0,0,0,0,0,0,0,0,19,3,0,0,0,6,0,3,2,0,0,0,0,0,0,0,0,0,0,0,0,0,0,0,3,-2,0,0,0,0,0,0,-1,0,0,0,0,0,0,0,0,0,0,0,0,0,0,0
00076548,13,0,0,0,0,6,0,0,2,0,1,0,0,0,0,0,0,0,0,0,0,3,0,0,12,0,0,0,0,6,0,0,2,0,2,0,0,0,0,0,0,0,0,0,0,3,0,0,1,0,0,0,0,0,0,0,0,0,-1,0,0,0,0,0,0,0,0,0,0,0,0,0
00076730,12,0,0,4,0,0,2,0,0,2,0,0,0,0,0,0,0,2,0,0,0,0,2,0,11,0,0,4,0,0,2,0,0,3,0,0,0,0,0,0,0,2,0,0,0,0,2,0,1,0,0,0,0,0,0,0,0,-1,0,0,0,0,0,0,0,0,0,0,0,0,0,0
00076748,23,3,0,0,0,0,1,0,0,0,0,0,0,4,0,0,0,2,5,0,0,0,0,0,22,3,0,0,0,0,2,0,0,0,0,0,0,4,0,0,0,2,5,0,0,0,0,0,1,0,0,0,0,0,-1,0,0,0,0,0,0,0,0,0,0,0,0,0,0,0,0,0
00076750,23,1,0,4,0,0,0,0,0,0,0,0,0,4,0,0,0,0,0,0,0,0,0,0,21,3,0,4,0,0,0,0,0,0,0,0,0,4,0,0,0,0,0,0,0,0,0,0,2,-2,0,0,0,0,0,0,0,0,0,0,0,0,0,0,0,0,0,0,0,0,0,0
00076834,14,2,0,0,0,0,0,0,0,0,0,0,0,0,7,0,0,5,0,0,0,0,0,0,13,3,0,0,0,0,0,0,0,0,0,0,0,0,7,0,0,5,0,0,0,0,0,0,1,-1,0,0,0,0,0,0,0,0,0,0,0,0,0,0,0,0,0,0,0,0,0,0
00076835,19,1,0,0,3,0,0,0,0,0,0,0,0,4,0,0,0,0,0,4,0,0,0,0,17,3,0,0,3,0,0,0,0,0,0,0,0,4,0,0,0,0,0,4,0,0,0,0,2,-2,0,0,0,0,0,0,0,0,0,0,0,0,0,0,0,0,0,0,0,0,0,0
00076913,14,0,2,4,3,0,0,0,1,0,2,0,0,0,0,0,0,0,4,0,5,0,0,0,13,0,2,4,3,0,0,0,2,0,2,0,0,0,0,0,0,0,4,0,5,0,0,0,1,0,0,0,0,0,0,0,-1,0,0,0,0,0,0,0,0,0,0,0,0,0,0,0
00077036,32,0,0,0,0,0,0,2,0,0,0,0,0,0,0,0,0,2,0,0,0,0,2,0,31,0,0,0,0,0,0,3,0,0,0,0,0,0,0,0,0,2,0,0,0,0,2,0,1,0,0,0,0,0,0,-1,0,0,0,0,0,0,0,0,0,0,0,0,0,0,0,0
00077060,10,0,0,0,0,6,1,0,0,0,0,0,0,0,0,0,0,2,0,0,0,0,0,0,9,0,0,0,0,6,2,0,0,0,0,0,0,0,0,0,0,2,0,0,0,0,0,0,1,0,0,0,0,0,-1,0,0,0,0,0,0,0,0,0,0,0,0,0,0,0,0,0
00077139,25,3,0,0,0,0,0,0,2,0,0,0,0,0,0,0,0,0,0,0,0,0,0,0,23,3,0,0,0,0,0,0,4,0,0,0,0,0,0,0,0,0,0,0,0,0,0,0,2,0,0,0,0,0,0,0,-2,0,0,0,0,0,0,0,0,0,0,0,0,0,0,0
00077162,13,3,0,0,0,0,3,0,0,0,0,0,0,0,0,0,0,0,8,0,0,0,0,0,12,3,0,0,0,0,3,0,0,0,0,0,0,0,0,0,0,0,9,0,0,0,0,0,1,0,0,0,0,0,0,0,0,0,0,0,0,0,0,0,0,0,-1,0,0,0,0,0
00077206,31,0,0,4,0,0,0,3,0,0,0,7,5,0,0,0,0,0,0,0,0,0,0,0,30,0,0,4,0,0,0,3,0,0,0,8,5,0,0,0,0,0,0,0,0,0,0,0,1,0,0,0,0,0,0,0,0,0,0,-1,0,0,0,0,0,0,0,0,0,0,0,0
00077298,19,1,0,0,0,0,0,0,0,0,0,8,0,0,0,0,0,0,0,4,0,0,2,0,17,3,0,0,0,0,0,0,0,0,0,8,0,0,0,0,0,0,0,4,0,0,2,0,2,-2,0,0,0,0,0,0,0,0,0,0,0,0,0,0,0,0,0,0,0,0,0,0
00077316,15,0,2,4,3,0,0,0,1,0,0,0,0,0,0,0,0,0,0,0,5,0,2,0,14,0,2,4,3,0,0,0,2,0,0,0,0,0,0,0,0,0,0,0,5,0,2,0,1,0,0,0,0,0,0,0,-1,0,0,0,0,0,0,0,0,0,0,0,0,0,0,0
00077319,14,4,0,0,0,0,0,0,0,0,0,0,0,0,0,0,0,3,0,0,0,0,2,0,12,6,0,0,0,0,0,0,0,0,0,0,0,0,0,0,0,3,0,0,0,0,2,0,2,-2,0,0,0,0,0,0,0,0,0,0,0,0,0,0,0,0,0,0,0,0,0,0
00077326,17,3,0,0,0,0,0,0,0,2,0,0,0,4,0,0,0,0,0,0,0,0,0,0,16,3,0,0,0,0,0,0,0,3,0,0,0,4,0,0,0,0,0,0,0,0,0,0,1,0,0,0,0,0,0,0,0,-1,0,0,0,0,0,0,0,0,0,0,0,0,0,0
00077389,11,3,0,0,3,0,0,0,1,0,0,0,5,0,0,0,1,0,0,0,0,0,0,0,10,3,0,0,3,0,0,0,2,0,0,0,5,0,0,0,1,0,0,0,0,0,0,0,1,0,0,0,0,0,0,0,-1,0,0,0,0,0,0,0,0,0,0,0,0,0,0,0
00077463,16,3,2,0,0,0,0,0,0,0,0,0,0,0,0,0,1,0,0,3,0,0,0,0,15,3,2,0,0,0,0,0,0,0,0,0,0,0,0,0,1,0,0,4,0,0,0,0,1,0,0,0,0,0,0,0,0,0,0,0,0,0,0,0,0,0,0,-1,0,0,0,0
00077505,32,4,0,0,0,0,0,0,0,3,0,3,0,0,0,0,0,0,0,0,0,0,0,0,29,6,0,0,0,0,0,0,0,3,0,4,0,0,0,0,0,0,0,0,0,0,0,0,3,-2,0,0,0,0,0,0,0,0,0,-1,0,0,0,0,0,0,0,0,0,0,0,0
00077511,22,0,0,0,0,0,1,0,0,0,0,4,0,0,0,0,0,2,0,4,5,0,0,0,21,0,0,0,0,0,2,0,0,0,0,4,0,0,0,0,0,2,0,4,5,0,0,0,1,0,0,0,0,0,-1,0,0,0,0,0,0,0,0,0,0,0,0,0,0,0,0,0
00077514,24,0,0,0,3,0,0,0,0,0,0,3,0,0,0,0,0,0,4,0,0,0,0,0,23,0,0,0,3,0,0,0,0,0,0,4,0,0,0,0,0,0,4,0,0,0,0,0,1,0,0,0,0,0,0,0,0,0,0,-1,0,0,0,0,0,0,0,0,0,0,0,0
00077529,16,0,0,4,0,0,0,0,1,0,4,0,0,0,0,0,0,0,0,0,0,0,0,0,15,0,0,4,0,0,0,0,2,0,4,0,0,0,0,0,0,0,0,0,0,0,0,0,1,0,0,0,0,0,0,0,-1,0,0,0,0,0,0,0,0,0,0,0,0,0,0,0
00077540,14,0,0,0,0,0,1,0,2,0,0,0,0,0,0,0,0,0,0,0,0,3,2,0,13,0,0,0,0,0,2,0,2,0,0,0,0,0,0,0,0,0,0,0,0,3,2,0,1,0,0,0,0,0,-1,0,0,0,0,0,0,0,0,0,0,0,0,0,0,0,0,0
00077589,9,0,0,5,0,0,1,0,0,0,0,0,5,0,0,0,0,0,0,0,0,0,0,0,8,0,0,5,0,0,2,0,0,0,0,0,5,0,0,0,0,0,0,0,0,0,0,0,1,0,0,0,0,0,-1,0,0,0,0,0,0,0,0,0,0,0,0,0,0,0,0,0
00077619,26,3,3,0,0,0,0,0,0,0,0,6,0,0,0,0,1,0,0,0,0,0,0,0,24,3,3,0,0,0,0,0,0,0,0,8,0,0,0,0,1,0,0,0,0,0,0,0,2,0,0,0,0,0,0,0,0,0,0,-2,0,0,0,0,0,0,0,0,0,0,0,0
00077677,11,0,0,0,0,6,0,0,0,2,0,0,0,0,0,0,1,0,0,0,0,0,0,0,10,0,0,0,0,6,0,0,0,3,0,0,0,0,0,0,1,0,0,0,0,0,0,0,1,0,0,0,0,0,0,0,0,-1,0,0,0,0,0,0,0,0,0,0,0,0,0,0
00077704,35,3,0,0,0,0,0,0,2,0,1,0,0,0,7,0,0,0,0,0,0,0,0,0,34,3,0,0,0,0,0,0,2,0,2,0,0,0,7,0,0,0,0,0,0,0,0,0,1,0,0,0,0,0,0,0,0,0,-1,0,0,0,0,0,0,0,0,0,0,0,0,0
00077736,21,1,0,0,0,0,0,0,0,0,0,4,0,4,0,0,0,0,0,0,0,0,0,0,19,3,0,0,0,0,0,0,0,0,0,4,0,4,0,0,0,0,0,0,0,0,0,0,2,-2,0,0,0,0,0,0,0,0,0,0,0,0,0,0,0,0,0,0,0,0,0,0
00077810,17,0,2,0,3,0,0,0,0,0,0,0,0,0,0,0,0,6,0,3,0,0,0,0,14,0,4,0,3,0,0,0,0,0,0,0,0,0,0,0,0,6,0,4,0,0,0,0,3,0,-2,0,0,0,0,0,0,0,0,0,0,0,0,0,0,0,0,-1,0,0,0,0
00078039,21,0,0,0,3,0,1,0,0,0,0,0,0,0,0,1,1,0,0,0,0,3,0,0,20,0,0,0,3,0,2,0,0,0,0,0,0,0,0,1,1,0,0,0,0,3,0,0,1,0,0,0,0,0,-1,0,0,0,0,0,0,0,0,0,0,0,0,0,0,0,0,0
00078047,16,0,0,0,0,0,0,0,0,0,0,0,0,0,0,0,0,0,0,0,10,3,0,0,15,0,0,0,0,0,0,0,0,0,0,0,0,0,0,1,0,0,0,0,10,3,0,0,1,0,0,0,0,0,0,0,0,0,0,0,0,0,0,-1,0,0,0,0,0,0,0,0
00078092,26,3,0,0,0,0,0,0,0,0,1,0,0,0,0,0,1,0,0,0,0,0,0,0,25,3,0,0,0,0,0,0,0,0,2,0,0,0,0,0,1,0,0,0,0,0,0,0,1,0,0,0,0,0,0,0,0,0,-1,0,0,0,0,0,0,0,0,0,0,0,0,0
00078126,21,3,0,0,0,0,0,0,1,0,0,0,0,0,0,0,0,4,0,0,0,0,0,0,20,3,0,0,0,0,0,0,2,0,0,0,0,0,0,0,0,4,0,0,0,0,0,0,1,0,0,0,0,0,0,0,-1,0,0,0,0,0,0,0,0,0,0,0,0,0,0,0
00078197,21,2,2,0,0,0,0,0,0,6,0,4,0,0,0,0,0,2,0,0,0,0,0,0,20,3,2,0,0,0,0,0,0,6,0,4,0,0,0,0,0,2,0,0,0,0,0,0,1,-1,0,0,0,0,0,0,0,0,0,0,0,0,0,0,0,0,0,0,0,0,0,0
00078236,13,1,0,4,0,0,0,0,2,0,0,0,0,0,0,0,1,0,0,0,0,0,0,0,11,3,0,4,0,0,0,0,2,0,0,0,0,0,0,0,1,0,0,0,0,0,0,0,2,-2,0,0,0,0,0,0,0,0,0,0,0,0,0,0,0,0,0,0,0,0,0,0
00078351,19,1,2,0,0,0,0,0,0,0,0,0,0,4,0,0,1,2,0,0,0,0,0,0,17,3,2,0,0,0,0,0,0,0,0,0,0,4,0,0,1,2,0,0,0,0,0,0,2,-2,0,0,0,0,0,0,0,0,0,0,0,0,0,0,0,0,0,0,0,0,0,0
00078388,17,0,0,0,0,0,0,0,0,3,0,3,0,0,0,0,1,0,0,0,0,0,2,0,16,0,0,0,0,0,0,0,0,3,0,4,0,0,0,0,1,0,0,0,0,0,2,0,1,0,0,0,0,0,0,0,0,0,0,-1,0,0,0,0,0,0,0,0,0,0,0,0
00078473,16,8,0,0,0,0,1,0,0,0,0,0,0,0,0,0,0,0,0,0,0,0,0,0,15,8,0,0,0,0,2,0,0,0,0,0,0,0,0,0,0,0,0,0,0,0,0,0,1,0,0,0,0,0,-1,0,0,0,0,0,0,0,0,0,0,0,0,0,0,0,0,0
00078479,17,2,2,0,3,0,0,0,0,3,0,0,0,0,0,0,0,0,0,0,0,0,0,0,16,3,2,0,3,0,0,0,0,3,0,0,0,0,0,0,0,0,0,0,0,0,0,0,1,-1,0,0,0,0,0,0,0,0,0,0,0,0,0,0,0,0,0,0,0,0,0,0
00078482,27,0,2,0,0,0,0,0,0,0,1,4,0,4,0,0,0,0,0,0,0,3,0,0,26,0,2,0,0,0,0,0,0,0,2,4,0,4,0,0,0,0,0,0,0,3,0,0,1,0,0,0,0,0,0,0,0,0,-1,0,0,0,0,0,0,0,0,0,0,0,0,0
00078611,14,0,2,0,3,0,0,2,0,0,0,0,10,0,0,0,0,0,0,0,0,0,0,0,13,0,2,0,3,0,0,3,0,0,0,0,10,0,0,0,0,0,0,0,0,0,0,0,1,0,0,0,0,0,0,-1,0,0,0,0,0,0,0,0,0,0,0,0,0,0,0,0
00078630,16,1,0,0,3,0,0,0,0,0,0,0,5,0,7,0,0,0,0,0,0,0,0,0,14,3,0,0,3,0,0,0,0,0,0,0,5,0,7,0,0,0,0,0,0,0,0,0,2,-2,0,0,0,0,0,0,0,0,0,0,0,0,0,0,0,0,0,0,0,0,0,0
00078691,13,0,0,0,3,0,1,0,0,0,4,0,0,0,0,0,0,0,0,0,0,0,0,0,12,0,0,0,3,0,2,0,0,0,4,0,0,0,0,0,0,0,0,0,0,0,0,0,1,0,0,0,0,0,-1,0,0,0,0,0,0,0,0,0,0,0,0,0,0,0,0,0
00078781,14,3,0,0,0,0,2,0,7,0,0,0,0,0,0,1,0,0,0,0,0,0,0,0,13,3,0,0,0,0,2,0,8,0,0,0,0,0,0,1,0,0,0,0,0,0,0,0,1,0,0,0,0,0,0,0,-1,0,0,0,0,0,0,0,0,0,0,0,0,0,0,0
00078884,20,0,2,0,0,0,0,0,0,0,3,4,0,0,0,0,0,0,0,0,0,0,2,0,19,0,2,0,0,0,0,0,0,0,4,4,0,0,0,0,0,0,0,0,0,0,2,0,1,0,0,0,0,0,0,0,0,0,-1,0,0,0,0,0,0,0,0,0,0,0,0,0
00078936,18,1,0,4,0,0,0,0,0,0,0,0,0,0,0,0,0,0,4,0,0,0,2,0,16,3,0,4,0,0,0,0,0,0,0,0,0,0,0,0,0,0,4,0,0,0,2,0,2,-2,0,0,0,0,0,0,0,0,0,0,0,0,0,0,0,0,0,0,0,0,0,0
00078959,32,1,0,0,0,0,0,0,2,0,0,0,0,0,0,0,1,0,0,0,0,0,0,0,28,3,0,0,0,0,0,0,4,0,0,0,0,0,0,0,1,0,0,0,0,0,0,0,4,-2,0,0,0,0,0,0,-2,0,0,0,0,0,0,0,0,0,0,0,0,0,0,0
00078968,19,2,0,0,3,0,0,0,2,0,0,0,0,0,0,0,1,2,0,0,0,0,0,0,18,3,0,0,3,0,0,0,2,0,0,0,0,0,0,0,1,2,0,0,0,0,0,0,1,-1,0,0,0,0,0,0,0,0,0,0,0,0,0,0,0,0,0,0,0,0,0,0
00078974,27,0,0,4,0,0,0,5,0,0,0,0,0,0,0,1,0,0,0,0,0,0,0,0,26,0,0,4,0,0,0,6,0,0,0,0,0,0,0,1,0,0,0,0,0,0,0,0,1,0,0,0,0,0,0,-1,0,0,0,0,0,0,0,0,0,0,0,0,0,0,0,0
00078986,13,0,0,0,3,0,0,0,2,0,0,3,0,0,7,0,0,0,0,0,0,0,0,0,12,0,0,0,3,0,0,0,2,0,0,4,0,0,7,0,0,0,0,0,0,0,0,0,1,0,0,0,0,0,0,0,0,0,0,-1,0,0,0,0,0,0,0,0,0,0,0,0
00079018,20,0,0,0,0,0,1,0,0,0,2,0,0,0,0,0,1,0,0,0,0,3,0,0,19,0,0,0,0,0,2,0,0,0,2,0,0,0,0,0,1,0,0,0,0,3,0,0,1,0,0,0,0,0,-1,0,0,0,0,0,0,0,0,0,0,0,0,0,0,0,0,0
00079036,17,1,0,4,0,0,0,0,0,0,0,4,0,0,0,0,0,0,0,0,5,0,0,0,15,3,0,4,0,0,0,0,0,0,0,4,0,0,0,0,0,0,0,0,5,0,0,0,2,-2,0,0,0,0,0,0,0,0,0,0,0,0,0,0,0,0,0,0,0,0,0,0
00079039,18,0,0,0,0,6,1,0,0,0,0,0,0,0,7,0,0,0,0,0,0,0,2,0,17,0,0,0,0,6,2,0,0,0,0,0,0,0,7,0,0,0,0,0,0,0,2,0,1,0,0,0,0,0,-1,0,0,0,0,0,0,0,0,0,0,0,0,0,0,0,0,0
00079075,43,7,0,0,0,0,0,0,0,0,0,0,0,0,0,0,0,0,0,0,0,0,0,0,41,9,0,0,0,0,0,0,0,0,0,0,0,0,0,0,0,0,0,0,0,0,0,0,2,-2,0,0,0,0,0,0,0,0,0,0,0,0,0,0,0,0,0,0,0,0,0,0
00079087,21,1,0,0,0,0,2,3,0,0,0,0,0,0,0,0,0,0,0,0,0,0,0,0,19,3,0,0,0,0,2,3,0,0,0,0,0,0,0,0,0,0,0,0,0,0,0,0,2,-2,0,0,0,0,0,0,0,0,0,0,0,0,0,0,0,0,0,0,0,0,0,0
00079098,13,0,0,0,0,0,0,0,2,0,0,0,0,0,0,0,1,0,0,0,0,3,0,0,11,0,0,0,0,0,0,0,4,0,0,0,0,0,0,0,1,0,0,0,0,3,0,0,2,0,0,0,0,0,0,0,-2,0,0,0,0,0,0,0,0,0,0,0,0,0,0,0
00079128,15,0,0,4,0,0,0,2,1,0,0,0,0,0,0,0,0,2,0,0,0,0,0,0,13,0,0,4,0,0,0,3,2,0,0,0,0,0,0,0,0,2,0,0,0,0,0,0,2,0,0,0,0,0,0,-1,-1,0,0,0,0,0,0,0,0,0,0,0,0,0,0,0
00079130,13,0,0,0,3,0,2,0,1,0,0,0,5,0,0,0,0,0,0,0,0,0,0,0,12,0,0,0,3,0,2,0,2,0,0,0,5,0,0,0,0,0,0,0,0,0,0,0,1,0,0,0,0,0,0,0,-1,0,0,0,0,0,0,0,0,0,0,0,0,0,0,0
00079155,15,0,2,0,0,0,1,0,0,0,0,4,0,0,0,0,0,0,0,0,0,0,2,0,14,0,2,0,0,0,2,0,0,0,0,4,0,0,0,0,0,0,0,0,0,0,2,0,1,0,0,0,0,0,-1,0,0,0,0,0,0,0,0,0,0,0,0,0,0,0,0,0
00079157,17,0,0,0,0,0,0,0,0,0,0,7,0,0,0,1,0,0,0,0,0,0,0,0,14,0,2,0,0,0,0,0,0,0,0,8,0,0,0,1,0,0,0,0,0,0,0,0,3,0,-2,0,0,0,0,0,0,0,0,-1,0,0,0,0,0,0,0,0,0,0,0,0
00079174,8,2,0,4,0,0,0,3,0,0,0,0,5,0,0,0,0,0,0,4,0,0,0,0,7,3,0,4,0,0,0,3,0,0,0,0,5,0,0,0,0,0,0,4,0,0,0,0,1,-1,0,0,0,0,0,0,0,0,0,0,0,0,0,0,0,0,0,0,0,0,0,0
00079318,17,2,2,0,0,0,0,0,0,0,0,4,0,0,0,0,0,0,0,0,0,0,2,0,16,3,2,0,0,0,0,0,0,0,0,4,0,0,0,0,0,0,0,0,0,0,2,0,1,-1,0,0,0,0,0,0,0,0,0,0,0,0,0,0,0,0,0,0,0,0,0,0
00079331,12,0,0,0,0,0,1,0,2,0,0,0,0,0,0,0,0,0,4,0,0,3,0,0,11,0,0,0,0,0,2,0,2,0,0,0,0,0,0,0,0,0,4,0,0,3,0,0,1,0,0,0,0,0,-1,0,0,0,0,0,0,0,0,0,0,0,0,0,0,0,0,0
00079374,20,0,0,0,0,0,0,0,1,0,0,0,0,0,14,0,0,0,0,0,0,0,0,0,19,0,0,0,0,0,0,0,2,0,0,0,0,0,14,0,0,0,0,0,0,0,0,0,1,0,0,0,0,0,0,0,-1,0,0,0,0,0,0,0,0,0,0,0,0,0,0,0
00079410,26,0,0,4,0,0,2,0,0,0,0,0,0,0,0,0,0,0,0,0,0,0,0,0,24,0,0,4,0,0,4,0,0,0,0,0,0,0,0,0,0,0,0,0,0,0,0,0,2,0,0,0,0,0,-2,0,0,0,0,0,0,0,0,0,0,0,0,0,0,0,0,0
00079418,15,1,2,0,0,0,0,0,2,0,0,0,0,0,0,0,0,2,0,0,0,0,0,0,13,3,2,0,0,0,0,0,2,0,0,0,0,0,0,0,0,2,0,0,0,0,0,0,2,-2,0,0,0,0,0,0,0,0,0,0,0,0,0,0,0,0,0,0,0,0,0,0
00079430,20,0,0,0,0,0,0,3,1,0,0,0,5,0,0,0,0,0,0,0,0,0,2,0,19,0,0,0,0,0,0,3,2,0,0,0,5,0,0,0,0,0,0,0,0,0,2,0,1,0,0,0,0,0,0,0,-1,0,0,0,0,0,0,0,0,0,0,0,0,0,0,0
00079439,24,1,0,0,0,0,1,4,0,0,0,4,0,0,0,0,0,0,0,0,0,0,0,0,19,3,0,0,0,0,3,5,0,0,0,4,0,0,0,0,0,0,0,0,0,0,0,0,5,-2,0,0,0,0,-2,-1,0,0,0,0,0,0,0,0,0,0,0,0,0,0,0,0
00079488,21,0,0,0,0,0,0,0,1,3,2,4,0,0,0,0,0,0,0,0,0,0,0,0,20,0,0,0,0,0,0,0,2,3,2,4,0,0,0,0,0,0,0,0,0,0,0,0,1,0,0,0,0,0,0,0,-1,0,0,0,0,0,0,0,0,0,0,0,0,0,0,0
00079523,24,0,0,4,0,0,1,0,0,0,0,11,0,0,0,1,1,0,0,0,0,0,0,0,22,0,0,4,0,0,2,0,0,0,0,12,0,0,0,1,1,0,0,0,0,0,0,0,2,0,0,0,0,0,-1,0,0,0,0,-1,0,0,0,0,0,0,0,0,0,0,0,0
00079620,19,1,0,0,0,0,0,3,0,0,0,0,0,0,0,0,1,0,0,3,0,0,0,0,16,3,0,0,0,0,0,3,0,0,0,0,0,0,0,0,1,0,0,4,0,0,0,0,3,-2,0,0,0,0,0,0,0,0,0,0,0,0,0,0,0,0,0,-1,0,0,0,0
00079676,24,0,0,0,0,6,0,3,0,0,0,3,0,0,0,0,0,0,0,0,0,0,0,0,23,0,0,0,0,6,0,3,0,0,0,4,0,0,0,0,0,0,0,0,0,0,0,0,1,0,0,0,0,0,0,0,0,0,0,-1,0,0,0,0,0,0,0,0,0,0,0,0
00079710,35,5,0,0,0,0,0,3,0,0,0,4,0,0,0,0,0,0,0,0,0,0,0,0,34,6,0,0,0,0,0,3,0,0,0,4,0,0,0,0,0,0,0,0,0,0,0,0,1,-1,0,0,0,0,0,0,0,0,0,0,0,0,0,0,0,0,0,0,0,0,0,0
00079720,27,0,0,0,0,0,0,4,0,0,0,8,0,0,0,0,0,0,0,0,0,0,0,0,25,0,0,0,0,0,0,6,0,0,0,8,0,0,0,0,0,0,0,0,0,0,0,0,2,0,0,0,0,0,0,-2,0,0,0,0,0,0,0,0,0,0,0,0,0,0,0,0
00079788,17,1,0,0,3,0,0,0,0,0,0,0,0,4,0,0,0,2,0,0,0,0,0,0,15,3,0,0,3,0,0,0,0,0,0,0,0,4,0,0,0,2,0,0,0,0,0,0,2,-2,0,0,0,0,0,0,0,0,0,0,0,0,0,0,0,0,0,0,0,0,0,0
00080080,18,4,0,4,0,0,0,0,0,0,0,0,0,0,0,0,0,0,0,0,0,0,0,0,16,6,0,4,0,0,0,0,0,0,0,0,0,0,0,0,0,0,0,0,0,0,0,0,2,-2,0,0,0,0,0,0,0,0,0,0,0,0,0,0,0,0,0,0,0,0,0,0
00080130,18,3,0,0,0,6,0,0,0,0,0,4,0,0,0,1,0,0,0,0,0,0,0,0,17,3,0,0,0,6,0,0,0,0,0,4,0,0,0,2,0,0,0,0,0,0,0,0,1,0,0,0,0,0,0,0,0,0,0,0,0,0,0,-1,0,0,0,0,0,0,0,0
00080288,37,0,0,8,0,0,1,0,0,0,0,0,0,0,0,0,0,0,0,0,0,0,0,0,36,0,0,8,0,0,2,0,0,0,0,0,0,0,0,0,0,0,0,0,0,0,0,0,1,0,0,0,0,0,-1,0,0,0,0,0,0,0,0,0,0,0,0,0,0,0,0,0
00080309,12,2,0,0,0,0,2,0,0,0,0,0,0,0,0,0,0,0,0,0,0,0,2,0,11,3,0,0,0,0,2,0,0,0,0,0,0,0,0,0,0,0,0,0,0,0,2,0,1,-1,0,0,0,0,0,0,0,0,0,0,0,0,0,0,0,0,0,0,0,0,0,0
00080377,23,0,0,0,0,6,0,0,0,0,1,0,0,0,0,0,0,0,4,0,0,0,0,0,22,0,0,0,0,6,0,0,0,0,2,0,0,0,0,0,0,0,4,0,0,0,0,0,1,0,0,0,0,0,0,0,0,0,-1,0,0,0,0,0,0,0,0,0,0,0,0,0
00080382,12,0,1,0,0,0,0,0,0,0,0,4,0,4,0,0,0,0,0,0,0,0,0,0,11,0,2,0,0,0,0,0,0,0,0,4,0,4,0,0,0,0,0,0,0,0,0,0,1,0,-1,0,0,0,0,0,0,0,0,0,0,0,0,0,0,0,0,0,0,0,0,0
00080419,18,3,0,0,0,0,0,0,0,2,0,4,5,0,0,0,0,0,0,0,0,0,0,0,17,3,0,0,0,0,0,0,0,3,0,4,5,0,0,0,0,0,0,0,0,0,0,0,1,0,0,0,0,0,0,0,0,-1,0,0,0,0,0,0,0,0,0,0,0,0,0,0
00080485,31,0,0,0,0,0,0,0,0,0,0,3,5,4,0,1,0,0,0,0,0,0,0,0,30,0,0,0,0,0,0,0,0,0,0,4,5,4,0,1,0,0,0,0,0,0,0,0,1,0,0,0,0,0,0,0,0,0,0,-1,0,0,0,0,0,0,0,0,0,0,0,0
00080493,33,0,0,0,0,0,1,1,0,2,0,0,0,4,0,0,0,0,0,4,0,0,0,0,29,0,0,0,0,0,2,3,0,3,0,0,0,4,0,0,0,0,0,4,0,0,0,0,4,0,0,0,0,0,-1,-2,0,-1,0,0,0,0,0,0,0,0,0,0,0,0,0,0
00080501,8,0,0,0,0,6,0,0,0,0,0,0,4,0,0,0,4,0,0,0,0,0,0,0,5,0,0,0,0,6,0,0,0,0,0,0,7,0,0,0,4,0,0,0,0,0,0,0,3,0,0,0,0,0,0,0,0,0,0,0,-3,0,0,0,0,0,0,0,0,0,0,0
00080503,35,1,0,0,0,0,0,0,0,0,0,0,0,0,0,0,0,0,0,0,5,3,2,0,33,3,0,0,0,0,0,0,0,0,0,0,0,0,0,0,0,0,0,0,5,3,2,0,2,-2,0,0,0,0,0,0,0,0,0,0,0,0,0,0,0,0,0,0,0,0,0,0
00080570,17,1,0,4,0,0,0,0,0,0,0,0,0,4,0,0,0,0,0,0,0,3,0,0,15,3,0,4,0,0,0,0,0,0,0,0,0,4,0,0,0,0,0,0,0,3,0,0,2,-2,0,0,0,0,0,0,0,0,0,0,0,0,0,0,0,0,0,0,0,0,0,0
00080590,15,0,0,0,0,6,0,0,1,0,0,0,5,0,0,0,0,0,0,0,0,3,0,0,14,0,0,0,0,6,0,0,2,0,0,0,5,0,0,0,0,0,0,0,0,3,0,0,1,0,0,0,0,0,0,0,-1,0,0,0,0,0,0,0,0,0,0,0,0,0,0,0
00080602,16,1,0,4,0,0,0,0,0,0,0,0,0,4,7,0,0,0,0,0,0,0,0,0,14,3,0,4,0,0,0,0,0,0,0,0,0,4,7,0,0,0,0,0,0,0,0,0,2,-2,0,0,0,0,0,0,0,0,0,0,0,0,0,0,0,0,0,0,0,0,0,0
00080725,18,0,0,0,0,0,0,3,2,0,2,0,5,0,0,0,0,0,0,0,0,0,2,0,17,0,0,0,0,0,0,3,3,0,2,0,5,0,0,0,0,0,0,0,0,0,2,0,1,0,0,0,0,0,0,0,-1,0,0,0,0,0,0,0,0,0,0,0,0,0,0,0
00080791,20,2,0,0,3,0,0,0,0,0,0,4,0,0,0,0,1,0,0,0,0,0,0,0,19,3,0,0,3,0,0,0,0,0,0,4,0,0,0,0,1,0,0,0,0,0,0,0,1,-1,0,0,0,0,0,0,0,0,0,0,0,0,0,0,0,0,0,0,0,0,0,0
00080793,15,0,0,0,3,0,0,0,0,0,0,0,0,4,0,0,0,0,0,0,0,0,2,0,13,0,2,0,3,0,0,0,0,0,0,0,0,4,0,0,0,0,0,0,0,0,2,0,2,0,-2,0,0,0,0,0,0,0,0,0,0,0,0,0,0,0,0,0,0,0,0,0
00080795,18,0,0,8,0,12,0,0,1,0,0,0,0,0,0,0,0,0,0,0,0,0,0,0,17,0,0,8,0,12,0,0,2,0,0,0,0,0,0,0,0,0,0,0,0,0,0,0,1,0,0,0,0,0,0,0,-1,0,0,0,0,0,0,0,0,0,0,0,0,0,0,0
00080812,17,7,0,0,0,0,0,1,0,0,0,0,0,0,0,0,0,0,0,0,0,0,0,0,15,7,0,0,0,0,0,3,0,0,0,0,0,0,0,0,0,0,0,0,0,0,0,0,2,0,0,0,0,0,0,-2,0,0,0,0,0,0,0,0,0,0,0,0,0,0,0,0
00080884,22,0,2,0,0,0,0,0,1,0,0,4,5,0,0,0,0,0,0,3,0,0,0,0,20,0,2,0,0,0,0,0,2,0,0,4,5,0,0,0,0,0,0,4,0,0,0,0,2,0,0,0,0,0,0,0,-1,0,0,0,0,0,0,0,0,0,0,-1,0,0,0,0
00080912,30,0,0,0,0,0,1,0,1,3,0,0,0,4,0,0,0,0,0,0,0,0,0,0,28,0,0,0,0,0,2,0,2,3,0,0,0,4,0,0,0,0,0,0,0,0,0,0,2,0,0,0,0,0,-1,0,-1,0,0,0,0,0,0,0,0,0,0,0,0,0,0,0
00080945,28,1,0,4,0,6,0,0,0,0,0,0,0,4,7,0,0,0,0,0,0,0,0,0,26,3,0,4,0,6,0,0,0,0,0,0,0,4,7,0,0,0,0,0,0,0,0,0,2,-2,0,0,0,0,0,0,0,0,0,0,0,0,0,0,0,0,0,0,0,0,0,0
00080988,14,1,0,0,0,0,0,3,0,0,0,0,0,0,0,0,1,0,0,0,0,0,0,0,12,3,0,0,0,0,0,3,0,0,0,0,0,0,0,0,1,0,0,0,0,0,0,0,2,-2,0,0,0,0,0,0,0,0,0,0,0,0,0,0,0,0,0,0,0,0,0,0
00081025,18,1,0,0,0,0,0,3,0,0,0,0,0,0,0,0,0,0,0,0,5,0,2,0,16,3,0,0,0,0,0,3,0,0,0,0,0,0,0,0,0,0,0,0,5,0,2,0,2,-2,0,0,0,0,0,0,0,0,0,0,0,0,0,0,0,0,0,0,0,0,0,0
00081253,16,2,0,0,0,0,0,0,0,0,0,0,0,0,0,0,0,0,8,0,5,0,0,0,15,3,0,0,0,0,0,0,0,0,0,0,0,0,0,0,0,0,8,0,5,0,0,0,1,-1,0,0,0,0,0,0,0,0,0,0,0,0,0,0,0,0,0,0,0,0,0,0
00081254,23,0,0,0,0,6,0,0,0,0,0,0,0,0,0,0,0,0,0,3,0,3,0,0,22,0,0,0,0,6,0,0,0,0,0,0,0,0,0,0,0,0,0,4,0,3,0,0,1,0,0,0,0,0,0,0,0,0,0,0,0,0,0,0,0,0,0,-1,0,0,0,0
00081300,10,0,0,0,0,0,2,0,0,0,1,4,0,0,0,0,0,0,0,0,0,0,0,0,9,0,0,0,0,0,2,0,0,0,2,4,0,0,0,0,0,0,0,0,0,0,0,0,1,0,0,0,0,0,0,0,0,0,-1,0,0,0,0,0,0,0,0,0,0,0,0,0
00081332,21,3,0,0,0,0,2,0,0,0,0,4,0,0,0,0,0,0,0,0,0,0,0,0,19,3,2,0,0,0,2,0,0,0,0,4,0,0,0,0,0,0,0,0,0,0,0,0,2,0,-2,0,0,0,0,0,0,0,0,0,0,0,0,0,0,0,0,0,0,0,0,0
00081345,20,2,2,0,0,0,0,0,0,0,0,0,0,0,0,0,0,2,4,0,0,0,0,0,18,4,2,0,0,0,0,0,0,0,0,0,0,0,0,0,0,2,4,0,0,0,0,0,2,-2,0,0,0,0,0,0,0,0,0,0,0,0,0,0,0,0,0,0,0,0,0,0
00081357,20,0,0,0,0,0,0,0,2,4,0,4,0,0,0,0,0,0,0,7,0,0,0,0,19,0,0,0,0,0,0,0,2,4,0,4,0,0,0,0,0,0,0,8,0,0,0,0,1,0,0,0,0,0,0,0,0,0,0,0,0,0,0,0,0,0,0,-1,0,0,0,0
00081507,21,0,0,0,0,0,1,0,0,6,0,0,0,0,0,0,0,0,0,0,0,0,0,0,20,0,0,0,0,0,2,0,0,6,0,0,0,0,0,0,0,0,0,0,0,0,0,0,1,0,0,0,0,0,-1,0,0,0,0,0,0,0,0,0,0,0,0,0,0,0,0,0
00081537,16,0,0,0,0,6,0,0,0,0,2,0,0,0,0,0,0,0,0,0,0,0,0,0,14,0,2,0,0,6,0,0,0,0,2,0,0,0,0,0,0,0,0,0,0,0,0,0,2,0,-2,0,0,0,0,0,0,0,0,0,0,0,0,0,0,0,0,0,0,0,0,0
00081805,35,5,0,0,3,0,0,3,0,0,0,0,0,0,0,0,0,0,0,0,0,0,0,0,34,6,0,0,3,0,0,3,0,0,0,0,0,0,0,0,0,0,0,0,0,0,0,0,1,-1,0,0,0,0,0,0,0,0,0,0,0,0,0,0,0,0,0,0,0,0,0,0
00081840,21,0,0,0,0,0,2,0,0,0,0,0,0,0,7,0,0,0,0,0,0,0,0,0,19,0,2,0,0,0,2,0,0,0,0,0,0,0,7,0,0,0,0,0,0,0,0,0,2,0,-2,0,0,0,0,0,0,0,0,0,0,0,0,0,0,0,0,0,0,0,0,0
00081841,24,0,0,4,0,0,1,3,0,0,2,0,0,0,0,0,0,0,0,0,0,0,0,0,23,0,0,4,0,0,2,3,0,0,2,0,0,0,0,0,0,0,0,0,0,0,0,0,1,0,0,0,0,0,-1,0,0,0,0,0,0,0,0,0,0,0,0,0,0,0,0,0
00081956,13,0,1,0,0,0,2,0,0,0,0,0,0,0,0,2,0,0,0,0,5,0,0,0,12,0,2,0,0,0,2,0,0,0,0,0,0,0,0,2,0,0,0,0,5,0,0,0,1,0,-1,0,0,0,0,0,0,0,0,0,0,0,0,0,0,0,0,0,0,0,0,0
00081966,12,0,0,8,0,0,1,0,0,3,0,0,0,0,0,0,0,0,0,0,0,0,0,0,11,0,0,8,0,0,2,0,0,3,0,0,0,0,0,0,0,0,0,0,0,0,0,0,1,0,0,0,0,0,-1,0,0,0,0,0,0,0,0,0,0,0,0,0,0,0,0,0
00082024,10,0,0,0,0,0,0,5,0,0,0,0,0,4,0,0,0,0,0,4,0,0,0,0,9,0,0,0,0,0,0,6,0,0,0,0,0,4,0,0,0,0,0,4,0,0,0,0,1,0,0,0,0,0,0,-1,0,0,0,0,0,0,0,0,0,0,0,0,0,0,0,0
00082049,16,1,2,4,0,6,0,3,0,0,0,0,0,0,0,0,0,0,0,0,0,0,0,0,14,3,2,4,0,6,0,3,0,0,0,0,0,0,0,0,0,0,0,0,0,0,0,0,2,-2,0,0,0,0,0,0,0,0,0,0,0,0,0,0,0,0,0,0,0,0,0,0
00082063,23,0,0,0,0,0,0,0,0,3,3,0,0,0,0,0,0,0,0,0,0,0,0,0,22,0,0,0,0,0,0,0,0,3,4,0,0,0,0,0,0,0,0,0,0,0,0,0,1,0,0,0,0,0,0,0,0,0,-1,0,0,0,0,0,0,0,0,0,0,0,0,0
00082125,14,0,1,4,6,0,0,0,0,0,0,0,0,0,0,0,0,0,0,0,0,0,0,0,13,0,2,4,6,0,0,0,0,0,0,0,0,0,0,0,0,0,0,0,0,0,0,0,1,0,-1,0,0,0,0,0,0,0,0,0,0,0,0,0,0,0,0,0,0,0,0,0
00082136,23,0,0,0,0,12,0,0,0,3,1,0,0,0,0,0,0,0,0,4,0,0,0,0,22,0,0,0,0,12,0,0,0,3,2,0,0,0,0,0,0,0,0,4,0,0,0,0,1,0,0,0,0,0,0,0,0,0,-1,0,0,0,0,0,0,0,0,0,0,0,0,0
00082140,20,3,2,0,0,0,0,2,0,0,0,0,0,0,0,0,1,0,0,0,0,0,0,0,19,3,2,0,0,0,0,3,0,0,0,0,0,0,0,0,1,0,0,0,0,0,0,0,1,0,0,0,0,0,0,-1,0,0,0,0,0,0,0,0,0,0,0,0,0,0,0,0
00082225,23,0,0,0,0,0,0,0,0,0,0,11,0,4,0,0,0,0,0,0,5,0,0,0,22,0,0,0,0,0,0,0,0,0,0,12,0,4,0,0,0,0,0,0,5,0,0,0,1,0,0,0,0,0,0,0,0,0,0,-1,0,0,0,0,0,0,0,0,0,0,0,0
00082230,12,2,0,0,0,0,0,3,0,3,0,0,0,0,0,0,0,0,0,4,0,0,0,0,11,3,0,0,0,0,0,3,0,3,0,0,0,0,0,0,0,0,0,4,0,0,0,0,1,-1,0,0,0,0,0,0,0,0,0,0,0,0,0,0,0,0,0,0,0,0,0,0
00082296,30,3,0,0,0,0,1,0,0,0,2,4,0,0,0,0,0,0,0,3,0,0,0,0,28,3,0,0,0,0,2,0,0,0,2,4,0,0,0,0,0,0,0,4,0,0,0,0,2,0,0,0,0,0,-1,0,0,0,0,0,0,0,0,0,0,0,0,-1,0,0,0,0
00082350,32,2,0,0,0,0,0,0,0,0,0,4,0,0,7,0,0,0,0,0,0,0,0,0,31,3,0,0,0,0,0,0,0,0,0,4,0,0,7,0,0,0,0,0,0,0,0,0,1,-1,0,0,0,0,0,0,0,0,0,0,0,0,0,0,0,0,0,0,0,0,0,0
00082374,20,0,2,0,0,0,0,0,0,0,0,6,0,0,0,0,0,0,0,0,0,0,0,0,18,0,2,0,0,0,0,0,0,0,0,8,0,0,0,0,0,0,0,0,0,0,0,0,2,0,0,0,0,0,0,0,0,0,0,-2,0,0,0,0,0,0,0,0,0,0,0,0
00082375,16,0,0,0,0,0,0,0,1,0,0,0,0,0,0,0,0,0,0,4,5,0,0,0,15,0,0,0,0,0,0,0,2,0,0,0,0,0,0,0,0,0,0,4,5,0,0,0,1,0,0,0,0,0,0,0,-1,0,0,0,0,0,0,0,0,0,0,0,0,0,0,0
00082472,21,3,0,0,0,0,1,0,0,0,0,0,0,0,0,0,0,2,0,0,0,0,0,0,20,3,0,0,0,0,2,0,0,0,0,0,0,0,0,0,0,2,0,0,0,0,0,0,1,0,0,0,0,0,-1,0,0,0,0,0,0,0,0,0,0,0,0,0,0,0,0,0
00082508,23,1,0,0,0,0,0,0,0,0,0,4,0,0,0,0,1,0,0,0,5,0,0,0,21,3,0,0,0,0,0,0,0,0,0,4,0,0,0,0,1,0,0,0,5,0,0,0,2,-2,0,0,0,0,0,0,0,0,0,0,0,0,0,0,0,0,0,0,0,0,0,0
00082570,12,0,0,0,0,0,1,0,0,0,0,7,5,0,0,0,0,0,0,0,0,0,0,0,10,0,0,0,0,0,2,0,0,0,0,8,5,0,0,0,0,0,0,0,0,0,0,0,2,0,0,0,0,0,-1,0,0,0,0,-1,0,0,0,0,0,0,0,0,0,0,0,0
00082586,30,0,0,0,0,0,0,1,0,0,0,4,0,0,0,0,0,0,0,0,0,3,0,0,28,0,0,0,0,0,0,3,0,0,0,4,0,0,0,0,0,0,0,0,0,3,0,0,2,0,0,0,0,0,0,-2,0,0,0,0,0,0,0,0,0,0,0,0,0,0,0,0
00082667,21,0,0,4,0,0,0,0,0,0,0,3,5,0,0,0,0,0,0,0,0,3,0,0,20,0,0,4,0,0,0,0,0,0,0,4,5,0,0,0,0,0,0,0,0,3,0,0,1,0,0,0,0,0,0,0,0,0,0,-1,0,0,0,0,0,0,0,0,0,0,0,0
00082684,15,3,0,0,0,0,0,0,0,0,2,0,5,4,0,0,0,0,0,3,0,0,0,0,14,3,0,0,0,0,0,0,0,0,2,0,5,4,0,0,0,0,0,4,0,0,0,0,1,0,0,0,0,0,0,0,0,0,0,0,0,0,0,0,0,0,0,-1,0,0,0,0
00082760,14,0,2,0,0,0,0,0,0,0,2,3,0,0,0,0,0,2,0,0,0,0,0,0,13,0,2,0,0,0,0,0,0,0,2,4,0,0,0,0,0,2,0,0,0,0,0,0,1,0,0,0,0,0,0,0,0,0,0,-1,0,0,0,0,0,0,0,0,0,0,0,0
00082839,23,1,2,0,0,0,0,0,0,0,0,4,0,0,0,0,1,0,0,0,0,0,0,0,21,3,2,0,0,0,0,0,0,0,0,4,0,0,0,0,1,0,0,0,0,0,0,0,2,-2,0,0,0,0,0,0,0,0,0,0,0,0,0,0,0,0,0,0,0,0,0,0
00082979,19,0,0,4,0,0,0,2,0,0,0,0,0,0,0,0,0,0,0,4,0,0,0,0,18,0,0,4,0,0,0,3,0,0,0,0,0,0,0,0,0,0,0,4,0,0,0,0,1,0,0,0,0,0,0,-1,0,0,0,0,0,0,0,0,0,0,0,0,0,0,0,0
00083175,27,1,0,0,0,0,0,3,0,0,0,0,0,0,0,0,1,0,0,0,0,0,2,0,25,3,0,0,0,0,0,3,0,0,0,0,0,0,0,0,1,0,0,0,0,0,2,0,2,-2,0,0,0,0,0,0,0,0,0,0,0,0,0,0,0,0,0,0,0,0,0,0
00083201,13,0,0,0,0,0,1,0,0,0,0,0,0,0,0,0,0,0,0,6,5,0,0,0,10,0,0,0,0,0,2,0,0,0,0,0,0,0,0,0,0,0,0,8,5,0,0,0,3,0,0,0,0,0,-1,0,0,0,0,0,0,0,0,0,0,0,0,-2,0,0,0,0
00083276,19,0,0,4,0,6,0,3,1,0,0,0,0,0,0,0,0,0,0,0,0,0,0,0,18,0,0,4,0,6,0,3,2,0,0,0,0,0,0,0,0,0,0,0,0,0,0,0,1,0,0,0,0,0,0,0,-1,0,0,0,0,0,0,0,0,0,0,0,0,0,0,0
00083285,23,0,0,0,0,0,0,3,0,0,2,0,0,0,0,0,0,0,0,0,5,0,0,0,22,0,0,0,0,0,0,4,0,0,2,0,0,0,0,0,0,0,0,0,5,0,0,0,1,0,0,0,0,0,0,-1,0,0,0,0,0,0,0,0,0,0,0,0,0,0,0,0
00083321,14,0,2,0,0,0,0,0,0,0,0,0,0,0,0,0,1,0,0,0,0,0,0,0,12,0,4,0,0,0,0,0,0,0,0,0,0,0,0,0,1,0,0,0,0,0,0,0,2,0,-2,0,0,0,0,0,0,0,0,0,0,0,0,0,0,0,0,0,0,0,0,0
00083325,29,0,1,0,0,0,0,0,0,3,0,0,0,4,0,0,0,0,0,4,0,0,0,0,28,0,2,0,0,0,0,0,0,3,0,0,0,4,0,0,0,0,0,4,0,0,0,0,1,0,-1,0,0,0,0,0,0,0,0,0,0,0,0,0,0,0,0,0,0,0,0,0
00083332,15,0,2,0,0,0,2,0,0,2,0,0,0,0,0,0,0,0,0,0,0,3,0,0,14,0,2,0,0,0,2,0,0,3,0,0,0,0,0,0,0,0,0,0,0,3,0,0,1,0,0,0,0,0,0,0,0,-1,0,0,0,0,0,0,0,0,0,0,0,0,0,0
00083342,19,0,0,0,0,0,2,0,0,3,0,7,0,0,0,0,0,0,0,3,0,0,0,0,17,0,0,0,0,0,2,0,0,3,0,8,0,0,0,0,0,0,0,4,0,0,0,0,2,0,0,0,0,0,0,0,0,0,0,-1,0,0,0,0,0,0,0,-1,0,0,0,0
00083359,41,1,0,0,6,0,1,0,0,0,0,0,0,0,0,0,0,0,0,0,0,0,0,0,38,3,0,0,6,0,2,0,0,0,0,0,0,0,0,0,0,0,0,0,0,0,0,0,3,-2,0,0,0,0,-1,0,0,0,0,0,0,0,0,0,0,0,0,0,0,0,0,0
00083410,17,0,0,0,0,0,1,0,0,0,0,0,0,0,7,0,1,0,0,0,0,3,0,0,16,0,0,0,0,0,2,0,0,0,0,0,0,0,7,0,1,0,0,0,0,3,0,0,1,0,0,0,0,0,-1,0,0,0,0,0,0,0,0,0,0,0,0,0,0,0,0,0
00083416,14,3,0,0,0,0,0,0,2,5,0,0,0,0,0,0,0,0,0,0,0,0,0,0,13,3,0,0,0,0,0,0,2,6,0,0,0,0,0,0,0,0,0,0,0,0,0,0,1,0,0,0,0,0,0,0,0,-1,0,0,0,0,0,0,0,0,0,0,0,0,0,0
00083507,15,0,2,0,3,6,0,0,0,0,0,3,0,0,0,0,0,0,0,0,0,0,2,0,14,0,2,0,3,6,0,0,0,0,0,4,0,0,0,0,0,0,0,0,0,0,2,0,1,0,0,0,0,0,0,0,0,0,0,-1,0,0,0,0,0,0,0,0,0,0,0,0
00083526,18,1,0,0,3,0,0,0,0,0,0,4,0,4,7,0,0,0,0,0,0,0,0,0,16,3,0,0,3,0,0,0,0,0,0,4,0,4,7,0,0,0,0,0,0,0,0,0,2,-2,0,0,0,0,0,0,0,0,0,0,0,0,0,0,0,0,0,0,0,0,0,0
00083607,15,0,0,0,0,0,1,0,2,0,0,0,0,0,0,0,0,0,0,0,0,0,2,0,14,0,0,0,0,0,2,0,2,0,0,0,0,0,0,0,0,0,0,0,0,0,2,0,1,0,0,0,0,0,-1,0,0,0,0,0,0,0,0,0,0,0,0,0,0,0,0,0
00083683,39,2,0,0,0,0,0,0,0,0,2,0,0,0,0,0,0,0,0,0,0,3,0,0,38,3,0,0,0,0,0,0,0,0,2,0,0,0,0,0,0,0,0,0,0,3,0,0,1,-1,0,0,0,0,0,0,0,0,0,0,0,0,0,0,0,0,0,0,0,0,0,0
00083735,17,0,0,0,3,6,1,0,0,0,0,0,0,0,0,1,0,0,0,0,0,0,0,0,16,0,0,0,3,6,2,0,0,0,0,0,0,0,0,1,0,0,0,0,0,0,0,0,1,0,0,0,0,0,-1,0,0,0,0,0,0,0,0,0,0,0,0,0,0,0,0,0
00083809,17,3,0,0,3,6,0,0,0,0,0,3,0,0,0,0,0,0,4,0,0,0,0,0,16,3,0,0,3,6,0,0,0,0,0,4,0,0,0,0,0,0,4,0,0,0,0,0,1,0,0,0,0,0,0,0,0,0,0,-1,0,0,0,0,0,0,0,0,0,0,0,0
00083833,19,4,0,0,0,0,0,1,0,0,0,0,0,0,0,0,0,0,0,4,0,3,0,0,17,4,0,0,0,0,0,3,0,0,0,0,0,0,0,0,0,0,0,4,0,3,0,0,2,0,0,0,0,0,0,-2,0,0,0,0,0,0,0,0,0,0,0,0,0,0,0,0
00083852,12,0,2,0,0,0,0,0,0,2,0,0,5,0,0,0,0,2,0,0,0,0,0,0,11,0,2,0,0,0,0,0,0,3,0,0,5,0,0,0,0,2,0,0,0,0,0,0,1,0,0,0,0,0,0,0,0,-1,0,0,0,0,0,0,0,0,0,0,0,0,0,0
00083856,13,0,0,4,0,0,1,0,0,0,0,4,0,0,0,0,0,0,0,0,5,0,0,0,12,0,0,4,0,0,2,0,0,0,0,4,0,0,0,0,0,0,0,0,5,0,0,0,1,0,0,0,0,0,-1,0,0,0,0,0,0,0,0,0,0,0,0,0,0,0,0,0
00083860,15,0,4,0,0,0,0,0,0,0,2,3,0,0,0,1,0,0,0,0,0,0,0,0,14,0,4,0,0,0,0,0,0,0,2,4,0,0,0,1,0,0,0,0,0,0,0,0,1,0,0,0,0,0,0,0,0,0,0,-1,0,0,0,0,0,0,0,0,0,0,0,0
00083869,12,0,0,0,0,12,0,0,1,0,0,0,5,0,0,0,1,0,0,0,0,0,0,0,10,0,0,0,0,12,0,0,2,0,0,0,5,0,0,0,2,0,0,0,0,0,0,0,2,0,0,0,0,0,0,0,-1,0,0,0,0,0,0,0,-1,0,0,0,0,0,0,0
00083984,17,0,1,0,0,6,0,0,0,0,0,0,0,4,0,0,1,0,0,0,0,0,0,0,16,0,2,0,0,6,0,0,0,0,0,0,0,4,0,0,1,0,0,0,0,0,0,0,1,0,-1,0,0,0,0,0,0,0,0,0,0,0,0,0,0,0,0,0,0,0,0,0
00084007,14,0,0,4,0,0,1,0,0,0,0,0,0,0,0,0,0,0,0,4,0,0,0,0,13,0,0,4,0,0,2,0,0,0,0,0,0,0,0,0,0,0,0,4,0,0,0,0,1,0,0,0,0,0,-1,0,0,0,0,0,0,0,0,0,0,0,0,0,0,0,0,0
00084013,12,2,0,0,0,0,0,0,0,0,0,4,0,0,0,0,0,0,0,8,0,0,0,0,11,3,0,0,0,0,0,0,0,0,0,4,0,0,0,0,0,0,0,8,0,0,0,0,1,-1,0,0,0,0,0,0,0,0,0,0,0,0,0,0,0,0,0,0,0,0,0,0
00084043,25,0,0,4,0,6,3,0,0,0,0,0,0,0,0,0,0,0,0,0,0,0,0,0,24,0,0,4,0,6,4,0,0,0,0,0,0,0,0,0,0,0,0,0,0,0,0,0,1,0,0,0,0,0,-1,0,0,0,0,0,0,0,0,0,0,0,0,0,0,0,0,0
00084059,28,2,0,0,0,0,0,0,0,0,0,4,5,0,0,0,0,0,0,0,0,0,0,0,26,4,0,0,0,0,0,0,0,0,0,4,5,0,0,0,0,0,0,0,0,0,0,0,2,-2,0,0,0,0,0,0,0,0,0,0,0,0,0,0,0,0,0,0,0,0,0,0
00084096,13,0,0,0,6,0,1,0,0,0,0,0,0,0,0,0,0,0,4,0,0,0,0,0,12,0,0,0,6,0,2,0,0,0,0,0,0,0,0,0,0,0,4,0,0,0,0,0,1,0,0,0,0,0,-1,0,0,0,0,0,0,0,0,0,0,0,0,0,0,0,0,0
00084136,32,0,0,4,0,6,1,0,0,0,0,0,0,0,0,1,0,0,0,0,0,0,0,0,31,0,0,4,0,6,2,0,0,0,0,0,0,0,0,1,0,0,0,0,0,0,0,0,1,0,0,0,0,0,-1,0,0,0,0,0,0,0,0,0,0,0,0,0,0,0,0,0
00084305,13,0,0,0,0,0,0,0,2,0,1,4,0,0,0,0,0,0,0,0,0,0,0,0,12,0,0,0,0,0,0,0,2,0,2,4,0,0,0,0,0,0,0,0,0,0,0,0,1,0,0,0,0,0,0,0,0,0,-1,0,0,0,0,0,0,0,0,0,0,0,0,0
00084340,22,0,0,4,0,0,0,0,1,0,0,0,0,0,0,0,0,0,0,0,0,3,0,0,21,0,0,4,0,0,0,0,2,0,0,0,0,0,0,0,0,0,0,0,0,3,0,0,1,0,0,0,0,0,0,0,-1,0,0,0,0,0,0,0,0,0,0,0,0,0,0,0
00084344,14,0,0,0,0,0,0,3,1,0,0,4,0,0,7,0,0,0,0,0,0,0,0,0,13,0,0,0,0,0,0,3,2,0,0,4,0,0,7,0,0,0,0,0,0,0,0,0,1,0,0,0,0,0,0,0,-1,0,0,0,0,0,0,0,0,0,0,0,0,0,0,0
00084382,13,3,0,0,0,0,0,0,1,0,0,0,5,0,0,0,0,3,0,0,0,0,0,0,12,3,0,0,0,0,0,0,2,0,0,0,5,0,0,0,0,3,0,0,0,0,0,0,1,0,0,0,0,0,0,0,-1,0,0,0,0,0,0,0,0,0,0,0,0,0,0,0
00084427,34,1,0,0,0,0,0,0,0,0,0,4,5,4,0,0,0,2,0,0,0,0,0,0,32,3,0,0,0,0,0,0,0,0,0,4,5,4,0,0,0,2,0,0,0,0,0,0,2,-2,0,0,0,0,0,0,0,0,0,0,0,0,0,0,0,0,0,0,0,0,0,0
00084564,13,0,0,0,0,6,0,2,0,0,2,0,0,0,0,0,0,0,0,0,0,0,0,0,12,0,0,0,0,6,0,3,0,0,2,0,0,0,0,0,0,0,0,0,0,0,0,0,1,0,0,0,0,0,0,-1,0,0,0,0,0,0,0,0,0,0,0,0,0,0,0,0
00084580,23,1,0,0,0,0,0,0,2,0,0,0,0,0,0,0,1,0,0,0,0,0,0,0,21,3,0,0,0,0,0,0,2,0,0,0,0,0,0,0,1,0,0,0,0,0,0,0,2,-2,0,0,0,0,0,0,0,0,0,0,0,0,0,0,0,0,0,0,0,0,0,0
00084663,31,1,0,4,0,0,0,0,1,0,0,0,0,0,0,0,0,0,0,0,0,0,0,0,27,3,0,4,0,0,0,0,3,0,0,0,0,0,0,0,0,0,0,0,0,0,0,0,4,-2,0,0,0,0,0,0,-2,0,0,0,0,0,0,0,0,0,0,0,0,0,0,0
00084839,22,1,0,0,3,0,0,3,0,0,0,0,0,4,0,0,0,0,0,0,0,0,0,0,20,3,0,0,3,0,0,3,0,0,0,0,0,4,0,0,0,0,0,0,0,0,0,0,2,-2,0,0,0,0,0,0,0,0,0,0,0,0,0,0,0,0,0,0,0,0,0,0
00084906,14,1,0,0,0,0,0,3,0,3,0,0,5,0,0,0,0,0,0,0,0,0,0,0,12,3,0,0,0,0,0,3,0,3,0,0,5,0,0,0,0,0,0,0,0,0,0,0,2,-2,0,0,0,0,0,0,0,0,0,0,0,0,0,0,0,0,0,0,0,0,0,0
00085031,22,5,2,4,0,0,0,0,0,0,0,0,0,0,0,0,0,0,0,0,0,0,0,0,21,6,2,4,0,0,0,0,0,0,0,0,0,0,0,0,0,0,0,0,0,0,0,0,1,-1,0,0,0,0,0,0,0,0,0,0,0,0,0,0,0,0,0,0,0,0,0,0
00085039,14,0,0,4,0,0,1,0,0,0,0,0,5,0,0,0,0,0,0,0,0,3,0,0,13,0,0,4,0,0,2,0,0,0,0,0,5,0,0,0,0,0,0,0,0,3,0,0,1,0,0,0,0,0,-1,0,0,0,0,0,0,0,0,0,0,0,0,0,0,0,0,0
00085046,15,2,0,0,0,0,0,0,0,3,0,0,0,0,0,0,1,0,0,0,0,0,4,0,14,3,0,0,0,0,0,0,0,3,0,0,0,0,0,0,1,0,0,0,0,0,4,0,1,-1,0,0,0,0,0,0,0,0,0,0,0,0,0,0,0,0,0,0,0,0,0,0
00085050,15,0,0,0,0,0,1,0,0,0,0,0,0,4,7,0,0,0,0,0,0,0,2,0,14,0,0,0,0,0,2,0,0,0,0,0,0,4,7,0,0,0,0,0,0,0,2,0,1,0,0,0,0,0,-1,0,0,0,0,0,0,0,0,0,0,0,0,0,0,0,0,0
00085055,32,0,0,0,0,0,1,0,0,0,0,4,0,0,0,0,1,0,0,0,0,0,2,0,31,0,0,0,0,0,2,0,0,0,0,4,0,0,0,0,1,0,0,0,0,0,2,0,1,0,0,0,0,0,-1,0,0,0,0,0,0,0,0,0,0,0,0,0,0,0,0,0
00085069,36,0,0,0,0,0,1,0,0,2,2,0,0,0,0,0,0,0,0,0,0,0,0,0,34,0,0,0,0,0,2,0,0,3,2,0,0,0,0,0,0,0,0,0,0,0,0,0,2,0,0,0,0,0,-1,0,0,-1,0,0,0,0,0,0,0,0,0,0,0,0,0,0
00085099,17,0,0,0,0,0,0,3,1,0,0,0,0,0,0,0,2,0,0,0,0,0,0,0,16,0,0,0,0,0,0,3,2,0,0,0,0,0,0,0,2,0,0,0,0,0,0,0,1,0,0,0,0,0,0,0,-1,0,0,0,0,0,0,0,0,0,0,0,0,0,0,0
00085104,14,4,0,4,0,0,0,0,1,3,0,4,0,0,0,0,0,0,0,0,0,0,0,0,13,4,0,4,0,0,0,0,2,3,0,4,0,0,0,0,0,0,0,0,0,0,0,0,1,0,0,0,0,0,0,0,-1,0,0,0,0,0,0,0,0,0,0,0,0,0,0,0
00085122,19,3,0,4,0,6,0,1,0,0,0,0,0,0,0,0,0,0,0,0,0,0,0,0,17,3,0,4,0,6,0,3,0,0,0,0,0,0,0,0,0,0,0,0,0,0,0,0,2,0,0,0,0,0,0,-2,0,0,0,0,0,0,0,0,0,0,0,0,0,0,0,0
00085123,29,0,0,0,0,6,0,0,0,2,0,4,0,0,0,0,0,0,0,0,0,0,0,0,28,0,0,0,0,6,0,0,0,3,0,4,0,0,0,0,0,0,0,0,0,0,0,0,1,0,0,0,0,0,0,0,0,-1,0,0,0,0,0,0,0,0,0,0,0,0,0,0
00085350,14,2,0,0,0,0,0,3,0,0,0,4,0,0,0,0,0,0,0,4,0,0,0,0,13,3,0,0,0,0,0,3,0,0,0,4,0,0,0,0,0,0,0,4,0,0,0,0,1,-1,0,0,0,0,0,0,0,0,0,0,0,0,0,0,0,0,0,0,0,0,0,0
00085352,17,7,7,0,0,0,0,0,0,0,0,0,0,0,0,0,0,0,0,0,0,0,0,0,15,9,7,0,0,0,0,0,0,0,0,0,0,0,0,0,0,0,0,0,0,0,0,0,2,-2,0,0,0,0,0,0,0,0,0,0,0,0,0,0,0,0,0,0,0,0,0,0
00085365,25,0,0,0,0,6,0,0,0,0,1,0,0,0,0,0,0,0,0,4,0,0,0,0,24,0,0,0,0,6,0,0,0,0,2,0,0,0,0,0,0,0,0,4,0,0,0,0,1,0,0,0,0,0,0,0,0,0,-1,0,0,0,0,0,0,0,0,0,0,0,0,0
00085392,15,3,0,0,0,6,2,0,0,0,0,0,10,0,0,0,0,0,0,0,0,0,0,0,14,4,0,0,0,6,2,0,0,0,0,0,10,0,0,0,0,0,0,0,0,0,0,0,1,-1,0,0,0,0,0,0,0,0,0,0,0,0,0,0,0,0,0,0,0,0,0,0
00085450,26,0,0,0,0,21,1,0,0,0,0,0,0,0,0,0,0,2,0,4,0,0,0,0,23,0,0,0,0,23,2,0,0,0,0,0,0,0,0,0,0,2,0,4,0,0,0,0,3,0,0,0,0,-2,-1,0,0,0,0,0,0,0,0,0,0,0,0,0,0,0,0,0
00085468,23,0,0,0,0,6,0,0,0,0,0,0,0,8,7,1,0,0,0,8,0,0,0,0,21,0,2,0,0,6,0,0,0,0,0,0,0,8,7,1,0,0,0,8,0,0,0,0,2,0,-2,0,0,0,0,0,0,0,0,0,0,0,0,0,0,0,0,0,0,0,0,0
00085486,32,3,0,4,0,0,1,0,0,0,0,0,0,0,0,0,0,0,0,0,0,0,0,0,31,3,0,4,0,0,2,0,0,0,0,0,0,0,0,0,0,0,0,0,0,0,0,0,1,0,0,0,0,0,-1,0,0,0,0,0,0,0,0,0,0,0,0,0,0,0,0,0
00085551,27,0,2,0,0,0,1,0,0,0,0,8,0,4,0,0,0,0,0,0,0,0,0,0,26,0,2,0,0,0,2,0,0,0,0,8,0,4,0,0,0,0,0,0,0,0,0,0,1,0,0,0,0,0,-1,0,0,0,0,0,0,0,0,0,0,0,0,0,0,0,0,0
00085604,23,1,0,8,0,0,0,0,0,0,0,4,0,4,0,0,0,0,0,0,0,0,0,0,21,3,0,8,0,0,0,0,0,0,0,4,0,4,0,0,0,0,0,0,0,0,0,0,2,-2,0,0,0,0,0,0,0,0,0,0,0,0,0,0,0,0,0,0,0,0,0,0
00085620,24,2,0,0,0,6,0,0,0,0,0,0,0,0,0,0,0,0,0,0,0,0,2,0,23,3,0,0,0,6,0,0,0,0,0,0,0,0,0,0,0,0,0,0,0,0,2,0,1,-1,0,0,0,0,0,0,0,0,0,0,0,0,0,0,0,0,0,0,0,0,0,0
00085650,17,1,0,0,0,0,0,0,0,3,0,0,5,0,7,0,0,0,0,0,0,0,0,0,15,3,0,0,0,0,0,0,0,3,0,0,5,0,7,0,0,0,0,0,0,0,0,0,2,-2,0,0,0,0,0,0,0,0,0,0,0,0,0,0,0,0,0,0,0,0,0,0
00085651,24,0,0,0,0,0,0,0,0,0,0,7,0,0,0,0,0,0,0,4,0,0,0,0,23,0,0,0,0,0,0,0,0,0,0,8,0,0,0,0,0,0,0,4,0,0,0,0,1,0,0,0,0,0,0,0,0,0,0,-1,0,0,0,0,0,0,0,0,0,0,0,0
00085690,13,0,0,0,0,0,0,0,0,0,0,0,0,4,0,0,0,0,4,3,0,6,0,0,12,0,0,0,0,0,0,0,0,0,0,0,0,4,0,0,0,0,4,4,0,6,0,0,1,0,0,0,0,0,0,0,0,0,0,0,0,0,0,0,0,0,0,-1,0,0,0,0
00085706,37,6,0,0,0,0,0,0,0,0,0,0,0,0,0,1,0,0,0,0,0,0,0,0,36,7,0,0,0,0,0,0,0,0,0,0,0,0,0,1,0,0,0,0,0,0,0,0,1,-1,0,0,0,0,0,0,0,0,0,0,0,0,0,0,0,0,0,0,0,0,0,0
00085710,16,1,0,4,3,0,0,0,0,0,0,4,0,4,0,0,0,0,0,0,0,0,0,0,14,3,0,4,3,0,0,0,0,0,0,4,0,4,0,0,0,0,0,0,0,0,0,0,2,-2,0,0,0,0,0,0,0,0,0,0,0,0,0,0,0,0,0,0,0,0,0,0
00085717,17,1,0,0,0,7,0,3,0,0,0,0,0,0,0,0,1,0,0,0,0,0,0,0,15,3,0,0,0,7,0,3,0,0,0,0,0,0,0,0,1,0,0,0,0,0,0,0,2,-2,0,0,0,0,0,0,0,0,0,0,0,0,0,0,0,0,0,0,0,0,0,0
00085786,13,5,0,4,0,0,0,0,0,0,0,0,0,4,0,0,1,0,0,0,0,0,0,0,12,6,0,4,0,0,0,0,0,0,0,0,0,4,0,0,1,0,0,0,0,0,0,0,1,-1,0,0,0,0,0,0,0,0,0,0,0,0,0,0,0,0,0,0,0,0,0,0
00085801,17,0,0,0,0,0,0,0,0,2,2,0,0,0,0,0,0,0,0,0,0,0,2,0,16,0,0,0,0,0,0,0,0,3,2,0,0,0,0,0,0,0,0,0,0,0,2,0,1,0,0,0,0,0,0,0,0,-1,0,0,0,0,0,0,0,0,0,0,0,0,0,0
00085814,15,3,0,0,0,6,1,0,0,0,0,4,0,0,0,0,0,0,0,0,0,0,2,0,14,3,0,0,0,6,2,0,0,0,0,4,0,0,0,0,0,0,0,0,0,0,2,0,1,0,0,0,0,0,-1,0,0,0,0,0,0,0,0,0,0,0,0,0,0,0,0,0
00085908,21,4,0,0,0,0,0,0,0,0,0,0,0,0,0,0,1,0,0,0,0,0,0,0,19,6,0,0,0,0,0,0,0,0,0,0,0,0,0,0,1,0,0,0,0,0,0,0,2,-2,0,0,0,0,0,0,0,0,0,0,0,0,0,0,0,0,0,0,0,0,0,0
00085920,23,0,0,0,3,0,0,0,1,0,2,0,0,0,0,0,0,0,0,0,0,0,0,0,22,0,0,0,3,0,0,0,2,0,2,0,0,0,0,0,0,0,0,0,0,0,0,0,1,0,0,0,0,0,0,0,-1,0,0,0,0,0,0,0,0,0,0,0,0,0,0,0
00086171,20,1,0,0,0,0,0,0,0,3,0,4,0,0,0,0,0,2,0,4,0,0,0,0,18,3,0,0,0,0,0,0,0,3,0,4,0,0,0,0,0,2,0,4,0,0,0,0,2,-2,0,0,0,0,0,0,0,0,0,0,0,0,0,0,0,0,0,0,0,0,0,0
00086212,28,0,0,4,0,0,0,5,1,0,0,0,0,0,0,0,1,0,0,0,0,0,0,0,27,0,0,4,0,0,0,5,2,0,0,0,0,0,0,0,1,0,0,0,0,0,0,0,1,0,0,0,0,0,0,0,-1,0,0,0,0,0,0,0,0,0,0,0,0,0,0,0
00086242,17,0,0,0,0,0,0,1,2,2,0,0,0,0,7,0,0,0,0,0,0,0,0,0,14,0,0,0,0,0,0,3,2,3,0,0,0,0,7,0,0,0,0,0,0,0,0,0,3,0,0,0,0,0,0,-2,0,-1,0,0,0,0,0,0,0,0,0,0,0,0,0,0
00086354,12,2,0,0,0,6,0,0,0,0,2,0,0,0,0,0,0,0,0,0,0,0,0,0,11,3,0,0,0,6,0,0,0,0,2,0,0,0,0,0,0,0,0,0,0,0,0,0,1,-1,0,0,0,0,0,0,0,0,0,0,0,0,0,0,0,0,0,0,0,0,0,0
00086388,19,0,2,0,0,12,0,0,0,0,1,0,0,0,0,0,0,0,0,0,0,3,0,0,18,0,2,0,0,12,0,0,0,0,2,0,0,0,0,0,0,0,0,0,0,3,0,0,1,0,0,0,0,0,0,0,0,0,-1,0,0,0,0,0,0,0,0,0,0,0,0,0
00086553,10,0,2,0,0,0,0,0,0,0,0,0,5,0,0,0,0,0,4,0,0,0,0,0,8,0,4,0,0,0,0,0,0,0,0,0,5,0,0,0,0,0,4,0,0,0,0,0,2,0,-2,0,0,0,0,0,0,0,0,0,0,0,0,0,0,0,0,0,0,0,0,0
00086586,14,2,0,0,0,6,0,0,0,0,0,0,0,0,0,0,0,0,4,0,0,0,0,0,13,3,0,0,0,6,0,0,0,0,0,0,0,0,0,0,0,0,4,0,0,0,0,0,1,-1,0,0,0,0,0,0,0,0,0,0,0,0,0,0,0,0,0,0,0,0,0,0
00086592,30,1,0,0,3,0,0,0,2,0,0,4,0,0,0,0,0,0,0,0,0,0,2,0,27,3,0,0,3,0,0,0,3,0,0,4,0,0,0,0,0,0,0,0,0,0,2,0,3,-2,0,0,0,0,0,0,-1,0,0,0,0,0,0,0,0,0,0,0,0,0,0,0
00086659,15,0,2,0,0,0,0,2,0,0,2,0,0,0,0,0,0,2,0,0,5,0,0,0,14,0,2,0,0,0,0,3,0,0,2,0,0,0,0,0,0,2,0,0,5,0,0,0,1,0,0,0,0,0,0,-1,0,0,0,0,0,0,0,0,0,0,0,0,0,0,0,0
00086701,15,1,0,0,3,0,0,0,0,0,0,4,0,0,0,0,1,0,0,0,0,0,0,0,13,3,0,0,3,0,0,0,0,0,0,4,0,0,0,0,1,0,0,0,0,0,0,0,2,-2,0,0,0,0,0,0,0,0,0,0,0,0,0,0,0,0,0,0,0,0,0,0
00086798,13,0,0,0,0,0,0,3,0,0,1,0,5,0,0,0,1,0,0,0,5,0,0,0,12,0,0,0,0,0,0,3,0,0,2,0,5,0,0,0,1,0,0,0,5,0,0,0,1,0,0,0,0,0,0,0,0,0,-1,0,0,0,0,0,0,0,0,0,0,0,0,0
00086836,25,0,0,8,0,0,2,0,0,0,0,0,0,0,0,2,0,0,0,0,0,0,0,0,23,0,2,8,0,0,2,0,0,0,0,0,0,0,0,2,0,0,0,0,0,0,0,0,2,0,-2,0,0,0,0,0,0,0,0,0,0,0,0,0,0,0,0,0,0,0,0,0
00086853,31,1,2,0,3,0,0,0,2,0,0,0,0,0,0,0,0,0,0,0,0,0,0,0,29,3,2,0,3,0,0,0,2,0,0,0,0,0,0,0,0,0,0,0,0,0,0,0,2,-2,0,0,0,0,0,0,0,0,0,0,0,0,0,0,0,0,0,0,0,0,0,0
00086925,13,0,2,4,0,0,0,0,0,3,0,4,0,0,0,0,0,0,0,0,0,0,0,0,9,0,2,4,0,0,0,0,0,3,0,8,0,0,0,0,0,0,0,0,0,0,0,0,4,0,0,0,0,0,0,0,0,0,0,-4,0,0,0,0,0,0,0,0,0,0,0,0
00087026,30,1,0,0,3,0,0,0,2,0,0,0,0,0,0,0,0,0,0,4,0,0,0,0,28,3,0,0,3,0,0,0,2,0,0,0,0,0,0,0,0,0,0,4,0,0,0,0,2,-2,0,0,0,0,0,0,0,0,0,0,0,0,0,0,0,0,0,0,0,0,0,0
00087189,13,0,0,4,4,0,3,0,2,0,0,0,0,0,0,0,1,0,0,0,0,0,0,0,12,0,0,4,4,0,4,0,2,0,0,0,0,0,0,0,1,0,0,0,0,0,0,0,1,0,0,0,0,0,-1,0,0,0,0,0,0,0,0,0,0,0,0,0,0,0,0,0
00087192,17,0,0,0,0,0,0,0,0,0,1,0,0,0,0,0,1,0,0,0,5,3,0,0,16,0,0,0,0,0,0,0,0,0,2,0,0,0,0,0,1,0,0,0,5,3,0,0,1,0,0,0,0,0,0,0,0,0,-1,0,0,0,0,0,0,0,0,0,0,0,0,0
00087213,12,2,0,0,0,6,0,0,0,0,0,0,0,0,0,0,0,0,0,4,0,0,0,0,11,3,0,0,0,6,0,0,0,0,0,0,0,0,0,0,0,0,0,4,0,0,0,0,1,-1,0,0,0,0,0,0,0,0,0,0,0,0,0,0,0,0,0,0,0,0,0,0
00087225,16,0,2,0,0,0,0,0,1,0,0,4,0,4,0,0,0,0,0,0,0,0,0,0,15,0,2,0,0,0,0,0,2,0,0,4,0,4,0,0,0,0,0,0,0,0,0,0,1,0,0,0,0,0,0,0,-1,0,0,0,0,0,0,0,0,0,0,0,0,0,0,0
00087226,29,1,2,0,0,0,0,0,4,0,0,4,0,0,0,0,0,0,0,0,0,0,0,0,27,3,2,0,0,0,0,0,4,0,0,4,0,0,0,0,0,0,0,0,0,0,0,0,2,-2,0,0,0,0,0,0,0,0,0,0,0,0,0,0,0,0,0,0,0,0,0,0
00087241,11,0,0,0,0,0,0,1,0,0,0,0,0,0,0,0,0,0,4,0,0,0,2,0,9,0,0,0,0,0,0,3,0,0,0,0,0,0,0,0,0,0,4,0,0,0,2,0,2,0,0,0,0,0,0,-2,0,0,0,0,0,0,0,0,0,0,0,0,0,0,0,0
00087244,16,0,0,4,3,0,1,0,0,0,0,0,0,0,0,0,0,0,0,0,0,0,0,0,15,0,0,4,3,0,2,0,0,0,0,0,0,0,0,0,0,0,0,0,0,0,0,0,1,0,0,0,0,0,-1,0,0,0,0,0,0,0,0,0,0,0,0,0,0,0,0,0
00087282,11,3,2,0,0,0,1,0,0,0,0,0,0,0,0,0,0,0,0,0,0,0,0,0,10,3,2,0,0,0,2,0,0,0,0,0,0,0,0,0,0,0,0,0,0,0,0,0,1,0,0,0,0,0,-1,0,0,0,0,0,0,0,0,0,0,0,0,0,0,0,0,0
00087330,17,0,0,0,0,6,0,0,1,6,0,0,0,0,0,0,0,0,0,0,0,0,0,0,16,0,0,0,0,6,0,0,2,6,0,0,0,0,0,0,0,0,0,0,0,0,0,0,1,0,0,0,0,0,0,0,-1,0,0,0,0,0,0,0,0,0,0,0,0,0,0,0
00087336,20,2,5,0,0,0,0,0,0,0,0,0,0,0,0,0,0,0,0,0,0,3,0,0,19,3,5,0,0,0,0,0,0,0,0,0,0,0,0,0,0,0,0,0,0,3,0,0,1,-1,0,0,0,0,0,0,0,0,0,0,0,0,0,0,0,0,0,0,0,0,0,0
00087366,12,0,0,0,0,0,1,0,0,0,2,4,5,0,0,0,0,0,0,0,0,0,0,0,11,0,0,0,0,0,2,0,0,0,2,4,5,0,0,0,0,0,0,0,0,0,0,0,1,0,0,0,0,0,-1,0,0,0,0,0,0,0,0,0,0,0,0,0,0,0,0,0
00087369,20,1,0,0,0,12,0,0,0,0,0,0,0,0,7,0,0,0,0,0,0,0,0,0,18,3,0,0,0,12,0,0,0,0,0,0,0,0,7,0,0,0,0,0,0,0,0,0,2,-2,0,0,0,0,0,0,0,0,0,0,0,0,0,0,0,0,0,0,0,0,0,0
00087420,24,3,0,0,0,0,1,3,0,0,0,0,0,0,0,0,0,0,0,0,0,0,0,0,23,3,0,0,0,0,2,3,0,0,0,0,0,0,0,0,0,0,0,0,0,0,0,0,1,0,0,0,0,0,-1,0,0,0,0,0,0,0,0,0,0,0,0,0,0,0,0,0
00087469,15,0,2,4,0,0,0,0,0,0,3,0,0,0,0,0,0,0,0,0,0,0,0,0,14,0,2,4,0,0,0,0,0,0,4,0,0,0,0,0,0,0,0,0,0,0,0,0,1,0,0,0,0,0,0,0,0,0,-1,0,0,0,0,0,0,0,0,0,0,0,0,0
00087497,20,0,0,0,0,0,0,0,1,0,0,0,5,0,0,0,0,0,0,4,5,0,2,0,19,0,0,0,0,0,0,0,2,0,0,0,5,0,0,0,0,0,0,4,5,0,2,0,1,0,0,0,0,0,0,0,-1,0,0,0,0,0,0,0,0,0,0,0,0,0,0,0
00087577,19,0,0,0,0,0,0,0,0,0,7,0,0,0,0,0,0,0,0,0,0,0,0,0,18,0,0,0,0,0,0,0,0,0,8,0,0,0,0,0,0,0,0,0,0,0,0,0,1,0,0,0,0,0,0,0,0,0,-1,0,0,0,0,0,0,0,0,0,0,0,0,0
00087585,21,0,2,0,0,6,1,0,0,0,0,0,0,0,0,0,0,0,5,0,0,3,0,0,20,0,2,0,0,6,2,0,0,0,0,0,0,0,0,0,0,0,5,0,0,3,0,0,1,0,0,0,0,0,-1,0,0,0,0,0,0,0,0,0,0,0,0,0,0,0,0,0
00087679,27,0,0,4,0,0,3,0,2,0,0,0,0,0,0,0,0,0,0,0,0,0,0,0,26,0,0,4,0,0,4,0,2,0,0,0,0,0,0,0,0,0,0,0,0,0,0,0,1,0,0,0,0,0,-1,0,0,0,0,0,0,0,0,0,0,0,0,0,0,0,0,0
00087691,17,0,0,0,0,0,0,2,0,0,0,4,0,0,0,0,0,0,0,0,0,0,2,0,16,0,0,0,0,0,0,3,0,0,0,4,0,0,0,0,0,0,0,0,0,0,2,0,1,0,0,0,0,0,0,-1,0,0,0,0,0,0,0,0,0,0,0,0,0,0,0,0
00087895,18,0,0,0,0,0,0,3,0,0,0,3,0,0,0,0,1,3,0,0,0,6,0,0,17,0,0,0,0,0,0,3,0,0,0,4,0,0,0,0,1,3,0,0,0,6,0,0,1,0,0,0,0,0,0,0,0,0,0,-1,0,0,0,0,0,0,0,0,0,0,0,0
00087989,36,0,0,0,0,0,0,3,1,0,0,0,5,0,0,0,1,0,0,0,0,0,0,0,35,0,0,0,0,0,0,3,2,0,0,0,5,0,0,0,1,0,0,0,0,0,0,0,1,0,0,0,0,0,0,0,-1,0,0,0,0,0,0,0,0,0,0,0,0,0,0,0
00087997,23,1,0,4,0,0,0,0,2,0,0,4,0,0,0,0,0,0,0,0,0,0,0,0,21,3,0,4,0,0,0,0,2,0,0,4,0,0,0,0,0,0,0,0,0,0,0,0,2,-2,0,0,0,0,0,0,0,0,0,0,0,0,0,0,0,0,0,0,0,0,0,0
00088015,7,0,0,4,0,0,0,0,2,0,1,0,5,0,0,0,1,0,0,0,0,0,0,0,6,0,0,4,0,0,0,0,2,0,2,0,5,0,0,0,1,0,0,0,0,0,0,0,1,0,0,0,0,0,0,0,0,0,-1,0,0,0,0,0,0,0,0,0,0,0,0,0
00088065,9,0,0,0,0,0,0,0,0,0,3,0,0,4,0,0,0,0,0,0,0,0,0,0,8,0,0,0,0,0,0,0,0,0,4,0,0,4,0,0,0,0,0,0,0,0,0,0,1,0,0,0,0,0,0,0,0,0,-1,0,0,0,0,0,0,0,0,0,0,0,0,0
00088129,29,1,0,4,0,0,0,3,0,0,2,0,0,0,0,0,0,0,0,0,0,3,0,0,27,3,0,4,0,0,0,3,0,0,2,0,0,0,0,0,0,0,0,0,0,3,0,0,2,-2,0,0,0,0,0,0,0,0,0,0,0,0,0,0,0,0,0,0,0,0,0,0
00088238,15,0,0,4,0,0,1,0,0,0,0,0,0,0,7,0,0,0,0,4,0,0,0,0,14,0,0,4,0,0,2,0,0,0,0,0,0,0,7,0,0,0,0,4,0,0,0,0,1,0,0,0,0,0,-1,0,0,0,0,0,0,0,0,0,0,0,0,0,0,0,0,0
00088278,26,7,0,0,0,0,1,0,0,0,0,0,0,0,0,0,0,0,4,0,0,0,0,0,25,7,0,0,0,0,2,0,0,0,0,0,0,0,0,0,0,0,4,0,0,0,0,0,1,0,0,0,0,0,-1,0,0,0,0,0,0,0,0,0,0,0,0,0,0,0,0,0
00088333,37,1,0,0,0,0,0,0,0,3,0,0,0,0,0,0,0,2,0,0,0,0,0,0,35,3,0,0,0,0,0,0,0,3,0,0,0,0,0,0,0,2,0,0,0,0,0,0,2,-2,0,0,0,0,0,0,0,0,0,0,0,0,0,0,0,0,0,0,0,0,0,0
00088354,25,0,1,0,0,18,0,0,0,0,0,0,0,0,0,1,0,0,0,0,0,0,0,0,24,0,2,0,0,18,0,0,0,0,0,0,0,0,0,1,0,0,0,0,0,0,0,0,1,0,-1,0,0,0,0,0,0,0,0,0,0,0,0,0,0,0,0,0,0,0,0,0
00088387,26,0,0,0,0,0,0,0,1,4,0,0,0,0,7,0,0,0,0,0,0,0,2,0,23,0,0,0,0,0,0,0,2,6,0,0,0,0,7,0,0,0,0,0,0,0,2,0,3,0,0,0,0,0,0,0,-1,-2,0,0,0,0,0,0,0,0,0,0,0,0,0,0
00088478,14,1,2,0,3,0,0,0,0,3,0,0,0,0,0,0,0,0,0,0,5,0,0,0,12,3,2,0,3,0,0,0,0,3,0,0,0,0,0,0,0,0,0,0,5,0,0,0,2,-2,0,0,0,0,0,0,0,0,0,0,0,0,0,0,0,0,0,0,0,0,0,0
00088489,22,0,2,4,0,0,0,0,1,0,0,0,0,4,0,0,0,0,0,0,0,0,0,0,21,0,2,4,0,0,0,0,2,0,0,0,0,4,0,0,0,0,0,0,0,0,0,0,1,0,0,0,0,0,0,0,-1,0,0,0,0,0,0,0,0,0,0,0,0,0,0,0
00088545,15,0,0,4,0,0,0,0,1,0,0,4,0,0,0,0,1,0,0,0,0,0,0,0,14,0,0,4,0,0,0,0,2,0,0,4,0,0,0,0,1,0,0,0,0,0,0,0,1,0,0,0,0,0,0,0,-1,0,0,0,0,0,0,0,0,0,0,0,0,0,0,0
00088594,33,7,0,0,0,0,0,0,0,0,0,0,0,0,0,0,0,0,0,8,0,3,0,0,31,9,0,0,0,0,0,0,0,0,0,0,0,0,0,0,0,0,0,8,0,3,0,0,2,-2,0,0,0,0,0,0,0,0,0,0,0,0,0,0,0,0,0,0,0,0,0,0
00088669,19,0,0,0,0,0,1,0,0,0,2,0,0,0,0,1,1,0,0,0,0,0,0,0,17,0,0,0,0,0,2,0,0,0,3,0,0,0,0,1,1,0,0,0,0,0,0,0,2,0,0,0,0,0,-1,0,0,0,-1,0,0,0,0,0,0,0,0,0,0,0,0,0
00088725,15,0,0,0,0,0,2,0,1,0,0,0,0,0,7,0,0,0,0,0,0,0,0,0,14,0,0,0,0,0,2,0,2,0,0,0,0,0,7,0,0,0,0,0,0,0,0,0,1,0,0,0,0,0,0,0,-1,0,0,0,0,0,0,0,0,0,0,0,0,0,0,0
00088732,28,0,0,4,0,0,0,2,0,0,0,0,0,0,0,0,0,0,0,0,0,3,0,0,27,0,0,4,0,0,0,3,0,0,0,0,0,0,0,0,0,0,0,0,0,3,0,0,1,0,0,0,0,0,0,-1,0,0,0,0,0,0,0,0,0,0,0,0,0,0,0,0
00088739,27,3,0,0,0,0,0,2,0,0,0,0,0,4,0,0,0,0,0,0,0,0,2,0,26,3,0,0,0,0,0,3,0,0,0,0,0,4,0,0,0,0,0,0,0,0,2,0,1,0,0,0,0,0,0,-1,0,0,0,0,0,0,0,0,0,0,0,0,0,0,0,0
00088747,24,0,0,0,3,0,1,0,0,0,0,3,0,0,0,0,0,0,0,0,0,0,0,0,22,0,0,0,3,0,2,0,0,0,0,4,0,0,0,0,0,0,0,0,0,0,0,0,2,0,0,0,0,0,-1,0,0,0,0,-1,0,0,0,0,0,0,0,0,0,0,0,0
00088777,15,3,4,0,0,0,0,2,2,0,0,0,0,0,0,0,0,0,0,0,0,0,0,0,14,3,4,0,0,0,0,3,2,0,0,0,0,0,0,0,0,0,0,0,0,0,0,0,1,0,0,0,0,0,0,-1,0,0,0,0,0,0,0,0,0,0,0,0,0,0,0,0
00088853,18,0,0,4,0,6,0,0,0,0,1,8,0,0,0,0,0,0,0,0,0,0,0,0,17,0,0,4,0,6,0,0,0,0,2,8,0,0,0,0,0,0,0,0,0,0,0,0,1,0,0,0,0,0,0,0,0,0,-1,0,0,0,0,0,0,0,0,0,0,0,0,0
00088893,21,3,0,0,0,6,0,4,0,0,2,0,0,0,0,0,0,0,0,0,0,0,0,0,19,3,0,0,0,6,0,6,0,0,2,0,0,0,0,0,0,0,0,0,0,0,0,0,2,0,0,0,0,0,0,-2,0,0,0,0,0,0,0,0,0,0,0,0,0,0,0,0
00088918,17,3,0,4,0,12,2,3,0,0,0,0,0,0,0,0,0,0,0,0,0,0,0,0,15,3,0,4,0,12,4,3,0,0,0,0,0,0,0,0,0,0,0,0,0,0,0,0,2,0,0,0,0,0,-2,0,0,0,0,0,0,0,0,0,0,0,0,0,0,0,0,0
00088977,26,1,2,0,0,0,0,0,0,0,0,0,0,0,0,1,0,0,0,0,0,0,0,0,24,3,2,0,0,0,0,0,0,0,0,0,0,0,0,1,0,0,0,0,0,0,0,0,2,-2,0,0,0,0,0,0,0,0,0,0,0,0,0,0,0,0,0,0,0,0,0,0
00088995,15,3,0,4,0,0,1,0,1,0,0,0,0,0,0,0,0,0,0,0,0,0,0,0,13,3,0,4,0,0,2,0,2,0,0,0,0,0,0,0,0,0,0,0,0,0,0,0,2,0,0,0,0,0,-1,0,-1,0,0,0,0,0,0,0,0,0,0,0,0,0,0,0
00089010,26,0,0,4,0,0,0,3,0,0,0,3,0,4,0,0,0,0,0,0,0,0,0,0,25,0,0,4,0,0,0,3,0,0,0,4,0,4,0,0,0,0,0,0,0,0,0,0,1,0,0,0,0,0,0,0,0,0,0,-1,0,0,0,0,0,0,0,0,0,0,0,0
00089032,23,1,2,0,3,0,0,0,0,0,2,0,0,0,0,0,0,0,0,4,0,0,0,0,21,3,2,0,3,0,0,0,0,0,2,0,0,0,0,0,0,0,0,4,0,0,0,0,2,-2,0,0,0,0,0,0,0,0,0,0,0,0,0,0,0,0,0,0,0,0,0,0
00089120,15,1,2,0,0,6,0,0,0,0,0,0,0,0,0,0,0,0,0,4,0,0,0,0,13,3,2,0,0,6,0,0,0,0,0,0,0,0,0,0,0,0,0,4,0,0,0,0,2,-2,0,0,0,0,0,0,0,0,0,0,0,0,0,0,0,0,0,0,0,0,0,0
00089349,30,7,0,0,0,0,2,0,0,0,0,8,0,0,0,0,0,0,4,0,0,0,0,0,26,9,0,0,0,0,4,0,0,0,0,8,0,0,0,0,0,0,4,0,0,0,0,0,4,-2,0,0,0,0,-2,0,0,0,0,0,0,0,0,0,0,0,0,0,0,0,0,0
00089418,18,1,0,0,0,6,0,0,0,0,2,0,0,0,0,0,0,0,0,0,0,0,0,0,16,3,0,0,0,6,0,0,0,0,2,0,0,0,0,0,0,0,0,0,0,0,0,0,2,-2,0,0,0,0,0,0,0,0,0,0,0,0,0,0,0,0,0,0,0,0,0,0
00089590,15,4,0,0,3,0,0,0,1,0,0,0,0,0,0,1,0,0,0,0,0,0,0,0,14,4,0,0,3,0,0,0,2,0,0,0,0,0,0,1,0,0,0,0,0,0,0,0,1,0,0,0,0,0,0,0,-1,0,0,0,0,0,0,0,0,0,0,0,0,0,0,0
00089599,14,2,0,0,0,0,0,0,2,0,0,4,0,4,0,0,0,0,0,0,0,0,0,0,13,3,0,0,0,0,0,0,2,0,0,4,0,4,0,0,0,0,0,0,0,0,0,0,1,-1,0,0,0,0,0,0,0,0,0,0,0,0,0,0,0,0,0,0,0,0,0,0
00089621,26,0,0,0,0,0,0,3,0,0,0,0,0,4,0,0,0,0,0,3,0,0,2,0,25,0,0,0,0,0,0,3,0,0,0,0,0,4,0,0,0,0,0,4,0,0,2,0,1,0,0,0,0,0,0,0,0,0,0,0,0,0,0,0,0,0,0,-1,0,0,0,0
00089637,23,0,0,4,0,0,0,0,0,0,0,4,0,0,0,0,1,0,0,0,5,0,0,0,21,0,2,4,0,0,0,0,0,0,0,4,0,0,0,0,1,0,0,0,5,0,0,0,2,0,-2,0,0,0,0,0,0,0,0,0,0,0,0,0,0,0,0,0,0,0,0,0
00089679,39,5,0,0,0,0,0,3,0,0,0,0,0,0,0,0,0,2,0,0,0,0,0,0,37,7,0,0,0,0,0,3,0,0,0,0,0,0,0,0,0,2,0,0,0,0,0,0,2,-2,0,0,0,0,0,0,0,0,0,0,0,0,0,0,0,0,0,0,0,0,0,0
00089864,17,1,0,4,0,0,0,0,0,0,0,0,0,4,0,0,0,0,0,0,0,0,0,0,15,3,0,4,0,0,0,0,0,0,0,0,0,4,0,0,0,0,0,0,0,0,0,0,2,-2,0,0,0,0,0,0,0,0,0,0,0,0,0,0,0,0,0,0,0,0,0,0
00090082,12,3,0,0,0,0,0,1,0,0,0,0,5,0,0,0,1,0,0,0,0,0,2,0,10,3,0,0,0,0,0,3,0,0,0,0,5,0,0,0,1,0,0,0,0,0,2,0,2,0,0,0,0,0,0,-2,0,0,0,0,0,0,0,0,0,0,0,0,0,0,0,0
00090141,13,7,0,0,0,0,0,0,0,0,2,4,0,0,0,0,0,0,0,0,0,0,2,0,12,8,0,0,0,0,0,0,0,0,2,4,0,0,0,0,0,0,0,0,0,0,2,0,1,-1,0,0,0,0,0,0,0,0,0,0,0,0,0,0,0,0,0,0,0,0,0,0
00090268,21,0,0,4,0,0,0,0,1,0,0,4,0,0,0,0,0,0,0,0,0,0,0,0,20,0,0,4,0,0,0,0,2,0,0,4,0,0,0,0,0,0,0,0,0,0,0,0,1,0,0,0,0,0,0,0,-1,0,0,0,0,0,0,0,0,0,0,0,0,0,0,0
00090308,13,0,0,0,0,6,0,0,1,0,0,0,0,0,0,0,1,2,0,0,0,0,0,0,12,0,0,0,0,6,0,0,2,0,0,0,0,0,0,0,1,2,0,0,0,0,0,0,1,0,0,0,0,0,0,0,-1,0,0,0,0,0,0,0,0,0,0,0,0,0,0,0
00090349,39,3,2,0,0,0,0,0,0,3,0,0,0,0,0,0,0,0,0,0,0,0,0,0,37,3,4,0,0,0,0,0,0,3,0,0,0,0,0,0,0,0,0,0,0,0,0,0,2,0,-2,0,0,0,0,0,0,0,0,0,0,0,0,0,0,0,0,0,0,0,0,0
00090394,21,0,0,0,0,0,0,0,2,0,3,0,0,0,0,0,1,0,0,0,0,0,0,0,20,0,0,0,0,0,0,0,2,0,4,0,0,0,0,0,1,0,0,0,0,0,0,0,1,0,0,0,0,0,0,0,0,0,-1,0,0,0,0,0,0,0,0,0,0,0,0,0
00090410,14,0,0,0,0,12,1,0,0,0,0,0,0,4,0,0,0,0,0,0,0,0,0,0,13,0,0,0,0,12,2,0,0,0,0,0,0,4,0,0,0,0,0,0,0,0,0,0,1,0,0,0,0,0,-1,0,0,0,0,0,0,0,0,0,0,0,0,0,0,0,0,0
00090459,17,0,2,0,0,0,0,3,0,0,0,0,0,0,0,0,0,2,0,7,0,0,0,0,16,0,2,0,0,0,0,3,0,0,0,0,0,0,0,0,0,2,0,8,0,0,0,0,1,0,0,0,0,0,0,0,0,0,0,0,0,0,0,0,0,0,0,-1,0,0,0,0
00090492,17,2,0,0,0,0,0,3,0,3,0,0,0,0,0,0,0,0,0,0,0,0,0,0,16,3,0,0,0,0,0,3,0,3,0,0,0,0,0,0,0,0,0,0,0,0,0,0,1,-1,0,0,0,0,0,0,0,0,0,0,0,0,0,0,0,0,0,0,0,0,0,0
00090531,15,0,2,0,0,0,1,0,0,0,0,0,0,0,0,0,0,0,0,4,5,0,0,0,14,0,2,0,0,0,2,0,0,0,0,0,0,0,0,0,0,0,0,4,5,0,0,0,1,0,0,0,0,0,-1,0,0,0,0,0,0,0,0,0,0,0,0,0,0,0,0,0
00090592,20,0,0,0,0,0,0,3,1,0,2,0,0,0,0,0,0,0,4,0,0,0,0,0,19,0,0,0,0,0,0,3,2,0,2,0,0,0,0,0,0,0,4,0,0,0,0,0,1,0,0,0,0,0,0,0,-1,0,0,0,0,0,0,0,0,0,0,0,0,0,0,0
00090602,17,0,0,4,0,0,3,0,0,0,0,0,0,0,0,0,0,0,0,3,0,0,0,0,16,0,0,4,0,0,4,0,0,0,0,0,0,0,0,0,0,0,0,3,0,0,0,0,1,0,0,0,0,0,-1,0,0,0,0,0,0,0,0,0,0,0,0,0,0,0,0,0
00090633,11,0,0,0,0,12,0,0,0,0,0,0,0,4,0,0,1,0,0,0,0,0,0,0,10,0,0,0,0,12,0,0,0,0,0,0,0,4,0,0,2,0,0,0,0,0,0,0,1,0,0,0,0,0,0,0,0,0,0,0,0,0,0,0,-1,0,0,0,0,0,0,0
00090686,15,0,0,0,0,0,4,0,0,0,0,0,0,0,0,0,1,0,4,0,5,0,0,0,14,0,0,0,0,0,5,0,0,0,0,0,0,0,0,0,1,0,4,0,5,0,0,0,1,0,0,0,0,0,-1,0,0,0,0,0,0,0,0,0,0,0,0,0,0,0,0,0
00090698,35,0,0,0,0,6,1,0,0,0,0,0,0,0,0,0,0,2,0,0,0,0,0,0,33,0,0,0,0,6,3,0,0,0,0,0,0,0,0,0,0,2,0,0,0,0,0,0,2,0,0,0,0,0,-2,0,0,0,0,0,0,0,0,0,0,0,0,0,0,0,0,0
00090731,17,0,0,0,0,0,0,0,0,0,0,4,0,4,0,0,0,2,0,0,0,0,0,0,14,0,0,0,0,0,0,0,3,0,0,4,0,4,0,0,0,2,0,0,0,0,0,0,3,0,0,0,0,0,0,0,-3,0,0,0,0,0,0,0,0,0,0,0,0,0,0,0
00090834,17,1,0,0,0,0,0,0,0,3,2,4,0,0,0,0,0,0,0,0,0,0,2,0,15,3,0,0,0,0,0,0,0,3,2,4,0,0,0,0,0,0,0,0,0,0,2,0,2,-2,0,0,0,0,0,0,0,0,0,0,0,0,0,0,0,0,0,0,0,0,0,0
00090915,13,2,0,4,3,0,0,0,0,0,0,0,0,0,0,0,0,0,0,0,0,0,0,0,12,3,0,4,3,0,0,0,0,0,0,0,0,0,0,0,0,0,0,0,0,0,0,0,1,-1,0,0,0,0,0,0,0,0,0,0,0,0,0,0,0,0,0,0,0,0,0,0
00090944,18,0,0,0,0,6,1,0,0,0,0,0,0,0,0,1,0,0,0,0,0,0,0,0,17,0,0,0,0,6,2,0,0,0,0,0,0,0,0,1,0,0,0,0,0,0,0,0,1,0,0,0,0,0,-1,0,0,0,0,0,0,0,0,0,0,0,0,0,0,0,0,0
00091141,13,5,0,4,0,0,0,0,0,0,0,0,0,0,0,0,0,0,0,0,0,0,2,0,12,6,0,4,0,0,0,0,0,0,0,0,0,0,0,0,0,0,0,0,0,0,2,0,1,-1,0,0,0,0,0,0,0,0,0,0,0,0,0,0,0,0,0,0,0,0,0,0
00091163,19,0,0,0,0,6,1,0,0,0,0,4,0,0,0,1,0,0,0,0,0,0,0,0,18,0,0,0,0,6,2,0,0,0,0,4,0,0,0,1,0,0,0,0,0,0,0,0,1,0,0,0,0,0,-1,0,0,0,0,0,0,0,0,0,0,0,0,0,0,0,0,0
00091176,30,0,0,4,0,0,0,0,0,0,0,0,0,0,0,0,0,0,0,0,0,0,2,0,28,0,2,4,0,0,0,0,0,0,0,0,0,0,0,0,0,0,0,0,0,0,2,0,2,0,-2,0,0,0,0,0,0,0,0,0,0,0,0,0,0,0,0,0,0,0,0,0
00091221,20,2,0,0,0,0,0,0,0,0,4,0,0,0,0,0,0,0,0,0,0,0,0,0,19,3,0,0,0,0,0,0,0,0,4,0,0,0,0,0,0,0,0,0,0,0,0,0,1,-1,0,0,0,0,0,0,0,0,0,0,0,0,0,0,0,0,0,0,0,0,0,0
00091231,18,0,0,0,0,0,0,4,0,0,0,0,0,4,0,0,0,0,0,0,0,3,0,0,16,0,0,0,0,0,0,6,0,0,0,0,0,4,0,0,0,0,0,0,0,3,0,0,2,0,0,0,0,0,0,-2,0,0,0,0,0,0,0,0,0,0,0,0,0,0,0,0
00091237,22,1,0,0,0,0,0,3,0,0,0,0,0,0,0,0,1,0,0,0,5,0,0,0,20,3,0,0,0,0,0,3,0,0,0,0,0,0,0,0,1,0,0,0,5,0,0,0,2,-2,0,0,0,0,0,0,0,0,0,0,0,0,0,0,0,0,0,0,0,0,0,0
00091301,21,3,0,4,0,0,1,0,0,0,0,0,0,0,0,0,0,0,0,0,0,0,2,0,20,3,0,4,0,0,2,0,0,0,0,0,0,0,0,0,0,0,0,0,0,0,2,0,1,0,0,0,0,0,-1,0,0,0,0,0,0,0,0,0,0,0,0,0,0,0,0,0
00091411,20,0,0,4,0,0,0,0,1,0,0,4,0,0,0,0,0,0,0,0,0,0,0,0,19,0,0,4,0,0,0,0,2,0,0,4,0,0,0,0,0,0,0,0,0,0,0,0,1,0,0,0,0,0,0,0,-1,0,0,0,0,0,0,0,0,0,0,0,0,0,0,0
00091412,26,1,0,0,3,0,0,0,0,0,2,0,0,0,0,2,0,0,0,0,0,0,2,0,24,3,0,0,3,0,0,0,0,0,2,0,0,0,0,2,0,0,0,0,0,0,2,0,2,-2,0,0,0,0,0,0,0,0,0,0,0,0,0,0,0,0,0,0,0,0,0,0
00091481,14,0,0,0,0,0,0,0,0,2,0,0,0,0,0,0,0,0,0,4,0,3,2,0,13,0,0,0,0,0,0,0,0,3,0,0,0,0,0,0,0,0,0,4,0,3,2,0,1,0,0,0,0,0,0,0,0,-1,0,0,0,0,0,0,0,0,0,0,0,0,0,0
00091496,42,1,2,0,0,0,0,0,0,0,2,0,0,0,0,0,1,0,0,0,0,0,0,0,40,3,2,0,0,0,0,0,0,0,2,0,0,0,0,0,1,0,0,0,0,0,0,0,2,-2,0,0,0,0,0,0,0,0,0,0,0,0,0,0,0,0,0,0,0,0,0,0
00091536,27,0,0,0,0,0,0,0,2,0,1,0,5,0,0,0,1,0,0,0,0,0,2,0,26,0,0,0,0,0,0,0,2,0,2,0,5,0,0,0,1,0,0,0,0,0,2,0,1,0,0,0,0,0,0,0,0,0,-1,0,0,0,0,0,0,0,0,0,0,0,0,0
00091541,18,1,0,4,0,6,0,9,1,0,0,0,0,0,0,1,0,0,0,0,0,0,0,0,15,3,0,4,0,6,0,9,2,0,0,0,0,0,0,1,0,0,0,0,0,0,0,0,3,-2,0,0,0,0,0,0,-1,0,0,0,0,0,0,0,0,0,0,0,0,0,0,0
00091554,21,1,0,0,0,0,0,0,0,0,0,0,0,0,7,0,0,0,0,0,10,0,0,0,19,3,0,0,0,0,0,0,0,0,0,0,0,0,7,0,0,0,0,0,10,0,0,0,2,-2,0,0,0,0,0,0,0,0,0,0,0,0,0,0,0,0,0,0,0,0,0,0
00091722,30,3,0,0,0,0,0,0,1,0,0,4,0,0,0,0,0,0,0,0,0,0,2,0,29,3,0,0,0,0,0,0,2,0,0,4,0,0,0,0,0,0,0,0,0,0,2,0,1,0,0,0,0,0,0,0,-1,0,0,0,0,0,0,0,0,0,0,0,0,0,0,0
00091773,35,0,0,0,0,6,0,0,5,3,0,0,0,0,0,0,0,0,0,0,0,0,0,0,34,0,0,0,0,6,0,0,6,3,0,0,0,0,0,0,0,0,0,0,0,0,0,0,1,0,0,0,0,0,0,0,-1,0,0,0,0,0,0,0,0,0,0,0,0,0,0,0
00091802,21,0,0,0,0,0,0,0,0,0,0,2,0,0,0,2,0,0,0,0,0,3,0,0,19,0,0,0,0,0,0,0,0,0,0,4,0,0,0,2,0,0,0,0,0,3,0,0,2,0,0,0,0,0,0,0,0,0,0,-2,0,0,0,0,0,0,0,0,0,0,0,0
00091984,33,1,2,0,0,0,0,0,3,0,0,4,0,0,0,0,0,0,0,0,0,0,0,0,30,3,2,0,0,0,0,0,4,0,0,4,0,0,0,0,0,0,0,0,0,0,0,0,3,-2,0,0,0,0,0,0,-1,0,0,0,0,0,0,0,0,0,0,0,0,0,0,0
00092036,20,0,0,0,3,6,1,0,0,3,0,0,0,0,0,0,0,0,0,0,0,0,0,0,19,0,0,0,3,6,2,0,0,3,0,0,0,0,0,0,0,0,0,0,0,0,0,0,1,0,0,0,0,0,-1,0,0,0,0,0,0,0,0,0,0,0,0,0,0,0,0,0
00092079,13,0,0,0,0,0,0,2,0,3,0,0,0,4,7,0,0,0,0,0,0,0,0,0,12,0,0,0,0,0,0,3,0,3,0,0,0,4,7,0,0,0,0,0,0,0,0,0,1,0,0,0,0,0,0,-1,0,0,0,0,0,0,0,0,0,0,0,0,0,0,0,0
00092198,25,0,0,4,0,0,0,0,0,2,0,4,0,0,0,0,1,0,0,0,0,0,0,0,24,0,0,4,0,0,0,0,0,3,0,4,0,0,0,0,1,0,0,0,0,0,0,0,1,0,0,0,0,0,0,0,0,-1,0,0,0,0,0,0,0,0,0,0,0,0,0,0
00092240,8,0,0,0,3,0,0,0,2,0,0,4,0,0,0,0,0,0,0,0,0,0,0,0,6,0,2,0,3,0,0,0,2,0,0,4,0,0,0,0,0,0,0,0,0,0,0,0,2,0,-2,0,0,0,0,0,0,0,0,0,0,0,0,0,0,0,0,0,0,0,0,0
00092248,14,1,0,0,0,0,2,0,0,0,0,0,0,4,0,0,1,0,0,0,0,0,0,0,12,3,0,0,0,0,2,0,0,0,0,0,0,4,0,0,1,0,0,0,0,0,0,0,2,-2,0,0,0,0,0,0,0,0,0,0,0,0,0,0,0,0,0,0,0,0,0,0
00092249,27,1,0,0,0,0,0,0,0,0,0,0,5,4,7,0,0,0,0,0,0,0,0,0,25,3,0,0,0,0,0,0,0,0,0,0,5,4,7,0,0,0,0,0,0,0,0,0,2,-2,0,0,0,0,0,0,0,0,0,0,0,0,0,0,0,0,0,0,0,0,0,0
00092323,18,0,0,4,0,7,0,0,1,0,0,0,0,0,7,0,0,0,0,0,0,0,0,0,16,0,0,4,0,7,0,0,3,0,0,0,0,0,7,0,0,0,0,0,0,0,0,0,2,0,0,0,0,0,0,0,-2,0,0,0,0,0,0,0,0,0,0,0,0,0,0,0
00092342,20,4,0,0,0,0,0,0,0,0,0,3,0,0,0,0,0,2,0,0,0,0,0,0,17,6,0,0,0,0,0,0,0,0,0,4,0,0,0,0,0,2,0,0,0,0,0,0,3,-2,0,0,0,0,0,0,0,0,0,-1,0,0,0,0,0,0,0,0,0,0,0,0
00092344,13,0,0,0,0,0,0,0,1,0,0,0,5,0,0,1,0,2,0,0,0,0,0,0,12,0,0,0,0,0,0,0,2,0,0,0,5,0,0,1,0,2,0,0,0,0,0,0,1,0,0,0,0,0,0,0,-1,0,0,0,0,0,0,0,0,0,0,0,0,0,0,0
00092346,16,0,0,4,0,0,0,0,1,0,2,0,0,0,0,1,0,0,0,0,0,0,0,0,15,0,0,4,0,0,0,0,2,0,2,0,0,0,0,1,0,0,0,0,0,0,0,0,1,0,0,0,0,0,0,0,-1,0,0,0,0,0,0,0,0,0,0,0,0,0,0,0
00092432,12,2,3,0,0,0,0,0,0,0,0,0,5,0,0,0,1,0,0,0,0,0,0,0,11,3,3,0,0,0,0,0,0,0,0,0,5,0,0,0,1,0,0,0,0,0,0,0,1,-1,0,0,0,0,0,0,0,0,0,0,0,0,0,0,0,0,0,0,0,0,0,0
00092477,15,1,0,4,3,0,0,0,0,0,0,0,0,0,0,0,0,0,0,0,0,0,0,0,13,3,0,4,3,0,0,0,0,0,0,0,0,0,0,0,0,0,0,0,0,0,0,0,2,-2,0,0,0,0,0,0,0,0,0,0,0,0,0,0,0,0,0,0,0,0,0,0
00092479,15,4,0,0,0,6,0,0,0,3,0,0,0,0,0,0,0,0,0,0,0,0,0,0,13,6,0,0,0,6,0,0,0,3,0,0,0,0,0,0,0,0,0,0,0,0,0,0,2,-2,0,0,0,0,0,0,0,0,0,0,0,0,0,0,0,0,0,0,0,0,0,0
00092607,31,1,2,4,0,0,0,0,0,0,0,0,0,0,7,1,0,0,0,0,0,3,0,0,29,3,2,4,0,0,0,0,0,0,0,0,0,0,7,1,0,0,0,0,0,3,0,0,2,-2,0,0,0,0,0,0,0,0,0,0,0,0,0,0,0,0,0,0,0,0,0,0
00092633,16,1,0,0,0,0,0,0,4,0,0,0,0,0,0,0,0,0,0,0,0,0,0,0,14,3,0,0,0,0,0,0,4,0,0,0,0,0,0,0,0,0,0,0,0,0,0,0,2,-2,0,0,0,0,0,0,0,0,0,0,0,0,0,0,0,0,0,0,0,0,0,0
00092688,38,0,0,0,0,0,1,0,0,0,0,4,0,0,7,0,0,0,0,0,0,3,0,0,37,0,0,0,0,0,2,0,0,0,0,4,0,0,7,0,0,0,0,0,0,3,0,0,1,0,0,0,0,0,-1,0,0,0,0,0,0,0,0,0,0,0,0,0,0,0,0,0
00092730,11,0,2,0,0,0,0,0,3,0,0,0,0,0,0,0,1,0,0,0,0,0,0,0,10,0,2,0,0,0,0,0,4,0,0,0,0,0,0,0,1,0,0,0,0,0,0,0,1,0,0,0,0,0,0,0,-1,0,0,0,0,0,0,0,0,0,0,0,0,0,0,0
00092751,18,5,0,0,0,0,0,3,0,0,0,0,0,0,7,0,0,0,0,0,0,0,0,0,17,6,0,0,0,0,0,3,0,0,0,0,0,0,7,0,0,0,0,0,0,0,0,0,1,-1,0,0,0,0,0,0,0,0,0,0,0,0,0,0,0,0,0,0,0,0,0,0
00092820,12,0,0,4,0,0,0,0,0,0,0,0,0,0,0,0,1,4,0,0,0,0,0,0,11,0,0,4,0,0,0,0,0,0,0,0,0,0,0,1,1,4,0,0,0,0,0,0,1,0,0,0,0,0,0,0,0,0,0,0,0,0,0,-1,0,0,0,0,0,0,0,0
00092828,14,3,0,0,0,0,0,0,0,2,0,0,0,0,0,0,0,0,4,4,0,0,0,0,13,3,0,0,0,0,0,0,0,3,0,0,0,0,0,0,0,0,4,4,0,0,0,0,1,0,0,0,0,0,0,0,0,-1,0,0,0,0,0,0,0,0,0,0,0,0,0,0
00092905,35,0,0,0,3,0,0,0,1,0,0,4,5,0,0,0,0,0,0,0,5,0,0,0,34,0,0,0,3,0,0,0,2,0,0,4,5,0,0,0,0,0,0,0,5,0,0,0,1,0,0,0,0,0,0,0,-1,0,0,0,0,0,0,0,0,0,0,0,0,0,0,0
00092909,20,0,0,4,0,0,1,0,0,0,0,0,0,4,0,0,1,0,0,0,0,0,0,0,19,0,0,4,0,0,2,0,0,0,0,0,0,4,0,0,1,0,0,0,0,0,0,0,1,0,0,0,0,0,-1,0,0,0,0,0,0,0,0,0,0,0,0,0,0,0,0,0
00092958,17,3,0,0,0,6,0,0,0,0,1,4,0,0,0,0,0,0,0,0,0,0,0,0,16,3,0,0,0,6,0,0,0,0,2,4,0,0,0,0,0,0,0,0,0,0,0,0,1,0,0,0,0,0,0,0,0,0,-1,0,0,0,0,0,0,0,0,0,0,0,0,0
00093050,12,0,0,0,0,0,0,0,0,0,0,0,0,4,0,0,1,0,0,0,0,0,2,0,11,0,0,0,0,0,0,0,0,0,0,0,0,4,0,1,1,0,0,0,0,0,2,0,1,0,0,0,0,0,0,0,0,0,0,0,0,0,0,-1,0,0,0,0,0,0,0,0
00093066,18,0,0,0,0,0,0,0,0,0,0,0,5,0,0,0,1,0,0,0,0,0,4,0,16,0,2,0,0,0,0,0,0,0,0,0,5,0,0,0,1,0,0,0,0,0,4,0,2,0,-2,0,0,0,0,0,0,0,0,0,0,0,0,0,0,0,0,0,0,0,0,0
00093102,25,1,2,4,0,0,0,0,0,0,0,0,5,0,0,0,0,0,0,0,0,0,2,0,23,3,2,4,0,0,0,0,0,0,0,0,5,0,0,0,0,0,0,0,0,0,2,0,2,-2,0,0,0,0,0,0,0,0,0,0,0,0,0,0,0,0,0,0,0,0,0,0
00093128,12,0,0,0,0,0,2,0,0,2,0,4,5,0,0,1,0,0,0,0,0,0,0,0,11,0,0,0,0,0,2,0,0,3,0,4,5,0,0,1,0,0,0,0,0,0,0,0,1,0,0,0,0,0,0,0,0,-1,0,0,0,0,0,0,0,0,0,0,0,0,0,0
00093207,15,3,0,4,0,0,0,0,2,0,0,0,0,4,0,0,0,0,0,0,0,0,0,0,14,4,0,4,0,0,0,0,2,0,0,0,0,4,0,0,0,0,0,0,0,0,0,0,1,-1,0,0,0,0,0,0,0,0,0,0,0,0,0,0,0,0,0,0,0,0,0,0
00093296,24,0,0,0,0,6,0,0,1,0,0,3,0,0,0,1,0,0,0,0,0,0,0,0,22,0,0,0,0,6,0,0,2,0,0,4,0,0,0,1,0,0,0,0,0,0,0,0,2,0,0,0,0,0,0,0,-1,0,0,-1,0,0,0,0,0,0,0,0,0,0,0,0
00093309,18,2,4,0,0,0,0,0,0,0,0,0,0,0,0,0,0,0,0,0,5,0,0,0,17,3,4,0,0,0,0,0,0,0,0,0,0,0,0,0,0,0,0,0,5,0,0,0,1,-1,0,0,0,0,0,0,0,0,0,0,0,0,0,0,0,0,0,0,0,0,0,0
00093323,20,3,0,0,0,0,0,0,2,0,0,4,0,0,7,0,0,0,0,0,0,0,0,0,18,3,0,0,0,0,0,0,4,0,0,4,0,0,7,0,0,0,0,0,0,0,0,0,2,0,0,0,0,0,0,0,-2,0,0,0,0,0,0,0,0,0,0,0,0,0,0,0
00093416,12,0,0,0,0,0,0,0,0,2,0,3,0,0,0,0,0,0,4,0,0,3,0,0,10,0,0,0,0,0,0,0,0,3,0,4,0,0,0,0,0,0,4,0,0,3,0,0,2,0,0,0,0,0,0,0,0,-1,0,-1,0,0,0,0,0,0,0,0,0,0,0,0
00093499,25,0,2,0,0,0,0,0,0,2,0,0,0,0,0,1,0,0,0,0,0,0,2,0,24,0,2,0,0,0,0,0,0,3,0,0,0,0,0,1,0,0,0,0,0,0,2,0,1,0,0,0,0,0,0,0,0,-1,0,0,0,0,0,0,0,0,0,0,0,0,0,0
00093612,26,1,2,0,0,0,0,3,0,0,0,4,5,0,0,0,0,0,0,0,0,0,0,0,24,3,2,0,0,0,0,3,0,0,0,4,5,0,0,0,0,0,0,0,0,0,0,0,2,-2,0,0,0,0,0,0,0,0,0,0,0,0,0,0,0,0,0,0,0,0,0,0
00093613,13,0,0,0,0,0,1,0,0,0,0,4,10,0,0,0,0,0,0,0,0,0,0,0,12,0,0,0,0,0,2,0,0,0,0,4,10,0,0,0,0,0,0,0,0,0,0,0,1,0,0,0,0,0,-1,0,0,0,0,0,0,0,0,0,0,0,0,0,0,0,0,0
00093686,24,3,0,0,0,6,3,0,0,0,0,0,0,0,0,0,0,0,0,0,0,0,0,0,23,3,0,0,0,6,4,0,0,0,0,0,0,0,0,0,0,0,0,0,0,0,0,0,1,0,0,0,0,0,-1,0,0,0,0,0,0,0,0,0,0,0,0,0,0,0,0,0
00093696,19,0,2,0,0,0,0,0,2,0,0,0,0,4,0,0,1,0,0,0,0,0,0,0,18,0,3,0,0,0,0,0,2,0,0,0,0,4,0,0,1,0,0,0,0,0,0,0,1,0,-1,0,0,0,0,0,0,0,0,0,0,0,0,0,0,0,0,0,0,0,0,0
00093698,13,0,0,0,3,0,1,3,0,0,0,4,0,0,0,0,0,0,0,0,0,0,0,0,12,0,0,0,3,0,2,3,0,0,0,4,0,0,0,0,0,0,0,0,0,0,0,0,1,0,0,0,0,0,-1,0,0,0,0,0,0,0,0,0,0,0,0,0,0,0,0,0
00093761,14,3,0,0,0,0,2,0,0,0,1,0,0,0,0,0,0,0,0,4,0,0,0,0,13,3,0,0,0,0,2,0,0,0,2,0,0,0,0,0,0,0,0,4,0,0,0,0,1,0,0,0,0,0,0,0,0,0,-1,0,0,0,0,0,0,0,0,0,0,0,0,0
00093791,23,6,1,0,0,0,1,3,0,0,0,0,0,0,0,0,0,0,0,0,0,0,0,0,21,6,2,0,0,0,2,3,0,0,0,0,0,0,0,0,0,0,0,0,0,0,0,0,2,0,-1,0,0,0,-1,0,0,0,0,0,0,0,0,0,0,0,0,0,0,0,0,0
00093918,32,1,0,0,0,0,0,1,0,0,0,0,0,0,0,0,1,0,0,4,0,0,0,0,28,3,0,0,0,0,0,3,0,0,0,0,0,0,0,0,1,0,0,4,0,0,0,0,4,-2,0,0,0,0,0,-2,0,0,0,0,0,0,0,0,0,0,0,0,0,0,0,0
00093938,24,0,0,0,0,0,0,0,0,2,0,0,0,0,0,0,0,0,4,0,5,3,0,0,23,0,0,0,0,0,0,0,0,3,0,0,0,0,0,0,0,0,4,0,5,3,0,0,1,0,0,0,0,0,0,0,0,-1,0,0,0,0,0,0,0,0,0,0,0,0,0,0
00093945,4,0,0,0,6,0,0,0,0,0,0,0,0,0,0,0,0,0,0,0,0,3,6,0,3,0,0,0,6,0,0,0,0,0,0,0,0,0,0,0,0,0,0,0,0,3,7,0,1,0,0,0,0,0,0,0,0,0,0,0,0,0,0,0,0,0,0,0,0,0,-1,0
00094025,16,4,0,0,0,0,0,0,0,0,0,0,0,0,0,0,0,0,0,0,5,0,0,0,14,6,0,0,0,0,0,0,0,0,0,0,0,0,0,0,0,0,0,0,5,0,0,0,2,-2,0,0,0,0,0,0,0,0,0,0,0,0,0,0,0,0,0,0,0,0,0,0
00094167,30,1,0,4,0,0,0,0,0,0,0,0,0,0,0,0,0,0,0,0,0,3,2,0,28,3,0,4,0,0,0,0,0,0,0,0,0,0,0,0,0,0,0,0,0,3,2,0,2,-2,0,0,0,0,0,0,0,0,0,0,0,0,0,0,0,0,0,0,0,0,0,0
00094190,20,4,0,0,0,6,0,0,2,0,0,0,5,0,0,0,0,0,0,0,0,0,0,0,18,6,0,0,0,6,0,0,2,0,0,0,5,0,0,0,0,0,0,0,0,0,0,0,2,-2,0,0,0,0,0,0,0,0,0,0,0,0,0,0,0,0,0,0,0,0,0,0
00094193,18,1,0,0,0,6,0,0,0,0,0,4,0,4,0,0,0,0,0,0,5,0,0,0,16,3,0,0,0,6,0,0,0,0,0,4,0,4,0,0,0,0,0,0,5,0,0,0,2,-2,0,0,0,0,0,0,0,0,0,0,0,0,0,0,0,0,0,0,0,0,0,0
00094271,27,0,0,0,0,0,2,2,3,0,0,0,0,0,0,0,0,0,0,0,0,0,0,0,26,0,0,0,0,0,2,3,3,0,0,0,0,0,0,0,0,0,0,0,0,0,0,0,1,0,0,0,0,0,0,-1,0,0,0,0,0,0,0,0,0,0,0,0,0,0,0,0
00094325,15,0,0,0,0,0,0,3,0,0,1,0,0,0,0,1,0,0,0,0,5,0,0,0,14,0,0,0,0,0,0,3,0,0,2,0,0,0,0,1,0,0,0,0,5,0,0,0,1,0,0,0,0,0,0,0,0,0,-1,0,0,0,0,0,0,0,0,0,0,0,0,0
00094383,23,0,0,0,3,0,0,5,0,0,0,0,5,0,0,0,0,0,4,0,0,0,0,0,22,0,0,0,3,0,0,6,0,0,0,0,5,0,0,0,0,0,4,0,0,0,0,0,1,0,0,0,0,0,0,-1,0,0,0,0,0,0,0,0,0,0,0,0,0,0,0,0
00094420,15,3,0,0,0,0,0,0,1,0,0,0,0,0,0,0,0,0,0,4,0,3,0,0,14,3,0,0,0,0,0,0,2,0,0,0,0,0,0,0,0,0,0,4,0,3,0,0,1,0,0,0,0,0,0,0,-1,0,0,0,0,0,0,0,0,0,0,0,0,0,0,0
00094464,18,1,0,0,0,0,0,0,0,0,2,4,0,0,7,0,0,0,0,0,0,0,0,0,16,3,0,0,0,0,0,0,0,0,2,4,0,0,7,0,0,0,0,0,0,0,0,0,2,-2,0,0,0,0,0,0,0,0,0,0,0,0,0,0,0,0,0,0,0,0,0,0
00094473,14,0,1,4,0,6,0,11,0,0,0,0,0,0,0,0,0,2,0,0,0,0,0,0,13,0,2,4,0,6,0,11,0,0,0,0,0,0,0,0,0,2,0,0,0,0,0,0,1,0,-1,0,0,0,0,0,0,0,0,0,0,0,0,0,0,0,0,0,0,0,0,0
00094512,15,3,0,0,0,0,0,0,0,2,0,4,0,0,0,0,0,0,4,0,0,3,0,0,14,3,0,0,0,0,0,0,0,3,0,4,0,0,0,0,0,0,4,0,0,3,0,0,1,0,0,0,0,0,0,0,0,-1,0,0,0,0,0,0,0,0,0,0,0,0,0,0
00094609,16,0,0,0,3,6,1,3,0,2,0,0,0,4,14,0,0,2,0,0,0,0,0,0,14,0,0,0,3,6,2,3,0,3,0,0,0,4,14,0,0,2,0,0,0,0,0,0,2,0,0,0,0,0,-1,0,0,-1,0,0,0,0,0,0,0,0,0,0,0,0,0,0
00094632,37,0,0,0,0,0,0,0,1,0,0,8,0,0,0,0,0,2,0,0,0,0,0,0,36,0,0,0,0,0,0,0,2,0,0,8,0,0,0,0,0,2,0,0,0,0,0,0,1,0,0,0,0,0,0,0,-1,0,0,0,0,0,0,0,0,0,0,0,0,0,0,0
00094660,21,1,0,0,3,0,0,0,0,0,0,0,5,0,0,0,0,0,0,0,0,0,0,0,19,3,0,0,3,0,0,0,0,0,0,0,5,0,0,0,0,0,0,0,0,0,0,0,2,-2,0,0,0,0,0,0,0,0,0,0,0,0,0,0,0,0,0,0,0,0,0,0
00094682,13,0,2,0,0,0,0,0,0,3,0,4,0,0,0,0,0,0,0,0,0,0,0,0,9,0,2,0,0,0,0,0,0,3,0,8,0,0,0,0,0,0,0,0,0,0,0,0,4,0,0,0,0,0,0,0,0,0,0,-4,0,0,0,0,0,0,0,0,0,0,0,0
00094717,32,0,0,0,3,0,0,0,1,0,0,4,0,0,0,0,0,0,0,3,5,0,0,0,30,0,0,0,3,0,0,0,2,0,0,4,0,0,0,0,0,0,0,4,5,0,0,0,2,0,0,0,0,0,0,0,-1,0,0,0,0,0,0,0,0,0,0,-1,0,0,0,0
00094729,12,0,0,0,0,0,0,0,1,0,0,0,0,0,7,0,0,2,0,0,0,0,2,0,11,0,0,0,0,0,0,0,2,0,0,0,0,0,7,0,0,2,0,0,0,0,2,0,1,0,0,0,0,0,0,0,-1,0,0,0,0,0,0,0,0,0,0,0,0,0,0,0
00094756,24,0,0,0,0,12,1,0,0,3,0,0,0,0,0,0,0,0,0,0,0,0,0,0,23,0,0,0,0,12,2,0,0,3,0,0,0,0,0,0,0,0,0,0,0,0,0,0,1,0,0,0,0,0,-1,0,0,0,0,0,0,0,0,0,0,0,0,0,0,0,0,0
00094773,18,0,0,0,0,0,0,0,1,0,0,4,0,0,0,0,0,0,4,0,0,0,0,0,17,0,0,0,0,0,0,0,2,0,0,4,0,0,0,0,0,0,4,0,0,0,0,0,1,0,0,0,0,0,0,0,-1,0,0,0,0,0,0,0,0,0,0,0,0,0,0,0
00094966,21,3,0,0,0,0,0,0,0,0,0,0,5,0,0,0,0,0,0,0,5,0,0,0,19,3,2,0,0,0,0,0,0,0,0,0,5,0,0,0,0,0,0,0,5,0,0,0,2,0,-2,0,0,0,0,0,0,0,0,0,0,0,0,0,0,0,0,0,0,0,0,0
00094980,11,0,0,4,0,6,0,0,1,0,0,0,0,0,0,0,0,0,0,0,0,3,0,0,10,0,0,4,0,6,0,0,2,0,0,0,0,0,0,0,0,0,0,0,0,3,0,0,1,0,0,0,0,0,0,0,-1,0,0,0,0,0,0,0,0,0,0,0,0,0,0,0
00095040,12,0,1,0,0,0,0,0,0,0,0,0,0,0,0,0,2,0,0,0,0,0,0,0,11,0,2,0,0,0,0,0,0,0,0,0,0,0,0,0,2,0,0,0,0,0,0,0,1,0,-1,0,0,0,0,0,0,0,0,0,0,0,0,0,0,0,0,0,0,0,0,0
00095045,24,0,3,0,0,0,0,0,0,3,2,0,0,0,0,0,0,0,0,0,0,0,0,0,22,0,3,0,0,0,0,0,2,3,2,0,0,0,0,0,0,0,0,0,0,0,0,0,2,0,0,0,0,0,0,0,-2,0,0,0,0,0,0,0,0,0,0,0,0,0,0,0
00095064,14,0,2,0,0,6,0,0,0,0,0,4,0,0,0,0,0,0,0,0,0,0,0,0,12,0,4,0,0,6,0,0,0,0,0,4,0,0,0,0,0,0,0,0,0,0,0,0,2,0,-2,0,0,0,0,0,0,0,0,0,0,0,0,0,0,0,0,0,0,0,0,0
00095070,15,0,0,0,3,6,0,2,0,0,0,0,5,0,0,0,0,0,0,0,0,0,0,0,14,0,0,0,3,6,0,3,0,0,0,0,5,0,0,0,0,0,0,0,0,0,0,0,1,0,0,0,0,0,0,-1,0,0,0,0,0,0,0,0,0,0,0,0,0,0,0,0
00095143,13,0,0,0,0,0,1,0,0,0,0,4,5,0,0,1,0,0,0,0,0,0,0,0,12,0,0,0,0,0,2,0,0,0,0,4,5,0,0,1,0,0,0,0,0,0,0,0,1,0,0,0,0,0,-1,0,0,0,0,0,0,0,0,0,0,0,0,0,0,0,0,0
00095164,25,0,0,0,3,0,0,0,0,0,0,7,0,0,0,0,0,0,0,0,5,0,2,0,24,0,0,0,3,0,0,0,0,0,0,8,0,0,0,0,0,0,0,0,5,0,2,0,1,0,0,0,0,0,0,0,0,0,0,-1,0,0,0,0,0,0,0,0,0,0,0,0
00095295,17,0,2,0,0,0,0,0,2,0,0,0,0,0,0,0,0,0,0,0,0,0,0,0,15,0,4,0,0,0,0,0,2,0,0,0,0,0,0,0,0,0,0,0,0,0,0,0,2,0,-2,0,0,0,0,0,0,0,0,0,0,0,0,0,0,0,0,0,0,0,0,0
00095316,19,0,2,0,0,0,0,0,0,0,1,4,0,0,0,1,0,0,0,0,0,0,0,0,18,0,2,0,0,0,0,0,0,0,2,4,0,0,0,1,0,0,0,0,0,0,0,0,1,0,0,0,0,0,0,0,0,0,-1,0,0,0,0,0,0,0,0,0,0,0,0,0
00095369,15,3,0,0,0,0,1,0,0,0,0,4,0,0,0,0,0,0,0,0,0,3,2,0,14,3,0,0,0,0,2,0,0,0,0,4,0,0,0,0,0,0,0,0,0,3,2,0,1,0,0,0,0,0,-1,0,0,0,0,0,0,0,0,0,0,0,0,0,0,0,0,0
00095401,9,0,0,0,0,0,2,0,0,0,0,4,0,0,0,0,0,2,0,7,0,0,0,0,8,0,0,0,0,0,2,0,0,0,0,4,0,0,0,0,0,2,0,8,0,0,0,0,1,0,0,0,0,0,0,0,0,0,0,0,0,0,0,0,0,0,0,-1,0,0,0,0
00095403,27,4,0,0,0,0,0,0,0,3,0,0,0,4,0,0,0,0,0,0,0,0,0,0,25,6,0,0,0,0,0,0,0,3,0,0,0,4,0,0,0,0,0,0,0,0,0,0,2,-2,0,0,0,0,0,0,0,0,0,0,0,0,0,0,0,0,0,0,0,0,0,0
00095419,13,0,0,0,0,0,1,0,0,0,0,0,0,0,0,0,0,0,0,8,0,0,0,0,12,0,0,0,0,0,2,0,0,0,0,0,0,0,0,0,0,0,0,8,0,0,0,0,1,0,0,0,0,0,-1,0,0,0,0,0,0,0,0,0,0,0,0,0,0,0,0,0
00095428,15,0,0,0,0,0,0,3,1,3,2,0,0,0,0,0,1,0,0,0,0,0,0,0,14,0,0,0,0,0,0,3,2,3,2,0,0,0,0,0,1,0,0,0,0,0,0,0,1,0,0,0,0,0,0,0,-1,0,0,0,0,0,0,0,0,0,0,0,0,0,0,0
00095505,33,0,0,0,0,0,1,0,0,0,2,0,0,4,0,0,0,2,0,0,0,0,0,0,32,0,0,0,0,0,2,0,0,0,2,0,0,4,0,0,0,2,0,0,0,0,0,0,1,0,0,0,0,0,-1,0,0,0,0,0,0,0,0,0,0,0,0,0,0,0,0,0
00095646,9,3,0,0,3,0,0,0,1,0,2,0,0,0,0,0,0,0,0,0,0,0,0,0,8,3,0,0,3,0,0,0,2,0,2,0,0,0,0,0,0,0,0,0,0,0,0,0,1,0,0,0,0,0,0,0,-1,0,0,0,0,0,0,0,0,0,0,0,0,0,0,0
00095648,25,1,0,0,0,0,0,0,0,0,0,0,0,4,7,0,0,0,0,0,0,0,0,0,23,3,0,0,0,0,0,0,0,0,0,0,0,4,7,0,0,0,0,0,0,0,0,0,2,-2,0,0,0,0,0,0,0,0,0,0,0,0,0,0,0,0,0,0,0,0,0,0
00095661,17,0,0,0,0,0,1,0,0,0,0,0,0,4,0,0,0,0,0,0,0,3,0,0,16,0,0,0,0,0,2,0,0,0,0,0,0,4,0,0,0,0,0,0,0,3,0,0,1,0,0,0,0,0,-1,0,0,0,0,0,0,0,0,0,0,0,0,0,0,0,0,0
00095681,21,4,0,8,0,0,0,0,0,0,0,0,0,0,0,0,0,0,0,0,5,0,0,0,19,6,0,8,0,0,0,0,0,0,0,0,0,0,0,0,0,0,0,0,5,0,0,0,2,-2,0,0,0,0,0,0,0,0,0,0,0,0,0,0,0,0,0,0,0,0,0,0
00095733,22,0,0,0,0,0,0,0,0,0,0,3,0,0,0,0,1,0,0,0,5,0,2,0,21,0,0,0,0,0,0,0,0,0,0,4,0,0,0,0,1,0,0,0,5,0,2,0,1,0,0,0,0,0,0,0,0,0,0,-1,0,0,0,0,0,0,0,0,0,0,0,0
00095762,25,2,0,0,0,0,0,0,0,0,2,4,0,0,0,0,0,0,0,0,0,0,0,0,21,6,0,0,0,0,0,0,0,0,2,4,0,0,0,0,0,0,0,0,0,0,0,0,4,-4,0,0,0,0,0,0,0,0,0,0,0,0,0,0,0,0,0,0,0,0,0,0
00095795,14,3,0,0,0,0,0,0,0,0,0,7,0,0,0,0,0,4,0,0,0,0,0,0,13,3,0,0,0,0,0,0,0,0,0,8,0,0,0,0,0,4,0,0,0,0,0,0,1,0,0,0,0,0,0,0,0,0,0,-1,0,0,0,0,0,0,0,0,0,0,0,0
00095822,17,0,0,0,0,6,1,0,2,0,0,0,0,0,0,0,0,0,4,0,0,0,2,0,16,0,0,0,0,6,2,0,2,0,0,0,0,0,0,0,0,0,4,0,0,0,2,0,1,0,0,0,0,0,-1,0,0,0,0,0,0,0,0,0,0,0,0,0,0,0,0,0
00095859,11,0,2,0,3,0,0,0,0,0,0,3,5,0,0,0,0,0,0,0,0,0,0,0,10,0,2,0,3,0,0,0,0,0,0,4,5,0,0,0,0,0,0,0,0,0,0,0,1,0,0,0,0,0,0,0,0,0,0,-1,0,0,0,0,0,0,0,0,0,0,0,0
00096135,19,0,0,4,0,0,2,0,1,0,0,0,0,0,0,0,0,0,0,0,0,0,0,0,18,0,0,4,0,0,2,0,2,0,0,0,0,0,0,0,0,0,0,0,0,0,0,0,1,0,0,0,0,0,0,0,-1,0,0,0,0,0,0,0,0,0,0,0,0,0,0,0
00096161,14,1,0,0,0,0,0,0,3,3,0,4,0,0,0,1,0,0,0,0,0,0,0,0,12,3,0,0,0,0,0,0,3,3,0,4,0,0,0,1,0,0,0,0,0,0,0,0,2,-2,0,0,0,0,0,0,0,0,0,0,0,0,0,0,0,0,0,0,0,0,0,0
00096173,29,0,1,0,0,0,0,0,0,0,4,4,0,0,0,0,0,0,0,0,0,0,0,0,28,0,2,0,0,0,0,0,0,0,4,4,0,0,0,0,0,0,0,0,0,0,0,0,1,0,-1,0,0,0,0,0,0,0,0,0,0,0,0,0,0,0,0,0,0,0,0,0
00096197,15,3,0,0,0,0,0,2,0,0,0,0,0,0,0,1,1,0,0,0,0,0,0,0,14,3,0,0,0,0,0,3,0,0,0,0,0,0,0,1,1,0,0,0,0,0,0,0,1,0,0,0,0,0,0,-1,0,0,0,0,0,0,0,0,0,0,0,0,0,0,0,0
00096257,20,0,0,4,0,0,0,0,1,0,0,4,0,0,0,0,0,0,0,0,0,0,0,0,19,0,0,4,0,0,0,0,2,0,0,4,0,0,0,0,0,0,0,0,0,0,0,0,1,0,0,0,0,0,0,0,-1,0,0,0,0,0,0,0,0,0,0,0,0,0,0,0
00096296,33,1,0,4,0,0,0,0,0,0,0,0,0,0,0,0,0,0,0,4,0,0,0,0,31,3,0,4,0,0,0,0,0,0,0,0,0,0,0,0,0,0,0,4,0,0,0,0,2,-2,0,0,0,0,0,0,0,0,0,0,0,0,0,0,0,0,0,0,0,0,0,0
00096383,26,0,0,0,0,0,0,0,1,0,3,0,0,0,0,0,1,0,0,0,0,0,0,0,24,0,0,0,0,0,0,0,2,0,4,0,0,0,0,0,1,0,0,0,0,0,0,0,2,0,0,0,0,0,0,0,-1,0,-1,0,0,0,0,0,0,0,0,0,0,0,0,0
00096422,20,0,2,0,0,0,0,0,4,0,0,3,0,0,0,0,0,0,0,0,0,0,0,0,19,0,2,0,0,0,0,0,4,0,0,4,0,0,0,0,0,0,0,0,0,0,0,0,1,0,0,0,0,0,0,0,0,0,0,-1,0,0,0,0,0,0,0,0,0,0,0,0
00096480,26,1,0,0,0,0,0,2,0,2,0,0,0,0,0,0,0,0,0,0,0,0,0,0,22,3,0,0,0,0,0,3,0,3,0,0,0,0,0,0,0,0,0,0,0,0,0,0,4,-2,0,0,0,0,0,-1,0,-1,0,0,0,0,0,0,0,0,0,0,0,0,0,0
00096612,16,0,2,0,3,0,1,0,0,0,0,4,0,0,0,0,0,0,0,0,0,0,0,0,15,0,2,0,3,0,2,0,0,0,0,4,0,0,0,0,0,0,0,0,0,0,0,0,1,0,0,0,0,0,-1,0,0,0,0,0,0,0,0,0,0,0,0,0,0,0,0,0
00096644,14,0,2,0,0,0,0,0,0,0,0,6,5,4,0,0,0,0,0,0,0,3,4,0,12,0,2,0,0,0,0,0,0,0,0,8,5,4,0,0,0,0,0,0,0,3,4,0,2,0,0,0,0,0,0,0,0,0,0,-2,0,0,0,0,0,0,0,0,0,0,0,0
00096660,18,0,0,0,3,6,1,0,0,0,0,0,0,0,0,0,0,0,0,0,0,0,0,0,17,0,0,0,3,6,2,0,0,0,0,0,0,0,0,0,0,0,0,0,0,0,0,0,1,0,0,0,0,0,-1,0,0,0,0,0,0,0,0,0,0,0,0,0,0,0,0,0
00096685,37,0,0,0,0,6,1,0,0,0,0,0,0,0,0,0,0,2,0,0,0,0,0,0,35,0,0,0,0,6,3,0,0,0,0,0,0,0,0,0,0,2,0,0,0,0,0,0,2,0,0,0,0,0,-2,0,0,0,0,0,0,0,0,0,0,0,0,0,0,0,0,0
00096697,38,0,2,0,0,0,0,0,0,0,2,2,0,0,0,0,0,0,0,0,0,0,0,0,36,0,2,0,0,0,0,0,0,0,2,4,0,0,0,0,0,0,0,0,0,0,0,0,2,0,0,0,0,0,0,0,0,0,0,-2,0,0,0,0,0,0,0,0,0,0,0,0
00096717,18,0,0,0,0,0,0,0,1,0,0,4,0,4,0,0,0,2,0,0,0,0,0,0,17,0,0,0,0,0,0,0,2,0,0,4,0,4,0,0,0,2,0,0,0,0,0,0,1,0,0,0,0,0,0,0,-1,0,0,0,0,0,0,0,0,0,0,0,0,0,0,0
00096720,17,2,0,0,0,0,0,0,0,0,0,4,0,0,0,0,0,0,4,0,0,0,0,0,16,3,0,0,0,0,0,0,0,0,0,4,0,0,0,0,0,0,4,0,0,0,0,0,1,-1,0,0,0,0,0,0,0,0,0,0,0,0,0,0,0,0,0,0,0,0,0,0
00096745,15,0,0,0,0,0,0,0,0,0,3,4,0,0,0,0,0,0,0,0,5,3,0,0,14,0,0,0,0,0,0,0,0,0,4,4,0,0,0,0,0,0,0,0,5,3,0,0,1,0,0,0,0,0,0,0,0,0,-1,0,0,0,0,0,0,0,0,0,0,0,0,0
00096761,14,0,0,0,0,6,0,4,2,0,0,12,0,0,0,0,1,0,0,0,0,0,0,0,12,0,0,0,0,6,0,6,2,0,0,12,0,0,0,0,1,0,0,0,0,0,0,0,2,0,0,0,0,0,0,-2,0,0,0,0,0,0,0,0,0,0,0,0,0,0,0,0
00096779,18,1,0,0,0,0,0,0,0,3,0,0,0,4,0,0,0,0,0,4,0,0,0,0,16,3,0,0,0,0,0,0,0,3,0,0,0,4,0,0,0,0,0,4,0,0,0,0,2,-2,0,0,0,0,0,0,0,0,0,0,0,0,0,0,0,0,0,0,0,0,0,0
00096843,24,1,0,4,3,0,0,0,0,0,2,0,0,0,0,0,0,0,0,0,0,0,2,0,22,3,0,4,3,0,0,0,0,0,2,0,0,0,0,0,0,0,0,0,0,0,2,0,2,-2,0,0,0,0,0,0,0,0,0,0,0,0,0,0,0,0,0,0,0,0,0,0
00096972,19,0,0,4,0,0,0,0,0,0,1,0,0,0,0,0,0,0,0,3,0,0,0,0,17,0,0,4,0,0,0,0,0,0,2,0,0,0,0,0,0,0,0,4,0,0,0,0,2,0,0,0,0,0,0,0,0,0,-1,0,0,0,0,0,0,0,0,-1,0,0,0,0
00096999,19,1,0,0,0,0,2,0,0,0,0,0,0,0,0,0,0,0,0,3,0,0,0,0,16,3,0,0,0,0,2,0,0,0,0,0,0,0,0,0,0,0,0,4,0,0,0,0,3,-2,0,0,0,0,0,0,0,0,0,0,0,0,0,0,0,0,0,-1,0,0,0,0
00097020,19,0,0,0,0,6,0,0,2,0,0,0,0,4,0,1,0,2,0,0,0,0,0,0,17,0,0,0,0,6,0,0,4,0,0,0,0,4,0,1,0,2,0,0,0,0,0,0,2,0,0,0,0,0,0,0,-2,0,0,0,0,0,0,0,0,0,0,0,0,0,0,0
00097095,26,1,0,0,0,0,1,0,0,0,0,0,0,0,0,0,1,0,0,4,0,0,0,0,23,3,0,0,0,0,2,0,0,0,0,0,0,0,0,0,1,0,0,4,0,0,0,0,3,-2,0,0,0,0,-1,0,0,0,0,0,0,0,0,0,0,0,0,0,0,0,0,0
00097193,12,1,0,0,0,0,2,0,0,0,0,0,5,0,0,0,0,0,0,4,0,0,0,0,10,3,0,0,0,0,2,0,0,0,0,0,5,0,0,0,0,0,0,4,0,0,0,0,2,-2,0,0,0,0,0,0,0,0,0,0,0,0,0,0,0,0,0,0,0,0,0,0
00097212,19,0,0,0,0,0,0,0,0,0,0,3,10,0,0,0,0,0,4,0,0,0,0,0,18,0,0,0,0,0,0,0,0,0,0,4,10,0,0,0,0,0,4,0,0,0,0,0,1,0,0,0,0,0,0,0,0,0,0,-1,0,0,0,0,0,0,0,0,0,0,0,0
00097219,25,4,2,0,0,6,0,0,3,0,2,3,0,0,0,0,0,0,0,0,0,0,0,0,21,6,2,0,0,6,0,0,4,0,2,4,0,0,0,0,0,0,0,0,0,0,0,0,4,-2,0,0,0,0,0,0,-1,0,0,-1,0,0,0,0,0,0,0,0,0,0,0,0
00097226,15,3,0,0,0,0,0,2,0,0,0,0,0,0,0,0,1,0,0,0,5,0,0,0,14,3,0,0,0,0,0,3,0,0,0,0,0,0,0,0,1,0,0,0,5,0,0,0,1,0,0,0,0,0,0,-1,0,0,0,0,0,0,0,0,0,0,0,0,0,0,0,0
00097262,39,0,0,0,0,0,2,0,1,0,0,0,0,4,0,0,0,0,0,0,0,0,0,0,38,0,0,0,0,0,2,0,2,0,0,0,0,4,0,0,0,0,0,0,0,0,0,0,1,0,0,0,0,0,0,0,-1,0,0,0,0,0,0,0,0,0,0,0,0,0,0,0
00097290,20,2,0,4,0,0,2,0,0,0,0,0,0,0,0,0,0,0,0,0,0,0,2,0,19,3,0,4,0,0,2,0,0,0,0,0,0,0,0,0,0,0,0,0,0,0,2,0,1,-1,0,0,0,0,0,0,0,0,0,0,0,0,0,0,0,0,0,0,0,0,0,0
00097301,21,0,0,0,3,0,1,0,0,0,0,0,0,0,0,0,0,0,0,0,5,3,0,0,20,0,0,0,3,0,2,0,0,0,0,0,0,0,0,0,0,0,0,0,5,3,0,0,1,0,0,0,0,0,-1,0,0,0,0,0,0,0,0,0,0,0,0,0,0,0,0,0
00097395,26,1,0,0,0,0,1,0,0,3,0,0,0,0,0,0,0,0,0,0,0,0,0,0,23,3,0,0,0,0,2,0,0,3,0,0,0,0,0,0,0,0,0,0,0,0,0,0,3,-2,0,0,0,0,-1,0,0,0,0,0,0,0,0,0,0,0,0,0,0,0,0,0
00097401,13,0,0,0,0,0,0,2,0,3,0,0,0,0,0,0,0,0,0,0,5,0,0,0,12,0,0,0,0,0,0,3,0,3,0,0,0,0,0,0,0,0,0,0,5,0,0,0,1,0,0,0,0,0,0,-1,0,0,0,0,0,0,0,0,0,0,0,0,0,0,0,0
00097475,18,0,0,0,0,0,0,0,1,0,0,0,0,0,0,0,0,0,4,0,5,0,0,0,17,0,0,0,0,0,0,0,2,0,0,0,0,0,0,0,0,0,4,0,5,0,0,0,1,0,0,0,0,0,0,0,-1,0,0,0,0,0,0,0,0,0,0,0,0,0,0,0
00097481,16,0,0,0,0,0,4,0,0,0,7,0,0,0,0,0,0,0,0,0,0,0,0,0,15,0,0,0,0,0,4,0,0,0,8,0,0,0,0,0,0,0,0,0,0,0,0,0,1,0,0,0,0,0,0,0,0,0,-1,0,0,0,0,0,0,0,0,0,0,0,0,0
00097499,16,3,0,0,0,0,0,4,0,0,0,0,0,4,0,0,0,2,0,0,0,0,0,0,14,3,0,0,0,0,0,6,0,0,0,0,0,4,0,0,0,2,0,0,0,0,0,0,2,0,0,0,0,0,0,-2,0,0,0,0,0,0,0,0,0,0,0,0,0,0,0,0
00097527,16,3,0,4,0,6,0,10,1,0,0,0,0,0,0,1,0,0,0,0,0,0,0,0,15,3,0,4,0,6,0,10,2,0,0,0,0,0,0,1,0,0,0,0,0,0,0,0,1,0,0,0,0,0,0,0,-1,0,0,0,0,0,0,0,0,0,0,0,0,0,0,0
00097575,13,0,0,0,3,0,0,0,0,0,0,4,0,0,0,0,0,0,0,0,0,0,0,0,12,0,0,0,3,0,0,0,0,0,0,4,0,0,0,1,0,0,0,0,0,0,0,0,1,0,0,0,0,0,0,0,0,0,0,0,0,0,0,-1,0,0,0,0,0,0,0,0
00097670,25,0,0,0,0,0,1,0,0,0,2,0,0,0,0,0,2,0,0,0,0,0,0,0,24,0,0,0,0,0,2,0,0,0,2,0,0,0,0,0,2,0,0,0,0,0,0,0,1,0,0,0,0,0,-1,0,0,0,0,0,0,0,0,0,0,0,0,0,0,0,0,0
00097675,18,3,0,4,0,0,1,0,0,0,0,0,0,0,0,0,0,0,0,0,0,0,0,0,17,3,0,4,0,0,2,0,0,0,0,0,0,0,0,0,0,0,0,0,0,0,0,0,1,0,0,0,0,0,-1,0,0,0,0,0,0,0,0,0,0,0,0,0,0,0,0,0
00097966,34,3,2,0,0,0,0,0,3,0,0,4,0,0,0,0,0,0,0,0,0,0,0,0,33,3,2,0,0,0,0,0,4,0,0,4,0,0,0,0,0,0,0,0,0,0,0,0,1,0,0,0,0,0,0,0,-1,0,0,0,0,0,0,0,0,0,0,0,0,0,0,0
00097973,46,2,0,0,0,0,0,0,0,0,2,0,0,0,0,0,1,0,0,0,0,0,0,0,41,5,2,0,0,0,0,0,0,0,2,0,0,0,0,0,1,0,0,0,0,0,0,0,5,-3,-2,0,0,0,0,0,0,0,0,0,0,0,0,0,0,0,0,0,0,0,0,0
00097975,23,5,0,4,0,0,0,0,0,0,0,0,0,0,0,0,0,0,0,0,0,3,0,0,21,7,0,4,0,0,0,0,0,0,0,0,0,0,0,0,0,0,0,0,0,3,0,0,2,-2,0,0,0,0,0,0,0,0,0,0,0,0,0,0,0,0,0,0,0,0,0,0
00098078,13,3,0,0,0,0,0,0,0,5,0,0,5,0,7,0,0,0,0,4,10,0,0,0,12,3,0,0,0,0,0,0,0,6,0,0,5,0,7,0,0,0,0,4,10,0,0,0,1,0,0,0,0,0,0,0,0,-1,0,0,0,0,0,0,0,0,0,0,0,0,0,0
00098099,21,1,0,0,0,0,0,0,0,0,0,0,5,0,0,0,3,0,0,0,0,0,0,0,19,3,0,0,0,0,0,0,0,0,0,0,5,0,0,0,3,0,0,0,0,0,0,0,2,-2,0,0,0,0,0,0,0,0,0,0,0,0,0,0,0,0,0,0,0,0,0,0
00098182,27,0,0,0,0,0,1,0,0,0,0,0,5,0,0,0,1,0,4,0,0,0,0,0,26,0,0,0,0,0,2,0,0,0,0,0,5,0,0,0,1,0,4,0,0,0,0,0,1,0,0,0,0,0,-1,0,0,0,0,0,0,0,0,0,0,0,0,0,0,0,0,0
00098223,13,0,0,0,3,0,0,0,2,0,0,4,0,0,0,0,0,0,0,0,0,0,0,0,11,0,2,0,3,0,0,0,2,0,0,4,0,0,0,0,0,0,0,0,0,0,0,0,2,0,-2,0,0,0,0,0,0,0,0,0,0,0,0,0,0,0,0,0,0,0,0,0
00098266,30,0,0,0,0,6,0,3,0,0,1,0,0,4,0,0,0,0,4,0,0,0,0,0,29,0,0,0,0,6,0,3,0,0,2,0,0,4,0,0,0,0,4,0,0,0,0,0,1,0,0,0,0,0,0,0,0,0,-1,0,0,0,0,0,0,0,0,0,0,0,0,0
00098325,21,4,0,0,0,0,0,0,0,0,0,4,0,0,0,0,0,2,0,0,0,0,0,0,19,6,0,0,0,0,0,0,0,0,0,4,0,0,0,0,0,2,0,0,0,0,0,0,2,-2,0,0,0,0,0,0,0,0,0,0,0,0,0,0,0,0,0,0,0,0,0,0
00098463,14,4,0,0,0,6,0,0,0,3,0,0,0,0,0,0,0,0,0,0,0,0,0,0,12,6,0,0,0,6,0,0,0,3,0,0,0,0,0,0,0,0,0,0,0,0,0,0,2,-2,0,0,0,0,0,0,0,0,0,0,0,0,0,0,0,0,0,0,0,0,0,0
00098480,15,0,0,0,0,0,0,0,1,0,4,0,0,0,0,1,0,0,0,0,0,0,0,0,14,0,0,0,0,0,0,0,2,0,4,0,0,0,0,1,0,0,0,0,0,0,0,0,1,0,0,0,0,0,0,0,-1,0,0,0,0,0,0,0,0,0,0,0,0,0,0,0
00098553,16,0,0,0,0,0,0,3,0,4,0,0,0,0,7,0,0,0,0,0,0,0,0,0,15,0,0,0,0,0,0,4,0,4,0,0,0,0,7,0,0,0,0,0,0,0,0,0,1,0,0,0,0,0,0,-1,0,0,0,0,0,0,0,0,0,0,0,0,0,0,0,0
00098595,26,0,2,0,0,6,0,1,4,0,0,0,0,0,0,0,0,0,0,0,0,0,0,0,24,0,2,0,0,6,0,3,4,0,0,0,0,0,0,0,0,0,0,0,0,0,0,0,2,0,0,0,0,0,0,-2,0,0,0,0,0,0,0,0,0,0,0,0,0,0,0,0
00098624,22,0,0,4,0,0,0,0,0,2,0,4,0,0,0,0,0,0,0,0,0,0,0,0,21,0,0,4,0,0,0,0,0,3,0,4,0,0,0,0,0,0,0,0,0,0,0,0,1,0,0,0,0,0,0,0,0,-1,0,0,0,0,0,0,0,0,0,0,0,0,0,0
00098672,21,6,0,0,0,0,0,1,0,0,0,0,0,4,0,0,0,0,0,0,0,0,0,0,19,6,0,0,0,0,0,3,0,0,0,0,0,4,0,0,0,0,0,0,0,0,0,0,2,0,0,0,0,0,0,-2,0,0,0,0,0,0,0,0,0,0,0,0,0,0,0,0
00098674,36,0,0,0,0,0,1,0,0,0,0,4,0,0,7,0,0,0,0,0,0,3,0,0,35,0,0,0,0,0,2,0,0,0,0,4,0,0,7,0,0,0,0,0,0,3,0,0,1,0,0,0,0,0,-1,0,0,0,0,0,0,0,0,0,0,0,0,0,0,0,0,0
00098682,16,0,0,4,0,0,2,0,1,0,0,0,0,4,0,0,0,0,0,0,0,0,0,0,15,0,0,4,0,0,2,0,2,0,0,0,0,4,0,0,0,0,0,0,0,0,0,0,1,0,0,0,0,0,0,0,-1,0,0,0,0,0,0,0,0,0,0,0,0,0,0,0
00098683,27,2,0,0,0,0,0,2,0,0,0,0,0,0,0,0,0,0,0,0,0,0,4,0,25,3,0,0,0,0,0,3,0,0,0,0,0,0,0,0,0,0,0,0,0,0,4,0,2,-1,0,0,0,0,0,-1,0,0,0,0,0,0,0,0,0,0,0,0,0,0,0,0
00098771,27,1,2,0,0,0,3,0,0,0,0,4,0,4,14,0,0,0,4,0,0,0,0,0,24,3,2,0,0,0,4,0,0,0,0,4,0,4,14,0,0,0,4,0,0,0,0,0,3,-2,0,0,0,0,-1,0,0,0,0,0,0,0,0,0,0,0,0,0,0,0,0,0
00098802,9,0,2,0,0,0,0,0,0,0,2,1,0,0,0,0,1,0,0,0,0,0,0,0,7,0,2,0,0,0,0,0,0,0,2,3,0,0,0,0,1,0,0,0,0,0,0,0,2,0,0,0,0,0,0,0,0,0,0,-2,0,0,0,0,0,0,0,0,0,0,0,0
00098887,17,0,0,4,0,6,0,0,0,0,0,3,0,0,0,0,1,0,0,0,0,0,0,0,16,0,0,4,0,6,0,0,0,0,0,4,0,0,0,0,1,0,0,0,0,0,0,0,1,0,0,0,0,0,0,0,0,0,0,-1,0,0,0,0,0,0,0,0,0,0,0,0
00098922,11,3,0,0,0,6,0,0,1,0,0,0,0,0,0,0,0,2,0,0,0,0,0,0,10,3,0,0,0,6,0,0,2,0,0,0,0,0,0,0,0,2,0,0,0,0,0,0,1,0,0,0,0,0,0,0,-1,0,0,0,0,0,0,0,0,0,0,0,0,0,0,0
00098957,10,0,3,0,3,0,0,0,0,0,0,7,0,0,0,3,0,0,4,0,0,0,0,0,9,0,3,0,3,0,0,0,0,0,0,8,0,0,0,3,0,0,4,0,0,0,0,0,1,0,0,0,0,0,0,0,0,0,0,-1,0,0,0,0,0,0,0,0,0,0,0,0
00098969,21,1,0,0,0,0,0,0,0,0,0,4,0,4,0,0,0,2,0,0,0,0,0,0,19,3,0,0,0,0,0,0,0,0,0,4,0,4,0,0,0,2,0,0,0,0,0,0,2,-2,0,0,0,0,0,0,0,0,0,0,0,0,0,0,0,0,0,0,0,0,0,0
00099084,22,1,2,4,0,0,0,0,0,0,0,0,5,0,0,0,0,0,0,0,0,0,2,0,20,3,2,4,0,0,0,0,0,0,0,0,5,0,0,0,0,0,0,0,0,0,2,0,2,-2,0,0,0,0,0,0,0,0,0,0,0,0,0,0,0,0,0,0,0,0,0,0
00099170,22,0,0,4,0,6,1,0,0,0,0,0,0,0,0,1,0,0,0,0,0,0,0,0,21,0,0,4,0,6,2,0,0,0,0,0,0,0,0,1,0,0,0,0,0,0,0,0,1,0,0,0,0,0,-1,0,0,0,0,0,0,0,0,0,0,0,0,0,0,0,0,0
00099214,17,1,2,5,0,0,0,0,0,0,0,0,0,0,7,0,0,0,0,0,0,0,0,0,15,3,2,5,0,0,0,0,0,0,0,0,0,0,7,0,0,0,0,0,0,0,0,0,2,-2,0,0,0,0,0,0,0,0,0,0,0,0,0,0,0,0,0,0,0,0,0,0
00099289,12,0,0,0,0,0,4,0,2,0,2,0,0,0,7,0,0,0,0,0,0,0,0,0,11,0,0,0,0,0,4,0,2,0,2,0,0,0,7,1,0,0,0,0,0,0,0,0,1,0,0,0,0,0,0,0,0,0,0,0,0,0,0,-1,0,0,0,0,0,0,0,0
00099307,23,4,0,0,0,0,0,0,3,0,0,4,0,0,7,0,0,0,0,0,0,0,0,0,22,4,0,0,0,0,0,0,4,0,0,4,0,0,7,0,0,0,0,0,0,0,0,0,1,0,0,0,0,0,0,0,-1,0,0,0,0,0,0,0,0,0,0,0,0,0,0,0
00099497,19,3,4,0,0,0,0,0,0,0,1,0,0,0,0,0,0,0,0,0,0,0,0,0,18,3,4,0,0,0,0,0,0,0,2,0,0,0,0,0,0,0,0,0,0,0,0,0,1,0,0,0,0,0,0,0,0,0,-1,0,0,0,0,0,0,0,0,0,0,0,0,0
00099553,18,0,0,0,0,0,0,0,0,0,0,4,5,0,0,0,0,0,4,3,0,0,0,0,17,0,0,0,0,0,0,0,0,0,0,4,5,0,0,0,0,0,4,4,0,0,0,0,1,0,0,0,0,0,0,0,0,0,0,0,0,0,0,0,0,0,0,-1,0,0,0,0
00099596,14,0,0,0,0,0,1,0,0,0,0,3,10,0,0,0,0,0,0,0,0,0,0,0,12,0,0,0,0,0,2,0,0,0,0,4,10,0,0,0,0,0,0,0,0,0,0,0,2,0,0,0,0,0,-1,0,0,0,0,-1,0,0,0,0,0,0,0,0,0,0,0,0
00099598,18,4,0,0,0,0,0,0,0,0,0,0,0,0,0,0,0,0,0,0,5,0,0,0,16,6,0,0,0,0,0,0,0,0,0,0,0,0,0,0,0,0,0,0,5,0,0,0,2,-2,0,0,0,0,0,0,0,0,0,0,0,0,0,0,0,0,0,0,0,0,0,0
00099599,22,5,4,0,0,0,0,0,0,0,0,0,0,0,0,0,0,2,0,0,0,0,0,0,20,7,4,0,0,0,0,0,0,0,0,0,0,0,0,0,0,2,0,0,0,0,0,0,2,-2,0,0,0,0,0,0,0,0,0,0,0,0,0,0,0,0,0,0,0,0,0,0
00099600,8,0,2,0,9,0,0,0,0,0,0,0,0,0,7,0,0,2,0,5,0,3,0,0,7,0,2,0,10,0,0,0,0,0,0,0,0,0,7,0,0,2,0,5,0,3,0,0,1,0,0,0,-1,0,0,0,0,0,0,0,0,0,0,0,0,0,0,0,0,0,0,0
00099696,22,1,0,0,0,0,0,3,0,0,0,0,0,0,0,1,0,0,0,0,0,0,0,0,20,3,0,0,0,0,0,3,0,0,0,0,0,0,0,1,0,0,0,0,0,0,0,0,2,-2,0,0,0,0,0,0,0,0,0,0,0,0,0,0,0,0,0,0,0,0,0,0
00099721,28,0,0,0,0,6,0,0,1,0,0,0,0,0,0,0,0,0,0,0,5,0,0,0,27,0,0,0,0,6,0,0,2,0,0,0,0,0,0,0,0,0,0,0,5,0,0,0,1,0,0,0,0,0,0,0,-1,0,0,0,0,0,0,0,0,0,0,0,0,0,0,0
00099792,14,0,0,0,0,0,0,0,1,0,0,0,5,0,0,0,0,2,0,0,0,0,2,0,13,0,0,0,0,0,0,0,2,0,0,0,5,0,0,0,0,2,0,0,0,0,2,0,1,0,0,0,0,0,0,0,-1,0,0,0,0,0,0,0,0,0,0,0,0,0,0,0
00099797,9,0,0,0,3,6,1,0,0,0,0,0,5,0,0,0,0,0,0,0,0,0,0,0,8,0,0,0,3,6,2,0,0,0,0,0,5,0,0,0,0,0,0,0,0,0,0,0,1,0,0,0,0,0,-1,0,0,0,0,0,0,0,0,0,0,0,0,0,0,0,0,0
00099838,6,0,0,0,0,0,0,0,0,2,0,4,0,0,0,0,0,0,0,4,0,0,0,0,5,0,0,0,0,0,0,0,0,3,0,4,0,0,0,0,0,0,0,4,0,0,0,0,1,0,0,0,0,0,0,0,0,-1,0,0,0,0,0,0,0,0,0,0,0,0,0,0
00099858,25,0,0,0,0,0,1,0,0,0,1,0,0,0,0,0,0,0,0,0,5,0,0,0,23,0,0,0,0,0,2,0,0,0,2,0,0,0,0,0,0,0,0,0,5,0,0,0,2,0,0,0,0,0,-1,0,0,0,-1,0,0,0,0,0,0,0,0,0,0,0,0,0
00099874,14,1,0,4,0,6,0,0,0,0,0,4,0,0,7,0,0,0,0,0,0,0,0,0,12,3,0,4,0,6,0,0,0,0,0,4,0,0,7,0,0,0,0,0,0,0,0,0,2,-2,0,0,0,0,0,0,0,0,0,0,0,0,0,0,0,0,0,0,0,0,0,0
00099928,34,3,0,0,0,0,1,0,0,0,0,0,0,4,0,0,0,0,0,4,0,0,0,0,33,3,0,0,0,0,2,0,0,0,0,0,0,4,0,0,0,0,0,4,0,0,0,0,1,0,0,0,0,0,-1,0,0,0,0,0,0,0,0,0,0,0,0,0,0,0,0,0
00099932,4,0,0,0,6,0,0,0,0,0,0,0,0,0,0,0,0,0,0,0,0,3,6,0,3,0,0,0,6,0,0,0,0,0,0,0,0,0,0,0,0,0,0,0,0,3,7,0,1,0,0,0,0,0,0,0,0,0,0,0,0,0,0,0,0,0,0,0,0,0,-1,0
00099965,13,0,0,0,0,0,0,0,0,2,0,0,0,0,7,1,0,0,4,0,0,0,0,0,12,0,0,0,0,0,0,0,0,3,0,0,0,0,7,1,0,0,4,0,0,0,0,0,1,0,0,0,0,0,0,0,0,-1,0,0,0,0,0,0,0,0,0,0,0,0,0,0
