00000005
00000008
00000010
00000015
00000017
00000021
00000022
00000023
00000025
00000027
00000030
00000032
00000035
00000037
00000038
00000040
00000041
00000042
00000043
00000045
00000047
00000051
00000054
00000056
00000057
00000061
00000065
00000067
00000073
00000075
00000083
00000084
00000087
00000088
00000090
00000091
00000092
00000093
00000099
00000100
00000102
00000103
00000113
00000118
00000121
00000122
00000125
00000127
00000130
00000132
00000133
00000134
00000135
00000136
00000137
00000139
00000140
00000141
00000145
00000147
00000148
00000150
00000152
00000154
00000158
00000160
00000161
00000162
00000164
00000166
00000169
00000174
00000176
00000180
00000185
00000189
00000190
00000197
00000198
00000200
00000206
00000208
00000209
00000210
00000211
00000213
00000220
00000226
00000228
00000229
00000230
00000232
00000236
00000238
00000239
00000241
00000242
00000244
00000245
00000246
00000248
00000252
00000256
00000259
00000261
00000265
00000269
00000271
00000272
00000273
00000282
00000283
00000290
00000293
00000297
00000299
00000303
00000307
00000310
00000314
00000316
00000317
00000318
00000319
00000320
00000321
00000323
00000330
00000332
00000335
00000336
00000338
00000340
00000341
00000342
00000345
00000351
00000354
00000358
00000361
00000362
00000367
00000375
00000380
00000381
00000383
00000384
00000385
00000387
00000389
00000393
00000394
00000398
00000399
00000400
00000401
00000402
00000405
00000408
00000409
00000410
00000412
00000414
00000423
00000424
00000426
00000429
00000430
00000431
00000436
00000437
00000438
00000440
00000441
00000444
00000447
00000450
00000451
00000453
00000454
00000455
00000463
00000465
00000468
00000473
00000475
00000476
00000477
00000478
00000479
00000482
00000483
00000484
00000486
00000491
00000498
00000499
00000500
00000503
00000506
00000507
00000512
00000522
00000523
00000524
00000530
00000531
00000535
00000536
00000538
00000540
00000541
00000545
00000547
00000558
00000561
00000568
00000569
00000576
00000577
00000578
00000579
00000581
00000584
00000586
00000590
00000592
00000598
00000602
00000603
00000605
00000606
00000615
00000616
00000617
00000618
00000628
00000630
00000633
00000642
00000643
00000644
00000649
00000661
00000665
00000671
00000676
00000682
00000683
00000692
00000695
00000696
00000700
00000702
00000703
00000704
00000705
00000708
00000709
00000711
00000714
00000716
00000718
00000721
00000729
00000730
00000735
00000737
00000738
00000744
00000745
00000753
00000756
00000759
00000761
00000764
00000768
00000776
00000785
00000789
00000791
00000792
00000793
00000794
00000797
00000799
00000800
00000801
00000802
00000804
00000806
00000807
00000810
00000811
00000813
00000815
00000817
00000820
00000821
00000822
00000827
00000829
00000835
00000838
00000844
00000845
00000846
00000848
00000849
00000850
00000851
00000854
00000855
00000856
00000857
00000858
00000866
00000871
00000873
00000875
00000881
00000884
00000886
00000887
00000897
00000898
00000900
00000901
00000902
00000903
00000905
00000906
00000907
00000908
00000912
00000913
00000922
00000924
00000925
00000927
00000930
00000931
00000934
00000939
00000946
00000947
00000953
00000954
00000955
00000957
00000958
00000959
00000961
00000965
00000966
00000972
00000974
00000976
00000977
00000978
00000982
00000983
00000985
00000986
00000989
00000992
00000993
00000994
00000997
00000999
00001005
00001008
00001010
00001011
00001012
00001013
00001018
00001021
00001022
00001027
00001031
00001034
00001040
00001046
00001050
00001053
00001054
00001060
00001062
00001063
00001064
00001067
00001069
00001080
00001082
00001084
00001092
00001096
00001097
00001102
00001104
00001106
00001120
00001121
00001122
00001125
00001128
00001129
00001135
00001137
00001138
00001140
00001142
00001144
00001145
00001147
00001149
00001151
00001153
00001157
00001158
00001160
00001161
00001165
00001167
00001168
00001170
00001174
00001180
00001181
00001185
00001186
00001192
00001194
00001198
00001199
00001200
00001202
00001203
00001206
00001207
00001212
00001215
00001218
00001230
00001233
00001234
00001236
00001238
00001242
00001243
00001244
00001246
00001249
00001253
00001254
00001259
00001261
00001263
00001264
00001266
00001268
00001270
00001273
00001275
00001277
00001279
00001281
00001283
00001289
00001291
00001292
00001299
00001302
00001306
00001307
00001308
00001309
00001310
00001315
00001318
00001319
00001320
00001324
00001326
00001332
00001334
00001339
00001342
00001343
00001346
00001348
00001349
00001352
00001353
00001356
00001357
00001361
00001364
00001367
00001368
00001370
00001371
00001374
00001375
00001378
00001381
00001382
00001384
00001385
00001386
00001393
00001394
00001395
00001402
00001403
00001411
00001412
00001417
00001420
00001421
00001422
00001425
00001428
00001431
00001432
00001433
00001434
00001435
00001438
00001439
00001447
00001451
00001452
00001457
00001459
00001460
00001464
00001467
00001468
00001472
00001473
00001474
00001475
00001478
00001480
00001481
00001482
00001488
00001489
00001493
00001495
00001496
00001498
00001499
00001501
00001504
00001508
00001514
00001515
00001518
00001519
00001521
00001522
00001523
00001527
00001529
00001535
00001538
00001546
00001547
00001550
00001551
00001552
00001553
00001555
00001556
00001557
00001558
00001560
00001563
00001564
00001567
00001571
00001573
00001576
00001588
00001593
00001596
00001600
00001601
00001604
00001605
00001607
00001609
00001612
00001629
00001632
00001635
00001636
00001638
00001640
00001644
00001647
00001649
00001651
00001652
00001655
00001658
00001659
00001660
00001665
00001667
00001668
00001672
00001679
00001686
00001693
00001697
00001698
00001702
00001706
00001709
00001712
00001713
00001715
00001716
00001717
00001718
00001719
00001720
00001721
00001724
00001726
00001729
00001732
00001740
00001741
00001742
00001751
00001755
00001757
00001763
00001764
00001767
00001768
00001770
00001771
00001772
00001778
00001779
00001781
00001786
00001789
00001792
00001798
00001801
00001803
00001804
00001805
00001806
00001807
00001811
00001812
00001816
00001829
00001830
00001831
00001832
00001836
00001837
00001839
00001842
00001844
00001849
00001850
00001852
00001853
00001854
00001857
00001860
00001861
00001863
00001864
00001870
00001871
00001873
00001878
00001879
00001892
00001894
00001896
00001897
00001903
00001905
00001907
00001908
00001909
00001910
00001911
00001912
00001913
00001916
00001925
00001926
00001927
00001928
00001931
00001932
00001934
00001939
00001940
00001944
00001945
00001947
00001948
00001949
00001953
00001962
00001964
00001971
00001974
00001975
00001976
00001981
00001983
00001984
00001985
00001988
00001992
00001993
00001996
00001997
00001999
00002004
00002005
00002007
00002009
00002011
00002013
00002014
00002016
00002018
00002020
00002022
00002023
00002024
00002026
00002027
00002028
00002030
00002032
00002033
00002034
00002037
00002038
00002039
00002040
00002044
00002049
00002063
00002067
00002070
00002074
00002075
00002079
00002080
00002083
00002085
00002088
00002094
00002095
00002099
00002100
00002101
00002102
00002106
00002107
00002109
00002110
00002112
00002118
00002120
00002123
00002124
00002125
00002126
00002127
00002131
00002135
00002136
00002137
00002139
00002141
00002147
00002148
00002153
00002154
00002155
00002157
00002161
00002162
00002164
00002168
00002169
00002170
00002171
00002175
00002177
00002179
00002182
00002183
00002187
00002188
00002190
00002191
00002192
00002197
00002203
00002205
00002207
00002212
00002213
00002216
00002218
00002223
00002226
00002228
00002229
00002230
00002231
00002232
00002234
00002235
00002238
00002243
00002249
00002261
00002265
00002266
00002272
00002274
00002276
00002278
00002279
00002280
00002282
00002283
00002284
00002288
00002289
00002292
00002297
00002299
00002303
00002304
00002306
00002308
00002313
00002316
00002317
00002318
00002320
00002321
00002323
00002324
00002325
00002328
00002333
00002335
00002336
00002338
00002340
00002341
00002342
00002344
00002345
00002346
00002348
00002350
00002351
00002353
00002354
00002356
00002359
00002364
00002366
00002367
00002369
00002372
00002376
00002379
00002382
00002385
00002387
00002388
00002390
00002393
00002396
00002397
00002399
00002403
00002404
00002405
00002407
00002415
00002423
00002424
00002426
00002429
00002430
00002434
00002435
00002436
00002437
00002439
00002443
00002444
00002445
00002446
00002454
00002457
00002464
00002465
00002467
00002470
00002476
00002480
00002482
00002483
00002484
00002493
00002496
00002497
00002504
00002507
00002508
00002510
00002513
00002515
00002518
00002519
00002521
00002525
00002529
00002531
00002532
00002533
00002535
00002536
00002537
00002538
00002542
00002554
00002562
00002566
00002567
00002570
00002572
00002575
00002577
00002578
00002580
00002583
00002586
00002589
00002593
00002595
00002596
00002601
00002604
00002605
00002606
00002610
00002611
00002612
00002613
00002615
00002620
00002623
00002626
00002629
00002639
00002640
00002644
00002645
00002649
00002651
00002653
00002654
00002657
00002659
00002661
00002666
00002667
00002669
00002670
00002671
00002673
00002674
00002675
00002678
00002680
00002681
00002684
00002686
00002694
00002695
00002696
00002698
00002699
00002701
00002702
00002714
00002715
00002719
00002721
00002724
00002725
00002726
00002727
00002728
00002729
00002731
00002732
00002733
00002741
00002742
00002743
00002746
00002749
00002750
00002752
00002756
00002757
00002758
00002760
00002761
00002762
00002768
00002769
00002770
00002772
00002775
00002776
00002779
00002788
00002789
00002792
00002793
00002795
00002801
00002803
00002806
00002813
00002814
00002821
00002824
00002831
00002834
00002838
00002843
00002844
00002847
00002849
00002850
00002852
00002853
00002854
00002856
00002858
00002861
00002863
00002864
00002869
00002872
00002876
00002878
00002879
00002880
00002882
00002885
00002886
00002889
00002891
00002892
00002893
00002900
00002903
00002904
00002906
00002908
00002913
00002915
00002916
00002917
00002919
00002921
00002922
00002924
00002927
00002931
00002932
00002936
00002937
00002939
00002940
00002943
00002944
00002946
00002951
00002954
00002956
00002957
00002960
00002966
00002968
00002970
00002971
00002972
00002974
00002975
00002978
00002979
00002983
00002984
00002985
00002991
00002994
00002995
00002996
00003001
00003003
00003005
00003010
00003012
00003014
00003015
00003020
00003023
00003028
00003033
00003035
00003040
00003043
00003044
00003045
00003046
00003050
00003052
00003053
00003061
00003065
00003066
00003067
00003070
00003071
00003075
00003076
00003079
00003082
00003088
00003090
00003093
00003094
00003095
00003098
00003100
00003102
00003105
00003110
00003112
00003113
00003116
00003122
00003123
00003131
00003137
00003140
00003151
00003153
00003155
00003158
00003159
00003161
00003162
00003163
00003166
00003168
00003170
00003171
00003173
00003180
00003182
00003184
00003187
00003191
00003195
00003197
00003198
00003201
00003202
00003211
00003212
00003214
00003216
00003217
00003219
00003221
00003223
00003225
00003226
00003229
00003233
00003236
00003243
00003246
00003248
00003249
00003252
00003253
00003254
00003259
00003264
00003265
00003271
00003276
00003281
00003288
00003290
00003291
00003295
00003297
00003306
00003307
00003310
00003311
00003314
00003316
00003317
00003318
00003321
00003322
00003327
00003333
00003335
00003336
00003339
00003340
00003344
00003346
00003347
00003348
00003349
00003351
00003353
00003354
00003355
00003356
00003357
00003358
00003361
00003363
00003364
00003365
00003367
00003369
00003374
00003375
00003376
00003377
00003384
00003385
00003389
00003391
00003393
00003396
00003399
00003401
00003405
00003408
00003409
00003410
00003417
00003420
00003421
00003422
00003423
00003426
00003429
00003430
00003435
00003439
00003443
00003447
00003457
00003461
00003464
00003469
00003478
00003481
00003483
00003485
00003492
00003493
00003494
00003500
00003502
00003506
00003509
00003514
00003522
00003526
00003528
00003530
00003534
00003535
00003536
00003541
00003544
00003547
00003551
00003554
00003555
00003559
00003561
00003563
00003566
00003573
00003579
00003580
00003584
00003585
00003588
00003589
00003594
00003597
00003601
00003603
00003604
00003606
00003609
00003611
00003617
00003618
00003619
00003620
00003622
00003625
00003626
00003631
00003632
00003633
00003637
00003645
00003649
00003655
00003656
00003657
00003660
00003662
00003664
00003665
00003671
00003672
00003674
00003681
00003685
00003686
00003687
00003688
00003691
00003693
00003694
00003695
00003700
00003701
00003703
00003706
00003707
00003708
00003709
00003711
00003715
00003716
00003718
00003723
00003729
00003730
00003731
00003735
00003736
00003742
00003745
00003749
00003755
00003758
00003759
00003760
00003761
00003764
00003765
00003770
00003774
00003775
00003785
00003793
00003795
00003799
00003803
00003806
00003810
00003812
00003816
00003817
00003819
00003820
00003822
00003826
00003829
00003831
00003833
00003834
00003837
00003841
00003846
00003851
00003852
00003853
00003855
00003858
00003859
00003860
00003861
00003864
00003866
00003873
00003875
00003879
00003880
00003893
00003895
00003897
00003902
00003903
00003905
00003906
00003907
00003910
00003911
00003912
00003913
00003914
00003915
00003916
00003917
00003919
00003920
00003922
00003926
00003932
00003933
00003934
00003937
00003940
00003941
00003943
00003944
00003946
00003950
00003951
00003955
00003957
00003958
00003959
00003964
00003968
00003970
00003977
00003978
00003980
00003981
00003984
00003985
00003987
00003991
00003993
00003999
00004002
00004005
00004007
00004009
00004011
00004016
00004017
00004020
00004023
00004027
00004031
00004033
00004040
00004049
00004051
00004055
00004060
00004061
00004063
00004069
00004071
00004075
00004077
00004079
00004080
00004086
00004087
00004089
00004094
00004095
00004096
00004107
00004108
00004116
00004117
00004120
00004122
00004123
00004125
00004126
00004127
00004130
00004134
00004138
00004139
00004142
00004145
00004147
00004148
00004149
00004154
00004161
00004162
00004169
00004170
00004174
00004182
00004185
00004189
00004190
00004192
00004193
00004194
00004197
00004198
00004203
00004204
00004206
00004207
00004208
00004209
00004210
00004215
00004219
00004220
00004223
00004228
00004229
00004231
00004232
00004234
00004240
00004241
00004246
00004248
00004249
00004250
00004254
00004260
00004268
00004269
00004270
00004273
00004281
00004282
00004283
00004284
00004285
00004289
00004293
00004294
00004296
00004299
00004300
00004301
00004305
00004306
00004311
00004313
00004314
00004327
00004329
00004334
00004337
00004338
00004341
00004345
00004351
00004352
00004353
00004354
00004355
00004356
00004360
00004364
00004365
00004366
00004368
00004375
00004376
00004377
00004378
00004382
00004383
00004385
00004386
00004387
00004388
00004389
00004394
00004395
00004396
00004402
00004403
00004407
00004414
00004416
00004417
00004421
00004423
00004428
00004430
00004433
00004434
00004437
00004438
00004445
00004449
00004452
00004454
00004462
00004463
00004471
00004478
00004482
00004486
00004487
00004489
00004490
00004493
00004494
00004501
00004503
00004509
00004513
00004518
00004519
00004520
00004524
00004525
00004527
00004535
00004539
00004541
00004542
00004544
00004545
00004547
00004549
00004550
00004551
00004555
00004556
00004564
00004566
00004568
00004574
00004576
00004578
00004580
00004584
00004585
00004588
00004589
00004592
00004593
00004596
00004597
00004600
00004601
00004605
00004606
00004610
00004612
00004616
00004623
00004626
00004630
00004632
00004635
00004638
00004639
00004640
00004641
00004643
00004653
00004655
00004656
00004657
00004660
00004661
00004663
00004664
00004666
00004667
00004668
00004669
00004671
00004674
00004678
00004679
00004682
00004683
00004686
00004687
00004688
00004692
00004695
00004700
00004702
00004703
00004704
00004706
00004708
00004710
00004712
00004715
00004716
00004717
00004718
00004721
00004723
00004725
00004726
00004728
00004730
00004731
00004735
00004739
00004740
00004742
00004744
00004746
00004750
00004751
00004752
00004755
00004765
00004770
00004771
00004773
00004776
00004781
00004784
00004787
00004788
00004790
00004792
00004794
00004796
00004798
00004800
00004802
00004803
00004805
00004808
00004815
00004816
00004819
00004823
00004826
00004828
00004833
00004835
00004837
00004840
00004843
00004855
00004857
00004858
00004860
00004862
00004863
00004867
00004874
00004877
00004881
00004884
00004887
00004891
00004893
00004894
00004895
00004898
00004901
00004907
00004908
00004909
00004910
00004912
00004916
00004917
00004920
00004925
00004930
00004934
00004935
00004937
00004939
00004941
00004942
00004944
00004946
00004954
00004956
00004958
00004959
00004961
00004962
00004966
00004968
00004969
00004970
00004971
00004973
00004974
00004976
00004978
00004981
00004984
00004993
00004996
00004998
00005002
00005020
00005026
00005032
00005034
00005035
00005036
00005037
00005038
00005040
00005044
00005047
00005053
00005056
00005060
00005065
00005066
00005069
00005074
00005075
00005076
00005077
00005078
00005083
00005085
00005093
00005094
00005097
00005099
00005104
00005106
00005107
00005108
00005109
00005112
00005113
00005115
00005116
00005119
00005120
00005121
00005124
00005125
00005126
00005127
00005129
00005134
00005136
00005137
00005138
00005143
00005145
00005149
00005153
00005154
00005156
00005159
00005160
00005161
00005163
00005166
00005169
00005171
00005173
00005176
00005179
00005181
00005187
00005188
00005190
00005191
00005193
00005203
00005204
00005206
00005211
00005212
00005213
00005216
00005217
00005218
00005221
00005222
00005225
00005230
00005232
00005234
00005247
00005248
00005250
00005251
00005254
00005255
00005256
00005257
00005259
00005269
00005271
00005272
00005273
00005275
00005276
00005278
00005279
00005285
00005287
00005289
00005290
00005291
00005294
00005296
00005299
00005300
00005301
00005302
00005304
00005305
00005309
00005312
00005317
00005318
00005319
00005320
00005325
00005327
00005332
00005333
00005334
00005335
00005336
00005337
00005338
00005340
00005341
00005343
00005344
00005346
00005350
00005351
00005357
00005360
00005361
00005364
00005366
00005367
00005373
00005379
00005381
00005384
00005387
00005388
00005389
00005390
00005391
00005392
00005394
00005398
00005400
00005402
00005403
00005406
00005407
00005409
00005410
00005412
00005414
00005415
00005417
00005420
00005421
00005424
00005425
00005426
00005427
00005430
00005433
00005441
00005443
00005444
00005453
00005456
00005458
00005461
00005462
00005464
00005465
00005466
00005468
00005470
00005476
00005481
00005487
00005491
00005492
00005498
00005500
00005505
00005507
00005509
00005511
00005513
00005515
00005520
00005521
00005522
00005523
00005526
00005533
00005535
00005545
00005547
00005549
00005551
00005553
00005554
00005555
00005556
00005559
00005560
00005561
00005565
00005566
00005567
00005571
00005572
00005573
00005576
00005577
00005578
00005579
00005581
00005582
00005583
00005584
00005585
00005589
00005592
00005594
00005595
00005597
00005603
00005611
00005619
00005620
00005623
00005624
00005627
00005636
00005637
00005640
00005641
00005646
00005647
00005652
00005653
00005654
00005658
00005659
00005662
00005665
00005668
00005670
00005677
00005680
00005681
00005686
00005688
00005690
00005692
00005694
00005701
00005703
00005708
00005709
00005710
00005716
00005717
00005718
00005721
00005722
00005728
00005729
00005731
00005732
00005738
00005746
00005748
00005751
00005753
00005754
00005755
00005763
00005767
00005772
00005773
00005774
00005775
00005777
00005779
00005785
00005787
00005792
00005795
00005796
00005798
00005799
00005800
00005802
00005804
00005807
00005811
00005818
00005823
00005824
00005826
00005835
00005836
00005838
00005839
00005847
00005850
00005852
00005858
00005859
00005860
00005861
00005863
00005864
00005865
00005866
00005867
00005868
00005870
00005872
00005873
00005875
00005876
00005878
00005879
00005881
00005882
00005883
00005885
00005886
00005889
00005891
00005898
00005905
00005906
00005907
00005908
00005911
00005914
00005916
00005920
00005921
00005923
00005928
00005930
00005938
00005939
00005940
00005942
00005943
00005945
00005948
00005954
00005955
00005961
00005963
00005964
00005965
00005968
00005970
00005976
00005978
00005980
00005983
00005984
00005985
00005991
00005998
00006000
00006001
00006009
00006010
00006013
00006015
00006019
00006021
00006025
00006031
00006033
00006037
00006039
00006040
00006042
00006046
00006049
00006055
00006056
00006057
00006059
00006062
00006066
00006068
00006071
00006072
00006074
00006083
00006084
00006086
00006088
00006089
00006091
00006093
00006095
00006098
00006100
00006102
00006104
00006105
00006111
00006113
00006117
00006120
00006123
00006125
00006126
00006128
00006129
00006130
00006137
00006141
00006145
00006146
00006156
00006159
00006161
00006168
00006171
00006175
00006176
00006177
00006178
00006180
00006181
00006182
00006187
00006194
00006195
00006196
00006197
00006200
00006206
00006209
00006212
00006216
00006218
00006219
00006220
00006225
00006226
00006228
00006229
00006231
00006232
00006233
00006234
00006249
00006255
00006257
00006266
00006267
00006268
00006269
00006270
00006271
00006272
00006276
00006279
00006280
00006281
00006283
00006290
00006292
00006293
00006294
00006301
00006302
00006303
00006306
00006308
00006310
00006313
00006318
00006319
00006320
00006323
00006328
00006329
00006332
00006334
00006336
00006337
00006342
00006344
00006346
00006349
00006352
00006355
00006357
00006365
00006369
00006378
00006381
00006384
00006386
00006389
00006391
00006396
00006400
00006406
00006409
00006411
00006415
00006417
00006418
00006422
00006426
00006427
00006430
00006436
00006438
00006440
00006442
00006445
00006448
00006450
00006452
00006453
00006456
00006461
00006463
00006464
00006467
00006468
00006470
00006474
00006476
00006478
00006481
00006482
00006484
00006485
00006486
00006489
00006490
00006498
00006499
00006501
00006502
00006506
00006516
00006517
00006520
00006521
00006523
00006524
00006531
00006535
00006536
00006537
00006539
00006542
00006546
00006550
00006551
00006556
00006557
00006559
00006560
00006562
00006567
00006573
00006579
00006580
00006583
00006585
00006586
00006588
00006589
00006596
00006598
00006609
00006613
00006615
00006617
00006619
00006623
00006628
00006631
00006632
00006634
00006639
00006645
00006646
00006651
00006652
00006653
00006661
00006662
00006664
00006665
00006670
00006672
00006674
00006675
00006685
00006686
00006688
00006693
00006697
00006702
00006704
00006707
00006708
00006709
00006712
00006717
00006719
00006721
00006722
00006725
00006727
00006734
00006735
00006739
00006743
00006744
00006745
00006746
00006747
00006750
00006756
00006760
00006766
00006768
00006772
00006778
00006779
00006781
00006782
00006783
00006786
00006788
00006789
00006792
00006794
00006795
00006797
00006803
00006804
00006805
00006806
00006809
00006810
00006812
00006813
00006816
00006817
00006818
00006819
00006827
00006828
00006831
00006837
00006841
00006842
00006844
00006846
00006850
00006851
00006853
00006855
00006858
00006863
00006866
00006869
00006870
00006873
00006876
00006877
00006878
00006879
00006881
00006884
00006888
00006889
00006893
00006894
00006895
00006897
00006899
00006901
00006903
00006904
00006905
00006907
00006912
00006914
00006915
00006916
00006919
00006925
00006929
00006931
00006933
00006934
00006935
00006940
00006941
00006943
00006945
00006946
00006949
00006950
00006951
00006952
00006953
00006956
00006957
00006960
00006963
00006967
00006969
00006970
00006972
00006973
00006975
00006976
00006984
00006987
00006988
00006989
00006993
00007001
00007002
00007003
00007005
00007006
00007009
00007011
00007012
00007017
00007018
00007020
00007029
00007032
00007033
00007034
00007041
00007043
00007052
00007058
00007063
00007070
00007073
00007074
00007075
00007076
00007078
00007080
00007081
00007083
00007085
00007086
00007087
00007095
00007096
00007097
00007098
00007099
00007101
00007109
00007112
00007113
00007116
00007121
00007124
00007126
00007132
00007133
00007135
00007138
00007139
00007140
00007143
00007144
00007151
00007152
00007156
00007157
00007158
00007159
00007163
00007164
00007170
00007171
00007179
00007182
00007187
00007189
00007192
00007193
00007196
00007197
00007198
00007201
00007202
00007204
00007211
00007212
00007214
00007218
00007219
00007221
00007226
00007232
00007236
00007238
00007240
00007242
00007243
00007244
00007245
00007247
00007248
00007256
00007261
00007275
00007280
00007285
00007287
00007295
00007296
00007297
00007300
00007302
00007305
00007307
00007311
00007314
00007318
00007320
00007321
00007322
00007323
00007324
00007325
00007327
00007330
00007333
00007339
00007345
00007346
00007349
00007353
00007355
00007356
00007360
00007362
00007364
00007374
00007376
00007378
00007379
00007380
00007382
00007383
00007386
00007388
00007392
00007393
00007395
00007398
00007403
00007404
00007405
00007407
00007408
00007414
00007415
00007416
00007422
00007425
00007426
00007428
00007429
00007431
00007434
00007436
00007437
00007438
00007441
00007442
00007447
00007448
00007449
00007450
00007451
00007452
00007456
00007463
00007467
00007470
00007471
00007473
00007474
00007476
00007478
00007481
00007483
00007485
00007488
00007490
00007492
00007493
00007498
00007500
00007504
00007505
00007506
00007508
00007512
00007514
00007516
00007517
00007519
00007528
00007529
00007531
00007533
00007540
00007544
00007545
00007546
00007548
00007556
00007559
00007561
00007562
00007563
00007567
00007569
00007571
00007573
00007580
00007585
00007586
00007587
00007589
00007591
00007592
00007593
00007594
00007597
00007598
00007600
00007601
00007608
00007613
00007615
00007621
00007624
00007625
00007628
00007630
00007631
00007632
00007633
00007637
00007638
00007648
00007650
00007656
00007658
00007659
00007660
00007664
00007665
00007666
00007671
00007672
00007673
00007676
00007677
00007678
00007681
00007683
00007685
00007691
00007694
00007696
00007697
00007699
00007703
00007706
00007707
00007708
00007711
00007713
00007714
00007717
00007721
00007727
00007728
00007729
00007730
00007741
00007742
00007750
00007751
00007752
00007755
00007758
00007760
00007761
00007765
00007767
00007769
00007776
00007779
00007781
00007786
00007788
00007792
00007796
00007797
00007798
00007800
00007801
00007802
00007803
00007807
00007808
00007810
00007811
00007814
00007816
00007817
00007818
00007822
00007829
00007831
00007836
00007837
00007838
00007839
00007841
00007845
00007846
00007849
00007854
00007855
00007856
00007857
00007859
00007861
00007863
00007865
00007870
00007876
00007877
00007879
00007887
00007888
00007891
00007895
00007897
00007898
00007899
00007900
00007904
00007906
00007911
00007915
00007918
00007920
00007922
00007923
00007925
00007930
00007932
00007933
00007934
00007938
00007939
00007940
00007941
00007942
00007944
00007945
00007949
00007950
00007952
00007953
00007957
00007959
00007962
00007966
00007967
00007970
00007971
00007977
00007978
00007980
00007981
00007982
00007985
00007987
00007989
00007992
00007996
00007997
00007998
00007999
00008000
00008002
00008003
00008004
00008006
00008009
00008011
00008012
00008014
00008017
00008019
00008021
00008023
00008025
00008026
00008029
00008031
00008032
00008035
00008036
00008038
00008040
00008045
00008047
00008050
00008054
00008056
00008057
00008058
00008060
00008063
00008069
00008073
00008076
00008079
00008080
00008082
00008084
00008087
00008098
00008099
00008102
00008103
00008104
00008106
00008116
00008122
00008124
00008127
00008128
00008131
00008133
00008134
00008135
00008136
00008139
00008140
00008144
00008146
00008149
00008159
00008164
00008165
00008166
00008167
00008172
00008173
00008175
00008178
00008184
00008185
00008193
00008198
00008199
00008202
00008203
00008204
00008209
00008210
00008212
00008213
00008215
00008217
00008218
00008220
00008222
00008227
00008229
00008233
00008239
00008240
00008241
00008243
00008245
00008252
00008255
00008257
00008261
00008262
00008268
00008272
00008275
00008278
00008281
00008288
00008291
00008292
00008297
00008300
00008301
00008304
00008313
00008314
00008315
00008316
00008318
00008321
00008326
00008329
00008332
00008333
00008335
00008340
00008347
00008348
00008349
00008350
00008351
00008352
00008353
00008356
00008359
00008367
00008368
00008372
00008377
00008378
00008379
00008383
00008385
00008387
00008393
00008404
00008407
00008408
00008409
00008421
00008433
00008437
00008444
00008445
00008446
00008450
00008453
00008462
00008465
00008468
00008469
00008472
00008474
00008475
00008476
00008477
00008480
00008482
00008488
00008495
00008498
00008500
00008502
00008506
00008507
00008510
00008512
00008513
00008516
00008517
00008524
00008527
00008529
00008532
00008533
00008534
00008535
00008538
00008539
00008540
00008541
00008543
00008545
00008546
00008547
00008551
00008555
00008556
00008558
00008560
00008569
00008570
00008572
00008575
00008577
00008582
00008583
00008588
00008589
00008590
00008591
00008594
00008596
00008601
00008604
00008607
00008608
00008611
00008613
00008614
00008616
00008619
00008624
00008625
00008629
00008632
00008642
00008646
00008647
00008648
00008652
00008655
00008658
00008672
00008673
00008679
00008685
00008686
00008687
00008688
00008691
00008692
00008693
00008696
00008699
00008700
00008701
00008705
00008706
00008715
00008720
00008721
00008724
00008731
00008736
00008739
00008740
00008741
00008745
00008746
00008747
00008748
00008749
00008750
00008751
00008753
00008756
00008759
00008760
00008761
00008763
00008767
00008769
00008772
00008773
00008774
00008777
00008778
00008782
00008785
00008786
00008787
00008789
00008790
00008796
00008797
00008798
00008804
00008805
00008808
00008809
00008810
00008811
00008813
00008815
00008817
00008818
00008819
00008821
00008824
00008825
00008828
00008829
00008831
00008833
00008836
00008837
00008842
00008844
00008847
00008858
00008861
00008865
00008867
00008873
00008874
00008877
00008878
00008882
00008886
00008892
00008898
00008899
00008903
00008906
00008909
00008911
00008917
00008926
00008927
00008930
00008932
00008934
00008941
00008942
00008946
00008948
00008949
00008950
00008951
00008952
00008953
00008954
00008956
00008957
00008965
00008967
00008968
00008970
00008973
00008974
00008978
00008981
00008985
00008986
00008987
00008988
00008991
00008997
00009004
00009005
00009009
00009010
00009017
00009019
00009022
00009023
00009024
00009025
00009033
00009035
00009042
00009044
00009045
00009046
00009047
00009053
00009055
00009056
00009058
00009063
00009068
00009070
00009071
00009078
00009085
00009087
00009091
00009093
00009096
00009107
00009110
00009111
00009112
00009113
00009116
00009118
00009122
00009123
00009124
00009134
00009137
00009138
00009140
00009141
00009145
00009157
00009159
00009160
00009166
00009169
00009170
00009174
00009175
00009176
00009179
00009180
00009181
00009184
00009185
00009186
00009187
00009188
00009192
00009195
00009199
00009206
00009207
00009208
00009211
00009213
00009214
00009216
00009219
00009220
00009221
00009224
00009227
00009230
00009231
00009235
00009237
00009241
00009242
00009250
00009255
00009257
00009259
00009262
00009264
00009270
00009277
00009278
00009279
00009280
00009281
00009282
00009284
00009290
00009291
00009292
00009294
00009300
00009301
00009302
00009304
00009307
00009308
00009309
00009311
00009318
00009319
00009321
00009324
00009325
00009327
00009329
00009330
00009331
00009332
00009334
00009336
00009337
00009338
00009340
00009344
00009345
00009346
00009347
00009348
00009350
00009352
00009359
00009360
00009361
00009365
00009366
00009368
00009375
00009377
00009378
00009380
00009382
00009384
00009387
00009388
00009390
00009392
00009395
00009396
00009397
00009399
00009401
00009403
00009408
00009410
00009411
00009412
00009413
00009414
00009418
00009422
00009423
00009425
00009431
00009432
00009434
00009435
00009437
00009438
00009439
00009441
00009445
00009450
00009451
00009455
00009460
00009464
00009467
00009471
00009476
00009478
00009481
00009489
00009493
00009498
00009501
00009502
00009505
00009506
00009509
00009511
00009512
00009517
00009518
00009520
00009521
00009525
00009528
00009529
00009531
00009533
00009535
00009537
00009538
00009543
00009545
00009546
00009547
00009548
00009550
00009551
00009555
00009556
00009558
00009561
00009562
00009563
00009566
00009568
00009570
00009571
00009572
00009574
00009575
00009576
00009577
00009581
00009582
00009585
00009586
00009587
00009590
00009594
00009596
00009597
00009602
00009603
00009604
00009609
00009613
00009615
00009618
00009620
00009624
00009625
00009630
00009631
00009632
00009634
00009636
00009637
00009638
00009639
00009641
00009654
00009655
00009656
00009658
00009659
00009661
00009663
00009666
00009667
00009671
00009674
00009680
00009682
00009690
00009694
00009695
00009696
00009698
00009699
00009704
00009707
00009709
00009710
00009712
00009714
00009722
00009727
00009734
00009736
00009742
00009748
00009749
00009750
00009751
00009755
00009758
00009761
00009762
00009764
00009765
00009766
00009767
00009768
00009769
00009770
00009775
00009777
00009778
00009779
00009780
00009783
00009785
00009794
00009797
00009798
00009804
00009805
00009808
00009809
00009811
00009814
00009815
00009816
00009818
00009820
00009822
00009826
00009827
00009828
00009833
00009835
00009841
00009843
00009848
00009850
00009853
00009859
00009861
00009862
00009864
00009866
00009867
00009869
00009872
00009877
00009879
00009880
00009881
00009882
00009883
00009884
00009886
00009887
00009888
00009889
00009890
00009894
00009896
00009897
00009898
00009899
00009900
00009901
00009903
00009904
00009906
00009907
00009909
00009910
00009913
00009917
00009918
00009920
00009921
00009923
00009924
00009930
00009933
00009936
00009939
00009941
00009942
00009944
00009947
00009949
00009950
00009951
00009952
00009953
00009954
00009955
00009956
00009960
00009963
00009965
00009968
00009971
00009972
00009973
00009977
00009978
00009979
00009982
00009984
00009987
00009989
00009993
00009996
00009999
00010000
00010004
00010006
00010007
00010010
00010012
00010014
00010017
00010020
00010022
00010023
00010024
00010025
00010028
00010033
00010034
00010035
00010036
00010037
00010041
00010042
00010044
00010045
00010046
00010049
00010050
00010051
00010052
00010054
00010057
00010059
00010061
00010062
00010063
00010071
00010072
00010073
00010076
00010079
00010082
00010083
00010084
00010086
00010088
00010089
00010095
00010098
00010099
00010100
00010104
00010105
00010114
00010117
00010118
00010119
00010120
00010121
00010124
00010129
00010133
00010135
00010136
00010137
00010139
00010142
00010143
00010144
00010148
00010149
00010150
00010153
00010157
00010159
00010164
00010165
00010166
00010168
00010172
00010173
00010174
00010176
00010177
00010179
00010180
00010182
00010184
00010185
00010187
00010196
00010200
00010201
00010203
00010204
00010205
00010206
00010207
00010208
00010213
00010214
00010215
00010217
00010218
00010226
00010228
00010230
00010231
00010233
00010234
00010235
00010237
00010239
00010241
00010243
00010244
00010247
00010248
00010252
00010254
00010255
00010257
00010259
00010261
00010268
00010270
00010271
00010273
00010277
00010281
00010291
00010295
00010296
00010299
00010301
00010308
00010314
00010317
00010318
00010321
00010322
00010326
00010328
00010330
00010331
00010333
00010337
00010338
00010344
00010345
00010351
00010352
00010357
00010359
00010361
00010363
00010364
00010365
00010370
00010371
00010372
00010374
00010375
00010376
00010384
00010385
00010388
00010389
00010390
00010391
00010396
00010397
00010398
00010403
00010404
00010405
00010408
00010414
00010415
00010416
00010419
00010423
00010424
00010433
00010435
00010436
00010437
00010440
00010442
00010445
00010446
00010456
00010465
00010466
00010467
00010470
00010474
00010477
00010478
00010483
00010485
00010487
00010488
00010490
00010492
00010494
00010495
00010497
00010498
00010499
00010502
00010504
00010505
00010509
00010511
00010513
00010514
00010515
00010516
00010517
00010520
00010521
00010523
00010526
00010530
00010531
00010532
00010534
00010545
00010547
00010549
00010551
00010558
00010567
00010568
00010570
00010571
00010578
00010586
00010590
00010591
00010593
00010595
00010596
00010600
00010601
00010612
00010622
00010625
00010626
00010627
00010628
00010629
00010633
00010635
00010638
00010639
00010640
00010644
00010646
00010647
00010654
00010663
00010664
00010665
00010666
00010669
00010672
00010675
00010676
00010677
00010686
00010687
00010689
00010691
00010692
00010693
00010696
00010701
00010708
00010713
00010714
00010715
00010716
00010719
00010727
00010728
00010731
00010733
00010734
00010736
00010739
00010743
00010754
00010757
00010759
00010760
00010761
00010768
00010771
00010772
00010776
00010778
00010779
00010785
00010787
00010788
00010789
00010791
00010794
00010797
00010798
00010805
00010813
00010817
00010826
00010827
00010828
00010831
00010835
00010836
00010838
00010840
00010842
00010845
00010847
00010856
00010858
00010866
00010868
00010869
00010873
00010874
00010880
00010883
00010884
00010885
00010886
00010889
00010890
00010892
00010894
00010899
00010900
00010906
00010908
00010910
00010915
00010922
00010923
00010925
00010928
00010929
00010931
00010932
00010933
00010934
00010940
00010942
00010943
00010946
00010947
00010948
00010949
00010950
00010952
00010956
00010957
00010962
00010963
00010967
00010969
00010970
00010971
00010978
00010979
00010980
00010981
00010982
00010983
00010985
00010994
00010996
00010997
00011006
00011007
00011009
00011011
00011012
00011014
00011015
00011020
00011023
00011024
00011025
00011027
00011029
00011030
00011031
00011033
00011037
00011038
00011040
00011044
00011045
00011046
00011049
00011052
00011053
00011055
00011058
00011060
00011061
00011064
00011065
00011068
00011070
00011072
00011073
00011076
00011079
00011080
00011081
00011082
00011083
00011087
00011090
00011091
00011093
00011096
00011104
00011108
00011111
00011112
00011114
00011116
00011117
00011120
00011123
00011124
00011127
00011135
00011136
00011137
00011140
00011143
00011145
00011150
00011151
00011154
00011157
00011158
00011159
00011160
00011161
00011165
00011166
00011168
00011178
00011179
00011180
00011181
00011184
00011188
00011191
00011193
00011195
00011196
00011200
00011204
00011205
00011211
00011213
00011214
00011216
00011217
00011222
00011226
00011227
00011230
00011235
00011236
00011242
00011243
00011244
00011248
00011253
00011260
00011261
00011262
00011263
00011264
00011272
00011277
00011283
00011284
00011285
00011286
00011291
00011293
00011296
00011297
00011301
00011302
00011306
00011307
00011308
00011309
00011312
00011314
00011317
00011318
00011319
00011324
00011325
00011327
00011329
00011330
00011335
00011340
00011343
00011345
00011347
00011348
00011349
00011360
00011362
00011367
00011368
00011370
00011372
00011378
00011379
00011383
00011384
00011387
00011388
00011389
00011390
00011391
00011392
00011393
00011394
00011395
00011397
00011399
00011400
00011402
00011407
00011409
00011411
00011418
00011420
00011423
00011428
00011430
00011432
00011433
00011437
00011440
00011442
00011449
00011450
00011452
00011455
00011459
00011462
00011467
00011468
00011470
00011475
00011478
00011480
00011487
00011494
00011495
00011496
00011501
00011502
00011505
00011507
00011508
00011512
00011523
00011525
00011527
00011529
00011533
00011537
00011538
00011544
00011551
00011554
00011555
00011560
00011564
00011565
00011566
00011567
00011568
00011570
00011573
00011574
00011578
00011580
00011587
00011589
00011590
00011598
00011599
00011607
00011610
00011611
00011612
00011613
00011614
00011619
00011621
00011622
00011624
00011625
00011626
00011632
00011636
00011638
00011640
00011643
00011644
00011646
00011647
00011652
00011653
00011654
00011656
00011657
00011659
00011662
00011668
00011671
00011675
00011679
00011683
00011684
00011685
00011687
00011690
00011693
00011694
00011695
00011699
00011700
00011702
00011706
00011713
00011716
00011719
00011721
00011724
00011726
00011727
00011728
00011735
00011736
00011741
00011742
00011744
00011746
00011747
00011749
00011753
00011754
00011755
00011756
00011757
00011760
00011763
00011769
00011774
00011778
00011780
00011782
00011787
00011789
00011791
00011792
00011793
00011794
00011796
00011803
00011806
00011807
00011809
00011814
00011817
00011819
00011821
00011823
00011824
00011825
00011826
00011827
00011830
00011833
00011837
00011839
00011844
00011846
00011847
00011851
00011855
00011858
00011861
00011864
00011872
00011873
00011877
00011878
00011880
00011881
00011882
00011884
00011891
00011892
00011895
00011898
00011899
00011902
00011905
00011906
00011909
00011914
00011917
00011918
00011919
00011921
00011922
00011926
00011930
00011931
00011933
00011939
00011940
00011941
00011943
00011945
00011946
00011947
00011948
00011955
00011960
00011963
00011967
00011968
00011969
00011974
00011978
00011979
00011981
00011983
00011987
00011990
00011991
00011992
00011994
00011996
00012000
00012004
00012010
00012012
00012017
00012018
00012019
00012023
00012025
00012028
00012031
00012032
00012036
00012037
00012038
00012039
00012041
00012042
00012044
00012045
00012049
00012050
00012055
00012056
00012057
00012059
00012063
00012067
00012068
00012070
00012071
00012072
00012075
00012081
00012084
00012087
00012089
00012090
00012099
00012100
00012101
00012105
00012108
00012109
00012110
00012121
00012122
00012124
00012126
00012128
00012129
00012133
00012134
00012136
00012137
00012140
00012142
00012149
00012154
00012158
00012159
00012167
00012171
00012173
00012178
00012179
00012180
00012182
00012184
00012190
00012191
00012194
00012203
00012204
00012206
00012208
00012216
00012221
00012223
00012224
00012225
00012226
00012228
00012230
00012236
00012239
00012243
00012244
00012249
00012250
00012255
00012258
00012259
00012261
00012264
00012265
00012267
00012268
00012269
00012271
00012272
00012278
00012281
00012283
00012285
00012294
00012295
00012300
00012301
00012302
00012305
00012308
00012311
00012313
00012315
00012317
00012319
00012321
00012323
00012325
00012327
00012332
00012333
00012339
00012344
00012349
00012350
00012352
00012354
00012355
00012357
00012358
00012367
00012369
00012374
00012377
00012381
00012382
00012383
00012386
00012393
00012394
00012396
00012401
00012422
00012424
00012425
00012428
00012429
00012433
00012436
00012439
00012441
00012443
00012445
00012446
00012448
00012452
00012454
00012458
00012460
00012461
00012464
00012465
00012466
00012471
00012472
00012473
00012479
00012481
00012484
00012485
00012489
00012491
00012492
00012493
00012494
00012497
00012500
00012507
00012508
00012514
00012518
00012522
00012523
00012525
00012526
00012529
00012531
00012540
00012542
00012546
00012551
00012555
00012556
00012557
00012562
00012563
00012565
00012571
00012574
00012576
00012581
00012582
00012583
00012585
00012586
00012588
00012590
00012592
00012595
00012596
00012597
00012599
00012600
00012603
00012605
00012606
00012611
00012612
00012617
00012619
00012620
00012621
00012622
00012624
00012627
00012628
00012631
00012633
00012634
00012637
00012642
00012644
00012648
00012649
00012654
00012655
00012656
00012657
00012659
00012661
00012664
00012665
00012669
00012671
00012672
00012674
00012679
00012680
00012681
00012682
00012683
00012684
00012690
00012691
00012692
00012695
00012699
00012700
00012701
00012705
00012707
00012708
00012711
00012715
00012717
00012721
00012722
00012728
00012729
00012730
00012734
00012735
00012739
00012741
00012745
00012747
00012753
00012754
00012755
00012756
00012758
00012760
00012761
00012766
00012767
00012769
00012775
00012777
00012778
00012780
00012784
00012785
00012787
00012788
00012793
00012794
00012795
00012797
00012800
00012805
00012807
00012812
00012813
00012817
00012824
00012826
00012827
00012829
00012830
00012836
00012839
00012843
00012850
00012856
00012859
00012860
00012864
00012865
00012867
00012869
00012870
00012877
00012878
00012879
00012882
00012884
00012886
00012887
00012895
00012897
00012898
00012900
00012901
00012904
00012905
00012908
00012911
00012912
00012914
00012918
00012920
00012921
00012923
00012929
00012932
00012935
00012942
00012944
00012945
00012948
00012950
00012959
00012960
00012961
00012963
00012968
00012969
00012970
00012972
00012976
00012978
00012980
00012981
00012982
00012983
00012984
00012985
00012992
00012996
00012999
00013002
00013003
00013004
00013005
00013006
00013008
00013011
00013014
00013025
00013026
00013029
00013033
00013034
00013036
00013040
00013042
00013049
00013050
00013052
00013054
00013055
00013060
00013064
00013065
00013066
00013067
00013073
00013077
00013080
00013082
00013083
00013086
00013087
00013088
00013089
00013091
00013092
00013093
00013095
00013096
00013100
00013102
00013109
00013111
00013114
00013117
00013120
00013124
00013125
00013128
00013131
00013132
00013136
00013140
00013141
00013147
00013150
00013151
00013152
00013156
00013158
00013162
00013163
00013165
00013168
00013173
00013175
00013176
00013178
00013182
00013183
00013185
00013186
00013187
00013191
00013195
00013196
00013198
00013199
00013203
00013204
00013208
00013212
00013214
00013215
00013218
00013219
00013221
00013222
00013229
00013231
00013235
00013243
00013250
00013253
00013254
00013257
00013263
00013267
00013277
00013284
00013285
00013287
00013289
00013293
00013296
00013297
00013298
00013300
00013302
00013311
00013315
00013316
00013317
00013318
00013319
00013322
00013323
00013324
00013325
00013329
00013332
00013333
00013336
00013338
00013339
00013341
00013343
00013345
00013348
00013352
00013354
00013356
00013359
00013364
00013369
00013372
00013375
00013378
00013379
00013380
00013382
00013383
00013384
00013385
00013388
00013389
00013392
00013394
00013395
00013397
00013398
00013399
00013406
00013410
00013412
00013413
00013416
00013417
00013418
00013419
00013420
00013421
00013425
00013427
00013428
00013429
00013431
00013432
00013434
00013436
00013437
00013438
00013441
00013443
00013444
00013448
00013454
00013461
00013463
00013465
00013466
00013470
00013471
00013474
00013480
00013482
00013486
00013491
00013492
00013494
00013498
00013499
00013500
00013502
00013503
00013505
00013507
00013510
00013511
00013512
00013513
00013516
00013519
00013523
00013524
00013529
00013531
00013532
00013533
00013535
00013537
00013538
00013541
00013544
00013545
00013549
00013550
00013553
00013563
00013564
00013567
00013568
00013570
00013572
00013574
00013575
00013576
00013578
00013579
00013583
00013588
00013589
00013590
00013595
00013600
00013603
00013606
00013607
00013611
00013614
00013615
00013624
00013625
00013630
00013631
00013632
00013634
00013636
00013637
00013641
00013643
00013648
00013649
00013650
00013651
00013652
00013653
00013657
00013660
00013662
00013664
00013667
00013668
00013674
00013678
00013679
00013684
00013691
00013694
00013695
00013697
00013699
00013700
00013703
00013709
00013711
00013712
00013713
00013714
00013724
00013727
00013733
00013734
00013738
00013739
00013740
00013742
00013744
00013748
00013756
00013760
00013763
00013765
00013766
00013768
00013769
00013777
00013779
00013780
00013782
00013783
00013785
00013786
00013793
00013794
00013795
00013796
00013798
00013801
00013807
00013808
00013812
00013813
00013816
00013817
00013818
00013821
00013827
00013834
00013836
00013840
00013845
00013846
00013847
00013850
00013851
00013852
00013856
00013860
00013864
00013869
00013870
00013872
00013873
00013877
00013878
00013881
00013883
00013885
00013888
00013891
00013892
00013893
00013900
00013902
00013903
00013906
00013907
00013908
00013912
00013913
00013914
00013915
00013918
00013921
00013922
00013927
00013928
00013929
00013935
00013938
00013943
00013945
00013947
00013948
00013955
00013957
00013958
00013959
00013962
00013964
00013966
00013969
00013971
00013974
00013988
00013989
00013991
00013992
00013993
00013994
00014000
00014004
00014005
00014006
00014007
00014008
00014010
00014012
00014015
00014017
00014024
00014027
00014029
00014030
00014033
00014034
00014035
00014036
00014037
00014041
00014043
00014044
00014045
00014046
00014049
00014050
00014066
00014068
00014070
00014073
00014074
00014075
00014076
00014078
00014079
00014080
00014085
00014087
00014088
00014089
00014091
00014092
00014093
00014094
00014099
00014100
00014102
00014103
00014105
00014107
00014111
00014113
00014114
00014117
00014118
00014119
00014120
00014121
00014125
00014128
00014129
00014130
00014132
00014134
00014135
00014141
00014142
00014144
00014146
00014147
00014148
00014152
00014156
00014161
00014164
00014165
00014167
00014174
00014177
00014179
00014183
00014184
00014185
00014186
00014188
00014191
00014193
00014196
00014197
00014199
00014200
00014201
00014202
00014204
00014205
00014206
00014208
00014210
00014213
00014214
00014216
00014221
00014225
00014227
00014231
00014232
00014234
00014235
00014238
00014242
00014248
00014249
00014252
00014253
00014254
00014259
00014261
00014265
00014272
00014276
00014283
00014287
00014288
00014294
00014295
00014297
00014299
00014300
00014303
00014304
00014306
00014309
00014310
00014311
00014317
00014319
00014320
00014321
00014322
00014328
00014331
00014332
00014334
00014335
00014336
00014338
00014343
00014344
00014346
00014348
00014349
00014351
00014354
00014355
00014356
00014359
00014365
00014366
00014367
00014369
00014371
00014372
00014374
00014375
00014376
00014377
00014378
00014379
00014380
00014382
00014383
00014385
00014388
00014392
00014393
00014395
00014397
00014403
00014404
00014405
00014409
00014412
00014413
00014415
00014416
00014418
00014419
00014423
00014426
00014427
00014431
00014433
00014437
00014439
00014440
00014441
00014443
00014444
00014445
00014447
00014450
00014451
00014452
00014453
00014454
00014455
00014457
00014459
00014460
00014461
00014462
00014465
00014466
00014467
00014469
00014471
00014473
00014493
00014495
00014496
00014503
00014508
00014511
00014517
00014518
00014520
00014521
00014523
00014526
00014528
00014529
00014531
00014532
00014534
00014540
00014541
00014551
00014552
00014553
00014555
00014559
00014560
00014562
00014563
00014564
00014567
00014571
00014572
00014574
00014576
00014577
00014578
00014579
00014581
00014583
00014587
00014590
00014591
00014597
00014598
00014609
00014611
00014612
00014613
00014616
00014617
00014621
00014623
00014624
00014626
00014627
00014629
00014635
00014637
00014641
00014642
00014643
00014644
00014645
00014649
00014657
00014661
00014664
00014671
00014672
00014674
00014676
00014678
00014679
00014683
00014685
00014686
00014688
00014693
00014694
00014696
00014700
00014701
00014703
00014704
00014705
00014707
00014709
00014717
00014724
00014725
00014726
00014729
00014730
00014731
00014733
00014735
00014737
00014738
00014740
00014743
00014746
00014751
00014755
00014756
00014758
00014761
00014763
00014764
00014765
00014768
00014770
00014772
00014773
00014774
00014776
00014777
00014782
00014783
00014784
00014785
00014786
00014788
00014790
00014793
00014796
00014801
00014809
00014812
00014816
00014818
00014819
00014826
00014827
00014828
00014830
00014831
00014833
00014836
00014837
00014839
00014840
00014841
00014845
00014846
00014847
00014849
00014851
00014853
00014854
00014858
00014859
00014861
00014863
00014864
00014866
00014868
00014872
00014875
00014880
00014881
00014885
00014886
00014888
00014889
00014891
00014892
00014898
00014899
00014900
00014902
00014903
00014905
00014907
00014910
00014912
00014914
00014915
00014918
00014919
00014921
00014925
00014926
00014928
00014929
00014930
00014932
00014933
00014934
00014938
00014939
00014940
00014941
00014942
00014943
00014944
00014947
00014952
00014956
00014957
00014960
00014961
00014963
00014966
00014968
00014973
00014975
00014976
00014979
00014983
00014985
00014986
00014987
00014988
00014989
00014990
00014991
00014993
00014996
00014997
00014998
00015004
00015005
00015006
00015008
00015010
00015011
00015012
00015013
00015015
00015020
00015021
00015023
00015025
00015026
00015027
00015028
00015033
00015035
00015039
00015045
00015046
00015048
00015050
00015055
00015057
00015058
00015059
00015061
00015062
00015068
00015070
00015072
00015078
00015082
00015085
00015087
00015088
00015091
00015092
00015096
00015097
00015098
00015101
00015107
00015108
00015111
00015112
00015116
00015119
00015121
00015129
00015130
00015134
00015136
00015138
00015139
00015140
00015144
00015146
00015148
00015149
00015150
00015152
00015153
00015155
00015157
00015160
00015161
00015162
00015164
00015168
00015169
00015170
00015172
00015176
00015177
00015182
00015186
00015195
00015196
00015200
00015202
00015204
00015205
00015209
00015213
00015214
00015216
00015217
00015223
00015224
00015227
00015230
00015231
00015233
00015235
00015239
00015240
00015243
00015246
00015249
00015253
00015256
00015258
00015260
00015261
00015267
00015268
00015273
00015277
00015278
00015279
00015281
00015284
00015287
00015289
00015290
00015291
00015295
00015296
00015297
00015298
00015300
00015302
00015304
00015306
00015307
00015308
00015320
00015325
00015330
00015331
00015332
00015333
00015335
00015337
00015341
00015345
00015348
00015351
00015353
00015355
00015357
00015362
00015364
00015365
00015372
00015376
00015379
00015380
00015381
00015382
00015384
00015386
00015392
00015394
00015397
00015399
00015409
00015416
00015418
00015419
00015420
00015423
00015425
00015427
00015429
00015430
00015431
00015434
00015435
00015436
00015438
00015440
00015441
00015443
00015445
00015447
00015452
00015454
00015457
00015460
00015462
00015465
00015468
00015469
00015470
00015471
00015472
00015477
00015478
00015480
00015487
00015489
00015493
00015498
00015499
00015500
00015501
00015503
00015505
00015506
00015510
00015511
00015512
00015513
00015514
00015515
00015516
00015518
00015529
00015531
00015532
00015534
00015536
00015537
00015540
00015544
00015547
00015553
00015554
00015555
00015558
00015560
00015561
00015569
00015575
00015577
00015579
00015581
00015583
00015584
00015589
00015593
00015597
00015598
00015599
00015604
00015610
00015611
00015612
00015613
00015615
00015617
00015618
00015619
00015620
00015621
00015632
00015635
00015639
00015644
00015645
00015652
00015653
00015654
00015655
00015657
00015658
00015659
00015661
00015665
00015668
00015670
00015671
00015674
00015678
00015681
00015685
00015686
00015687
00015688
00015690
00015691
00015692
00015693
00015696
00015698
00015701
00015703
00015708
00015709
00015712
00015715
00015717
00015723
00015724
00015727
00015728
00015732
00015735
00015736
00015738
00015740
00015742
00015743
00015749
00015753
00015754
00015757
00015762
00015764
00015766
00015769
00015770
00015773
00015774
00015776
00015777
00015779
00015780
00015781
00015783
00015784
00015785
00015789
00015791
00015792
00015795
00015803
00015808
00015810
00015811
00015812
00015814
00015818
00015819
00015820
00015823
00015824
00015825
00015831
00015833
00015834
00015835
00015836
00015841
00015850
00015851
00015854
00015858
00015863
00015864
00015869
00015872
00015874
00015876
00015877
00015884
00015885
00015892
00015893
00015895
00015898
00015899
00015900
00015901
00015906
00015907
00015911
00015912
00015915
00015921
00015922
00015924
00015925
00015927
00015931
00015932
00015935
00015936
00015937
00015940
00015944
00015945
00015950
00015951
00015958
00015959
00015966
00015967
00015972
00015974
00015977
00015979
00015981
00015983
00015987
00015988
00015989
00015990
00015991
00015993
00015999
00016001
00016002
00016007
00016011
00016013
00016017
00016020
00016021
00016026
00016027
00016028
00016029
00016032
00016033
00016035
00016037
00016043
00016045
00016047
00016048
00016049
00016055
00016057
00016058
00016059
00016061
00016062
00016063
00016064
00016067
00016072
00016073
00016078
00016079
00016081
00016087
00016090
00016096
00016098
00016102
00016106
00016112
00016114
00016120
00016122
00016123
00016125
00016126
00016131
00016133
00016137
00016139
00016140
00016142
00016143
00016147
00016148
00016149
00016150
00016151
00016153
00016154
00016156
00016157
00016158
00016161
00016163
00016165
00016167
00016168
00016169
00016170
00016173
00016174
00016177
00016178
00016179
00016180
00016184
00016187
00016188
00016190
00016196
00016201
00016207
00016212
00016214
00016216
00016217
00016218
00016221
00016227
00016230
00016231
00016233
00016234
00016235
00016237
00016240
00016248
00016252
00016254
00016258
00016261
00016263
00016264
00016268
00016270
00016275
00016276
00016278
00016279
00016283
00016286
00016287
00016288
00016289
00016291
00016292
00016295
00016296
00016298
00016308
00016309
00016313
00016324
00016327
00016328
00016330
00016333
00016334
00016337
00016346
00016348
00016354
00016369
00016372
00016376
00016378
00016380
00016382
00016384
00016385
00016390
00016391
00016392
00016396
00016400
00016401
00016407
00016410
00016413
00016414
00016418
00016420
00016422
00016423
00016424
00016426
00016437
00016439
00016440
00016441
00016443
00016444
00016448
00016450
00016454
00016461
00016468
00016469
00016473
00016479
00016480
00016482
00016483
00016486
00016489
00016490
00016499
00016500
00016505
00016506
00016510
00016516
00016522
00016524
00016525
00016526
00016531
00016533
00016538
00016541
00016546
00016550
00016553
00016557
00016558
00016559
00016561
00016565
00016566
00016573
00016574
00016576
00016579
00016581
00016584
00016585
00016586
00016588
00016593
00016594
00016598
00016602
00016604
00016605
00016606
00016607
00016614
00016615
00016616
00016621
00016622
00016627
00016629
00016630
00016635
00016639
00016640
00016641
00016644
00016645
00016646
00016647
00016651
00016654
00016658
00016664
00016665
00016666
00016667
00016672
00016673
00016674
00016676
00016680
00016682
00016683
00016686
00016689
00016695
00016699
00016701
00016702
00016703
00016706
00016707
00016709
00016711
00016713
00016716
00016721
00016723
00016725
00016728
00016733
00016736
00016738
00016741
00016744
00016747
00016748
00016749
00016750
00016751
00016755
00016759
00016762
00016765
00016769
00016770
00016772
00016774
00016776
00016778
00016781
00016786
00016787
00016788
00016789
00016794
00016797
00016799
00016802
00016805
00016806
00016807
00016809
00016810
00016812
00016817
00016821
00016829
00016830
00016832
00016833
00016836
00016841
00016842
00016845
00016847
00016849
00016852
00016855
00016856
00016858
00016859
00016860
00016863
00016864
00016865
00016866
00016867
00016869
00016881
00016885
00016886
00016887
00016896
00016901
00016904
00016907
00016915
00016917
00016919
00016922
00016928
00016929
00016933
00016935
00016936
00016937
00016939
00016940
00016941
00016942
00016944
00016947
00016950
00016954
00016955
00016959
00016964
00016968
00016972
00016975
00016976
00016978
00016982
00016983
00016984
00016988
00016989
00016991
00016997
00016998
00017001
00017003
00017006
00017012
00017014
00017016
00017017
00017018
00017021
00017029
00017037
00017038
00017043
00017045
00017046
00017049
00017050
00017051
00017052
00017053
00017059
00017062
00017063
00017067
00017068
00017070
00017072
00017075
00017078
00017079
00017084
00017085
00017088
00017097
00017098
00017099
00017102
00017104
00017106
00017111
00017114
00017115
00017116
00017119
00017120
00017122
00017123
00017126
00017129
00017133
00017140
00017145
00017158
00017160
00017161
00017163
00017164
00017166
00017167
00017169
00017170
00017174
00017176
00017177
00017180
00017181
00017184
00017186
00017189
00017190
00017191
00017192
00017199
00017201
00017202
00017206
00017208
00017211
00017220
00017222
00017223
00017225
00017226
00017229
00017230
00017234
00017235
00017239
00017240
00017246
00017247
00017250
00017257
00017259
00017260
00017262
00017264
00017269
00017270
00017271
00017276
00017277
00017279
00017280
00017282
00017283
00017285
00017286
00017289
00017290
00017291
00017294
00017298
00017299
00017300
00017301
00017302
00017305
00017306
00017307
00017309
00017312
00017317
00017322
00017326
00017330
00017331
00017332
00017333
00017335
00017342
00017346
00017348
00017353
00017356
00017357
00017362
00017364
00017368
00017372
00017374
00017378
00017382
00017385
00017386
00017387
00017394
00017399
00017401
00017402
00017404
00017405
00017406
00017408
00017413
00017417
00017419
00017420
00017427
00017429
00017431
00017433
00017435
00017436
00017437
00017438
00017440
00017449
00017453
00017456
00017459
00017460
00017461
00017464
00017467
00017468
00017469
00017470
00017471
00017472
00017474
00017475
00017477
00017478
00017481
00017482
00017483
00017484
00017486
00017489
00017491
00017495
00017496
00017498
00017500
00017502
00017504
00017508
00017512
00017514
00017519
00017527
00017528
00017529
00017531
00017534
00017540
00017542
00017544
00017547
00017548
00017552
00017553
00017559
00017560
00017562
00017566
00017567
00017569
00017573
00017576
00017581
00017583
00017585
00017587
00017593
00017594
00017600
00017601
00017605
00017609
00017610
00017613
00017615
00017617
00017619
00017620
00017622
00017624
00017625
00017629
00017630
00017632
00017635
00017636
00017639
00017640
00017641
00017643
00017644
00017647
00017650
00017655
00017656
00017657
00017664
00017665
00017667
00017668
00017672
00017674
00017678
00017679
00017681
00017683
00017684
00017686
00017691
00017698
00017702
00017709
00017710
00017713
00017715
00017718
00017719
00017721
00017725
00017727
00017729
00017730
00017739
00017740
00017742
00017746
00017748
00017753
00017754
00017756
00017758
00017759
00017771
00017775
00017777
00017778
00017781
00017782
00017783
00017784
00017786
00017787
00017792
00017794
00017799
00017800
00017802
00017805
00017806
00017808
00017822
00017823
00017824
00017825
00017826
00017828
00017830
00017833
00017834
00017835
00017836
00017838
00017839
00017840
00017842
00017843
00017849
00017851
00017853
00017856
00017857
00017858
00017863
00017868
00017869
00017870
00017872
00017873
00017874
00017878
00017879
00017886
00017887
00017888
00017889
00017890
00017893
00017898
00017899
00017902
00017908
00017910
00017911
00017912
00017915
00017916
00017918
00017923
00017924
00017925
00017928
00017929
00017933
00017935
00017940
00017942
00017943
00017947
00017951
00017953
00017958
00017960
00017961
00017963
00017965
00017966
00017969
00017970
00017972
00017975
00017977
00017978
00017980
00017983
00017985
00017991
00017993
00017995
00017996
00017997
00018002
00018003
00018005
00018008
00018009
00018011
00018012
00018013
00018014
00018015
00018016
00018018
00018022
00018023
00018024
00018032
00018033
00018035
00018036
00018039
00018042
00018046
00018047
00018048
00018053
00018059
00018063
00018067
00018072
00018075
00018077
00018080
00018082
00018084
00018086
00018090
00018095
00018098
00018107
00018108
00018111
00018117
00018124
00018125
00018128
00018131
00018132
00018133
00018136
00018137
00018138
00018139
00018140
00018143
00018144
00018148
00018152
00018153
00018160
00018162
00018163
00018164
00018168
00018171
00018177
00018178
00018181
00018183
00018187
00018188
00018190
00018193
00018195
00018197
00018199
00018202
00018205
00018206
00018210
00018214
00018215
00018216
00018222
00018223
00018227
00018228
00018230
00018231
00018232
00018234
00018236
00018243
00018247
00018248
00018249
00018250
00018260
00018262
00018265
00018267
00018269
00018273
00018280
00018281
00018284
00018286
00018292
00018293
00018296
00018297
00018298
00018299
00018300
00018301
00018305
00018312
00018313
00018321
00018323
00018324
00018325
00018327
00018329
00018331
00018335
00018336
00018337
00018338
00018339
00018344
00018345
00018346
00018348
00018349
00018350
00018351
00018353
00018355
00018366
00018367
00018368
00018369
00018370
00018371
00018372
00018373
00018377
00018381
00018383
00018384
00018385
00018389
00018393
00018394
00018395
00018399
00018403
00018405
00018408
00018410
00018412
00018416
00018418
00018420
00018421
00018422
00018423
00018424
00018428
00018430
00018431
00018432
00018433
00018436
00018437
00018438
00018441
00018442
00018443
00018444
00018447
00018450
00018454
00018456
00018457
00018458
00018461
00018463
00018464
00018465
00018467
00018468
00018469
00018473
00018474
00018479
00018481
00018483
00018484
00018487
00018488
00018489
00018490
00018491
00018493
00018500
00018502
00018503
00018504
00018507
00018509
00018514
00018516
00018517
00018534
00018540
00018541
00018543
00018545
00018550
00018551
00018553
00018556
00018558
00018560
00018561
00018562
00018563
00018564
00018574
00018576
00018577
00018578
00018580
00018581
00018583
00018584
00018587
00018595
00018597
00018599
00018600
00018601
00018602
00018607
00018608
00018611
00018614
00018615
00018616
00018617
00018623
00018624
00018628
00018630
00018633
00018634
00018636
00018639
00018641
00018644
00018651
00018660
00018662
00018663
00018668
00018673
00018675
00018676
00018677
00018680
00018690
00018695
00018699
00018701
00018707
00018711
00018712
00018713
00018714
00018715
00018721
00018722
00018723
00018725
00018728
00018729
00018730
00018732
00018733
00018736
00018743
00018745
00018746
00018747
00018748
00018754
00018755
00018757
00018758
00018765
00018767
00018768
00018770
00018772
00018776
00018777
00018782
00018784
00018785
00018787
00018788
00018792
00018795
00018798
00018799
00018800
00018801
00018804
00018810
00018811
00018813
00018815
00018821
00018825
00018828
00018831
00018833
00018834
00018836
00018838
00018840
00018843
00018845
00018846
00018850
00018851
00018852
00018856
00018857
00018858
00018865
00018874
00018877
00018879
00018883
00018884
00018885
00018886
00018888
00018889
00018892
00018893
00018896
00018897
00018899
00018902
00018904
00018905
00018908
00018914
00018915
00018919
00018922
00018924
00018928
00018931
00018935
00018943
00018944
00018951
00018953
00018954
00018959
00018963
00018965
00018974
00018975
00018976
00018979
00018980
00018983
00018984
00018991
00018994
00018996
00018999
00019000
00019002
00019005
00019011
00019012
00019013
00019014
00019015
00019022
00019024
00019025
00019028
00019031
00019033
00019035
00019036
00019039
00019040
00019043
00019048
00019049
00019053
00019056
00019060
00019061
00019062
00019068
00019071
00019073
00019075
00019076
00019085
00019086
00019088
00019092
00019102
00019103
00019104
00019106
00019110
00019112
00019120
00019126
00019127
00019128
00019133
00019134
00019136
00019138
00019139
00019141
00019142
00019146
00019148
00019150
00019151
00019160
00019164
00019165
00019166
00019170
00019172
00019173
00019174
00019176
00019181
00019183
00019189
00019190
00019192
00019193
00019195
00019197
00019200
00019201
00019202
00019204
00019206
00019207
00019212
00019213
00019215
00019216
00019217
00019218
00019219
00019220
00019221
00019227
00019229
00019236
00019237
00019244
00019245
00019246
00019251
00019255
00019256
00019258
00019259
00019264
00019265
00019267
00019269
00019270
00019271
00019274
00019278
00019284
00019285
00019289
00019290
00019296
00019297
00019299
00019304
00019311
00019312
00019313
00019317
00019322
00019323
00019326
00019329
00019332
00019334
00019339
00019341
00019344
00019346
00019347
00019350
00019351
00019352
00019354
00019356
00019365
00019368
00019373
00019387
00019394
00019396
00019398
00019402
00019405
00019407
00019413
00019414
00019418
00019419
00019421
00019424
00019428
00019429
00019430
00019431
00019433
00019442
00019443
00019445
00019447
00019450
00019456
00019458
00019461
00019462
00019466
00019467
00019469
00019470
00019471
00019477
00019479
00019483
00019485
00019486
00019489
00019491
00019493
00019500
00019515
00019517
00019521
00019522
00019525
00019526
00019528
00019529
00019532
00019535
00019536
00019537
00019538
00019540
00019541
00019542
00019547
00019550
00019551
00019556
00019557
00019560
00019561
00019562
00019563
00019564
00019565
00019568
00019570
00019580
00019582
00019583
00019586
00019588
00019592
00019593
00019594
00019595
00019598
00019600
00019605
00019608
00019609
00019611
00019612
00019619
00019620
00019621
00019624
00019627
00019628
00019635
00019641
00019642
00019643
00019644
00019645
00019646
00019648
00019649
00019651
00019655
00019656
00019659
00019665
00019666
00019670
00019674
00019678
00019680
00019681
00019683
00019687
00019688
00019696
00019700
00019701
00019702
00019703
00019704
00019709
00019713
00019714
00019719
00019721
00019722
00019724
00019725
00019726
00019727
00019730
00019731
00019732
00019734
00019737
00019741
00019745
00019749
00019751
00019761
00019765
00019766
00019771
00019776
00019778
00019781
00019783
00019784
00019787
00019789
00019793
00019796
00019799
00019800
00019802
00019803
00019806
00019813
00019818
00019820
00019821
00019822
00019824
00019825
00019826
00019828
00019830
00019836
00019837
00019840
00019844
00019845
00019850
00019851
00019853
00019854
00019858
00019860
00019863
00019867
00019868
00019872
00019873
00019874
00019879
00019881
00019882
00019883
00019886
00019888
00019889
00019892
00019895
00019897
00019898
00019899
00019901
00019902
00019903
00019905
00019906
00019907
00019908
00019911
00019914
00019915
00019918
00019920
00019923
00019924
00019925
00019926
00019927
00019930
00019931
00019932
00019934
00019939
00019940
00019943
00019944
00019947
00019951
00019953
00019954
00019955
00019957
00019958
00019960
00019963
00019966
00019967
00019972
00019975
00019976
00019981
00019985
00019987
00019992
00019993
00019995
00020001
00020003
00020009
00020011
00020014
00020018
00020019
00020020
00020022
00020024
00020027
00020028
00020030
00020031
00020032
00020033
00020040
00020041
00020042
00020045
00020047
00020048
00020050
00020051
00020053
00020058
00020062
00020064
00020065
00020066
00020070
00020071
00020072
00020076
00020077
00020082
00020086
00020087
00020090
00020095
00020096
00020099
00020100
00020105
00020113
00020114
00020117
00020121
00020127
00020128
00020131
00020139
00020141
00020143
00020144
00020145
00020152
00020153
00020157
00020162
00020165
00020173
00020177
00020179
00020182
00020185
00020187
00020189
00020200
00020204
00020206
00020212
00020216
00020222
00020225
00020226
00020228
00020233
00020236
00020245
00020249
00020252
00020259
00020263
00020272
00020273
00020274
00020288
00020289
00020293
00020294
00020300
00020303
00020307
00020315
00020321
00020322
00020328
00020330
00020333
00020338
00020339
00020342
00020345
00020347
00020355
00020356
00020357
00020358
00020359
00020362
00020364
00020368
00020373
00020374
00020375
00020376
00020377
00020382
00020383
00020385
00020386
00020387
00020390
00020392
00020400
00020404
00020406
00020409
00020411
00020412
00020413
00020414
00020417
00020422
00020423
00020424
00020425
00020428
00020429
00020430
00020432
00020436
00020438
00020439
00020443
00020445
00020448
00020449
00020450
00020451
00020453
00020454
00020459
00020461
00020462
00020467
00020472
00020478
00020479
00020482
00020483
00020485
00020486
00020488
00020489
00020491
00020493
00020501
00020502
00020503
00020508
00020509
00020514
00020517
00020519
00020527
00020528
00020529
00020534
00020535
00020536
00020538
00020540
00020545
00020551
00020552
00020553
00020556
00020558
00020561
00020562
00020568
00020570
00020573
00020584
00020585
00020587
00020593
00020594
00020603
00020605
00020613
00020615
00020617
00020621
00020622
00020623
00020627
00020628
00020631
00020632
00020636
00020641
00020644
00020647
00020648
00020649
00020651
00020655
00020659
00020663
00020664
00020665
00020667
00020672
00020674
00020678
00020679
00020682
00020683
00020686
00020689
00020691
00020692
00020693
00020703
00020704
00020705
00020708
00020710
00020713
00020718
00020723
00020724
00020729
00020730
00020731
00020732
00020734
00020736
00020737
00020740
00020741
00020742
00020744
00020747
00020749
00020750
00020751
00020754
00020756
00020757
00020763
00020765
00020769
00020773
00020776
00020777
00020778
00020781
00020782
00020784
00020785
00020787
00020788
00020789
00020792
00020793
00020794
00020803
00020805
00020810
00020814
00020815
00020816
00020817
00020818
00020821
00020824
00020833
00020841
00020843
00020844
00020848
00020849
00020851
00020854
00020855
00020857
00020858
00020859
00020860
00020864
00020865
00020866
00020867
00020871
00020872
00020873
00020874
00020875
00020882
00020884
00020885
00020887
00020893
00020901
00020902
00020904
00020905
00020909
00020912
00020914
00020928
00020930
00020931
00020933
00020938
00020943
00020946
00020949
00020950
00020952
00020958
00020961
00020962
00020970
00020972
00020973
00020974
00020981
00020982
00020984
00020986
00020991
00020994
00020997
00020999
00021003
00021005
00021006
00021010
00021011
00021012
00021019
00021020
00021022
00021027
00021029
00021033
00021034
00021035
00021039
00021040
00021041
00021042
00021046
00021047
00021048
00021049
00021050
00021051
00021055
00021056
00021057
00021061
00021064
00021069
00021071
00021072
00021075
00021081
00021082
00021085
00021087
00021089
00021090
00021091
00021092
00021093
00021097
00021101
00021103
00021104
00021105
00021106
00021108
00021109
00021111
00021112
00021113
00021114
00021119
00021122
00021126
00021127
00021129
00021136
00021138
00021139
00021141
00021146
00021156
00021159
00021168
00021169
00021170
00021174
00021176
00021177
00021178
00021179
00021183
00021188
00021191
00021192
00021193
00021194
00021197
00021198
00021200
00021201
00021204
00021205
00021210
00021212
00021217
00021232
00021237
00021239
00021242
00021244
00021245
00021252
00021253
00021264
00021266
00021267
00021269
00021270
00021271
00021272
00021273
00021277
00021278
00021281
00021282
00021284
00021292
00021294
00021295
00021297
00021299
00021301
00021303
00021305
00021306
00021308
00021311
00021317
00021322
00021325
00021329
00021330
00021332
00021333
00021343
00021346
00021347
00021348
00021349
00021351
00021354
00021359
00021360
00021361
00021365
00021368
00021375
00021376
00021378
00021380
00021381
00021385
00021387
00021396
00021400
00021401
00021402
00021403
00021408
00021409
00021411
00021416
00021423
00021424
00021426
00021428
00021430
00021431
00021432
00021437
00021438
00021439
00021440
00021441
00021443
00021445
00021446
00021447
00021452
00021458
00021459
00021461
00021463
00021464
00021467
00021468
00021471
00021475
00021479
00021480
00021483
00021486
00021488
00021492
00021493
00021495
00021500
00021501
00021502
00021507
00021512
00021514
00021515
00021517
00021519
00021521
00021523
00021525
00021529
00021532
00021536
00021537
00021538
00021540
00021546
00021547
00021548
00021551
00021554
00021562
00021563
00021564
00021567
00021574
00021577
00021580
00021582
00021585
00021586
00021588
00021589
00021596
00021598
00021604
00021607
00021608
00021609
00021610
00021611
00021612
00021615
00021616
00021618
00021621
00021622
00021625
00021626
00021628
00021630
00021636
00021642
00021643
00021649
00021653
00021656
00021657
00021659
00021660
00021661
00021663
00021669
00021672
00021675
00021679
00021687
00021688
00021690
00021692
00021694
00021696
00021698
00021699
00021708
00021710
00021711
00021713
00021715
00021724
00021726
00021727
00021730
00021735
00021738
00021739
00021742
00021743
00021744
00021745
00021746
00021749
00021754
00021759
00021760
00021761
00021772
00021776
00021778
00021780
00021783
00021784
00021786
00021787
00021790
00021791
00021792
00021793
00021795
00021796
00021797
00021799
00021803
00021805
00021806
00021808
00021815
00021816
00021823
00021824
00021825
00021826
00021830
00021832
00021833
00021836
00021838
00021840
00021842
00021849
00021851
00021854
00021856
00021859
00021862
00021868
00021870
00021877
00021878
00021879
00021883
00021888
00021889
00021890
00021891
00021892
00021894
00021906
00021908
00021911
00021913
00021916
00021918
00021919
00021922
00021923
00021924
00021925
00021926
00021927
00021930
00021934
00021935
00021938
00021940
00021941
00021946
00021950
00021952
00021954
00021956
00021959
00021971
00021972
00021973
00021975
00021978
00021981
00021982
00021984
00021988
00021991
00021992
00021993
00021998
00022001
00022003
00022009
00022010
00022011
00022014
00022015
00022016
00022017
00022018
00022023
00022027
00022030
00022031
00022032
00022033
00022038
00022039
00022043
00022046
00022048
00022053
00022055
00022057
00022066
00022067
00022069
00022070
00022072
00022073
00022075
00022078
00022079
00022081
00022088
00022089
00022090
00022091
00022092
00022095
00022097
00022099
00022104
00022105
00022107
00022111
00022112
00022113
00022118
00022121
00022122
00022123
00022127
00022130
00022133
00022138
00022142
00022143
00022144
00022148
00022149
00022153
00022154
00022155
00022157
00022162
00022163
00022164
00022166
00022167
00022179
00022180
00022182
00022184
00022185
00022187
00022189
00022190
00022193
00022194
00022195
00022197
00022200
00022203
00022204
00022208
00022209
00022215
00022216
00022221
00022222
00022223
00022224
00022227
00022228
00022231
00022233
00022234
00022237
00022246
00022247
00022250
00022251
00022252
00022253
00022258
00022261
00022262
00022263
00022265
00022267
00022268
00022269
00022271
00022276
00022279
00022280
00022282
00022286
00022287
00022289
00022292
00022297
00022301
00022304
00022308
00022310
00022311
00022312
00022313
00022315
00022319
00022320
00022322
00022332
00022333
00022336
00022344
00022348
00022349
00022352
00022358
00022359
00022362
00022368
00022370
00022371
00022377
00022378
00022380
00022384
00022385
00022386
00022388
00022391
00022392
00022395
00022398
00022400
00022402
00022405
00022406
00022408
00022413
00022414
00022418
00022419
00022420
00022422
00022425
00022426
00022428
00022435
00022441
00022446
00022448
00022449
00022451
00022452
00022460
00022464
00022469
00022470
00022473
00022476
00022477
00022478
00022479
00022485
00022487
00022490
00022496
00022499
00022500
00022501
00022503
00022509
00022510
00022515
00022516
00022520
00022523
00022527
00022531
00022534
00022538
00022540
00022544
00022551
00022556
00022559
00022561
00022562
00022563
00022566
00022567
00022569
00022572
00022577
00022578
00022581
00022582
00022583
00022584
00022586
00022588
00022591
00022595
00022596
00022597
00022603
00022606
00022609
00022610
00022613
00022614
00022615
00022619
00022626
00022629
00022632
00022633
00022634
00022635
00022638
00022639
00022643
00022645
00022647
00022649
00022650
00022655
00022657
00022660
00022661
00022663
00022668
00022671
00022672
00022674
00022683
00022685
00022688
00022690
00022696
00022697
00022698
00022700
00022701
00022703
00022705
00022709
00022713
00022718
00022721
00022722
00022723
00022724
00022727
00022729
00022732
00022736
00022737
00022739
00022740
00022744
00022745
00022747
00022748
00022750
00022755
00022758
00022762
00022764
00022766
00022769
00022787
00022790
00022792
00022793
00022795
00022800
00022801
00022804
00022805
00022807
00022810
00022811
00022813
00022815
00022819
00022825
00022829
00022831
00022834
00022838
00022842
00022843
00022848
00022849
00022852
00022853
00022856
00022858
00022859
00022860
00022862
00022865
00022867
00022870
00022875
00022877
00022881
00022884
00022886
00022887
00022888
00022889
00022890
00022892
00022897
00022898
00022899
00022902
00022903
00022905
00022906
00022909
00022911
00022912
00022913
00022917
00022919
00022920
00022921
00022922
00022925
00022926
00022930
00022933
00022935
00022941
00022943
00022947
00022952
00022953
00022954
00022955
00022957
00022959
00022964
00022969
00022974
00022985
00022992
00022996
00023000
00023002
00023003
00023005
00023018
00023020
00023021
00023022
00023028
00023031
00023033
00023034
00023045
00023046
00023047
00023048
00023049
00023050
00023051
00023052
00023053
00023057
00023060
00023064
00023067
00023068
00023069
00023073
00023076
00023079
00023081
00023085
00023091
00023092
00023093
00023094
00023097
00023106
00023109
00023110
00023116
00023118
00023119
00023122
00023123
00023124
00023125
00023129
00023130
00023131
00023135
00023136
00023138
00023140
00023141
00023142
00023143
00023148
00023149
00023151
00023152
00023154
00023156
00023159
00023161
00023162
00023169
00023170
00023177
00023178
00023179
00023182
00023183
00023185
00023188
00023190
00023193
00023194
00023195
00023196
00023198
00023201
00023205
00023209
00023210
00023217
00023218
00023221
00023223
00023225
00023226
00023227
00023228
00023229
00023235
00023238
00023244
00023250
00023252
00023254
00023258
00023266
00023268
00023270
00023272
00023273
00023277
00023278
00023279
00023281
00023282
00023286
00023287
00023289
00023290
00023292
00023293
00023297
00023299
00023300
00023308
00023311
00023312
00023313
00023316
00023318
00023324
00023325
00023328
00023329
00023338
00023340
00023343
00023346
00023353
00023354
00023356
00023359
00023360
00023363
00023364
00023367
00023370
00023372
00023374
00023376
00023393
00023396
00023400
00023401
00023404
00023406
00023408
00023410
00023412
00023415
00023420
00023424
00023425
00023426
00023432
00023435
00023438
00023440
00023443
00023445
00023446
00023450
00023451
00023453
00023456
00023458
00023461
00023462
00023463
00023465
00023470
00023477
00023479
00023480
00023482
00023486
00023491
00023494
00023497
00023498
00023501
00023502
00023504
00023508
00023518
00023519
00023524
00023526
00023527
00023529
00023530
00023531
00023532
00023534
00023539
00023541
00023542
00023548
00023555
00023559
00023562
00023563
00023564
00023566
00023567
00023568
00023569
00023573
00023575
00023576
00023577
00023578
00023580
00023581
00023587
00023589
00023590
00023592
00023593
00023595
00023597
00023602
00023605
00023609
00023611
00023615
00023620
00023623
00023636
00023650
00023653
00023654
00023655
00023657
00023662
00023663
00023670
00023672
00023675
00023682
00023683
00023686
00023688
00023689
00023690
00023694
00023697
00023698
00023699
00023706
00023709
00023718
00023720
00023721
00023722
00023729
00023733
00023735
00023737
00023738
00023742
00023743
00023747
00023752
00023754
00023755
00023760
00023761
00023763
00023765
00023767
00023768
00023769
00023771
00023772
00023779
00023784
00023785
00023787
00023791
00023796
00023797
00023800
00023803
00023810
00023813
00023820
00023822
00023824
00023825
00023830
00023831
00023834
00023836
00023838
00023840
00023854
00023857
00023867
00023868
00023882
00023883
00023887
00023889
00023892
00023893
00023894
00023900
00023902
00023903
00023904
00023908
00023911
00023912
00023913
00023915
00023922
00023924
00023925
00023926
00023936
00023942
00023947
00023948
00023960
00023962
00023963
00023966
00023970
00023971
00023982
00023985
00023986
00023987
00023997
00023998
00023999
00024000
00024002
00024003
00024004
00024006
00024007
00024008
00024012
00024013
00024014
00024015
00024016
00024019
00024020
00024024
00024028
00024031
00024033
00024034
00024037
00024040
00024042
00024046
00024049
00024050
00024055
00024057
00024062
00024063
00024066
00024068
00024072
00024074
00024075
00024080
00024083
00024084
00024087
00024088
00024089
00024094
00024095
00024096
00024097
00024102
00024103
00024106
00024107
00024108
00024110
00024112
00024116
00024122
00024123
00024124
00024126
00024128
00024129
00024131
00024136
00024137
00024138
00024141
00024142
00024149
00024153
00024154
00024159
00024163
00024168
00024172
00024174
00024176
00024178
00024185
00024186
00024190
00024191
00024192
00024193
00024197
00024199
00024202
00024203
00024204
00024208
00024217
00024218
00024220
00024221
00024223
00024225
00024226
00024231
00024233
00024238
00024240
00024242
00024245
00024251
00024252
00024253
00024255
00024258
00024259
00024260
00024263
00024268
00024274
00024279
00024281
00024282
00024284
00024285
00024286
00024289
00024291
00024293
00024298
00024299
00024300
00024301
00024302
00024311
00024313
00024314
00024317
00024320
00024324
00024325
00024326
00024328
00024330
00024333
00024340
00024342
00024343
00024345
00024346
00024352
00024356
00024357
00024366
00024369
00024370
00024372
00024373
00024380
00024381
00024382
00024384
00024385
00024389
00024390
00024392
00024394
00024396
00024398
00024399
00024401
00024402
00024409
00024410
00024411
00024412
00024413
00024414
00024415
00024423
00024425
00024427
00024429
00024430
00024431
00024440
00024441
00024444
00024448
00024453
00024456
00024459
00024461
00024464
00024467
00024470
00024473
00024481
00024483
00024486
00024488
00024489
00024495
00024497
00024501
00024502
00024503
00024507
00024510
00024515
00024516
00024518
00024520
00024525
00024529
00024533
00024538
00024543
00024545
00024546
00024552
00024555
00024560
00024561
00024562
00024568
00024569
00024570
00024572
00024573
00024574
00024576
00024578
00024580
00024581
00024582
00024584
00024585
00024589
00024590
00024591
00024594
00024596
00024597
00024598
00024604
00024607
00024610
00024613
00024616
00024617
00024618
00024620
00024623
00024625
00024628
00024631
00024633
00024636
00024638
00024644
00024649
00024651
00024652
00024654
00024657
00024658
00024665
00024666
00024667
00024669
00024670
00024676
00024677
00024678
00024684
00024685
00024689
00024691
00024694
00024695
00024698
00024699
00024702
00024704
00024707
00024708
00024711
00024713
00024718
00024720
00024728
00024735
00024736
00024737
00024738
00024741
00024744
00024746
00024747
00024753
00024756
00024758
00024760
00024763
00024764
00024767
00024770
00024773
00024776
00024777
00024783
00024785
00024787
00024788
00024789
00024790
00024791
00024794
00024795
00024796
00024797
00024800
00024802
00024804
00024808
00024810
00024811
00024813
00024815
00024816
00024818
00024819
00024821
00024824
00024825
00024826
00024828
00024829
00024830
00024831
00024835
00024837
00024838
00024842
00024851
00024862
00024864
00024865
00024870
00024872
00024873
00024876
00024880
00024881
00024882
00024883
00024885
00024887
00024889
00024891
00024892
00024893
00024894
00024895
00024896
00024898
00024899
00024901
00024902
00024904
00024909
00024913
00024917
00024918
00024919
00024929
00024930
00024931
00024934
00024936
00024941
00024942
00024944
00024948
00024949
00024951
00024954
00024956
00024960
00024962
00024963
00024964
00024965
00024967
00024971
00024972
00024973
00024975
00024977
00024979
00024981
00024982
00024984
00024986
00024987
00024989
00024990
00024991
00024992
00024994
00024996
00025002
00025005
00025007
00025010
00025013
00025017
00025020
00025022
00025026
00025027
00025034
00025035
00025043
00025044
00025047
00025048
00025050
00025055
00025057
00025058
00025059
00025066
00025067
00025068
00025073
00025076
00025077
00025078
00025080
00025085
00025086
00025087
00025093
00025094
00025098
00025100
00025104
00025105
00025106
00025107
00025108
00025111
00025112
00025116
00025119
00025123
00025126
00025129
00025130
00025134
00025142
00025144
00025145
00025146
00025152
00025153
00025161
00025164
00025165
00025167
00025168
00025171
00025176
00025177
00025178
00025179
00025180
00025183
00025189
00025193
00025194
00025198
00025203
00025204
00025206
00025207
00025215
00025223
00025224
00025225
00025227
00025228
00025229
00025236
00025237
00025239
00025241
00025242
00025243
00025249
00025250
00025251
00025252
00025254
00025259
00025260
00025261
00025264
00025269
00025272
00025285
00025287
00025288
00025290
00025291
00025292
00025293
00025295
00025306
00025307
00025308
00025310
00025313
00025319
00025321
00025322
00025325
00025327
00025328
00025329
00025331
00025332
00025333
00025334
00025335
00025346
00025347
00025348
00025350
00025352
00025355
00025358
00025362
00025364
00025368
00025373
00025375
00025377
00025378
00025383
00025385
00025386
00025387
00025388
00025389
00025393
00025394
00025403
00025404
00025405
00025408
00025409
00025410
00025411
00025413
00025414
00025415
00025418
00025419
00025421
00025425
00025427
00025429
00025436
00025437
00025444
00025445
00025447
00025450
00025451
00025453
00025457
00025462
00025463
00025466
00025472
00025474
00025477
00025478
00025479
00025480
00025482
00025484
00025485
00025491
00025492
00025497
00025500
00025501
00025502
00025503
00025505
00025509
00025517
00025520
00025522
00025532
00025534
00025535
00025537
00025538
00025539
00025541
00025542
00025543
00025544
00025549
00025550
00025552
00025555
00025557
00025558
00025559
00025564
00025567
00025569
00025573
00025575
00025577
00025579
00025581
00025582
00025583
00025586
00025590
00025595
00025598
00025601
00025602
00025609
00025613
00025614
00025618
00025621
00025623
00025625
00025628
00025629
00025631
00025633
00025634
00025638
00025640
00025643
00025648
00025651
00025656
00025657
00025663
00025673
00025674
00025676
00025680
00025690
00025692
00025696
00025698
00025701
00025702
00025703
00025704
00025705
00025706
00025707
00025708
00025712
00025715
00025716
00025718
00025722
00025725
00025728
00025732
00025738
00025742
00025743
00025745
00025747
00025748
00025751
00025752
00025757
00025763
00025764
00025769
00025770
00025774
00025777
00025781
00025783
00025789
00025790
00025794
00025797
00025801
00025806
00025808
00025811
00025813
00025815
00025816
00025823
00025824
00025831
00025832
00025834
00025838
00025842
00025844
00025845
00025852
00025853
00025855
00025858
00025859
00025861
00025862
00025863
00025866
00025867
00025869
00025875
00025876
00025881
00025884
00025887
00025891
00025892
00025894
00025895
00025897
00025898
00025903
00025904
00025908
00025910
00025914
00025917
00025918
00025921
00025922
00025926
00025927
00025929
00025932
00025935
00025938
00025939
00025947
00025952
00025954
00025955
00025960
00025962
00025963
00025964
00025965
00025966
00025969
00025972
00025974
00025975
00025976
00025985
00025989
00025991
00025998
00025999
00026006
00026009
00026012
00026013
00026015
00026016
00026017
00026019
00026026
00026027
00026029
00026030
00026032
00026033
00026035
00026038
00026040
00026045
00026046
00026048
00026050
00026052
00026055
00026056
00026062
00026066
00026072
00026074
00026075
00026076
00026078
00026081
00026089
00026091
00026093
00026094
00026096
00026098
00026100
00026104
00026107
00026109
00026110
00026114
00026116
00026117
00026118
00026119
00026125
00026126
00026127
00026128
00026129
00026130
00026131
00026134
00026141
00026143
00026144
00026146
00026149
00026151
00026154
00026155
00026156
00026159
00026161
00026162
00026166
00026168
00026172
00026173
00026182
00026183
00026189
00026190
00026192
00026194
00026196
00026197
00026198
00026200
00026201
00026202
00026203
00026204
00026206
00026207
00026208
00026209
00026210
00026212
00026213
00026222
00026225
00026227
00026228
00026229
00026230
00026234
00026236
00026237
00026240
00026241
00026246
00026248
00026251
00026253
00026259
00026260
00026261
00026263
00026266
00026268
00026274
00026276
00026279
00026280
00026283
00026290
00026291
00026294
00026295
00026297
00026300
00026301
00026302
00026303
00026304
00026311
00026313
00026314
00026315
00026317
00026320
00026321
00026322
00026324
00026325
00026326
00026333
00026334
00026338
00026346
00026348
00026350
00026351
00026352
00026359
00026365
00026366
00026372
00026375
00026376
00026378
00026380
00026387
00026392
00026394
00026395
00026396
00026397
00026398
00026399
00026400
00026401
00026405
00026407
00026409
00026411
00026412
00026413
00026416
00026419
00026421
00026423
00026431
00026434
00026437
00026446
00026454
00026456
00026458
00026459
00026460
00026465
00026468
00026470
00026471
00026475
00026476
00026479
00026482
00026483
00026484
00026485
00026486
00026494
00026495
00026497
00026498
00026499
00026502
00026504
00026509
00026511
00026513
00026514
00026517
00026522
00026523
00026524
00026526
00026530
00026531
00026532
00026533
00026535
00026536
00026538
00026545
00026552
00026555
00026557
00026558
00026562
00026566
00026568
00026572
00026577
00026580
00026581
00026582
00026583
00026590
00026600
00026602
00026603
00026605
00026607
00026614
00026615
00026617
00026618
00026619
00026620
00026626
00026636
00026640
00026642
00026644
00026646
00026651
00026654
00026658
00026659
00026660
00026663
00026667
00026669
00026671
00026672
00026673
00026675
00026677
00026678
00026681
00026689
00026691
00026693
00026695
00026698
00026699
00026702
00026703
00026710
00026711
00026714
00026720
00026724
00026730
00026732
00026738
00026739
00026747
00026748
00026753
00026754
00026757
00026759
00026761
00026762
00026763
00026766
00026768
00026769
00026772
00026776
00026782
00026783
00026784
00026785
00026788
00026800
00026802
00026807
00026808
00026809
00026810
00026811
00026816
00026823
00026827
00026828
00026831
00026832
00026834
00026839
00026842
00026844
00026848
00026850
00026851
00026852
00026853
00026856
00026857
00026862
00026863
00026866
00026869
00026871
00026875
00026876
00026880
00026883
00026888
00026892
00026893
00026900
00026906
00026910
00026913
00026916
00026917
00026919
00026920
00026921
00026923
00026927
00026928
00026930
00026931
00026933
00026939
00026941
00026943
00026944
00026946
00026947
00026952
00026956
00026957
00026962
00026964
00026965
00026967
00026968
00026970
00026972
00026973
00026976
00026979
00026980
00026982
00026983
00026985
00026991
00026992
00026995
00026999
00027001
00027004
00027008
00027009
00027010
00027011
00027012
00027015
00027018
00027021
00027022
00027024
00027025
00027026
00027028
00027034
00027035
00027036
00027039
00027040
00027047
00027051
00027054
00027055
00027056
00027068
00027069
00027070
00027073
00027074
00027076
00027082
00027084
00027085
00027086
00027090
00027091
00027093
00027095
00027098
00027100
00027103
00027104
00027105
00027107
00027108
00027109
00027110
00027111
00027114
00027116
00027117
00027119
00027120
00027124
00027125
00027126
00027129
00027131
00027132
00027134
00027136
00027138
00027139
00027141
00027142
00027144
00027145
00027146
00027147
00027148
00027153
00027160
00027162
00027164
00027166
00027167
00027172
00027175
00027182
00027185
00027187
00027189
00027190
00027197
00027199
00027200
00027201
00027205
00027206
00027208
00027209
00027212
00027216
00027217
00027218
00027221
00027223
00027224
00027225
00027230
00027231
00027232
00027233
00027235
00027240
00027245
00027252
00027254
00027256
00027258
00027261
00027265
00027266
00027276
00027291
00027292
00027297
00027298
00027300
00027305
00027310
00027311
00027312
00027313
00027314
00027320
00027324
00027325
00027327
00027329
00027330
00027335
00027338
00027341
00027342
00027347
00027348
00027349
00027350
00027357
00027358
00027359
00027362
00027363
00027364
00027368
00027370
00027374
00027376
00027377
00027378
00027379
00027381
00027382
00027384
00027386
00027395
00027402
00027404
00027406
00027407
00027408
00027409
00027410
00027412
00027417
00027418
00027422
00027427
00027433
00027434
00027435
00027436
00027437
00027440
00027441
00027443
00027444
00027446
00027451
00027453
00027454
00027461
00027463
00027467
00027474
00027477
00027480
00027481
00027483
00027485
00027486
00027488
00027493
00027495
00027496
00027498
00027503
00027504
00027505
00027506
00027509
00027513
00027515
00027518
00027523
00027531
00027532
00027533
00027534
00027535
00027537
00027539
00027540
00027547
00027548
00027553
00027555
00027562
00027565
00027566
00027572
00027577
00027578
00027580
00027581
00027583
00027588
00027590
00027591
00027595
00027597
00027598
00027600
00027602
00027605
00027606
00027607
00027610
00027611
00027616
00027617
00027624
00027627
00027632
00027638
00027640
00027642
00027643
00027644
00027645
00027650
00027651
00027652
00027655
00027656
00027658
00027661
00027665
00027669
00027671
00027672
00027675
00027678
00027681
00027682
00027689
00027694
00027695
00027698
00027700
00027704
00027705
00027707
00027709
00027710
00027712
00027713
00027716
00027717
00027718
00027721
00027723
00027725
00027734
00027735
00027737
00027743
00027744
00027749
00027753
00027754
00027756
00027757
00027758
00027760
00027761
00027763
00027767
00027768
00027769
00027770
00027773
00027774
00027776
00027777
00027780
00027783
00027789
00027793
00027794
00027795
00027796
00027797
00027800
00027801
00027803
00027805
00027808
00027809
00027810
00027811
00027812
00027815
00027818
00027819
00027822
00027825
00027828
00027829
00027831
00027832
00027834
00027835
00027839
00027847
00027852
00027855
00027861
00027862
00027865
00027866
00027872
00027873
00027874
00027876
00027877
00027878
00027879
00027881
00027882
00027883
00027884
00027885
00027886
00027887
00027891
00027894
00027895
00027897
00027898
00027899
00027900
00027904
00027908
00027911
00027912
00027914
00027915
00027918
00027920
00027925
00027928
00027931
00027933
00027937
00027940
00027942
00027943
00027944
00027946
00027958
00027963
00027965
00027969
00027972
00027973
00027976
00027977
00027978
00027982
00027983
00027987
00027988
00027989
00027991
00027992
00027993
00028002
00028003
00028005
00028010
00028011
00028017
00028018
00028019
00028021
00028027
00028029
00028032
00028044
00028047
00028050
00028051
00028052
00028056
00028058
00028059
00028060
00028062
00028066
00028076
00028080
00028081
00028084
00028091
00028092
00028094
00028096
00028097
00028101
00028102
00028104
00028106
00028108
00028111
00028113
00028114
00028117
00028118
00028119
00028120
00028121
00028122
00028123
00028125
00028126
00028131
00028133
00028134
00028136
00028137
00028139
00028142
00028143
00028148
00028149
00028153
00028156
00028163
00028165
00028166
00028168
00028171
00028173
00028180
00028182
00028184
00028195
00028197
00028201
00028203
00028204
00028205
00028206
00028214
00028215
00028217
00028220
00028221
00028223
00028224
00028227
00028230
00028232
00028233
00028234
00028236
00028238
00028240
00028241
00028243
00028247
00028248
00028251
00028254
00028260
00028266
00028269
00028271
00028274
00028275
00028276
00028279
00028281
00028286
00028288
00028294
00028296
00028301
00028302
00028303
00028306
00028310
00028313
00028315
00028316
00028317
00028318
00028325
00028327
00028328
00028333
00028334
00028341
00028342
00028344
00028345
00028347
00028351
00028352
00028355
00028356
00028362
00028367
00028380
00028381
00028382
00028384
00028385
00028386
00028388
00028393
00028395
00028397
00028408
00028410
00028412
00028414
00028416
00028417
00028424
00028426
00028429
00028434
00028435
00028438
00028440
00028441
00028444
00028446
00028447
00028448
00028454
00028456
00028458
00028460
00028466
00028467
00028476
00028478
00028479
00028481
00028485
00028488
00028489
00028491
00028499
00028501
00028506
00028509
00028511
00028516
00028517
00028518
00028521
00028522
00028527
00028537
00028541
00028542
00028543
00028544
00028554
00028557
00028559
00028561
00028571
00028572
00028573
00028575
00028576
00028580
00028583
00028589
00028590
00028596
00028597
00028598
00028600
00028611
00028612
00028615
00028618
00028626
00028630
00028632
00028633
00028634
00028636
00028639
00028642
00028646
00028652
00028653
00028654
00028656
00028657
00028661
00028662
00028665
00028666
00028667
00028668
00028669
00028671
00028680
00028686
00028689
00028691
00028694
00028695
00028696
00028698
00028699
00028701
00028702
00028703
00028708
00028709
00028710
00028711
00028719
00028722
00028726
00028727
00028730
00028732
00028734
00028735
00028739
00028740
00028745
00028746
00028747
00028752
00028761
00028763
00028765
00028766
00028771
00028774
00028775
00028777
00028780
00028783
00028784
00028785
00028788
00028791
00028792
00028794
00028797
00028800
00028805
00028806
00028807
00028808
00028812
00028813
00028814
00028816
00028817
00028818
00028819
00028820
00028823
00028825
00028826
00028829
00028833
00028834
00028836
00028838
00028840
00028843
00028845
00028847
00028849
00028852
00028853
00028855
00028856
00028862
00028865
00028866
00028869
00028870
00028873
00028875
00028877
00028879
00028883
00028886
00028888
00028889
00028890
00028893
00028895
00028900
00028904
00028906
00028908
00028910
00028915
00028920
00028927
00028928
00028932
00028935
00028938
00028939
00028942
00028944
00028949
00028950
00028951
00028952
00028954
00028955
00028956
00028958
00028959
00028960
00028965
00028968
00028969
00028971
00028975
00028976
00028978
00028981
00028982
00028983
00028985
00028987
00028989
00028994
00028995
00028996
00028997
00028998
00029000
00029001
00029002
00029004
00029005
00029008
00029011
00029012
00029013
00029016
00029018
00029020
00029024
00029028
00029029
00029030
00029033
00029035
00029036
00029038
00029039
00029041
00029043
00029046
00029047
00029050
00029052
00029055
00029056
00029057
00029058
00029059
00029061
00029063
00029064
00029066
00029071
00029073
00029078
00029080
00029085
00029090
00029093
00029096
00029097
00029100
00029104
00029105
00029109
00029111
00029113
00029114
00029116
00029117
00029118
00029119
00029121
00029122
00029125
00029126
00029131
00029132
00029134
00029137
00029138
00029139
00029140
00029143
00029144
00029147
00029153
00029154
00029155
00029157
00029167
00029172
00029173
00029176
00029181
00029182
00029185
00029189
00029191
00029197
00029198
00029199
00029203
00029207
00029210
00029215
00029216
00029225
00029228
00029231
00029234
00029236
00029237
00029243
00029245
00029247
00029252
00029254
00029256
00029257
00029261
00029262
00029264
00029265
00029266
00029269
00029271
00029274
00029276
00029278
00029280
00029282
00029285
00029288
00029291
00029294
00029295
00029297
00029298
00029301
00029304
00029307
00029309
00029310
00029311
00029314
00029320
00029325
00029326
00029327
00029329
00029331
00029332
00029333
00029336
00029338
00029344
00029347
00029348
00029363
00029368
00029369
00029371
00029374
00029375
00029379
00029380
00029381
00029384
00029386
00029390
00029392
00029394
00029397
00029400
00029401
00029403
00029405
00029407
00029412
00029414
00029419
00029423
00029428
00029431
00029433
00029434
00029436
00029439
00029441
00029442
00029443
00029444
00029445
00029446
00029448
00029449
00029450
00029452
00029453
00029455
00029462
00029463
00029466
00029467
00029470
00029472
00029473
00029475
00029477
00029478
00029483
00029485
00029487
00029488
00029490
00029491
00029492
00029494
00029496
00029498
00029502
00029506
00029508
00029509
00029510
00029512
00029518
00029519
00029521
00029522
00029525
00029526
00029531
00029536
00029538
00029539
00029544
00029545
00029546
00029550
00029551
00029552
00029554
00029557
00029558
00029561
00029563
00029565
00029566
00029567
00029571
00029572
00029574
00029575
00029579
00029581
00029587
00029589
00029593
00029595
00029596
00029606
00029607
00029608
00029610
00029612
00029613
00029615
00029617
00029618
00029619
00029620
00029622
00029625
00029626
00029627
00029630
00029632
00029633
00029640
00029649
00029651
00029655
00029659
00029665
00029667
00029668
00029673
00029676
00029682
00029683
00029684
00029694
00029695
00029697
00029702
00029703
00029704
00029705
00029712
00029713
00029715
00029717
00029720
00029722
00029725
00029726
00029729
00029730
00029731
00029733
00029741
00029747
00029749
00029750
00029754
00029755
00029756
00029763
00029764
00029766
00029767
00029769
00029772
00029773
00029774
00029778
00029781
00029782
00029784
00029788
00029789
00029796
00029797
00029798
00029801
00029803
00029808
00029811
00029812
00029814
00029815
00029816
00029817
00029821
00029824
00029830
00029831
00029833
00029834
00029842
00029844
00029846
00029848
00029852
00029854
00029856
00029857
00029860
00029863
00029864
00029866
00029867
00029869
00029870
00029871
00029873
00029875
00029880
00029884
00029886
00029888
00029891
00029895
00029897
00029898
00029899
00029901
00029904
00029907
00029908
00029909
00029912
00029915
00029918
00029919
00029921
00029922
00029923
00029925
00029928
00029932
00029935
00029938
00029939
00029940
00029941
00029944
00029945
00029947
00029949
00029955
00029962
00029967
00029969
00029970
00029972
00029973
00029974
00029977
00029980
00029983
00029986
00029988
00029989
00029990
00029991
00029998
00029999
00030003
00030005
00030007
00030010
00030011
00030017
00030018
00030020
00030021
00030024
00030029
00030030
00030037
00030038
00030039
00030046
00030047
00030056
00030065
00030066
00030068
00030070
00030073
00030085
00030087
00030090
00030094
00030101
00030103
00030105
00030108
00030109
00030110
00030112
00030114
00030116
00030117
00030119
00030130
00030131
00030133
00030139
00030143
00030144
00030146
00030150
00030156
00030164
00030168
00030174
00030175
00030177
00030179
00030181
00030182
00030185
00030189
00030190
00030193
00030194
00030199
00030201
00030203
00030204
00030208
00030210
00030215
00030216
00030217
00030220
00030223
00030229
00030230
00030231
00030235
00030236
00030237
00030238
00030242
00030246
00030250
00030253
00030259
00030260
00030267
00030272
00030274
00030275
00030276
00030278
00030284
00030288
00030289
00030290
00030294
00030295
00030297
00030301
00030302
00030303
00030306
00030307
00030309
00030311
00030312
00030313
00030314
00030316
00030317
00030319
00030321
00030322
00030327
00030329
00030334
00030340
00030342
00030343
00030344
00030345
00030347
00030349
00030351
00030354
00030356
00030359
00030361
00030362
00030364
00030365
00030370
00030373
00030374
00030375
00030379
00030380
00030382
00030383
00030385
00030386
00030388
00030390
00030391
00030395
00030396
00030398
00030399
00030404
00030409
00030410
00030411
00030412
00030414
00030415
00030423
00030424
00030428
00030437
00030439
00030441
00030442
00030443
00030444
00030448
00030453
00030455
00030457
00030458
00030459
00030463
00030465
00030466
00030467
00030468
00030470
00030473
00030474
00030475
00030476
00030479
00030488
00030489
00030490
00030493
00030494
00030498
00030499
00030501
00030506
00030509
00030511
00030512
00030518
00030519
00030522
00030523
00030524
00030527
00030528
00030532
00030533
00030535
00030536
00030537
00030538
00030539
00030540
00030541
00030542
00030546
00030547
00030549
00030551
00030552
00030553
00030555
00030557
00030559
00030560
00030561
00030563
00030564
00030565
00030568
00030573
00030577
00030579
00030580
00030581
00030583
00030586
00030587
00030590
00030592
00030598
00030599
00030602
00030604
00030608
00030609
00030610
00030611
00030616
00030617
00030619
00030622
00030626
00030629
00030631
00030635
00030636
00030640
00030641
00030642
00030643
00030652
00030655
00030660
00030661
00030662
00030665
00030671
00030672
00030677
00030678
00030680
00030682
00030684
00030686
00030689
00030691
00030693
00030694
00030702
00030707
00030709
00030712
00030714
00030715
00030716
00030717
00030720
00030723
00030724
00030730
00030732
00030733
00030735
00030736
00030737
00030738
00030742
00030744
00030748
00030750
00030752
00030756
00030757
00030761
00030763
00030765
00030768
00030772
00030775
00030776
00030777
00030780
00030781
00030783
00030786
00030787
00030792
00030793
00030794
00030795
00030796
00030800
00030801
00030807
00030812
00030814
00030816
00030817
00030819
00030820
00030823
00030826
00030827
00030828
00030829
00030833
00030835
00030837
00030842
00030846
00030848
00030850
00030853
00030854
00030856
00030862
00030870
00030871
00030872
00030876
00030879
00030881
00030882
00030884
00030887
00030889
00030890
00030894
00030900
00030901
00030902
00030903
00030904
00030907
00030909
00030910
00030915
00030916
00030921
00030923
00030927
00030935
00030937
00030941
00030944
00030948
00030950
00030953
00030955
00030957
00030959
00030961
00030964
00030967
00030968
00030970
00030971
00030972
00030974
00030982
00030983
00030984
00030985
00030988
00030989
00030992
00030993
00030997
00030998
00031001
00031002
00031004
00031008
00031009
00031010
00031011
00031015
00031018
00031019
00031021
00031022
00031023
00031024
00031025
00031029
00031032
00031035
00031037
00031039
00031044
00031046
00031049
00031052
00031056
00031057
00031058
00031059
00031062
00031063
00031065
00031067
00031069
00031074
00031081
00031084
00031085
00031087
00031088
00031090
00031092
00031093
00031095
00031097
00031098
00031101
00031103
00031108
00031109
00031110
00031113
00031115
00031118
00031123
00031124
00031126
00031130
00031139
00031140
00031142
00031144
00031146
00031147
00031150
00031151
00031154
00031160
00031163
00031165
00031173
00031175
00031176
00031178
00031179
00031181
00031182
00031185
00031186
00031189
00031190
00031193
00031195
00031200
00031208
00031216
00031217
00031219
00031227
00031228
00031235
00031241
00031250
00031251
00031259
00031260
00031262
00031264
00031265
00031267
00031269
00031270
00031278
00031279
00031281
00031283
00031284
00031289
00031296
00031303
00031305
00031306
00031309
00031312
00031324
00031328
00031330
00031332
00031334
00031335
00031336
00031337
00031338
00031340
00031341
00031343
00031344
00031346
00031348
00031349
00031351
00031354
00031363
00031367
00031373
00031377
00031380
00031384
00031385
00031386
00031388
00031389
00031391
00031392
00031395
00031397
00031398
00031400
00031403
00031404
00031405
00031409
00031411
00031412
00031414
00031415
00031417
00031418
00031419
00031421
00031422
00031423
00031426
00031427
00031428
00031429
00031430
00031432
00031435
00031437
00031438
00031442
00031444
00031447
00031451
00031454
00031456
00031458
00031460
00031461
00031466
00031468
00031471
00031473
00031475
00031477
00031479
00031480
00031483
00031492
00031495
00031500
00031504
00031506
00031510
00031512
00031513
00031515
00031516
00031519
00031522
00031526
00031527
00031530
00031531
00031540
00031547
00031550
00031552
00031554
00031556
00031557
00031559
00031560
00031561
00031566
00031567
00031569
00031572
00031573
00031574
00031577
00031579
00031580
00031583
00031584
00031587
00031589
00031590
00031591
00031592
00031594
00031598
00031603
00031606
00031607
00031610
00031613
00031617
00031618
00031623
00031624
00031631
00031633
00031636
00031638
00031640
00031641
00031644
00031646
00031647
00031649
00031650
00031651
00031652
00031653
00031656
00031658
00031661
00031665
00031669
00031671
00031677
00031680
00031681
00031684
00031685
00031686
00031693
00031694
00031695
00031696
00031699
00031701
00031702
00031704
00031705
00031708
00031712
00031714
00031718
00031720
00031726
00031730
00031731
00031732
00031735
00031737
00031740
00031741
00031742
00031746
00031748
00031754
00031757
00031758
00031760
00031762
00031763
00031764
00031765
00031767
00031769
00031776
00031786
00031787
00031789
00031790
00031792
00031795
00031796
00031798
00031799
00031801
00031802
00031807
00031809
00031811
00031812
00031813
00031814
00031819
00031820
00031823
00031824
00031825
00031828
00031833
00031834
00031835
00031837
00031838
00031839
00031842
00031844
00031845
00031846
00031851
00031857
00031858
00031859
00031864
00031867
00031868
00031870
00031875
00031876
00031877
00031879
00031881
00031882
00031885
00031886
00031887
00031889
00031894
00031902
00031904
00031905
00031915
00031918
00031919
00031920
00031921
00031922
00031924
00031928
00031929
00031931
00031932
00031935
00031936
00031937
00031942
00031944
00031945
00031946
00031953
00031956
00031958
00031963
00031964
00031965
00031968
00031969
00031971
00031979
00031981
00031987
00031989
00031990
00031993
00031994
00031996
00032000
00032004
00032011
00032012
00032017
00032018
00032020
00032021
00032022
00032023
00032029
00032034
00032035
00032037
00032038
00032042
00032043
00032044
00032049
00032050
00032052
00032054
00032056
00032062
00032063
00032065
00032071
00032072
00032074
00032078
00032081
00032082
00032083
00032084
00032086
00032087
00032092
00032094
00032095
00032096
00032097
00032098
00032100
00032101
00032105
00032107
00032109
00032116
00032118
00032120
00032121
00032123
00032125
00032127
00032128
00032130
00032131
00032137
00032139
00032145
00032152
00032153
00032156
00032159
00032161
00032162
00032165
00032168
00032171
00032172
00032173
00032175
00032178
00032179
00032184
00032185
00032186
00032187
00032189
00032192
00032194
00032199
00032201
00032207
00032210
00032216
00032217
00032220
00032222
00032226
00032227
00032232
00032234
00032240
00032242
00032243
00032246
00032252
00032253
00032254
00032255
00032256
00032258
00032259
00032265
00032269
00032270
00032274
00032280
00032282
00032283
00032284
00032286
00032292
00032293
00032295
00032309
00032311
00032312
00032313
00032314
00032318
00032320
00032321
00032325
00032326
00032328
00032330
00032332
00032334
00032339
00032341
00032342
00032345
00032346
00032350
00032351
00032352
00032353
00032354
00032357
00032358
00032359
00032361
00032366
00032369
00032370
00032373
00032375
00032376
00032378
00032382
00032383
00032385
00032386
00032392
00032393
00032395
00032396
00032397
00032400
00032401
00032402
00032407
00032409
00032411
00032413
00032417
00032422
00032423
00032428
00032432
00032433
00032434
00032437
00032441
00032442
00032444
00032445
00032452
00032453
00032459
00032461
00032464
00032467
00032468
00032469
00032470
00032474
00032477
00032478
00032482
00032484
00032491
00032497
00032498
00032507
00032508
00032509
00032511
00032516
00032520
00032521
00032522
00032523
00032524
00032525
00032527
00032529
00032532
00032533
00032535
00032537
00032538
00032539
00032542
00032545
00032547
00032549
00032551
00032554
00032559
00032564
00032565
00032566
00032568
00032571
00032583
00032592
00032594
00032597
00032598
00032599
00032601
00032603
00032605
00032607
00032610
00032613
00032615
00032618
00032620
00032622
00032624
00032625
00032628
00032629
00032630
00032631
00032635
00032641
00032643
00032644
00032646
00032647
00032654
00032661
00032665
00032672
00032676
00032685
00032687
00032688
00032690
00032691
00032692
00032694
00032695
00032699
00032702
00032704
00032706
00032715
00032719
00032720
00032721
00032728
00032731
00032732
00032733
00032734
00032737
00032743
00032748
00032749
00032760
00032761
00032762
00032763
00032764
00032766
00032768
00032769
00032771
00032772
00032778
00032782
00032784
00032787
00032790
00032792
00032794
00032802
00032804
00032806
00032809
00032813
00032815
00032818
00032819
00032820
00032821
00032822
00032825
00032831
00032835
00032836
00032841
00032844
00032846
00032853
00032854
00032856
00032857
00032858
00032862
00032863
00032864
00032867
00032869
00032870
00032872
00032874
00032875
00032876
00032879
00032883
00032885
00032886
00032888
00032890
00032892
00032895
00032896
00032898
00032900
00032902
00032903
00032910
00032916
00032917
00032919
00032923
00032928
00032930
00032931
00032932
00032941
00032942
00032943
00032946
00032948
00032949
00032953
00032954
00032958
00032964
00032965
00032968
00032970
00032971
00032973
00032974
00032976
00032978
00032985
00032986
00032989
00032993
00032994
00032995
00032996
00033002
00033004
00033005
00033010
00033011
00033012
00033017
00033024
00033025
00033029
00033030
00033031
00033035
00033037
00033038
00033039
00033043
00033044
00033046
00033053
00033059
00033061
00033062
00033065
00033069
00033070
00033072
00033081
00033089
00033093
00033097
00033098
00033101
00033106
00033108
00033110
00033112
00033113
00033114
00033115
00033116
00033117
00033118
00033119
00033120
00033125
00033129
00033131
00033132
00033133
00033137
00033138
00033140
00033141
00033143
00033145
00033146
00033150
00033151
00033155
00033156
00033158
00033160
00033163
00033166
00033168
00033179
00033180
00033184
00033185
00033186
00033187
00033190
00033193
00033197
00033198
00033200
00033202
00033208
00033214
00033222
00033223
00033224
00033225
00033228
00033229
00033230
00033232
00033233
00033234
00033237
00033238
00033244
00033246
00033251
00033257
00033258
00033260
00033261
00033264
00033265
00033267
00033269
00033272
00033273
00033274
00033277
00033284
00033287
00033288
00033292
00033296
00033307
00033314
00033316
00033320
00033322
00033323
00033325
00033327
00033328
00033329
00033330
00033331
00033334
00033335
00033338
00033344
00033346
00033347
00033349
00033353
00033354
00033355
00033358
00033366
00033369
00033371
00033372
00033374
00033375
00033377
00033380
00033381
00033382
00033384
00033391
00033394
00033396
00033397
00033401
00033406
00033407
00033410
00033412
00033419
00033423
00033425
00033427
00033431
00033435
00033436
00033437
00033438
00033441
00033442
00033444
00033445
00033446
00033450
00033451
00033455
00033458
00033459
00033460
00033461
00033465
00033466
00033467
00033469
00033471
00033474
00033476
00033478
00033481
00033482
00033484
00033486
00033489
00033491
00033494
00033499
00033501
00033502
00033503
00033510
00033513
00033514
00033515
00033531
00033532
00033541
00033545
00033547
00033548
00033550
00033552
00033553
00033555
00033557
00033560
00033561
00033567
00033568
00033569
00033570
00033575
00033578
00033579
00033580
00033582
00033586
00033587
00033592
00033595
00033598
00033603
00033606
00033607
00033614
00033617
00033619
00033623
00033625
00033629
00033631
00033635
00033637
00033638
00033642
00033651
00033653
00033662
00033664
00033665
00033666
00033669
00033670
00033673
00033674
00033676
00033678
00033682
00033686
00033687
00033692
00033693
00033694
00033695
00033696
00033697
00033702
00033703
00033719
00033720
00033725
00033727
00033729
00033731
00033734
00033735
00033736
00033738
00033740
00033745
00033746
00033747
00033749
00033751
00033752
00033757
00033759
00033764
00033765
00033768
00033770
00033773
00033776
00033779
00033781
00033782
00033792
00033795
00033797
00033798
00033801
00033803
00033805
00033808
00033812
00033820
00033823
00033826
00033827
00033828
00033835
00033837
00033839
00033840
00033841
00033842
00033844
00033845
00033847
00033855
00033856
00033857
00033860
00033864
00033867
00033869
00033871
00033872
00033878
00033889
00033897
00033898
00033901
00033903
00033904
00033905
00033907
00033908
00033910
00033917
00033922
00033923
00033924
00033925
00033927
00033930
00033934
00033940
00033942
00033943
00033946
00033951
00033956
00033957
00033959
00033962
00033963
00033965
00033966
00033971
00033974
00033978
00033981
00033982
00033985
00033990
00033996
00034000
00034004
00034005
00034011
00034015
00034020
00034022
00034025
00034026
00034027
00034029
00034035
00034041
00034042
00034045
00034050
00034053
00034054
00034062
00034063
00034070
00034075
00034077
00034085
00034086
00034090
00034095
00034096
00034097
00034100
00034102
00034104
00034105
00034107
00034113
00034114
00034115
00034119
00034122
00034124
00034126
00034127
00034128
00034133
00034135
00034139
00034141
00034147
00034152
00034153
00034156
00034157
00034159
00034160
00034163
00034164
00034168
00034169
00034174
00034176
00034180
00034181
00034182
00034184
00034188
00034190
00034192
00034194
00034200
00034206
00034207
00034208
00034212
00034213
00034229
00034233
00034234
00034236
00034237
00034238
00034241
00034242
00034244
00034248
00034250
00034251
00034253
00034254
00034257
00034260
00034261
00034268
00034269
00034272
00034273
00034276
00034277
00034283
00034285
00034287
00034294
00034295
00034299
00034301
00034302
00034306
00034307
00034314
00034316
00034317
00034318
00034320
00034322
00034325
00034327
00034331
00034332
00034342
00034344
00034345
00034346
00034350
00034351
00034356
00034357
00034360
00034361
00034370
00034371
00034373
00034376
00034378
00034379
00034380
00034381
00034383
00034388
00034390
00034392
00034394
00034396
00034400
00034403
00034407
00034408
00034412
00034417
00034421
00034423
00034430
00034435
00034436
00034437
00034439
00034441
00034442
00034444
00034446
00034451
00034453
00034455
00034457
00034460
00034461
00034462
00034463
00034464
00034467
00034468
00034469
00034470
00034472
00034474
00034478
00034481
00034483
00034485
00034493
00034496
00034498
00034502
00034506
00034507
00034513
00034514
00034515
00034517
00034520
00034521
00034522
00034523
00034526
00034532
00034546
00034547
00034548
00034549
00034554
00034557
00034559
00034564
00034568
00034569
00034571
00034572
00034577
00034583
00034584
00034587
00034590
00034594
00034597
00034598
00034603
00034605
00034609
00034610
00034611
00034612
00034613
00034616
00034619
00034623
00034627
00034628
00034637
00034638
00034641
00034644
00034646
00034647
00034649
00034652
00034653
00034656
00034657
00034663
00034666
00034670
00034671
00034672
00034677
00034681
00034683
00034684
00034690
00034693
00034695
00034698
00034699
00034700
00034703
00034707
00034708
00034711
00034718
00034719
00034724
00034725
00034728
00034729
00034730
00034732
00034735
00034738
00034749
00034753
00034754
00034756
00034759
00034762
00034763
00034765
00034766
00034769
00034772
00034774
00034776
00034780
00034781
00034782
00034785
00034788
00034789
00034790
00034791
00034795
00034801
00034803
00034806
00034807
00034809
00034811
00034816
00034824
00034825
00034827
00034829
00034830
00034832
00034835
00034837
00034838
00034840
00034841
00034844
00034845
00034846
00034848
00034849
00034850
00034853
00034856
00034858
00034859
00034861
00034864
00034865
00034867
00034868
00034869
00034871
00034875
00034879
00034886
00034887
00034892
00034893
00034901
00034902
00034905
00034906
00034914
00034915
00034916
00034920
00034923
00034924
00034929
00034931
00034934
00034935
00034940
00034942
00034945
00034951
00034953
00034956
00034961
00034963
00034966
00034967
00034968
00034970
00034971
00034978
00034979
00034985
00034986
00034987
00034991
00034992
00034996
00034998
00034999
00035003
00035005
00035006
00035007
00035008
00035015
00035017
00035019
00035023
00035024
00035026
00035028
00035029
00035035
00035038
00035042
00035045
00035048
00035051
00035052
00035055
00035056
00035062
00035064
00035065
00035066
00035067
00035068
00035071
00035072
00035073
00035076
00035079
00035080
00035082
00035086
00035087
00035089
00035090
00035094
00035095
00035098
00035099
00035100
00035106
00035110
00035111
00035115
00035116
00035121
00035122
00035123
00035124
00035125
00035128
00035141
00035143
00035145
00035148
00035152
00035153
00035154
00035155
00035156
00035157
00035160
00035162
00035163
00035164
00035167
00035171
00035174
00035175
00035176
00035178
00035183
00035186
00035187
00035189
00035190
00035191
00035192
00035195
00035196
00035197
00035198
00035201
00035205
00035207
00035208
00035211
00035213
00035216
00035223
00035225
00035227
00035229
00035236
00035237
00035238
00035239
00035241
00035246
00035249
00035250
00035254
00035262
00035265
00035266
00035268
00035270
00035271
00035274
00035277
00035278
00035280
00035282
00035285
00035288
00035294
00035297
00035300
00035301
00035303
00035304
00035305
00035306
00035307
00035309
00035310
00035311
00035312
00035314
00035315
00035317
00035321
00035323
00035324
00035328
00035331
00035335
00035337
00035339
00035342
00035343
00035344
00035346
00035349
00035353
00035360
00035362
00035363
00035364
00035365
00035367
00035368
00035369
00035372
00035379
00035380
00035381
00035383
00035386
00035389
00035391
00035392
00035393
00035394
00035396
00035398
00035399
00035401
00035403
00035409
00035414
00035416
00035419
00035420
00035422
00035423
00035425
00035426
00035427
00035428
00035429
00035431
00035432
00035435
00035436
00035440
00035445
00035446
00035448
00035450
00035452
00035455
00035456
00035463
00035464
00035475
00035479
00035480
00035481
00035482
00035484
00035485
00035493
00035495
00035496
00035497
00035500
00035505
00035506
00035508
00035512
00035513
00035521
00035523
00035524
00035525
00035528
00035529
00035530
00035532
00035535
00035536
00035538
00035541
00035544
00035546
00035547
00035548
00035552
00035553
00035555
00035564
00035570
00035574
00035575
00035578
00035583
00035585
00035588
00035589
00035590
00035596
00035600
00035602
00035603
00035604
00035608
00035613
00035614
00035616
00035617
00035618
00035621
00035625
00035631
00035640
00035641
00035642
00035644
00035646
00035647
00035651
00035652
00035653
00035654
00035656
00035657
00035658
00035659
00035660
00035662
00035665
00035668
00035670
00035671
00035676
00035680
00035681
00035683
00035688
00035689
00035691
00035693
00035694
00035695
00035697
00035698
00035701
00035703
00035705
00035706
00035707
00035711
00035713
00035719
00035724
00035725
00035733
00035735
00035736
00035740
00035742
00035743
00035748
00035749
00035754
00035756
00035758
00035759
00035760
00035765
00035767
00035768
00035771
00035772
00035774
00035776
00035777
00035778
00035779
00035785
00035788
00035790
00035793
00035794
00035798
00035801
00035808
00035809
00035813
00035814
00035819
00035823
00035824
00035828
00035829
00035832
00035834
00035835
00035840
00035842
00035844
00035845
00035852
00035855
00035856
00035857
00035862
00035865
00035871
00035873
00035875
00035878
00035883
00035885
00035886
00035887
00035889
00035892
00035894
00035895
00035898
00035899
00035903
00035904
00035906
00035907
00035909
00035911
00035912
00035914
00035918
00035920
00035927
00035930
00035932
00035936
00035940
00035944
00035946
00035947
00035949
00035951
00035955
00035959
00035960
00035961
00035962
00035964
00035967
00035968
00035971
00035972
00035973
00035976
00035977
00035979
00035981
00035988
00035989
00035990
00035991
00035992
00035995
00035998
00036001
00036007
00036014
00036015
00036017
00036018
00036019
00036020
00036022
00036026
00036027
00036028
00036029
00036032
00036034
00036035
00036036
00036037
00036038
00036048
00036049
00036050
00036051
00036055
00036056
00036057
00036060
00036062
00036067
00036069
00036072
00036076
00036080
00036084
00036086
00036087
00036088
00036090
00036091
00036092
00036095
00036099
00036104
00036106
00036112
00036114
00036120
00036122
00036123
00036124
00036131
00036135
00036138
00036139
00036145
00036156
00036157
00036158
00036162
00036163
00036167
00036168
00036171
00036175
00036177
00036178
00036185
00036186
00036187
00036193
00036194
00036196
00036198
00036200
00036204
00036212
00036213
00036215
00036217
00036219
00036220
00036224
00036225
00036226
00036227
00036228
00036229
00036232
00036233
00036236
00036237
00036240
00036243
00036245
00036247
00036250
00036256
00036257
00036258
00036260
00036264
00036268
00036272
00036273
00036277
00036281
00036283
00036284
00036289
00036290
00036291
00036292
00036295
00036299
00036301
00036303
00036304
00036306
00036307
00036310
00036315
00036317
00036318
00036321
00036325
00036326
00036327
00036328
00036334
00036335
00036337
00036341
00036342
00036343
00036345
00036347
00036348
00036350
00036355
00036356
00036357
00036358
00036359
00036361
00036362
00036364
00036367
00036370
00036371
00036373
00036376
00036379
00036383
00036385
00036388
00036390
00036392
00036393
00036395
00036396
00036398
00036399
00036402
00036404
00036409
00036413
00036414
00036416
00036418
00036419
00036425
00036426
00036429
00036431
00036433
00036434
00036439
00036443
00036444
00036449
00036450
00036451
00036453
00036454
00036455
00036456
00036461
00036464
00036466
00036471
00036476
00036477
00036481
00036482
00036484
00036488
00036491
00036492
00036495
00036496
00036501
00036502
00036504
00036506
00036511
00036513
00036515
00036516
00036524
00036526
00036532
00036533
00036534
00036539
00036541
00036542
00036544
00036545
00036548
00036549
00036552
00036557
00036559
00036560
00036561
00036564
00036571
00036576
00036579
00036583
00036585
00036589
00036591
00036594
00036595
00036597
00036599
00036601
00036603
00036604
00036605
00036607
00036611
00036613
00036615
00036616
00036618
00036619
00036620
00036631
00036632
00036633
00036635
00036636
00036637
00036640
00036642
00036644
00036646
00036652
00036654
00036655
00036656
00036657
00036658
00036662
00036664
00036665
00036666
00036667
00036670
00036672
00036676
00036685
00036691
00036692
00036693
00036703
00036704
00036708
00036712
00036713
00036715
00036722
00036723
00036725
00036726
00036727
00036730
00036735
00036737
00036739
00036745
00036746
00036748
00036749
00036751
00036753
00036756
00036757
00036760
00036762
00036763
00036765
00036768
00036769
00036770
00036772
00036773
00036774
00036775
00036776
00036778
00036783
00036784
00036789
00036790
00036791
00036792
00036793
00036794
00036799
00036807
00036808
00036809
00036810
00036814
00036815
00036818
00036819
00036820
00036821
00036823
00036825
00036834
00036836
00036842
00036844
00036847
00036851
00036856
00036857
00036862
00036869
00036871
00036872
00036873
00036875
00036876
00036879
00036881
00036884
00036886
00036890
00036896
00036902
00036906
00036907
00036910
00036913
00036915
00036916
00036920
00036925
00036929
00036931
00036933
00036937
00036938
00036940
00036941
00036943
00036944
00036946
00036947
00036948
00036950
00036951
00036953
00036956
00036957
00036960
00036961
00036963
00036964
00036965
00036967
00036968
00036970
00036977
00036979
00036980
00036985
00036990
00036991
00036992
00036993
00036995
00037007
00037011
00037017
00037021
00037026
00037027
00037033
00037034
00037036
00037038
00037039
00037045
00037048
00037049
00037052
00037053
00037056
00037059
00037061
00037064
00037065
00037069
00037070
00037075
00037079
00037081
00037086
00037087
00037088
00037092
00037093
00037095
00037103
00037105
00037107
00037111
00037112
00037115
00037119
00037122
00037124
00037127
00037129
00037134
00037135
00037137
00037139
00037142
00037144
00037146
00037147
00037152
00037156
00037158
00037162
00037163
00037172
00037175
00037179
00037181
00037185
00037186
00037187
00037192
00037193
00037198
00037199
00037203
00037204
00037205
00037209
00037210
00037216
00037218
00037219
00037222
00037224
00037225
00037226
00037229
00037230
00037236
00037237
00037242
00037245
00037246
00037252
00037254
00037259
00037261
00037264
00037266
00037267
00037269
00037271
00037276
00037281
00037285
00037286
00037289
00037290
00037291
00037298
00037299
00037301
00037304
00037306
00037307
00037308
00037313
00037316
00037317
00037318
00037320
00037322
00037324
00037325
00037326
00037327
00037329
00037330
00037332
00037336
00037337
00037339
00037345
00037350
00037352
00037355
00037356
00037357
00037360
00037361
00037365
00037368
00037372
00037374
00037378
00037382
00037385
00037387
00037391
00037394
00037395
00037396
00037399
00037406
00037407
00037408
00037409
00037410
00037411
00037414
00037417
00037418
00037423
00037433
00037437
00037439
00037441
00037445
00037449
00037451
00037453
00037461
00037463
00037466
00037469
00037471
00037472
00037473
00037475
00037479
00037480
00037484
00037485
00037491
00037493
00037494
00037496
00037497
00037498
00037499
00037504
00037505
00037507
00037512
00037514
00037516
00037519
00037523
00037527
00037533
00037536
00037537
00037539
00037541
00037549
00037553
00037555
00037559
00037560
00037562
00037564
00037565
00037566
00037575
00037578
00037579
00037582
00037583
00037584
00037587
00037589
00037590
00037592
00037597
00037598
00037602
00037603
00037605
00037611
00037615
00037623
00037627
00037628
00037629
00037631
00037634
00037638
00037646
00037647
00037648
00037651
00037654
00037664
00037667
00037670
00037677
00037678
00037684
00037688
00037690
00037693
00037694
00037698
00037702
00037705
00037708
00037715
00037716
00037717
00037718
00037720
00037721
00037730
00037733
00037735
00037737
00037738
00037745
00037748
00037751
00037758
00037759
00037761
00037762
00037767
00037771
00037773
00037774
00037776
00037777
00037779
00037783
00037785
00037791
00037792
00037797
00037798
00037799
00037800
00037801
00037802
00037805
00037806
00037809
00037810
00037812
00037813
00037817
00037818
00037821
00037822
00037828
00037831
00037832
00037839
00037841
00037845
00037846
00037851
00037852
00037853
00037856
00037858
00037859
00037860
00037862
00037864
00037865
00037868
00037870
00037873
00037874
00037877
00037880
00037886
00037888
00037891
00037894
00037897
00037900
00037901
00037907
00037912
00037916
00037918
00037921
00037922
00037924
00037930
00037938
00037939
00037940
00037945
00037947
00037948
00037950
00037956
00037957
00037961
00037963
00037964
00037967
00037971
00037978
00037980
00037982
00037984
00037986
00037990
00037995
00037999
00038000
00038001
00038002
00038003
00038004
00038006
00038011
00038012
00038013
00038017
00038018
00038023
00038025
00038027
00038032
00038037
00038041
00038043
00038045
00038054
00038056
00038058
00038060
00038062
00038066
00038075
00038076
00038077
00038079
00038082
00038083
00038091
00038092
00038093
00038094
00038099
00038102
00038108
00038111
00038113
00038117
00038118
00038122
00038124
00038127
00038129
00038130
00038131
00038139
00038146
00038147
00038150
00038161
00038165
00038167
00038168
00038171
00038174
00038178
00038180
00038185
00038189
00038192
00038195
00038196
00038197
00038198
00038201
00038204
00038207
00038209
00038211
00038216
00038217
00038218
00038223
00038228
00038231
00038233
00038235
00038237
00038239
00038240
00038246
00038249
00038252
00038255
00038256
00038257
00038259
00038260
00038263
00038264
00038266
00038268
00038269
00038271
00038272
00038274
00038280
00038282
00038288
00038289
00038290
00038293
00038306
00038308
00038312
00038314
00038316
00038317
00038318
00038319
00038320
00038321
00038322
00038326
00038327
00038329
00038332
00038333
00038334
00038335
00038343
00038344
00038348
00038351
00038354
00038364
00038365
00038369
00038371
00038375
00038376
00038377
00038381
00038387
00038391
00038393
00038396
00038397
00038399
00038403
00038405
00038406
00038409
00038414
00038418
00038420
00038421
00038422
00038423
00038424
00038426
00038430
00038433
00038435
00038436
00038440
00038446
00038448
00038449
00038451
00038452
00038453
00038458
00038459
00038464
00038470
00038471
00038474
00038475
00038478
00038479
00038481
00038482
00038483
00038486
00038488
00038489
00038494
00038495
00038496
00038498
00038500
00038501
00038502
00038503
00038504
00038507
00038510
00038515
00038517
00038522
00038524
00038528
00038530
00038532
00038533
00038534
00038536
00038537
00038543
00038546
00038547
00038549
00038550
00038553
00038556
00038558
00038560
00038561
00038568
00038570
00038573
00038575
00038576
00038578
00038579
00038581
00038582
00038585
00038586
00038587
00038590
00038592
00038593
00038594
00038596
00038597
00038598
00038600
00038601
00038602
00038603
00038606
00038608
00038611
00038612
00038617
00038620
00038624
00038631
00038642
00038643
00038644
00038646
00038651
00038652
00038654
00038667
00038668
00038670
00038673
00038674
00038675
00038676
00038677
00038678
00038680
00038682
00038683
00038686
00038689
00038692
00038694
00038695
00038697
00038698
00038700
00038701
00038708
00038711
00038712
00038718
00038719
00038722
00038724
00038725
00038730
00038734
00038735
00038737
00038738
00038752
00038753
00038756
00038757
00038758
00038759
00038760
00038763
00038767
00038769
00038771
00038772
00038773
00038774
00038784
00038785
00038787
00038788
00038789
00038791
00038792
00038795
00038800
00038804
00038805
00038807
00038808
00038814
00038822
00038823
00038824
00038827
00038828
00038830
00038833
00038839
00038841
00038842
00038843
00038844
00038847
00038855
00038859
00038860
00038862
00038863
00038864
00038865
00038870
00038872
00038876
00038883
00038886
00038887
00038888
00038893
00038894
00038897
00038898
00038900
00038902
00038904
00038905
00038906
00038908
00038913
00038916
00038918
00038921
00038923
00038925
00038926
00038931
00038932
00038933
00038934
00038937
00038938
00038941
00038950
00038951
00038953
00038956
00038959
00038963
00038964
00038966
00038967
00038969
00038971
00038977
00038979
00038982
00038984
00038985
00038986
00038988
00038989
00038994
00038995
00038999
00039002
00039005
00039007
00039009
00039012
00039017
00039024
00039027
00039029
00039031
00039035
00039037
00039040
00039045
00039047
00039049
00039053
00039054
00039056
00039057
00039061
00039063
00039066
00039074
00039076
00039080
00039082
00039084
00039090
00039092
00039096
00039097
00039100
00039106
00039108
00039112
00039123
00039128
00039132
00039133
00039134
00039135
00039137
00039138
00039141
00039142
00039144
00039145
00039147
00039148
00039156
00039158
00039162
00039165
00039166
00039167
00039168
00039170
00039171
00039172
00039177
00039183
00039185
00039189
00039192
00039199
00039201
00039202
00039204
00039211
00039212
00039214
00039218
00039224
00039225
00039228
00039230
00039232
00039234
00039235
00039237
00039239
00039241
00039242
00039243
00039245
00039250
00039252
00039253
00039256
00039257
00039260
00039262
00039265
00039266
00039269
00039270
00039271
00039275
00039276
00039277
00039278
00039279
00039280
00039281
00039282
00039284
00039285
00039287
00039293
00039297
00039298
00039299
00039302
00039303
00039307
00039308
00039310
00039313
00039314
00039317
00039318
00039320
00039325
00039329
00039331
00039332
00039339
00039342
00039343
00039345
00039346
00039352
00039354
00039357
00039358
00039365
00039369
00039370
00039371
00039372
00039375
00039376
00039378
00039380
00039384
00039385
00039386
00039388
00039389
00039390
00039392
00039394
00039395
00039397
00039399
00039402
00039410
00039412
00039413
00039415
00039419
00039420
00039422
00039424
00039427
00039429
00039430
00039438
00039439
00039442
00039443
00039447
00039448
00039457
00039458
00039461
00039462
00039465
00039470
00039471
00039473
00039475
00039477
00039480
00039481
00039492
00039496
00039497
00039499
00039500
00039502
00039504
00039506
00039508
00039510
00039517
00039518
00039523
00039525
00039526
00039527
00039530
00039533
00039539
00039542
00039547
00039549
00039554
00039555
00039556
00039559
00039560
00039561
00039563
00039571
00039572
00039573
00039574
00039576
00039588
00039589
00039590
00039591
00039597
00039598
00039600
00039602
00039606
00039613
00039615
00039616
00039617
00039618
00039619
00039621
00039624
00039626
00039631
00039635
00039636
00039637
00039640
00039643
00039644
00039646
00039650
00039654
00039656
00039658
00039660
00039661
00039662
00039663
00039668
00039669
00039670
00039672
00039676
00039677
00039678
00039680
00039681
00039696
00039703
00039704
00039706
00039707
00039711
00039714
00039717
00039720
00039724
00039726
00039727
00039733
00039736
00039737
00039739
00039741
00039745
00039746
00039748
00039750
00039753
00039762
00039764
00039765
00039775
00039778
00039781
00039786
00039787
00039791
00039794
00039796
00039804
00039809
00039810
00039812
00039813
00039816
00039817
00039819
00039821
00039824
00039825
00039828
00039830
00039831
00039839
00039841
00039844
00039846
00039852
00039853
00039855
00039858
00039859
00039861
00039862
00039864
00039868
00039869
00039870
00039872
00039873
00039875
00039877
00039879
00039880
00039882
00039884
00039888
00039891
00039892
00039893
00039900
00039903
00039904
00039910
00039911
00039913
00039915
00039917
00039919
00039926
00039928
00039931
00039932
00039934
00039935
00039936
00039941
00039942
00039951
00039955
00039957
00039958
00039959
00039964
00039969
00039972
00039974
00039977
00039982
00039983
00039985
00039987
00039988
00039993
00039994
00040001
00040002
00040006
00040007
00040009
00040012
00040014
00040015
00040017
00040022
00040023
00040024
00040025
00040027
00040029
00040031
00040032
00040036
00040042
00040043
00040044
00040045
00040047
00040049
00040052
00040056
00040057
00040058
00040065
00040067
00040069
00040071
00040073
00040074
00040078
00040082
00040085
00040086
00040087
00040089
00040091
00040092
00040096
00040097
00040100
00040101
00040103
00040104
00040106
00040107
00040109
00040115
00040116
00040117
00040118
00040120
00040122
00040123
00040125
00040132
00040135
00040136
00040138
00040140
00040143
00040148
00040149
00040150
00040152
00040162
00040163
00040164
00040171
00040173
00040174
00040176
00040177
00040178
00040183
00040184
00040185
00040187
00040189
00040190
00040192
00040193
00040195
00040196
00040198
00040199
00040201
00040204
00040208
00040212
00040214
00040216
00040217
00040226
00040232
00040236
00040238
00040241
00040242
00040248
00040252
00040260
00040267
00040268
00040270
00040272
00040273
00040274
00040276
00040279
00040285
00040286
00040287
00040288
00040291
00040294
00040295
00040297
00040310
00040315
00040316
00040317
00040322
00040324
00040325
00040329
00040335
00040338
00040339
00040340
00040345
00040349
00040350
00040351
00040352
00040353
00040354
00040355
00040356
00040360
00040362
00040364
00040365
00040367
00040370
00040372
00040377
00040378
00040379
00040383
00040388
00040391
00040393
00040397
00040401
00040402
00040403
00040404
00040409
00040411
00040412
00040415
00040417
00040419
00040422
00040426
00040428
00040432
00040435
00040438
00040440
00040441
00040445
00040447
00040448
00040450
00040458
00040459
00040461
00040466
00040469
00040473
00040475
00040477
00040478
00040482
00040483
00040488
00040492
00040494
00040499
00040501
00040504
00040505
00040506
00040507
00040509
00040510
00040512
00040514
00040517
00040518
00040519
00040520
00040522
00040528
00040529
00040530
00040531
00040532
00040537
00040538
00040543
00040553
00040555
00040557
00040560
00040562
00040571
00040572
00040573
00040574
00040577
00040578
00040580
00040581
00040583
00040584
00040585
00040588
00040595
00040596
00040601
00040603
00040604
00040606
00040611
00040612
00040613
00040622
00040626
00040628
00040631
00040632
00040634
00040637
00040639
00040640
00040641
00040642
00040643
00040645
00040649
00040650
00040652
00040653
00040655
00040656
00040661
00040666
00040667
00040669
00040670
00040671
00040673
00040674
00040675
00040677
00040681
00040692
00040693
00040699
00040701
00040703
00040706
00040709
00040711
00040712
00040713
00040714
00040717
00040718
00040720
00040722
00040723
00040725
00040726
00040729
00040736
00040740
00040741
00040744
00040746
00040750
00040755
00040757
00040761
00040762
00040765
00040771
00040778
00040779
00040783
00040785
00040788
00040789
00040791
00040797
00040801
00040802
00040803
00040814
00040819
00040821
00040828
00040830
00040832
00040833
00040834
00040835
00040836
00040838
00040839
00040840
00040844
00040847
00040848
00040850
00040856
00040857
00040859
00040860
00040865
00040866
00040869
00040870
00040871
00040873
00040875
00040877
00040878
00040889
00040891
00040892
00040894
00040896
00040897
00040900
00040903
00040904
00040905
00040908
00040910
00040911
00040913
00040914
00040918
00040919
00040922
00040923
00040927
00040929
00040931
00040934
00040938
00040942
00040944
00040946
00040950
00040957
00040958
00040960
00040962
00040964
00040965
00040966
00040971
00040977
00040979
00040980
00040981
00040982
00040985
00040988
00040995
00040996
00041000
00041003
00041005
00041006
00041008
00041014
00041015
00041018
00041019
00041023
00041024
00041028
00041039
00041040
00041046
00041048
00041050
00041052
00041053
00041059
00041061
00041062
00041067
00041070
00041071
00041072
00041077
00041079
00041080
00041085
00041087
00041088
00041093
00041096
00041097
00041101
00041102
00041104
00041105
00041108
00041111
00041118
00041120
00041125
00041128
00041131
00041133
00041137
00041144
00041147
00041150
00041152
00041153
00041157
00041161
00041166
00041167
00041168
00041173
00041175
00041176
00041178
00041185
00041186
00041191
00041192
00041193
00041194
00041195
00041198
00041199
00041201
00041203
00041204
00041205
00041211
00041212
00041216
00041221
00041222
00041225
00041228
00041233
00041236
00041239
00041243
00041244
00041245
00041246
00041247
00041249
00041250
00041252
00041259
00041260
00041261
00041265
00041266
00041269
00041272
00041273
00041277
00041278
00041280
00041283
00041284
00041286
00041287
00041288
00041290
00041291
00041296
00041297
00041298
00041301
00041303
00041310
00041312
00041319
00041320
00041325
00041327
00041329
00041332
00041334
00041335
00041338
00041340
00041342
00041346
00041347
00041350
00041351
00041357
00041358
00041360
00041364
00041365
00041367
00041368
00041369
00041375
00041376
00041380
00041383
00041384
00041388
00041389
00041392
00041394
00041396
00041397
00041398
00041399
00041401
00041407
00041408
00041409
00041410
00041412
00041414
00041417
00041419
00041420
00041422
00041423
00041425
00041427
00041428
00041429
00041431
00041438
00041439
00041441
00041442
00041443
00041448
00041452
00041454
00041455
00041457
00041458
00041459
00041460
00041464
00041465
00041468
00041469
00041476
00041477
00041479
00041481
00041482
00041485
00041486
00041490
00041491
00041494
00041495
00041499
00041501
00041506
00041507
00041514
00041519
00041522
00041525
00041534
00041537
00041541
00041544
00041545
00041546
00041548
00041551
00041552
00041561
00041562
00041569
00041570
00041573
00041575
00041577
00041582
00041586
00041588
00041589
00041593
00041594
00041596
00041599
00041600
00041601
00041603
00041604
00041605
00041612
00041615
00041616
00041618
00041621
00041623
00041626
00041628
00041630
00041633
00041634
00041635
00041636
00041637
00041640
00041643
00041645
00041647
00041654
00041656
00041658
00041660
00041663
00041666
00041668
00041669
00041673
00041674
00041675
00041684
00041687
00041689
00041693
00041696
00041699
00041701
00041704
00041706
00041707
00041715
00041721
00041723
00041724
00041725
00041726
00041727
00041730
00041736
00041741
00041742
00041752
00041760
00041764
00041765
00041767
00041768
00041772
00041774
00041786
00041787
00041788
00041789
00041799
00041805
00041808
00041810
00041811
00041812
00041817
00041818
00041820
00041821
00041825
00041827
00041828
00041830
00041831
00041834
00041840
00041847
00041853
00041860
00041862
00041863
00041866
00041867
00041870
00041871
00041872
00041873
00041874
00041879
00041885
00041892
00041893
00041895
00041897
00041899
00041901
00041902
00041904
00041906
00041907
00041908
00041909
00041910
00041913
00041914
00041916
00041918
00041926
00041927
00041928
00041931
00041935
00041941
00041944
00041945
00041946
00041953
00041957
00041959
00041960
00041962
00041968
00041970
00041974
00041975
00041976
00041977
00041980
00041982
00041986
00041989
00041990
00041993
00041996
00042002
00042005
00042007
00042008
00042009
00042011
00042013
00042015
00042018
00042021
00042029
00042032
00042033
00042036
00042038
00042039
00042044
00042046
00042048
00042050
00042051
00042052
00042053
00042056
00042061
00042062
00042063
00042065
00042066
00042068
00042069
00042070
00042071
00042073
00042074
00042075
00042079
00042084
00042085
00042087
00042090
00042092
00042096
00042102
00042104
00042105
00042114
00042115
00042116
00042119
00042120
00042125
00042131
00042134
00042135
00042136
00042137
00042139
00042141
00042145
00042148
00042149
00042152
00042157
00042160
00042161
00042163
00042166
00042167
00042170
00042176
00042180
00042187
00042190
00042194
00042204
00042205
00042207
00042209
00042214
00042215
00042216
00042217
00042218
00042219
00042222
00042223
00042225
00042226
00042228
00042229
00042231
00042234
00042235
00042237
00042241
00042249
00042250
00042252
00042253
00042256
00042257
00042260
00042269
00042272
00042273
00042274
00042282
00042288
00042293
00042294
00042295
00042296
00042298
00042303
00042304
00042310
00042311
00042312
00042314
00042320
00042321
00042322
00042323
00042327
00042329
00042331
00042333
00042334
00042342
00042343
00042344
00042345
00042346
00042347
00042349
00042352
00042353
00042360
00042363
00042364
00042368
00042371
00042377
00042380
00042382
00042384
00042385
00042389
00042395
00042396
00042402
00042403
00042405
00042409
00042412
00042416
00042418
00042420
00042421
00042422
00042424
00042425
00042426
00042427
00042431
00042432
00042433
00042434
00042436
00042439
00042441
00042443
00042444
00042445
00042448
00042450
00042453
00042457
00042460
00042463
00042466
00042467
00042468
00042469
00042484
00042485
00042486
00042489
00042491
00042494
00042495
00042498
00042500
00042501
00042502
00042504
00042505
00042510
00042512
00042514
00042519
00042528
00042530
00042531
00042532
00042533
00042535
00042536
00042537
00042538
00042539
00042542
00042548
00042550
00042552
00042554
00042555
00042559
00042560
00042564
00042566
00042570
00042571
00042573
00042574
00042575
00042576
00042578
00042579
00042581
00042582
00042584
00042586
00042587
00042594
00042600
00042604
00042605
00042606
00042607
00042611
00042612
00042614
00042615
00042616
00042617
00042619
00042628
00042629
00042630
00042633
00042635
00042640
00042641
00042643
00042650
00042653
00042655
00042659
00042660
00042664
00042669
00042670
00042674
00042676
00042679
00042681
00042683
00042690
00042692
00042694
00042697
00042698
00042703
00042704
00042705
00042709
00042713
00042714
00042715
00042720
00042724
00042737
00042744
00042748
00042749
00042750
00042754
00042756
00042760
00042770
00042772
00042775
00042776
00042777
00042782
00042784
00042785
00042787
00042791
00042803
00042804
00042806
00042809
00042813
00042814
00042816
00042817
00042820
00042822
00042823
00042825
00042826
00042827
00042828
00042829
00042830
00042833
00042835
00042836
00042837
00042841
00042846
00042849
00042851
00042853
00042857
00042861
00042862
00042863
00042865
00042866
00042868
00042870
00042872
00042873
00042876
00042877
00042878
00042880
00042884
00042886
00042887
00042888
00042889
00042891
00042895
00042900
00042901
00042907
00042909
00042911
00042912
00042915
00042916
00042919
00042920
00042921
00042928
00042933
00042934
00042935
00042937
00042946
00042948
00042953
00042954
00042956
00042960
00042965
00042967
00042968
00042970
00042976
00042981
00042982
00042983
00042987
00042988
00042991
00042992
00042999
00043000
00043002
00043005
00043009
00043010
00043017
00043020
00043026
00043029
00043031
00043033
00043036
00043052
00043063
00043065
00043076
00043079
00043082
00043086
00043088
00043089
00043092
00043093
00043094
00043095
00043096
00043098
00043100
00043102
00043106
00043107
00043109
00043110
00043111
00043119
00043120
00043121
00043122
00043123
00043124
00043130
00043133
00043134
00043141
00043143
00043149
00043152
00043153
00043154
00043155
00043157
00043160
00043165
00043168
00043171
00043175
00043177
00043182
00043184
00043185
00043187
00043188
00043191
00043192
00043193
00043194
00043195
00043200
00043201
00043203
00043204
00043210
00043211
00043214
00043215
00043221
00043222
00043223
00043225
00043228
00043229
00043232
00043233
00043236
00043237
00043238
00043241
00043242
00043243
00043251
00043258
00043266
00043273
00043274
00043279
00043281
00043283
00043285
00043286
00043289
00043297
00043299
00043300
00043301
00043302
00043303
00043304
00043308
00043311
00043313
00043322
00043324
00043328
00043329
00043330
00043334
00043340
00043342
00043344
00043346
00043353
00043363
00043374
00043378
00043379
00043380
00043381
00043382
00043384
00043385
00043387
00043389
00043390
00043391
00043392
00043393
00043394
00043402
00043404
00043405
00043408
00043409
00043413
00043414
00043416
00043419
00043420
00043422
00043423
00043424
00043425
00043426
00043427
00043428
00043433
00043437
00043440
00043441
00043444
00043445
00043450
00043451
00043455
00043456
00043461
00043466
00043469
00043470
00043471
00043474
00043481
00043482
00043483
00043484
00043487
00043491
00043492
00043501
00043502
00043503
00043506
00043507
00043515
00043516
00043517
00043518
00043520
00043526
00043528
00043531
00043533
00043535
00043536
00043542
00043543
00043544
00043545
00043547
00043552
00043554
00043560
00043566
00043570
00043572
00043574
00043578
00043591
00043592
00043593
00043594
00043598
00043600
00043612
00043614
00043616
00043618
00043619
00043620
00043623
00043627
00043628
00043629
00043630
00043632
00043636
00043637
00043639
00043642
00043654
00043656
00043659
00043661
00043663
00043665
00043668
00043670
00043672
00043674
00043675
00043676
00043684
00043686
00043689
00043691
00043693
00043694
00043695
00043698
00043700
00043703
00043711
00043714
00043715
00043719
00043722
00043727
00043728
00043731
00043732
00043734
00043736
00043737
00043739
00043742
00043743
00043746
00043748
00043751
00043754
00043756
00043757
00043764
00043767
00043771
00043773
00043775
00043776
00043777
00043783
00043784
00043785
00043787
00043788
00043791
00043795
00043800
00043801
00043807
00043811
00043813
00043816
00043817
00043818
00043819
00043820
00043827
00043828
00043832
00043833
00043837
00043844
00043856
00043857
00043861
00043869
00043870
00043871
00043875
00043877
00043879
00043880
00043885
00043889
00043890
00043891
00043895
00043900
00043902
00043906
00043907
00043908
00043909
00043913
00043914
00043915
00043916
00043917
00043920
00043923
00043925
00043927
00043930
00043931
00043933
00043936
00043941
00043945
00043946
00043948
00043949
00043952
00043953
00043957
00043958
00043959
00043961
00043963
00043977
00043980
00043981
00043984
00043986
00043987
00043990
00043995
00043999
00044003
00044004
00044007
00044008
00044011
00044012
00044013
00044016
00044017
00044018
00044021
00044022
00044024
00044027
00044034
00044035
00044036
00044038
00044042
00044045
00044046
00044050
00044052
00044055
00044060
00044067
00044071
00044072
00044073
00044076
00044079
00044082
00044083
00044084
00044093
00044095
00044100
00044101
00044107
00044110
00044113
00044120
00044123
00044133
00044135
00044145
00044148
00044150
00044156
00044157
00044158
00044160
00044163
00044164
00044168
00044170
00044172
00044173
00044176
00044179
00044183
00044184
00044189
00044191
00044192
00044196
00044199
00044201
00044205
00044206
00044208
00044214
00044218
00044221
00044224
00044228
00044229
00044230
00044233
00044234
00044239
00044240
00044245
00044248
00044250
00044254
00044260
00044263
00044266
00044273
00044276
00044277
00044282
00044283
00044287
00044288
00044289
00044298
00044303
00044304
00044307
00044311
00044312
00044315
00044316
00044318
00044320
00044322
00044324
00044325
00044326
00044328
00044329
00044330
00044331
00044332
00044336
00044340
00044344
00044347
00044351
00044353
00044358
00044359
00044360
00044362
00044364
00044368
00044370
00044372
00044375
00044381
00044382
00044383
00044388
00044389
00044395
00044396
00044402
00044406
00044409
00044411
00044415
00044420
00044422
00044426
00044427
00044430
00044433
00044435
00044438
00044439
00044440
00044443
00044445
00044447
00044448
00044451
00044454
00044457
00044458
00044462
00044468
00044470
00044471
00044473
00044477
00044479
00044481
00044483
00044484
00044491
00044492
00044495
00044498
00044501
00044507
00044513
00044514
00044516
00044522
00044525
00044527
00044528
00044530
00044531
00044532
00044538
00044539
00044540
00044541
00044545
00044547
00044548
00044549
00044553
00044555
00044559
00044561
00044562
00044565
00044567
00044570
00044571
00044573
00044574
00044578
00044579
00044581
00044586
00044587
00044588
00044590
00044592
00044596
00044599
00044600
00044601
00044605
00044606
00044615
00044616
00044623
00044626
00044633
00044638
00044639
00044642
00044643
00044644
00044645
00044647
00044648
00044649
00044651
00044657
00044659
00044663
00044667
00044668
00044669
00044671
00044677
00044680
00044682
00044684
00044688
00044689
00044691
00044694
00044696
00044697
00044698
00044699
00044700
00044701
00044703
00044706
00044707
00044709
00044710
00044711
00044715
00044717
00044718
00044719
00044721
00044722
00044725
00044727
00044732
00044733
00044735
00044738
00044740
00044742
00044747
00044749
00044760
00044761
00044762
00044766
00044768
00044770
00044778
00044779
00044780
00044783
00044784
00044785
00044786
00044787
00044788
00044790
00044792
00044799
00044801
00044804
00044806
00044808
00044816
00044819
00044822
00044825
00044827
00044830
00044831
00044832
00044845
00044850
00044851
00044855
00044865
00044866
00044867
00044868
00044870
00044876
00044881
00044884
00044888
00044889
00044890
00044893
00044897
00044899
00044900
00044902
00044903
00044904
00044906
00044910
00044911
00044914
00044917
00044918
00044920
00044932
00044941
00044946
00044950
00044955
00044956
00044958
00044961
00044962
00044966
00044973
00044974
00044978
00044980
00044986
00044987
00044988
00044990
00044995
00044996
00044998
00045002
00045005
00045009
00045013
00045014
00045018
00045019
00045021
00045024
00045026
00045028
00045029
00045037
00045040
00045042
00045043
00045046
00045049
00045050
00045051
00045052
00045053
00045055
00045056
00045059
00045063
00045064
00045065
00045066
00045069
00045071
00045072
00045073
00045075
00045079
00045080
00045081
00045084
00045087
00045088
00045090
00045092
00045095
00045096
00045097
00045102
00045106
00045113
00045115
00045117
00045118
00045121
00045124
00045125
00045126
00045127
00045128
00045129
00045130
00045131
00045133
00045136
00045140
00045141
00045149
00045152
00045153
00045156
00045159
00045162
00045168
00045170
00045172
00045174
00045178
00045179
00045183
00045184
00045189
00045192
00045193
00045194
00045195
00045196
00045198
00045200
00045202
00045203
00045204
00045207
00045209
00045213
00045214
00045219
00045220
00045222
00045223
00045226
00045227
00045229
00045230
00045232
00045235
00045243
00045244
00045245
00045249
00045251
00045257
00045258
00045259
00045261
00045263
00045264
00045265
00045266
00045269
00045270
00045274
00045275
00045278
00045279
00045281
00045288
00045289
00045290
00045291
00045292
00045298
00045299
00045300
00045304
00045305
00045306
00045307
00045308
00045310
00045317
00045318
00045319
00045320
00045321
00045322
00045324
00045327
00045330
00045334
00045336
00045337
00045338
00045341
00045344
00045347
00045349
00045350
00045354
00045355
00045356
00045359
00045363
00045366
00045367
00045368
00045369
00045370
00045373
00045374
00045379
00045381
00045384
00045390
00045393
00045396
00045397
00045398
00045399
00045400
00045401
00045402
00045403
00045406
00045407
00045410
00045414
00045415
00045417
00045420
00045426
00045431
00045432
00045440
00045442
00045448
00045450
00045452
00045453
00045454
00045457
00045460
00045462
00045463
00045465
00045468
00045469
00045474
00045475
00045476
00045478
00045489
00045494
00045497
00045504
00045506
00045507
00045508
00045509
00045515
00045525
00045526
00045529
00045533
00045536
00045538
00045539
00045540
00045541
00045542
00045544
00045545
00045553
00045557
00045560
00045562
00045565
00045573
00045576
00045577
00045579
00045580
00045585
00045586
00045587
00045589
00045595
00045596
00045604
00045607
00045608
00045613
00045616
00045619
00045625
00045629
00045631
00045633
00045642
00045644
00045649
00045656
00045661
00045663
00045664
00045668
00045672
00045674
00045677
00045680
00045681
00045683
00045684
00045685
00045686
00045689
00045690
00045698
00045700
00045703
00045705
00045707
00045711
00045714
00045716
00045718
00045722
00045723
00045740
00045742
00045744
00045746
00045750
00045752
00045756
00045759
00045764
00045766
00045770
00045779
00045783
00045784
00045785
00045788
00045790
00045791
00045793
00045794
00045795
00045801
00045803
00045806
00045807
00045808
00045809
00045810
00045811
00045818
00045821
00045822
00045827
00045828
00045831
00045832
00045833
00045836
00045837
00045840
00045848
00045850
00045852
00045855
00045856
00045857
00045858
00045860
00045861
00045867
00045868
00045871
00045874
00045876
00045877
00045885
00045886
00045888
00045889
00045890
00045906
00045908
00045910
00045912
00045914
00045915
00045918
00045919
00045922
00045934
00045936
00045938
00045939
00045940
00045941
00045944
00045946
00045954
00045957
00045960
00045962
00045965
00045967
00045969
00045970
00045973
00045974
00045977
00045978
00045981
00045982
00045983
00045984
00045988
00045991
00045992
00045993
00045995
00045997
00045998
00046001
00046005
00046007
00046011
00046012
00046014
00046023
00046031
00046035
00046042
00046043
00046045
00046053
00046055
00046058
00046062
00046063
00046065
00046067
00046072
00046074
00046077
00046079
00046087
00046090
00046091
00046096
00046098
00046099
00046100
00046101
00046103
00046108
00046111
00046114
00046116
00046117
00046119
00046122
00046123
00046124
00046125
00046127
00046128
00046129
00046134
00046138
00046139
00046143
00046144
00046148
00046151
00046154
00046162
00046163
00046170
00046172
00046174
00046176
00046178
00046180
00046183
00046186
00046192
00046194
00046196
00046197
00046198
00046199
00046202
00046203
00046204
00046206
00046207
00046208
00046210
00046213
00046215
00046219
00046224
00046226
00046229
00046230
00046233
00046234
00046238
00046239
00046243
00046244
00046245
00046248
00046249
00046253
00046254
00046257
00046259
00046267
00046270
00046272
00046274
00046276
00046277
00046279
00046280
00046284
00046285
00046287
00046289
00046291
00046292
00046297
00046302
00046303
00046305
00046306
00046307
00046308
00046310
00046311
00046313
00046318
00046321
00046322
00046324
00046325
00046328
00046329
00046332
00046333
00046334
00046338
00046342
00046347
00046348
00046350
00046352
00046353
00046355
00046357
00046362
00046372
00046375
00046379
00046380
00046383
00046394
00046395
00046397
00046398
00046399
00046400
00046410
00046416
00046418
00046422
00046423
00046424
00046425
00046427
00046428
00046430
00046434
00046437
00046438
00046442
00046446
00046447
00046449
00046453
00046458
00046459
00046462
00046465
00046468
00046474
00046477
00046479
00046483
00046484
00046487
00046488
00046491
00046492
00046494
00046495
00046496
00046502
00046503
00046504
00046506
00046508
00046509
00046517
00046518
00046522
00046524
00046528
00046529
00046532
00046536
00046538
00046541
00046542
00046544
00046545
00046547
00046548
00046549
00046550
00046552
00046556
00046560
00046563
00046566
00046568
00046573
00046576
00046577
00046583
00046584
00046587
00046594
00046596
00046597
00046600
00046602
00046603
00046605
00046618
00046619
00046621
00046623
00046625
00046630
00046634
00046635
00046637
00046639
00046641
00046642
00046643
00046644
00046646
00046647
00046648
00046651
00046652
00046653
00046663
00046665
00046666
00046667
00046668
00046669
00046671
00046672
00046673
00046678
00046681
00046682
00046684
00046687
00046688
00046690
00046693
00046696
00046697
00046701
00046703
00046704
00046710
00046711
00046712
00046714
00046715
00046716
00046718
00046720
00046723
00046727
00046731
00046735
00046736
00046739
00046746
00046752
00046757
00046758
00046762
00046767
00046769
00046785
00046790
00046796
00046797
00046798
00046799
00046801
00046802
00046804
00046805
00046806
00046808
00046810
00046812
00046819
00046820
00046825
00046826
00046829
00046831
00046833
00046839
00046840
00046843
00046844
00046845
00046846
00046848
00046849
00046851
00046855
00046856
00046861
00046863
00046865
00046866
00046867
00046868
00046869
00046870
00046875
00046877
00046878
00046879
00046880
00046882
00046883
00046884
00046885
00046886
00046889
00046890
00046897
00046900
00046908
00046911
00046912
00046913
00046916
00046920
00046923
00046925
00046929
00046932
00046934
00046935
00046939
00046940
00046945
00046947
00046950
00046952
00046953
00046956
00046960
00046962
00046967
00046974
00046976
00046977
00046978
00046979
00046980
00046981
00046982
00046983
00046984
00046987
00046988
00046990
00046998
00046999
00047001
00047009
00047010
00047012
00047015
00047017
00047023
00047026
00047027
00047028
00047030
00047031
00047033
00047037
00047040
00047046
00047047
00047048
00047049
00047051
00047052
00047053
00047054
00047058
00047059
00047060
00047065
00047066
00047078
00047080
00047082
00047083
00047084
00047087
00047092
00047094
00047095
00047099
00047106
00047108
00047110
00047113
00047115
00047122
00047123
00047124
00047125
00047129
00047139
00047140
00047141
00047144
00047153
00047167
00047168
00047169
00047170
00047171
00047173
00047175
00047179
00047181
00047187
00047190
00047193
00047204
00047205
00047211
00047214
00047215
00047218
00047219
00047223
00047227
00047229
00047231
00047236
00047242
00047243
00047244
00047245
00047249
00047254
00047256
00047258
00047261
00047267
00047270
00047273
00047276
00047277
00047278
00047280
00047284
00047287
00047289
00047291
00047293
00047297
00047299
00047302
00047309
00047310
00047311
00047316
00047318
00047322
00047324
00047327
00047328
00047331
00047333
00047339
00047343
00047347
00047348
00047349
00047351
00047352
00047354
00047358
00047360
00047363
00047364
00047365
00047369
00047372
00047375
00047376
00047377
00047380
00047381
00047382
00047383
00047384
00047386
00047388
00047389
00047390
00047394
00047398
00047399
00047400
00047404
00047406
00047407
00047408
00047412
00047413
00047415
00047418
00047419
00047420
00047421
00047423
00047425
00047427
00047430
00047432
00047433
00047434
00047447
00047448
00047451
00047464
00047465
00047467
00047469
00047471
00047472
00047479
00047480
00047481
00047482
00047489
00047490
00047491
00047493
00047499
00047500
00047501
00047502
00047505
00047508
00047512
00047513
00047514
00047517
00047518
00047520
00047522
00047524
00047529
00047532
00047533
00047534
00047535
00047536
00047538
00047542
00047543
00047544
00047546
00047550
00047552
00047554
00047556
00047557
00047561
00047564
00047566
00047570
00047571
00047574
00047575
00047578
00047580
00047581
00047583
00047584
00047586
00047593
00047598
00047600
00047601
00047606
00047608
00047612
00047613
00047614
00047622
00047623
00047624
00047625
00047627
00047628
00047629
00047630
00047632
00047637
00047645
00047646
00047651
00047653
00047656
00047657
00047667
00047668
00047670
00047671
00047678
00047683
00047685
00047688
00047689
00047690
00047692
00047701
00047705
00047708
00047710
00047713
00047718
00047722
00047723
00047727
00047730
00047741
00047750
00047754
00047758
00047762
00047764
00047765
00047768
00047769
00047773
00047774
00047776
00047784
00047785
00047788
00047793
00047795
00047796
00047798
00047805
00047809
00047811
00047815
00047817
00047818
00047821
00047823
00047825
00047828
00047829
00047830
00047834
00047836
00047841
00047846
00047847
00047849
00047851
00047852
00047853
00047855
00047857
00047861
00047869
00047870
00047873
00047874
00047876
00047879
00047880
00047883
00047884
00047886
00047888
00047897
00047900
00047901
00047904
00047906
00047912
00047914
00047917
00047919
00047928
00047930
00047937
00047938
00047940
00047945
00047950
00047951
00047952
00047955
00047957
00047958
00047959
00047962
00047963
00047965
00047967
00047971
00047975
00047979
00047983
00047984
00047985
00047987
00047994
00047996
00047999
00048002
00048004
00048005
00048007
00048008
00048010
00048011
00048016
00048017
00048021
00048026
00048027
00048029
00048032
00048034
00048035
00048037
00048039
00048040
00048041
00048052
00048054
00048056
00048057
00048058
00048060
00048062
00048064
00048069
00048070
00048071
00048075
00048076
00048077
00048080
00048082
00048092
00048097
00048106
00048110
00048111
00048112
00048117
00048122
00048134
00048141
00048145
00048147
00048148
00048149
00048150
00048151
00048152
00048158
00048162
00048172
00048173
00048174
00048179
00048182
00048186
00048189
00048190
00048191
00048193
00048204
00048205
00048207
00048210
00048212
00048213
00048215
00048221
00048233
00048234
00048235
00048236
00048237
00048241
00048249
00048250
00048257
00048259
00048260
00048262
00048264
00048265
00048266
00048267
00048271
00048275
00048277
00048279
00048280
00048281
00048283
00048286
00048287
00048288
00048289
00048294
00048297
00048298
00048300
00048301
00048307
00048310
00048313
00048314
00048315
00048319
00048321
00048324
00048325
00048332
00048336
00048339
00048340
00048342
00048346
00048347
00048350
00048351
00048354
00048360
00048362
00048363
00048364
00048365
00048366
00048368
00048374
00048376
00048379
00048381
00048382
00048383
00048385
00048389
00048394
00048396
00048397
00048407
00048409
00048411
00048413
00048414
00048418
00048419
00048420
00048424
00048428
00048430
00048434
00048435
00048437
00048439
00048442
00048443
00048444
00048445
00048450
00048451
00048453
00048455
00048457
00048467
00048468
00048469
00048470
00048475
00048476
00048478
00048479
00048481
00048486
00048493
00048494
00048495
00048497
00048499
00048502
00048509
00048510
00048511
00048512
00048515
00048516
00048523
00048524
00048528
00048530
00048531
00048533
00048535
00048539
00048542
00048546
00048551
00048552
00048558
00048564
00048565
00048566
00048567
00048568
00048571
00048578
00048591
00048592
00048598
00048599
00048601
00048604
00048607
00048610
00048612
00048613
00048621
00048622
00048625
00048627
00048629
00048630
00048631
00048634
00048635
00048636
00048639
00048642
00048645
00048646
00048648
00048652
00048653
00048659
00048660
00048662
00048666
00048667
00048668
00048669
00048671
00048674
00048675
00048677
00048682
00048683
00048684
00048686
00048688
00048690
00048691
00048697
00048700
00048701
00048704
00048709
00048713
00048715
00048718
00048720
00048722
00048723
00048734
00048735
00048736
00048737
00048738
00048739
00048743
00048744
00048745
00048746
00048752
00048762
00048768
00048775
00048778
00048780
00048783
00048784
00048786
00048793
00048797
00048801
00048802
00048803
00048804
00048810
00048811
00048812
00048817
00048818
00048828
00048830
00048831
00048832
00048834
00048836
00048839
00048857
00048858
00048859
00048861
00048864
00048867
00048869
00048873
00048875
00048882
00048884
00048893
00048894
00048899
00048900
00048904
00048907
00048910
00048912
00048913
00048914
00048917
00048921
00048923
00048926
00048929
00048931
00048932
00048933
00048942
00048943
00048950
00048952
00048954
00048957
00048958
00048959
00048961
00048962
00048967
00048968
00048969
00048970
00048972
00048973
00048974
00048979
00048980
00048983
00048993
00049000
00049001
00049006
00049007
00049010
00049011
00049012
00049016
00049018
00049021
00049029
00049030
00049031
00049033
00049036
00049038
00049042
00049044
00049046
00049050
00049053
00049062
00049063
00049066
00049068
00049069
00049070
00049075
00049078
00049080
00049082
00049085
00049086
00049089
00049091
00049092
00049093
00049095
00049098
00049100
00049101
00049102
00049108
00049112
00049115
00049117
00049127
00049128
00049132
00049141
00049143
00049144
00049146
00049147
00049148
00049149
00049151
00049153
00049154
00049157
00049162
00049167
00049170
00049172
00049176
00049177
00049181
00049182
00049184
00049185
00049186
00049190
00049192
00049193
00049196
00049198
00049204
00049209
00049211
00049212
00049214
00049215
00049217
00049218
00049226
00049231
00049236
00049242
00049245
00049247
00049250
00049251
00049252
00049254
00049257
00049262
00049264
00049266
00049267
00049268
00049274
00049278
00049285
00049286
00049287
00049289
00049291
00049292
00049296
00049301
00049305
00049308
00049310
00049311
00049312
00049315
00049316
00049317
00049321
00049323
00049325
00049326
00049329
00049338
00049339
00049341
00049347
00049348
00049349
00049350
00049352
00049356
00049359
00049362
00049363
00049364
00049368
00049369
00049371
00049372
00049374
00049376
00049380
00049382
00049384
00049385
00049390
00049391
00049398
00049399
00049401
00049402
00049406
00049410
00049412
00049413
00049418
00049421
00049428
00049429
00049433
00049434
00049437
00049438
00049441
00049442
00049447
00049449
00049450
00049451
00049453
00049458
00049460
00049461
00049468
00049470
00049471
00049473
00049476
00049478
00049483
00049485
00049489
00049491
00049494
00049497
00049499
00049500
00049503
00049505
00049506
00049508
00049509
00049510
00049512
00049513
00049514
00049516
00049518
00049524
00049526
00049528
00049531
00049533
00049535
00049539
00049544
00049545
00049547
00049548
00049549
00049550
00049551
00049553
00049556
00049558
00049560
00049561
00049564
00049567
00049569
00049570
00049572
00049573
00049574
00049576
00049579
00049581
00049584
00049586
00049588
00049603
00049605
00049606
00049608
00049611
00049612
00049614
00049616
00049617
00049628
00049631
00049633
00049636
00049637
00049640
00049653
00049660
00049661
00049667
00049668
00049670
00049672
00049673
00049675
00049678
00049680
00049684
00049685
00049690
00049696
00049708
00049709
00049710
00049712
00049717
00049727
00049729
00049731
00049734
00049735
00049737
00049738
00049741
00049744
00049746
00049748
00049749
00049750
00049753
00049768
00049769
00049772
00049775
00049781
00049783
00049785
00049790
00049791
00049792
00049793
00049794
00049795
00049797
00049802
00049806
00049808
00049810
00049811
00049813
00049814
00049816
00049817
00049821
00049827
00049831
00049832
00049836
00049839
00049841
00049843
00049850
00049853
00049857
00049865
00049868
00049871
00049872
00049875
00049880
00049881
00049882
00049885
00049889
00049891
00049893
00049895
00049898
00049899
00049902
00049905
00049906
00049907
00049908
00049910
00049911
00049913
00049915
00049916
00049917
00049925
00049927
00049928
00049929
00049932
00049941
00049943
00049944
00049945
00049947
00049948
00049949
00049952
00049955
00049956
00049958
00049961
00049962
00049963
00049970
00049973
00049979
00049982
00049983
00049985
00049986
00049988
00049989
00049990
00049995
00049997
00049998
00050001
00050009
00050010
00050012
00050013
00050014
00050017
00050020
00050021
00050023
00050029
00050031
00050032
00050035
00050040
00050044
00050051
00050052
00050054
00050055
00050064
00050069
00050070
00050071
00050073
00050076
00050077
00050089
00050093
00050094
00050097
00050099
00050101
00050102
00050105
00050113
00050118
00050119
00050120
00050124
00050127
00050128
00050129
00050135
00050136
00050138
00050139
00050142
00050145
00050148
00050153
00050157
00050158
00050160
00050161
00050164
00050166
00050168
00050170
00050172
00050179
00050180
00050187
00050189
00050194
00050195
00050198
00050201
00050202
00050205
00050206
00050208
00050212
00050218
00050222
00050228
00050230
00050231
00050232
00050233
00050234
00050238
00050240
00050241
00050244
00050250
00050253
00050255
00050257
00050259
00050260
00050263
00050264
00050265
00050267
00050268
00050271
00050275
00050276
00050277
00050282
00050286
00050291
00050292
00050294
00050295
00050296
00050300
00050305
00050306
00050307
00050308
00050309
00050310
00050311
00050317
00050319
00050323
00050324
00050327
00050328
00050331
00050336
00050342
00050344
00050345
00050350
00050351
00050354
00050355
00050361
00050362
00050363
00050364
00050367
00050371
00050378
00050379
00050380
00050381
00050382
00050385
00050389
00050393
00050395
00050397
00050398
00050402
00050405
00050406
00050410
00050413
00050416
00050423
00050425
00050427
00050431
00050432
00050433
00050435
00050441
00050442
00050453
00050454
00050465
00050472
00050474
00050475
00050477
00050482
00050486
00050488
00050489
00050496
00050498
00050499
00050500
00050501
00050503
00050509
00050511
00050513
00050515
00050518
00050519
00050520
00050521
00050525
00050527
00050532
00050534
00050540
00050541
00050544
00050545
00050548
00050549
00050556
00050559
00050562
00050574
00050576
00050581
00050582
00050584
00050587
00050589
00050592
00050594
00050601
00050602
00050603
00050605
00050606
00050610
00050611
00050612
00050613
00050618
00050620
00050625
00050631
00050633
00050639
00050644
00050645
00050647
00050650
00050651
00050653
00050654
00050657
00050658
00050661
00050663
00050667
00050669
00050674
00050676
00050679
00050683
00050688
00050689
00050691
00050695
00050696
00050699
00050701
00050702
00050704
00050706
00050707
00050708
00050712
00050714
00050717
00050719
00050720
00050721
00050726
00050730
00050731
00050733
00050734
00050735
00050736
00050739
00050741
00050742
00050744
00050746
00050748
00050749
00050751
00050755
00050759
00050760
00050762
00050775
00050776
00050779
00050783
00050784
00050785
00050790
00050795
00050800
00050801
00050802
00050808
00050811
00050813
00050818
00050820
00050822
00050823
00050829
00050830
00050833
00050834
00050838
00050840
00050841
00050849
00050851
00050852
00050853
00050858
00050859
00050862
00050866
00050867
00050868
00050869
00050870
00050871
00050872
00050873
00050874
00050875
00050879
00050882
00050883
00050884
00050888
00050890
00050891
00050893
00050896
00050898
00050905
00050908
00050909
00050914
00050916
00050917
00050921
00050924
00050926
00050927
00050928
00050929
00050930
00050931
00050933
00050935
00050936
00050939
00050949
00050952
00050953
00050955
00050959
00050966
00050967
00050971
00050975
00050978
00050981
00050985
00050987
00050988
00050990
00050991
00050993
00050997
00050998
00050999
00051000
00051001
00051002
00051003
00051004
00051005
00051006
00051007
00051008
00051010
00051014
00051015
00051018
00051021
00051024
00051025
00051026
00051029
00051032
00051039
00051040
00051045
00051046
00051049
00051051
00051052
00051054
00051056
00051060
00051061
00051064
00051065
00051069
00051071
00051072
00051073
00051081
00051085
00051094
00051103
00051104
00051105
00051106
00051108
00051109
00051112
00051114
00051118
00051119
00051122
00051124
00051125
00051127
00051128
00051130
00051135
00051136
00051137
00051141
00051142
00051147
00051148
00051150
00051156
00051157
00051158
00051162
00051166
00051168
00051170
00051171
00051172
00051173
00051175
00051178
00051183
00051187
00051188
00051190
00051191
00051192
00051195
00051196
00051203
00051204
00051206
00051207
00051209
00051211
00051218
00051220
00051221
00051223
00051224
00051225
00051228
00051232
00051234
00051238
00051240
00051241
00051243
00051247
00051249
00051251
00051254
00051255
00051256
00051258
00051259
00051260
00051264
00051266
00051267
00051268
00051269
00051270
00051271
00051273
00051275
00051280
00051282
00051286
00051290
00051296
00051297
00051302
00051304
00051306
00051308
00051310
00051311
00051316
00051318
00051321
00051322
00051331
00051335
00051339
00051342
00051345
00051346
00051348
00051349
00051351
00051355
00051356
00051359
00051361
00051362
00051365
00051366
00051367
00051368
00051373
00051376
00051377
00051381
00051383
00051386
00051388
00051391
00051393
00051395
00051396
00051397
00051399
00051400
00051402
00051404
00051407
00051410
00051412
00051414
00051415
00051416
00051419
00051420
00051422
00051423
00051424
00051427
00051430
00051435
00051438
00051443
00051447
00051450
00051454
00051456
00051460
00051462
00051464
00051467
00051469
00051472
00051473
00051475
00051476
00051479
00051480
00051481
00051482
00051488
00051489
00051494
00051499
00051503
00051504
00051509
00051510
00051511
00051513
00051514
00051516
00051517
00051518
00051519
00051521
00051522
00051524
00051525
00051530
00051531
00051536
00051538
00051540
00051543
00051546
00051550
00051552
00051554
00051556
00051559
00051562
00051565
00051569
00051575
00051577
00051579
00051580
00051587
00051592
00051595
00051597
00051599
00051605
00051608
00051612
00051613
00051617
00051618
00051619
00051620
00051621
00051626
00051627
00051629
00051630
00051631
00051633
00051634
00051637
00051639
00051644
00051646
00051647
00051649
00051650
00051653
00051654
00051657
00051665
00051668
00051672
00051673
00051674
00051675
00051677
00051683
00051685
00051686
00051688
00051690
00051691
00051693
00051696
00051697
00051701
00051711
00051712
00051718
00051723
00051727
00051730
00051733
00051736
00051738
00051742
00051743
00051744
00051748
00051749
00051750
00051755
00051757
00051759
00051760
00051761
00051763
00051767
00051769
00051774
00051775
00051778
00051780
00051784
00051785
00051787
00051788
00051789
00051790
00051792
00051797
00051801
00051804
00051805
00051808
00051811
00051813
00051814
00051817
00051818
00051819
00051822
00051825
00051826
00051829
00051830
00051832
00051836
00051838
00051840
00051848
00051856
00051865
00051866
00051871
00051872
00051877
00051883
00051885
00051886
00051887
00051890
00051892
00051896
00051897
00051906
00051909
00051912
00051914
00051916
00051917
00051918
00051921
00051924
00051925
00051927
00051929
00051932
00051934
00051936
00051938
00051941
00051943
00051948
00051950
00051951
00051954
00051957
00051959
00051961
00051964
00051965
00051966
00051968
00051971
00051977
00051980
00051982
00051983
00051985
00051987
00051988
00051989
00051991
00051994
00051998
00052001
00052002
00052005
00052006
00052007
00052008
00052009
00052016
00052022
00052025
00052032
00052033
00052034
00052036
00052038
00052043
00052045
00052048
00052049
00052050
00052056
00052060
00052062
00052063
00052066
00052072
00052073
00052076
00052079
00052083
00052084
00052085
00052087
00052092
00052097
00052100
00052101
00052102
00052103
00052104
00052107
00052108
00052118
00052124
00052132
00052137
00052138
00052140
00052142
00052146
00052148
00052149
00052152
00052161
00052165
00052170
00052171
00052173
00052179
00052183
00052186
00052189
00052195
00052199
00052201
00052202
00052203
00052206
00052207
00052212
00052213
00052214
00052216
00052217
00052219
00052221
00052229
00052241
00052243
00052245
00052246
00052248
00052249
00052251
00052259
00052261
00052262
00052264
00052267
00052268
00052269
00052272
00052279
00052280
00052284
00052285
00052292
00052293
00052294
00052295
00052298
00052311
00052315
00052316
00052317
00052324
00052326
00052327
00052330
00052332
00052333
00052336
00052337
00052339
00052340
00052342
00052344
00052345
00052350
00052353
00052357
00052358
00052361
00052364
00052366
00052368
00052369
00052370
00052372
00052376
00052378
00052379
00052380
00052382
00052388
00052389
00052390
00052392
00052394
00052396
00052399
00052404
00052405
00052406
00052407
00052412
00052418
00052420
00052426
00052431
00052443
00052445
00052447
00052449
00052450
00052457
00052458
00052465
00052466
00052468
00052473
00052478
00052481
00052484
00052489
00052490
00052491
00052493
00052494
00052496
00052497
00052498
00052502
00052503
00052504
00052509
00052517
00052520
00052525
00052526
00052528
00052530
00052532
00052534
00052535
00052536
00052541
00052542
00052550
00052552
00052554
00052556
00052558
00052561
00052563
00052564
00052568
00052569
00052571
00052574
00052577
00052578
00052579
00052583
00052585
00052590
00052595
00052598
00052600
00052602
00052612
00052614
00052617
00052618
00052619
00052620
00052623
00052626
00052629
00052630
00052636
00052637
00052638
00052644
00052645
00052646
00052648
00052650
00052652
00052658
00052660
00052663
00052666
00052667
00052668
00052669
00052670
00052673
00052682
00052687
00052688
00052690
00052692
00052693
00052697
00052699
00052702
00052704
00052705
00052712
00052713
00052715
00052716
00052717
00052722
00052725
00052731
00052732
00052733
00052734
00052736
00052737
00052738
00052747
00052748
00052749
00052750
00052753
00052754
00052755
00052758
00052762
00052765
00052770
00052771
00052775
00052776
00052778
00052780
00052781
00052788
00052790
00052791
00052797
00052799
00052801
00052803
00052807
00052809
00052810
00052815
00052817
00052818
00052826
00052831
00052832
00052833
00052837
00052838
00052839
00052842
00052844
00052845
00052849
00052850
00052852
00052854
00052861
00052864
00052865
00052866
00052867
00052869
00052874
00052877
00052879
00052880
00052885
00052888
00052889
00052892
00052895
00052897
00052902
00052912
00052913
00052915
00052921
00052923
00052925
00052932
00052935
00052940
00052943
00052951
00052953
00052958
00052963
00052964
00052965
00052969
00052975
00052977
00052985
00052989
00052990
00052998
00052999
00053000
00053002
00053003
00053004
00053009
00053011
00053017
00053018
00053020
00053024
00053025
00053028
00053031
00053032
00053034
00053040
00053042
00053044
00053048
00053052
00053061
00053063
00053064
00053065
00053067
00053068
00053069
00053070
00053074
00053075
00053076
00053079
00053082
00053085
00053087
00053090
00053091
00053092
00053096
00053102
00053104
00053105
00053106
00053108
00053112
00053116
00053117
00053119
00053120
00053121
00053126
00053127
00053128
00053129
00053130
00053134
00053139
00053144
00053145
00053146
00053148
00053150
00053151
00053156
00053158
00053165
00053166
00053170
00053173
00053175
00053179
00053182
00053186
00053187
00053191
00053195
00053205
00053206
00053207
00053209
00053211
00053212
00053213
00053219
00053221
00053222
00053223
00053226
00053235
00053236
00053237
00053239
00053241
00053242
00053244
00053247
00053248
00053252
00053256
00053258
00053264
00053265
00053266
00053269
00053271
00053272
00053273
00053274
00053276
00053286
00053288
00053292
00053296
00053298
00053300
00053304
00053308
00053309
00053313
00053320
00053323
00053329
00053330
00053335
00053336
00053337
00053338
00053339
00053340
00053344
00053345
00053348
00053350
00053354
00053355
00053360
00053361
00053368
00053369
00053372
00053374
00053377
00053380
00053389
00053390
00053395
00053396
00053400
00053402
00053403
00053407
00053409
00053411
00053413
00053415
00053419
00053420
00053427
00053428
00053430
00053431
00053432
00053433
00053435
00053439
00053443
00053445
00053446
00053450
00053452
00053457
00053460
00053462
00053465
00053467
00053481
00053483
00053484
00053485
00053486
00053488
00053491
00053492
00053496
00053497
00053501
00053502
00053503
00053504
00053505
00053507
00053509
00053512
00053513
00053519
00053522
00053529
00053533
00053542
00053543
00053547
00053548
00053549
00053564
00053566
00053571
00053572
00053575
00053578
00053581
00053582
00053585
00053587
00053589
00053590
00053595
00053599
00053601
00053604
00053605
00053608
00053609
00053611
00053614
00053615
00053616
00053618
00053623
00053625
00053626
00053630
00053632
00053633
00053634
00053635
00053637
00053641
00053642
00053644
00053645
00053647
00053653
00053656
00053658
00053659
00053662
00053663
00053664
00053665
00053668
00053670
00053671
00053673
00053674
00053675
00053678
00053681
00053682
00053684
00053687
00053689
00053690
00053691
00053694
00053695
00053696
00053698
00053701
00053703
00053704
00053706
00053708
00053712
00053715
00053716
00053719
00053720
00053726
00053728
00053729
00053730
00053735
00053738
00053742
00053745
00053746
00053747
00053749
00053756
00053757
00053760
00053765
00053766
00053768
00053769
00053773
00053778
00053781
00053784
00053786
00053787
00053792
00053797
00053801
00053803
00053805
00053806
00053810
00053813
00053822
00053825
00053826
00053828
00053830
00053832
00053836
00053840
00053843
00053847
00053848
00053850
00053853
00053855
00053859
00053863
00053865
00053867
00053874
00053878
00053882
00053884
00053887
00053888
00053890
00053891
00053893
00053894
00053898
00053899
00053901
00053902
00053905
00053909
00053912
00053913
00053916
00053919
00053920
00053922
00053931
00053935
00053937
00053944
00053945
00053946
00053952
00053953
00053963
00053965
00053967
00053968
00053971
00053973
00053975
00053976
00053977
00053980
00053982
00053988
00053989
00053991
00053996
00054004
00054007
00054008
00054009
00054012
00054013
00054014
00054015
00054017
00054018
00054022
00054026
00054028
00054030
00054035
00054036
00054037
00054040
00054043
00054046
00054047
00054059
00054060
00054061
00054062
00054063
00054067
00054069
00054070
00054074
00054075
00054076
00054081
00054082
00054086
00054088
00054090
00054092
00054096
00054098
00054100
00054101
00054102
00054106
00054111
00054112
00054115
00054117
00054118
00054119
00054120
00054121
00054122
00054127
00054128
00054130
00054133
00054134
00054136
00054142
00054145
00054147
00054152
00054153
00054155
00054158
00054159
00054161
00054163
00054164
00054169
00054174
00054176
00054178
00054180
00054182
00054188
00054189
00054192
00054194
00054199
00054200
00054203
00054206
00054209
00054210
00054215
00054221
00054223
00054224
00054225
00054229
00054232
00054233
00054234
00054238
00054240
00054245
00054246
00054255
00054257
00054258
00054259
00054261
00054265
00054266
00054270
00054273
00054274
00054275
00054276
00054282
00054285
00054291
00054295
00054297
00054299
00054300
00054303
00054304
00054305
00054314
00054315
00054316
00054317
00054320
00054321
00054324
00054325
00054327
00054328
00054329
00054330
00054332
00054335
00054336
00054337
00054338
00054339
00054340
00054343
00054344
00054347
00054348
00054352
00054356
00054358
00054359
00054362
00054364
00054365
00054368
00054373
00054374
00054375
00054377
00054378
00054380
00054384
00054390
00054392
00054394
00054395
00054400
00054401
00054406
00054409
00054411
00054413
00054417
00054419
00054425
00054428
00054431
00054432
00054434
00054440
00054458
00054460
00054464
00054466
00054467
00054470
00054478
00054481
00054482
00054483
00054495
00054496
00054501
00054505
00054506
00054507
00054508
00054509
00054512
00054513
00054516
00054519
00054521
00054522
00054523
00054524
00054527
00054528
00054529
00054533
00054536
00054537
00054539
00054542
00054548
00054549
00054552
00054561
00054562
00054566
00054568
00054570
00054571
00054572
00054573
00054575
00054578
00054580
00054584
00054589
00054592
00054598
00054600
00054605
00054606
00054607
00054610
00054611
00054612
00054614
00054615
00054621
00054625
00054629
00054633
00054634
00054635
00054637
00054639
00054640
00054641
00054643
00054644
00054647
00054648
00054651
00054653
00054656
00054659
00054661
00054662
00054663
00054664
00054665
00054666
00054667
00054668
00054669
00054670
00054671
00054672
00054673
00054675
00054680
00054682
00054684
00054685
00054688
00054691
00054692
00054695
00054697
00054702
00054703
00054705
00054709
00054711
00054715
00054721
00054727
00054734
00054737
00054738
00054740
00054742
00054743
00054744
00054751
00054753
00054757
00054758
00054759
00054760
00054764
00054765
00054766
00054767
00054768
00054769
00054771
00054773
00054777
00054778
00054779
00054780
00054784
00054785
00054788
00054789
00054793
00054800
00054804
00054814
00054818
00054819
00054823
00054825
00054826
00054827
00054828
00054832
00054834
00054835
00054837
00054838
00054840
00054841
00054842
00054846
00054847
00054848
00054850
00054854
00054865
00054867
00054874
00054875
00054878
00054881
00054884
00054887
00054890
00054892
00054893
00054894
00054897
00054900
00054901
00054904
00054905
00054906
00054908
00054916
00054917
00054920
00054921
00054922
00054923
00054924
00054926
00054928
00054930
00054934
00054936
00054938
00054940
00054941
00054948
00054949
00054950
00054954
00054956
00054959
00054961
00054962
00054965
00054968
00054970
00054977
00054979
00054980
00054981
00054983
00054984
00054987
00054988
00054990
00054992
00054993
00054996
00055001
00055002
00055006
00055008
00055010
00055011
00055013
00055019
00055020
00055021
00055024
00055025
00055026
00055029
00055030
00055035
00055037
00055038
00055040
00055041
00055042
00055051
00055055
00055057
00055058
00055063
00055064
00055066
00055074
00055076
00055077
00055078
00055079
00055087
00055088
00055089
00055091
00055098
00055099
00055100
00055106
00055109
00055111
00055116
00055119
00055120
00055122
00055123
00055124
00055127
00055129
00055131
00055133
00055135
00055136
00055139
00055140
00055141
00055142
00055143
00055147
00055151
00055154
00055156
00055157
00055158
00055159
00055160
00055161
00055165
00055166
00055167
00055169
00055174
00055175
00055176
00055177
00055181
00055186
00055187
00055189
00055190
00055191
00055198
00055200
00055202
00055204
00055207
00055210
00055212
00055213
00055214
00055215
00055216
00055217
00055224
00055225
00055230
00055231
00055245
00055247
00055250
00055252
00055253
00055261
00055263
00055264
00055267
00055272
00055273
00055275
00055276
00055279
00055286
00055287
00055290
00055296
00055309
00055311
00055315
00055322
00055323
00055325
00055326
00055327
00055329
00055330
00055331
00055332
00055344
00055347
00055351
00055352
00055356
00055357
00055359
00055363
00055365
00055367
00055369
00055370
00055372
00055374
00055375
00055376
00055377
00055379
00055381
00055384
00055388
00055389
00055390
00055393
00055395
00055399
00055406
00055407
00055410
00055412
00055415
00055417
00055420
00055421
00055422
00055423
00055426
00055427
00055429
00055442
00055443
00055444
00055445
00055449
00055450
00055454
00055456
00055461
00055467
00055474
00055475
00055478
00055482
00055484
00055485
00055488
00055489
00055490
00055491
00055493
00055494
00055498
00055500
00055502
00055504
00055506
00055508
00055509
00055514
00055515
00055520
00055521
00055523
00055524
00055525
00055527
00055528
00055530
00055531
00055532
00055533
00055535
00055536
00055537
00055539
00055540
00055543
00055544
00055545
00055552
00055556
00055559
00055560
00055565
00055566
00055570
00055577
00055578
00055581
00055596
00055598
00055600
00055605
00055609
00055611
00055616
00055618
00055620
00055621
00055622
00055624
00055625
00055627
00055629
00055638
00055639
00055641
00055643
00055645
00055648
00055651
00055657
00055659
00055660
00055662
00055664
00055665
00055668
00055673
00055677
00055681
00055682
00055683
00055690
00055691
00055694
00055696
00055699
00055701
00055704
00055706
00055710
00055714
00055716
00055725
00055730
00055732
00055733
00055735
00055738
00055740
00055742
00055743
00055745
00055749
00055755
00055756
00055767
00055768
00055769
00055770
00055773
00055776
00055777
00055779
00055782
00055783
00055789
00055794
00055795
00055801
00055804
00055805
00055806
00055807
00055810
00055811
00055814
00055822
00055829
00055831
00055833
00055834
00055835
00055837
00055839
00055841
00055843
00055849
00055850
00055855
00055864
00055868
00055878
00055882
00055883
00055884
00055888
00055891
00055893
00055894
00055896
00055897
00055902
00055907
00055909
00055911
00055914
00055915
00055925
00055926
00055927
00055928
00055929
00055935
00055936
00055937
00055938
00055944
00055952
00055954
00055955
00055959
00055961
00055962
00055964
00055966
00055968
00055969
00055970
00055973
00055977
00055980
00055983
00055987
00055988
00055989
00055991
00055995
00055997
00055999
00056000
00056002
00056003
00056008
00056011
00056012
00056015
00056016
00056018
00056019
00056020
00056021
00056023
00056025
00056026
00056030
00056031
00056033
00056036
00056037
00056038
00056042
00056043
00056044
00056048
00056053
00056056
00056060
00056064
00056066
00056068
00056071
00056072
00056073
00056076
00056081
00056083
00056086
00056088
00056091
00056096
00056098
00056099
00056100
00056103
00056105
00056112
00056115
00056119
00056125
00056126
00056127
00056128
00056129
00056132
00056134
00056141
00056142
00056150
00056155
00056158
00056159
00056160
00056162
00056164
00056166
00056167
00056170
00056175
00056178
00056179
00056184
00056185
00056186
00056188
00056191
00056192
00056193
00056197
00056200
00056205
00056206
00056207
00056211
00056214
00056218
00056222
00056226
00056229
00056231
00056232
00056234
00056236
00056237
00056243
00056244
00056245
00056248
00056252
00056256
00056257
00056259
00056260
00056261
00056265
00056266
00056269
00056273
00056275
00056282
00056286
00056288
00056302
00056304
00056305
00056308
00056309
00056313
00056315
00056316
00056319
00056321
00056322
00056325
00056326
00056327
00056329
00056331
00056334
00056336
00056337
00056339
00056340
00056342
00056343
00056345
00056346
00056356
00056358
00056361
00056362
00056366
00056367
00056368
00056370
00056372
00056375
00056376
00056379
00056382
00056383
00056386
00056388
00056394
00056396
00056403
00056406
00056409
00056411
00056412
00056414
00056416
00056417
00056418
00056422
00056434
00056435
00056438
00056440
00056445
00056448
00056450
00056451
00056453
00056456
00056463
00056465
00056467
00056469
00056470
00056471
00056472
00056474
00056476
00056477
00056478
00056485
00056487
00056488
00056493
00056498
00056499
00056505
00056506
00056508
00056510
00056511
00056517
00056520
00056525
00056535
00056536
00056537
00056538
00056539
00056542
00056545
00056546
00056548
00056549
00056561
00056566
00056567
00056569
00056573
00056575
00056576
00056577
00056581
00056582
00056584
00056587
00056589
00056593
00056596
00056597
00056599
00056600
00056607
00056611
00056612
00056613
00056616
00056617
00056623
00056624
00056625
00056626
00056629
00056630
00056631
00056638
00056642
00056645
00056647
00056650
00056653
00056660
00056662
00056665
00056673
00056678
00056679
00056682
00056683
00056684
00056685
00056691
00056692
00056693
00056698
00056701
00056702
00056703
00056708
00056710
00056712
00056715
00056716
00056718
00056719
00056720
00056721
00056724
00056727
00056728
00056729
00056730
00056732
00056733
00056735
00056737
00056742
00056748
00056750
00056751
00056753
00056755
00056757
00056759
00056761
00056763
00056767
00056769
00056771
00056773
00056774
00056775
00056776
00056777
00056780
00056781
00056784
00056792
00056796
00056799
00056800
00056805
00056807
00056808
00056809
00056810
00056811
00056812
00056814
00056817
00056826
00056827
00056828
00056831
00056835
00056839
00056840
00056844
00056848
00056849
00056850
00056855
00056856
00056859
00056860
00056864
00056872
00056873
00056874
00056880
00056887
00056892
00056893
00056895
00056908
00056912
00056915
00056916
00056917
00056922
00056931
00056933
00056935
00056937
00056942
00056944
00056945
00056947
00056948
00056949
00056953
00056955
00056956
00056957
00056959
00056960
00056962
00056963
00056966
00056967
00056968
00056970
00056971
00056972
00056977
00056979
00056985
00056986
00056988
00056991
00056994
00056997
00057000
00057001
00057002
00057003
00057008
00057010
00057012
00057014
00057021
00057023
00057027
00057028
00057030
00057032
00057033
00057034
00057037
00057038
00057039
00057046
00057049
00057056
00057059
00057062
00057063
00057074
00057079
00057082
00057084
00057088
00057090
00057091
00057092
00057102
00057104
00057112
00057113
00057118
00057130
00057132
00057134
00057136
00057138
00057139
00057140
00057141
00057145
00057147
00057149
00057150
00057154
00057158
00057160
00057165
00057169
00057170
00057179
00057181
00057182
00057185
00057186
00057190
00057193
00057194
00057195
00057197
00057199
00057209
00057213
00057215
00057216
00057220
00057221
00057227
00057228
00057229
00057231
00057233
00057234
00057237
00057241
00057242
00057245
00057253
00057259
00057266
00057267
00057269
00057271
00057272
00057273
00057274
00057275
00057277
00057285
00057288
00057289
00057290
00057291
00057292
00057293
00057294
00057295
00057298
00057302
00057303
00057304
00057310
00057313
00057316
00057317
00057318
00057319
00057321
00057322
00057324
00057331
00057333
00057334
00057335
00057342
00057344
00057347
00057349
00057351
00057356
00057359
00057363
00057365
00057374
00057375
00057377
00057379
00057380
00057385
00057389
00057394
00057396
00057398
00057400
00057403
00057404
00057406
00057412
00057413
00057415
00057416
00057423
00057428
00057432
00057434
00057441
00057444
00057449
00057450
00057452
00057454
00057455
00057460
00057461
00057462
00057464
00057469
00057472
00057476
00057477
00057480
00057481
00057485
00057489
00057491
00057492
00057494
00057501
00057503
00057508
00057510
00057511
00057512
00057513
00057515
00057516
00057519
00057522
00057531
00057532
00057533
00057535
00057540
00057541
00057556
00057557
00057562
00057563
00057564
00057569
00057575
00057578
00057579
00057581
00057584
00057592
00057593
00057595
00057597
00057598
00057599
00057604
00057606
00057611
00057613
00057614
00057618
00057620
00057623
00057624
00057625
00057627
00057628
00057633
00057637
00057643
00057644
00057647
00057648
00057653
00057654
00057656
00057660
00057669
00057670
00057678
00057679
00057682
00057683
00057686
00057690
00057692
00057695
00057696
00057701
00057703
00057708
00057713
00057715
00057719
00057721
00057723
00057725
00057731
00057733
00057734
00057737
00057738
00057740
00057741
00057742
00057745
00057747
00057749
00057750
00057752
00057758
00057759
00057769
00057770
00057772
00057773
00057775
00057782
00057783
00057786
00057789
00057790
00057793
00057795
00057797
00057798
00057799
00057800
00057801
00057802
00057803
00057813
00057814
00057821
00057822
00057825
00057826
00057828
00057830
00057832
00057833
00057835
00057837
00057840
00057841
00057845
00057847
00057848
00057852
00057859
00057863
00057865
00057868
00057871
00057873
00057875
00057878
00057879
00057881
00057882
00057883
00057884
00057886
00057890
00057895
00057899
00057906
00057907
00057908
00057911
00057914
00057915
00057917
00057920
00057921
00057922
00057925
00057926
00057941
00057942
00057948
00057950
00057954
00057955
00057957
00057962
00057965
00057967
00057969
00057970
00057974
00057975
00057976
00057978
00057980
00057984
00057987
00057994
00057996
00057997
00057998
00057999
00058000
00058004
00058007
00058008
00058013
00058016
00058022
00058024
00058032
00058039
00058040
00058047
00058050
00058054
00058060
00058061
00058067
00058070
00058072
00058074
00058080
00058081
00058083
00058086
00058088
00058092
00058095
00058096
00058098
00058103
00058104
00058106
00058107
00058110
00058112
00058114
00058116
00058119
00058122
00058123
00058124
00058126
00058129
00058133
00058134
00058135
00058136
00058140
00058141
00058145
00058146
00058148
00058154
00058160
00058161
00058168
00058173
00058175
00058176
00058188
00058194
00058198
00058199
00058200
00058205
00058207
00058209
00058215
00058216
00058220
00058222
00058223
00058225
00058226
00058229
00058235
00058237
00058238
00058239
00058241
00058242
00058243
00058245
00058247
00058248
00058251
00058253
00058254
00058256
00058258
00058267
00058268
00058270
00058273
00058275
00058277
00058280
00058283
00058289
00058290
00058292
00058294
00058296
00058301
00058303
00058304
00058306
00058310
00058312
00058318
00058320
00058323
00058324
00058326
00058327
00058328
00058331
00058332
00058333
00058338
00058340
00058342
00058347
00058348
00058349
00058355
00058357
00058358
00058360
00058363
00058364
00058366
00058367
00058371
00058372
00058373
00058374
00058377
00058378
00058381
00058385
00058386
00058387
00058391
00058393
00058394
00058396
00058410
00058415
00058417
00058418
00058419
00058422
00058423
00058426
00058427
00058428
00058429
00058434
00058437
00058439
00058446
00058447
00058448
00058449
00058452
00058458
00058459
00058462
00058463
00058466
00058469
00058478
00058480
00058485
00058488
00058489
00058491
00058492
00058494
00058495
00058498
00058499
00058507
00058509
00058514
00058520
00058524
00058525
00058527
00058529
00058530
00058534
00058536
00058537
00058538
00058540
00058541
00058550
00058551
00058562
00058563
00058564
00058566
00058567
00058570
00058572
00058574
00058575
00058578
00058579
00058583
00058585
00058592
00058593
00058595
00058599
00058600
00058604
00058605
00058607
00058608
00058611
00058612
00058616
00058619
00058623
00058624
00058633
00058634
00058638
00058640
00058642
00058644
00058647
00058649
00058651
00058652
00058654
00058656
00058658
00058659
00058670
00058671
00058677
00058680
00058681
00058682
00058683
00058687
00058688
00058694
00058696
00058702
00058704
00058705
00058706
00058708
00058713
00058714
00058715
00058720
00058725
00058727
00058734
00058736
00058742
00058748
00058749
00058750
00058753
00058754
00058755
00058759
00058761
00058773
00058777
00058779
00058780
00058781
00058790
00058795
00058804
00058807
00058808
00058813
00058815
00058817
00058819
00058824
00058825
00058826
00058828
00058832
00058833
00058834
00058835
00058836
00058838
00058839
00058840
00058843
00058844
00058854
00058855
00058856
00058859
00058861
00058864
00058865
00058866
00058869
00058873
00058875
00058880
00058882
00058890
00058891
00058893
00058897
00058898
00058907
00058911
00058913
00058914
00058915
00058916
00058918
00058920
00058923
00058925
00058932
00058935
00058937
00058938
00058939
00058946
00058947
00058949
00058950
00058951
00058957
00058958
00058961
00058966
00058967
00058984
00058987
00058988
00058989
00058990
00058992
00058993
00058994
00058997
00058998
00059000
00059001
00059002
00059003
00059010
00059011
00059013
00059015
00059016
00059019
00059022
00059023
00059025
00059026
00059027
00059028
00059030
00059034
00059037
00059038
00059039
00059040
00059041
00059049
00059050
00059051
00059055
00059056
00059057
00059059
00059060
00059065
00059070
00059071
00059073
00059077
00059078
00059082
00059083
00059084
00059089
00059090
00059098
00059106
00059110
00059111
00059114
00059115
00059119
00059123
00059126
00059129
00059138
00059140
00059144
00059146
00059153
00059157
00059158
00059159
00059160
00059161
00059162
00059164
00059165
00059168
00059170
00059172
00059174
00059179
00059184
00059187
00059190
00059195
00059201
00059203
00059206
00059210
00059214
00059218
00059221
00059223
00059225
00059227
00059229
00059231
00059232
00059233
00059239
00059240
00059241
00059246
00059248
00059250
00059252
00059254
00059263
00059265
00059268
00059271
00059272
00059276
00059277
00059279
00059281
00059282
00059289
00059290
00059292
00059293
00059294
00059300
00059302
00059304
00059308
00059309
00059310
00059312
00059313
00059316
00059317
00059318
00059322
00059323
00059325
00059326
00059329
00059339
00059341
00059343
00059345
00059347
00059349
00059353
00059358
00059361
00059365
00059366
00059367
00059369
00059370
00059372
00059383
00059385
00059386
00059387
00059391
00059394
00059404
00059405
00059407
00059409
00059411
00059413
00059415
00059417
00059418
00059419
00059421
00059424
00059431
00059432
00059433
00059438
00059446
00059450
00059453
00059454
00059458
00059459
00059460
00059463
00059469
00059473
00059476
00059478
00059486
00059487
00059490
00059491
00059492
00059493
00059494
00059495
00059496
00059497
00059498
00059499
00059503
00059506
00059511
00059512
00059521
00059522
00059525
00059526
00059529
00059530
00059533
00059534
00059537
00059544
00059546
00059551
00059555
00059557
00059558
00059559
00059562
00059564
00059566
00059567
00059572
00059573
00059577
00059578
00059582
00059584
00059585
00059586
00059587
00059593
00059594
00059596
00059602
00059608
00059610
00059612
00059613
00059614
00059615
00059617
00059618
00059620
00059622
00059625
00059629
00059630
00059632
00059634
00059635
00059639
00059640
00059643
00059644
00059645
00059648
00059656
00059657
00059660
00059662
00059670
00059671
00059672
00059674
00059677
00059678
00059679
00059680
00059681
00059684
00059685
00059690
00059692
00059694
00059695
00059696
00059697
00059698
00059699
00059703
00059706
00059707
00059711
00059714
00059715
00059716
00059717
00059723
00059725
00059732
00059735
00059736
00059738
00059743
00059745
00059753
00059754
00059755
00059756
00059759
00059765
00059768
00059771
00059774
00059775
00059778
00059779
00059780
00059783
00059784
00059787
00059788
00059791
00059792
00059794
00059797
00059798
00059800
00059805
00059807
00059811
00059813
00059817
00059818
00059821
00059826
00059827
00059829
00059837
00059838
00059842
00059844
00059845
00059847
00059848
00059851
00059853
00059856
00059857
00059862
00059863
00059866
00059867
00059868
00059878
00059880
00059881
00059883
00059884
00059888
00059891
00059892
00059897
00059900
00059902
00059907
00059909
00059912
00059917
00059918
00059919
00059921
00059924
00059930
00059933
00059934
00059935
00059936
00059937
00059942
00059945
00059948
00059952
00059956
00059957
00059965
00059970
00059971
00059972
00059975
00059977
00059982
00059983
00059985
00059991
00059992
00059999
00060000
00060002
00060003
00060005
00060008
00060009
00060010
00060011
00060012
00060013
00060018
00060019
00060020
00060021
00060026
00060027
00060039
00060042
00060044
00060048
00060049
00060050
00060051
00060052
00060056
00060057
00060058
00060061
00060062
00060065
00060066
00060068
00060069
00060076
00060077
00060078
00060081
00060082
00060083
00060084
00060085
00060092
00060094
00060097
00060098
00060102
00060107
00060110
00060118
00060120
00060123
00060124
00060125
00060126
00060127
00060129
00060133
00060135
00060136
00060138
00060140
00060141
00060145
00060149
00060157
00060158
00060160
00060161
00060165
00060170
00060173
00060177
00060182
00060183
00060184
00060185
00060189
00060192
00060194
00060195
00060198
00060203
00060206
00060210
00060214
00060216
00060218
00060223
00060224
00060229
00060232
00060237
00060238
00060242
00060244
00060246
00060247
00060251
00060253
00060258
00060262
00060274
00060275
00060276
00060278
00060279
00060281
00060282
00060284
00060286
00060288
00060291
00060294
00060299
00060300
00060302
00060303
00060307
00060314
00060315
00060319
00060325
00060326
00060332
00060334
00060340
00060341
00060342
00060345
00060348
00060351
00060356
00060358
00060360
00060362
00060365
00060367
00060380
00060383
00060385
00060387
00060389
00060390
00060392
00060393
00060398
00060402
00060404
00060405
00060407
00060410
00060412
00060413
00060422
00060427
00060432
00060433
00060435
00060437
00060439
00060440
00060441
00060442
00060445
00060451
00060456
00060457
00060461
00060464
00060466
00060468
00060477
00060479
00060480
00060484
00060485
00060490
00060491
00060492
00060493
00060500
00060502
00060504
00060506
00060508
00060510
00060511
00060515
00060517
00060518
00060519
00060523
00060528
00060532
00060533
00060534
00060535
00060537
00060541
00060542
00060551
00060553
00060555
00060556
00060558
00060559
00060560
00060563
00060564
00060567
00060568
00060569
00060571
00060573
00060574
00060577
00060578
00060579
00060580
00060582
00060584
00060585
00060589
00060595
00060596
00060597
00060599
00060600
00060602
00060603
00060605
00060606
00060608
00060610
00060611
00060616
00060618
00060622
00060630
00060632
00060636
00060638
00060639
00060640
00060647
00060652
00060658
00060659
00060661
00060662
00060666
00060668
00060671
00060676
00060680
00060683
00060685
00060686
00060691
00060694
00060695
00060698
00060703
00060705
00060707
00060711
00060714
00060715
00060721
00060722
00060723
00060727
00060731
00060732
00060734
00060738
00060739
00060740
00060741
00060743
00060744
00060746
00060752
00060755
00060758
00060759
00060760
00060767
00060768
00060769
00060771
00060772
00060782
00060784
00060787
00060788
00060794
00060795
00060797
00060801
00060805
00060806
00060807
00060808
00060810
00060812
00060816
00060817
00060818
00060820
00060825
00060829
00060830
00060833
00060835
00060839
00060840
00060841
00060846
00060849
00060855
00060859
00060860
00060862
00060863
00060871
00060873
00060875
00060878
00060881
00060883
00060886
00060887
00060889
00060890
00060897
00060898
00060899
00060900
00060901
00060904
00060905
00060912
00060914
00060915
00060917
00060920
00060922
00060930
00060932
00060940
00060947
00060949
00060951
00060952
00060956
00060958
00060963
00060964
00060966
00060967
00060968
00060969
00060972
00060975
00060976
00060978
00060981
00060982
00060983
00060986
00060991
00060995
00060996
00060997
00061003
00061004
00061008
00061011
00061017
00061019
00061021
00061022
00061025
00061027
00061030
00061034
00061038
00061040
00061041
00061046
00061051
00061052
00061055
00061057
00061058
00061059
00061060
00061064
00061068
00061069
00061070
00061078
00061085
00061086
00061089
00061093
00061094
00061099
00061100
00061101
00061102
00061105
00061107
00061113
00061114
00061117
00061118
00061122
00061124
00061130
00061132
00061133
00061139
00061142
00061145
00061146
00061147
00061150
00061152
00061153
00061154
00061155
00061158
00061159
00061160
00061162
00061165
00061166
00061168
00061169
00061177
00061187
00061188
00061190
00061193
00061197
00061201
00061205
00061207
00061208
00061209
00061212
00061218
00061219
00061221
00061225
00061226
00061227
00061228
00061229
00061231
00061232
00061235
00061238
00061241
00061246
00061250
00061252
00061254
00061257
00061258
00061259
00061260
00061263
00061264
00061266
00061267
00061269
00061275
00061276
00061278
00061280
00061282
00061284
00061288
00061291
00061293
00061294
00061299
00061301
00061303
00061306
00061308
00061312
00061314
00061320
00061321
00061327
00061328
00061330
00061331
00061332
00061333
00061336
00061348
00061349
00061350
00061351
00061352
00061357
00061358
00061361
00061362
00061363
00061365
00061372
00061384
00061387
00061389
00061392
00061393
00061395
00061399
00061402
00061405
00061408
00061410
00061416
00061418
00061419
00061421
00061422
00061425
00061433
00061435
00061436
00061438
00061439
00061443
00061450
00061460
00061461
00061462
00061466
00061467
00061468
00061469
00061474
00061475
00061476
00061477
00061480
00061488
00061489
00061494
00061497
00061498
00061502
00061504
00061505
00061508
00061513
00061515
00061516
00061517
00061520
00061521
00061522
00061525
00061526
00061529
00061532
00061533
00061535
00061538
00061542
00061546
00061547
00061548
00061549
00061550
00061551
00061553
00061556
00061557
00061559
00061561
00061566
00061567
00061571
00061573
00061574
00061578
00061579
00061582
00061587
00061588
00061589
00061590
00061591
00061594
00061599
00061607
00061608
00061621
00061622
00061623
00061624
00061625
00061628
00061631
00061632
00061633
00061634
00061635
00061642
00061643
00061644
00061645
00061648
00061650
00061652
00061655
00061662
00061665
00061666
00061670
00061672
00061674
00061675
00061676
00061678
00061679
00061681
00061682
00061684
00061685
00061690
00061691
00061696
00061702
00061705
00061706
00061709
00061711
00061713
00061714
00061715
00061719
00061721
00061723
00061724
00061725
00061727
00061728
00061729
00061733
00061736
00061737
00061738
00061740
00061743
00061745
00061751
00061752
00061760
00061761
00061762
00061765
00061767
00061771
00061772
00061775
00061776
00061777
00061778
00061780
00061783
00061785
00061786
00061789
00061791
00061795
00061798
00061802
00061803
00061806
00061807
00061810
00061811
00061812
00061814
00061815
00061817
00061818
00061820
00061821
00061825
00061826
00061828
00061831
00061833
00061836
00061838
00061841
00061842
00061844
00061845
00061851
00061852
00061859
00061862
00061864
00061866
00061869
00061870
00061873
00061874
00061879
00061881
00061882
00061885
00061886
00061887
00061888
00061889
00061896
00061897
00061898
00061899
00061901
00061907
00061908
00061910
00061911
00061912
00061913
00061916
00061922
00061925
00061929
00061930
00061935
00061939
00061941
00061942
00061951
00061954
00061956
00061960
00061964
00061965
00061966
00061971
00061981
00061983
00061987
00061989
00061993
00061997
00061999
00062000
00062001
00062002
00062004
00062006
00062007
00062010
00062012
00062013
00062017
00062021
00062023
00062024
00062029
00062035
00062039
00062040
00062044
00062046
00062048
00062050
00062051
00062052
00062054
00062060
00062064
00062067
00062074
00062078
00062081
00062082
00062092
00062093
00062105
00062108
00062110
00062112
00062113
00062114
00062115
00062121
00062122
00062123
00062126
00062128
00062140
00062142
00062144
00062146
00062148
00062150
00062152
00062154
00062161
00062162
00062166
00062167
00062168
00062169
00062170
00062172
00062173
00062176
00062177
00062179
00062180
00062181
00062185
00062186
00062187
00062189
00062193
00062194
00062195
00062197
00062202
00062207
00062208
00062209
00062210
00062212
00062215
00062216
00062218
00062221
00062224
00062227
00062238
00062241
00062242
00062243
00062247
00062263
00062268
00062269
00062272
00062278
00062281
00062282
00062283
00062284
00062285
00062286
00062287
00062290
00062295
00062296
00062297
00062299
00062304
00062305
00062307
00062309
00062310
00062312
00062313
00062320
00062322
00062324
00062325
00062328
00062334
00062342
00062346
00062348
00062349
00062357
00062361
00062362
00062364
00062365
00062366
00062367
00062368
00062375
00062376
00062378
00062382
00062384
00062386
00062388
00062390
00062391
00062393
00062395
00062396
00062398
00062399
00062401
00062402
00062408
00062409
00062410
00062413
00062418
00062422
00062423
00062424
00062426
00062432
00062433
00062434
00062435
00062439
00062440
00062446
00062449
00062451
00062455
00062462
00062464
00062465
00062470
00062471
00062472
00062474
00062479
00062480
00062482
00062484
00062486
00062487
00062491
00062494
00062501
00062502
00062505
00062507
00062508
00062509
00062510
00062512
00062515
00062520
00062522
00062525
00062526
00062529
00062532
00062533
00062534
00062535
00062536
00062537
00062538
00062539
00062542
00062543
00062544
00062546
00062547
00062556
00062557
00062559
00062563
00062566
00062571
00062572
00062574
00062578
00062582
00062585
00062589
00062593
00062595
00062597
00062598
00062603
00062606
00062608
00062617
00062618
00062619
00062620
00062621
00062625
00062635
00062636
00062637
00062638
00062639
00062641
00062644
00062646
00062647
00062648
00062655
00062660
00062663
00062665
00062672
00062674
00062675
00062676
00062677
00062680
00062683
00062685
00062687
00062693
00062697
00062698
00062699
00062700
00062702
00062711
00062712
00062713
00062714
00062715
00062721
00062724
00062725
00062726
00062730
00062736
00062739
00062740
00062741
00062746
00062752
00062756
00062757
00062759
00062760
00062762
00062763
00062766
00062767
00062768
00062769
00062775
00062776
00062777
00062780
00062782
00062785
00062788
00062793
00062799
00062800
00062802
00062805
00062807
00062808
00062811
00062817
00062818
00062819
00062821
00062823
00062824
00062828
00062830
00062831
00062834
00062845
00062846
00062848
00062852
00062854
00062855
00062856
00062860
00062862
00062863
00062864
00062868
00062870
00062872
00062873
00062874
00062880
00062883
00062886
00062887
00062890
00062892
00062894
00062907
00062908
00062910
00062912
00062914
00062915
00062916
00062917
00062918
00062920
00062922
00062923
00062925
00062928
00062930
00062932
00062935
00062940
00062946
00062948
00062949
00062952
00062954
00062955
00062957
00062959
00062961
00062966
00062968
00062969
00062974
00062976
00062977
00062979
00062980
00062984
00062985
00062986
00062989
00062991
00062994
00062995
00062999
00063000
00063001
00063002
00063008
00063009
00063010
00063012
00063013
00063014
00063025
00063027
00063030
00063031
00063037
00063044
00063045
00063054
00063060
00063061
00063063
00063066
00063069
00063072
00063073
00063077
00063083
00063088
00063094
00063099
00063102
00063103
00063104
00063109
00063112
00063119
00063120
00063122
00063124
00063125
00063127
00063128
00063130
00063134
00063136
00063137
00063142
00063144
00063145
00063146
00063148
00063151
00063154
00063156
00063158
00063159
00063161
00063165
00063170
00063172
00063174
00063176
00063178
00063179
00063181
00063187
00063189
00063191
00063194
00063196
00063200
00063202
00063205
00063206
00063207
00063208
00063210
00063211
00063214
00063216
00063220
00063221
00063223
00063224
00063226
00063229
00063231
00063233
00063235
00063237
00063238
00063242
00063244
00063247
00063250
00063253
00063255
00063256
00063261
00063263
00063265
00063266
00063269
00063272
00063273
00063274
00063275
00063277
00063279
00063284
00063289
00063297
00063298
00063299
00063301
00063307
00063309
00063311
00063316
00063317
00063320
00063321
00063326
00063327
00063332
00063333
00063334
00063335
00063337
00063338
00063340
00063346
00063347
00063351
00063352
00063355
00063363
00063366
00063368
00063371
00063380
00063381
00063383
00063385
00063389
00063390
00063392
00063396
00063397
00063398
00063399
00063400
00063401
00063402
00063406
00063408
00063409
00063418
00063419
00063427
00063428
00063429
00063432
00063436
00063438
00063441
00063444
00063445
00063447
00063448
00063450
00063451
00063456
00063460
00063462
00063466
00063470
00063471
00063475
00063477
00063479
00063480
00063481
00063483
00063484
00063485
00063487
00063488
00063489
00063491
00063493
00063494
00063496
00063497
00063503
00063510
00063512
00063513
00063516
00063521
00063522
00063523
00063526
00063527
00063529
00063530
00063531
00063532
00063535
00063537
00063539
00063541
00063543
00063544
00063545
00063548
00063551
00063553
00063555
00063556
00063557
00063565
00063569
00063572
00063574
00063579
00063581
00063582
00063583
00063591
00063593
00063594
00063596
00063599
00063601
00063606
00063607
00063611
00063615
00063616
00063618
00063620
00063627
00063628
00063631
00063634
00063636
00063637
00063640
00063646
00063647
00063657
00063658
00063666
00063670
00063671
00063676
00063680
00063682
00063685
00063686
00063691
00063694
00063695
00063697
00063698
00063700
00063703
00063704
00063707
00063714
00063716
00063718
00063719
00063720
00063722
00063724
00063729
00063730
00063735
00063737
00063742
00063747
00063748
00063752
00063755
00063758
00063760
00063763
00063764
00063765
00063766
00063769
00063772
00063774
00063776
00063781
00063791
00063792
00063801
00063802
00063803
00063807
00063808
00063814
00063820
00063821
00063822
00063823
00063824
00063826
00063828
00063829
00063836
00063837
00063840
00063844
00063846
00063859
00063862
00063863
00063869
00063871
00063872
00063874
00063877
00063878
00063879
00063880
00063892
00063893
00063894
00063895
00063901
00063902
00063903
00063905
00063906
00063909
00063910
00063911
00063914
00063918
00063919
00063930
00063931
00063939
00063945
00063946
00063948
00063949
00063951
00063955
00063958
00063959
00063960
00063961
00063964
00063967
00063973
00063980
00063981
00063984
00063986
00063990
00063991
00063992
00064003
00064004
00064008
00064014
00064015
00064019
00064024
00064026
00064032
00064033
00064034
00064038
00064039
00064042
00064044
00064049
00064052
00064055
00064056
00064058
00064061
00064063
00064066
00064067
00064074
00064076
00064077
00064079
00064088
00064090
00064092
00064093
00064096
00064097
00064099
00064101
00064102
00064106
00064108
00064111
00064112
00064113
00064115
00064117
00064118
00064120
00064122
00064135
00064136
00064138
00064139
00064141
00064149
00064151
00064152
00064153
00064156
00064157
00064158
00064159
00064161
00064166
00064171
00064174
00064177
00064178
00064184
00064186
00064187
00064190
00064194
00064201
00064202
00064205
00064206
00064209
00064210
00064211
00064218
00064222
00064230
00064234
00064235
00064240
00064241
00064243
00064247
00064252
00064253
00064255
00064258
00064260
00064261
00064262
00064265
00064267
00064269
00064272
00064273
00064280
00064282
00064283
00064285
00064287
00064288
00064295
00064299
00064302
00064304
00064308
00064309
00064310
00064312
00064316
00064325
00064326
00064327
00064338
00064339
00064352
00064357
00064361
00064369
00064371
00064372
00064373
00064374
00064378
00064379
00064384
00064387
00064388
00064389
00064393
00064396
00064397
00064403
00064404
00064406
00064407
00064408
00064409
00064410
00064413
00064414
00064417
00064422
00064426
00064427
00064428
00064431
00064433
00064434
00064438
00064441
00064444
00064447
00064448
00064451
00064454
00064456
00064457
00064459
00064465
00064466
00064469
00064471
00064474
00064476
00064483
00064484
00064490
00064492
00064493
00064495
00064496
00064504
00064505
00064507
00064508
00064510
00064513
00064514
00064519
00064522
00064525
00064530
00064532
00064534
00064535
00064537
00064540
00064541
00064544
00064548
00064549
00064550
00064551
00064552
00064554
00064557
00064560
00064562
00064564
00064565
00064567
00064568
00064570
00064575
00064578
00064582
00064583
00064586
00064587
00064589
00064590
00064593
00064596
00064598
00064599
00064602
00064603
00064604
00064605
00064607
00064608
00064611
00064614
00064615
00064622
00064623
00064624
00064625
00064627
00064633
00064636
00064638
00064641
00064642
00064645
00064652
00064653
00064654
00064659
00064660
00064661
00064665
00064667
00064668
00064669
00064681
00064683
00064690
00064691
00064695
00064698
00064701
00064708
00064710
00064712
00064713
00064720
00064721
00064723
00064724
00064725
00064726
00064729
00064732
00064734
00064737
00064745
00064747
00064751
00064753
00064754
00064755
00064757
00064759
00064760
00064763
00064766
00064768
00064772
00064776
00064777
00064779
00064781
00064782
00064786
00064789
00064794
00064795
00064796
00064798
00064799
00064800
00064802
00064806
00064811
00064813
00064820
00064821
00064826
00064834
00064837
00064840
00064841
00064842
00064845
00064846
00064848
00064850
00064851
00064852
00064854
00064859
00064861
00064862
00064868
00064871
00064872
00064877
00064879
00064881
00064882
00064883
00064886
00064887
00064889
00064893
00064895
00064896
00064898
00064899
00064901
00064902
00064904
00064905
00064906
00064907
00064910
00064911
00064913
00064915
00064916
00064919
00064921
00064924
00064926
00064928
00064934
00064937
00064938
00064945
00064946
00064947
00064958
00064965
00064967
00064968
00064969
00064970
00064971
00064973
00064974
00064975
00064979
00064981
00064984
00064985
00064986
00064987
00064995
00064998
00064999
00065000
00065005
00065009
00065012
00065013
00065014
00065017
00065018
00065019
00065020
00065028
00065031
00065032
00065040
00065041
00065043
00065048
00065051
00065052
00065053
00065054
00065055
00065056
00065058
00065059
00065062
00065064
00065068
00065071
00065073
00065085
00065088
00065090
00065092
00065096
00065099
00065102
00065109
00065110
00065111
00065115
00065118
00065123
00065125
00065126
00065128
00065129
00065132
00065136
00065137
00065143
00065148
00065152
00065162
00065166
00065169
00065170
00065171
00065172
00065184
00065187
00065188
00065190
00065191
00065192
00065196
00065203
00065204
00065205
00065215
00065218
00065222
00065226
00065227
00065232
00065237
00065243
00065248
00065254
00065256
00065258
00065260
00065262
00065269
00065272
00065273
00065279
00065280
00065283
00065284
00065288
00065298
00065299
00065301
00065302
00065303
00065304
00065305
00065307
00065309
00065312
00065313
00065316
00065317
00065323
00065329
00065338
00065340
00065355
00065356
00065360
00065362
00065364
00065366
00065369
00065371
00065372
00065373
00065384
00065388
00065389
00065391
00065395
00065396
00065397
00065399
00065401
00065402
00065408
00065420
00065421
00065422
00065424
00065428
00065429
00065432
00065434
00065435
00065437
00065441
00065445
00065446
00065447
00065448
00065452
00065454
00065456
00065457
00065465
00065466
00065467
00065468
00065473
00065474
00065475
00065477
00065479
00065481
00065486
00065489
00065490
00065492
00065493
00065496
00065498
00065499
00065505
00065508
00065511
00065518
00065521
00065524
00065525
00065529
00065530
00065533
00065534
00065537
00065538
00065541
00065542
00065546
00065549
00065550
00065554
00065555
00065556
00065557
00065559
00065562
00065564
00065569
00065571
00065578
00065580
00065583
00065587
00065589
00065590
00065591
00065592
00065594
00065596
00065602
00065604
00065606
00065607
00065608
00065612
00065615
00065617
00065619
00065622
00065625
00065628
00065630
00065632
00065633
00065636
00065640
00065646
00065648
00065650
00065652
00065656
00065659
00065660
00065664
00065669
00065671
00065672
00065673
00065674
00065675
00065679
00065681
00065682
00065685
00065689
00065696
00065698
00065699
00065701
00065703
00065705
00065707
00065711
00065713
00065717
00065722
00065724
00065726
00065731
00065737
00065738
00065741
00065742
00065744
00065745
00065746
00065748
00065751
00065754
00065755
00065756
00065757
00065759
00065760
00065766
00065768
00065770
00065772
00065777
00065780
00065781
00065782
00065783
00065784
00065786
00065788
00065790
00065794
00065798
00065799
00065801
00065802
00065803
00065804
00065809
00065811
00065812
00065813
00065817
00065819
00065820
00065822
00065823
00065826
00065828
00065833
00065839
00065848
00065853
00065854
00065856
00065857
00065858
00065865
00065868
00065869
00065870
00065872
00065884
00065886
00065887
00065896
00065897
00065898
00065900
00065903
00065905
00065906
00065907
00065910
00065912
00065913
00065914
00065915
00065916
00065917
00065922
00065927
00065932
00065935
00065941
00065942
00065943
00065944
00065946
00065947
00065948
00065950
00065952
00065956
00065957
00065959
00065962
00065965
00065968
00065971
00065973
00065975
00065978
00065979
00065980
00065982
00065983
00065984
00065989
00065990
00065996
00065997
00066001
00066009
00066013
00066015
00066016
00066017
00066021
00066025
00066030
00066035
00066038
00066039
00066040
00066041
00066042
00066045
00066046
00066050
00066051
00066053
00066055
00066056
00066060
00066061
00066062
00066067
00066070
00066071
00066072
00066074
00066077
00066078
00066084
00066085
00066086
00066087
00066089
00066090
00066091
00066094
00066096
00066099
00066105
00066111
00066112
00066113
00066114
00066116
00066120
00066125
00066127
00066130
00066132
00066133
00066134
00066135
00066136
00066137
00066141
00066144
00066150
00066152
00066157
00066168
00066182
00066185
00066187
00066191
00066192
00066193
00066194
00066197
00066199
00066200
00066201
00066203
00066212
00066213
00066216
00066217
00066224
00066229
00066230
00066236
00066247
00066250
00066252
00066257
00066259
00066261
00066263
00066264
00066265
00066266
00066267
00066269
00066273
00066274
00066276
00066279
00066280
00066281
00066284
00066285
00066286
00066289
00066292
00066295
00066296
00066297
00066298
00066310
00066316
00066319
00066326
00066329
00066330
00066333
00066335
00066337
00066338
00066339
00066341
00066343
00066345
00066348
00066349
00066356
00066357
00066359
00066362
00066366
00066370
00066371
00066372
00066373
00066375
00066377
00066378
00066380
00066383
00066385
00066387
00066391
00066399
00066400
00066401
00066402
00066403
00066409
00066413
00066414
00066418
00066422
00066423
00066424
00066425
00066428
00066431
00066433
00066434
00066435
00066440
00066442
00066445
00066447
00066451
00066455
00066456
00066460
00066461
00066462
00066466
00066467
00066469
00066471
00066473
00066474
00066477
00066482
00066487
00066492
00066494
00066495
00066497
00066500
00066501
00066502
00066504
00066507
00066508
00066511
00066513
00066515
00066516
00066517
00066518
00066520
00066521
00066523
00066525
00066526
00066528
00066530
00066531
00066533
00066534
00066536
00066538
00066543
00066544
00066547
00066556
00066558
00066561
00066562
00066564
00066575
00066576
00066577
00066578
00066585
00066587
00066588
00066589
00066591
00066592
00066594
00066596
00066604
00066605
00066606
00066617
00066618
00066622
00066625
00066629
00066634
00066639
00066644
00066646
00066648
00066649
00066652
00066653
00066657
00066658
00066659
00066666
00066667
00066670
00066676
00066679
00066680
00066682
00066684
00066690
00066692
00066694
00066695
00066696
00066697
00066700
00066702
00066703
00066712
00066713
00066718
00066721
00066723
00066725
00066726
00066727
00066728
00066729
00066731
00066734
00066738
00066740
00066742
00066744
00066745
00066749
00066756
00066759
00066766
00066768
00066769
00066771
00066774
00066775
00066776
00066777
00066791
00066795
00066796
00066797
00066806
00066807
00066809
00066812
00066814
00066824
00066825
00066826
00066836
00066837
00066839
00066840
00066842
00066844
00066845
00066852
00066854
00066857
00066858
00066859
00066861
00066862
00066863
00066865
00066867
00066868
00066869
00066871
00066873
00066877
00066882
00066885
00066888
00066891
00066900
00066905
00066906
00066907
00066908
00066912
00066913
00066914
00066917
00066919
00066925
00066926
00066927
00066928
00066935
00066938
00066942
00066943
00066945
00066949
00066955
00066958
00066959
00066960
00066963
00066964
00066965
00066968
00066971
00066972
00066973
00066974
00066975
00066976
00066978
00066987
00066991
00066999
00067000
00067005
00067006
00067015
00067016
00067019
00067022
00067027
00067028
00067031
00067032
00067034
00067036
00067037
00067038
00067039
00067040
00067042
00067043
00067047
00067054
00067056
00067059
00067060
00067061
00067062
00067065
00067070
00067071
00067074
00067081
00067082
00067083
00067085
00067086
00067095
00067110
00067114
00067116
00067117
00067125
00067126
00067132
00067133
00067139
00067145
00067146
00067148
00067150
00067153
00067155
00067156
00067158
00067159
00067165
00067166
00067168
00067170
00067175
00067176
00067181
00067183
00067185
00067187
00067188
00067191
00067192
00067194
00067195
00067199
00067200
00067205
00067206
00067211
00067213
00067214
00067215
00067216
00067218
00067221
00067223
00067225
00067228
00067229
00067232
00067233
00067241
00067245
00067247
00067248
00067250
00067251
00067253
00067255
00067261
00067262
00067264
00067268
00067270
00067276
00067277
00067279
00067282
00067284
00067288
00067290
00067291
00067292
00067293
00067298
00067302
00067303
00067304
00067307
00067310
00067313
00067314
00067315
00067320
00067321
00067323
00067324
00067325
00067333
00067338
00067340
00067341
00067349
00067356
00067357
00067361
00067363
00067365
00067372
00067373
00067376
00067377
00067383
00067384
00067388
00067389
00067391
00067395
00067396
00067398
00067399
00067403
00067404
00067405
00067409
00067410
00067412
00067413
00067416
00067417
00067418
00067419
00067424
00067426
00067430
00067431
00067432
00067433
00067438
00067441
00067446
00067447
00067448
00067450
00067452
00067453
00067456
00067459
00067466
00067467
00067468
00067470
00067471
00067473
00067474
00067475
00067478
00067481
00067482
00067485
00067486
00067487
00067490
00067493
00067495
00067497
00067499
00067504
00067505
00067508
00067511
00067512
00067513
00067515
00067520
00067528
00067529
00067535
00067540
00067542
00067549
00067551
00067553
00067554
00067555
00067556
00067557
00067558
00067560
00067565
00067566
00067567
00067569
00067573
00067574
00067578
00067580
00067583
00067584
00067586
00067587
00067588
00067589
00067590
00067591
00067592
00067593
00067597
00067600
00067601
00067606
00067609
00067610
00067611
00067615
00067617
00067618
00067622
00067624
00067625
00067626
00067627
00067632
00067634
00067636
00067639
00067641
00067647
00067649
00067652
00067653
00067656
00067661
00067665
00067666
00067668
00067670
00067672
00067674
00067675
00067682
00067685
00067686
00067688
00067689
00067691
00067692
00067698
00067699
00067702
00067706
00067709
00067710
00067711
00067715
00067716
00067717
00067720
00067725
00067726
00067728
00067730
00067735
00067736
00067740
00067743
00067749
00067753
00067754
00067757
00067759
00067766
00067767
00067773
00067777
00067778
00067785
00067788
00067789
00067790
00067792
00067796
00067797
00067798
00067799
00067805
00067807
00067809
00067810
00067813
00067815
00067817
00067819
00067821
00067825
00067826
00067829
00067831
00067833
00067836
00067837
00067840
00067842
00067843
00067849
00067851
00067857
00067858
00067861
00067862
00067863
00067864
00067866
00067870
00067882
00067883
00067884
00067887
00067893
00067905
00067912
00067913
00067916
00067917
00067918
00067919
00067921
00067922
00067923
00067926
00067929
00067930
00067935
00067936
00067937
00067938
00067939
00067941
00067946
00067948
00067950
00067951
00067952
00067956
00067958
00067959
00067960
00067962
00067966
00067971
00067979
00067980
00067982
00067984
00067985
00067990
00067991
00067998
00068001
00068002
00068004
00068006
00068008
00068010
00068013
00068014
00068015
00068017
00068019
00068029
00068031
00068032
00068033
00068035
00068036
00068041
00068042
00068044
00068046
00068050
00068056
00068058
00068061
00068070
00068071
00068073
00068074
00068075
00068077
00068081
00068089
00068092
00068093
00068097
00068101
00068105
00068106
00068107
00068108
00068110
00068113
00068115
00068118
00068119
00068121
00068124
00068125
00068126
00068128
00068133
00068134
00068135
00068136
00068137
00068139
00068140
00068142
00068145
00068149
00068151
00068159
00068160
00068166
00068168
00068174
00068176
00068182
00068184
00068187
00068188
00068190
00068191
00068197
00068198
00068201
00068202
00068208
00068211
00068216
00068223
00068226
00068229
00068230
00068235
00068240
00068241
00068244
00068246
00068247
00068248
00068253
00068257
00068258
00068267
00068268
00068269
00068270
00068272
00068277
00068280
00068283
00068284
00068285
00068288
00068290
00068293
00068296
00068298
00068305
00068306
00068308
00068311
00068313
00068316
00068320
00068330
00068331
00068336
00068338
00068339
00068346
00068349
00068353
00068355
00068359
00068360
00068362
00068364
00068369
00068376
00068377
00068380
00068381
00068386
00068388
00068389
00068392
00068394
00068401
00068402
00068403
00068404
00068406
00068407
00068413
00068415
00068421
00068424
00068428
00068431
00068434
00068435
00068442
00068443
00068445
00068446
00068455
00068456
00068460
00068462
00068466
00068471
00068476
00068477
00068480
00068482
00068485
00068489
00068495
00068500
00068503
00068507
00068511
00068512
00068516
00068517
00068518
00068519
00068522
00068525
00068526
00068529
00068535
00068538
00068539
00068540
00068541
00068542
00068545
00068546
00068547
00068548
00068549
00068555
00068560
00068562
00068564
00068568
00068570
00068577
00068580
00068582
00068583
00068585
00068591
00068594
00068597
00068599
00068608
00068610
00068614
00068615
00068620
00068621
00068624
00068631
00068633
00068636
00068640
00068641
00068643
00068645
00068646
00068647
00068648
00068651
00068655
00068656
00068657
00068659
00068660
00068662
00068663
00068664
00068665
00068666
00068669
00068670
00068671
00068676
00068677
00068678
00068686
00068689
00068697
00068702
00068704
00068705
00068707
00068713
00068717
00068723
00068727
00068728
00068729
00068730
00068731
00068732
00068734
00068735
00068736
00068741
00068743
00068744
00068749
00068751
00068752
00068755
00068758
00068761
00068763
00068769
00068774
00068775
00068777
00068779
00068782
00068783
00068784
00068787
00068789
00068790
00068791
00068793
00068795
00068796
00068797
00068802
00068804
00068806
00068807
00068809
00068811
00068812
00068813
00068814
00068815
00068818
00068822
00068823
00068826
00068832
00068833
00068843
00068845
00068846
00068847
00068848
00068851
00068853
00068857
00068859
00068864
00068865
00068866
00068868
00068869
00068870
00068871
00068876
00068877
00068881
00068884
00068885
00068888
00068890
00068892
00068896
00068899
00068900
00068901
00068902
00068903
00068904
00068905
00068908
00068909
00068913
00068917
00068919
00068921
00068922
00068925
00068928
00068932
00068933
00068936
00068937
00068940
00068942
00068943
00068945
00068946
00068951
00068956
00068957
00068960
00068966
00068967
00068969
00068972
00068978
00068980
00068986
00068987
00068988
00068989
00068991
00068992
00068995
00068997
00069001
00069003
00069005
00069010
00069012
00069022
00069023
00069033
00069036
00069037
00069043
00069045
00069047
00069052
00069053
00069057
00069060
00069062
00069064
00069067
00069068
00069069
00069070
00069074
00069075
00069083
00069084
00069086
00069087
00069088
00069095
00069098
00069099
00069100
00069102
00069103
00069104
00069113
00069114
00069120
00069122
00069123
00069126
00069130
00069132
00069135
00069137
00069142
00069143
00069145
00069151
00069154
00069156
00069162
00069166
00069167
00069170
00069172
00069173
00069176
00069177
00069179
00069180
00069182
00069184
00069185
00069188
00069191
00069192
00069195
00069197
00069199
00069200
00069204
00069208
00069212
00069213
00069215
00069216
00069217
00069222
00069225
00069226
00069227
00069230
00069232
00069233
00069236
00069238
00069240
00069244
00069246
00069248
00069251
00069254
00069255
00069257
00069260
00069264
00069272
00069276
00069278
00069281
00069284
00069288
00069290
00069291
00069292
00069293
00069294
00069295
00069297
00069300
00069301
00069304
00069305
00069307
00069308
00069310
00069312
00069317
00069320
00069321
00069322
00069323
00069324
00069325
00069330
00069332
00069333
00069335
00069337
00069343
00069345
00069346
00069351
00069353
00069354
00069355
00069358
00069359
00069360
00069365
00069366
00069367
00069371
00069376
00069377
00069378
00069379
00069380
00069381
00069382
00069383
00069387
00069392
00069393
00069395
00069396
00069397
00069401
00069403
00069407
00069409
00069410
00069411
00069412
00069418
00069420
00069421
00069423
00069424
00069428
00069429
00069430
00069431
00069432
00069434
00069436
00069438
00069439
00069443
00069444
00069447
00069448
00069451
00069452
00069453
00069459
00069470
00069474
00069479
00069480
00069482
00069484
00069486
00069490
00069491
00069492
00069495
00069499
00069500
00069505
00069506
00069511
00069512
00069516
00069522
00069525
00069527
00069531
00069539
00069540
00069544
00069546
00069548
00069550
00069551
00069554
00069555
00069556
00069557
00069558
00069559
00069562
00069563
00069565
00069571
00069573
00069575
00069579
00069584
00069597
00069600
00069601
00069604
00069605
00069610
00069611
00069612
00069613
00069618
00069623
00069625
00069627
00069629
00069630
00069631
00069634
00069636
00069637
00069641
00069643
00069652
00069655
00069658
00069660
00069661
00069662
00069666
00069671
00069672
00069675
00069679
00069680
00069681
00069684
00069689
00069690
00069692
00069696
00069697
00069701
00069707
00069713
00069714
00069716
00069717
00069720
00069721
00069724
00069725
00069726
00069729
00069731
00069734
00069742
00069744
00069749
00069751
00069753
00069757
00069760
00069763
00069769
00069772
00069780
00069783
00069784
00069788
00069789
00069792
00069794
00069796
00069797
00069798
00069801
00069804
00069805
00069810
00069813
00069816
00069821
00069823
00069826
00069829
00069837
00069842
00069847
00069848
00069849
00069852
00069854
00069856
00069858
00069861
00069865
00069869
00069874
00069877
00069879
00069880
00069885
00069887
00069894
00069898
00069899
00069901
00069904
00069907
00069908
00069909
00069912
00069914
00069922
00069924
00069925
00069926
00069928
00069930
00069933
00069934
00069935
00069938
00069944
00069945
00069946
00069948
00069950
00069951
00069952
00069955
00069958
00069959
00069960
00069965
00069969
00069972
00069975
00069976
00069981
00069983
00069984
00069986
00069991
00069993
00069995
00069997
00069998
00069999
00070001
00070007
00070013
00070014
00070015
00070017
00070018
00070019
00070020
00070025
00070032
00070035
00070037
00070039
00070044
00070045
00070047
00070048
00070051
00070055
00070060
00070063
00070067
00070070
00070073
00070079
00070080
00070081
00070088
00070089
00070090
00070093
00070096
00070100
00070107
00070112
00070114
00070117
00070125
00070126
00070127
00070130
00070134
00070136
00070138
00070140
00070144
00070146
00070147
00070149
00070151
00070158
00070159
00070160
00070161
00070163
00070164
00070165
00070168
00070172
00070174
00070175
00070178
00070180
00070183
00070184
00070188
00070194
00070196
00070205
00070206
00070208
00070209
00070211
00070212
00070222
00070223
00070226
00070228
00070229
00070234
00070235
00070238
00070243
00070247
00070250
00070252
00070253
00070254
00070255
00070258
00070259
00070266
00070268
00070269
00070271
00070273
00070274
00070281
00070284
00070286
00070288
00070290
00070294
00070296
00070297
00070301
00070307
00070309
00070313
00070314
00070321
00070322
00070324
00070329
00070330
00070331
00070332
00070336
00070338
00070339
00070342
00070343
00070344
00070346
00070347
00070349
00070351
00070354
00070358
00070359
00070362
00070364
00070366
00070371
00070376
00070377
00070379
00070384
00070391
00070395
00070396
00070398
00070399
00070401
00070402
00070406
00070410
00070412
00070414
00070415
00070417
00070420
00070423
00070427
00070428
00070429
00070436
00070439
00070440
00070444
00070445
00070447
00070452
00070455
00070456
00070458
00070459
00070460
00070461
00070463
00070465
00070469
00070471
00070472
00070475
00070478
00070480
00070481
00070482
00070485
00070486
00070487
00070488
00070492
00070494
00070495
00070496
00070499
00070500
00070503
00070504
00070505
00070507
00070511
00070512
00070515
00070518
00070523
00070529
00070531
00070535
00070537
00070538
00070542
00070548
00070549
00070551
00070554
00070556
00070558
00070559
00070562
00070573
00070575
00070576
00070578
00070582
00070584
00070592
00070593
00070595
00070603
00070604
00070606
00070607
00070608
00070609
00070611
00070612
00070614
00070616
00070620
00070623
00070625
00070626
00070630
00070631
00070634
00070635
00070636
00070638
00070639
00070646
00070647
00070650
00070651
00070653
00070654
00070656
00070661
00070665
00070666
00070668
00070669
00070671
00070674
00070677
00070678
00070680
00070684
00070685
00070690
00070695
00070696
00070697
00070699
00070701
00070704
00070706
00070709
00070711
00070713
00070715
00070716
00070717
00070718
00070719
00070722
00070731
00070732
00070733
00070734
00070735
00070736
00070737
00070738
00070739
00070742
00070745
00070751
00070756
00070758
00070760
00070765
00070767
00070775
00070776
00070777
00070780
00070785
00070789
00070792
00070794
00070800
00070803
00070804
00070805
00070806
00070807
00070813
00070817
00070818
00070820
00070822
00070827
00070829
00070837
00070839
00070840
00070845
00070846
00070851
00070852
00070855
00070857
00070858
00070860
00070863
00070866
00070867
00070870
00070872
00070873
00070876
00070881
00070882
00070883
00070884
00070887
00070888
00070890
00070891
00070896
00070899
00070900
00070902
00070903
00070904
00070909
00070911
00070918
00070922
00070923
00070925
00070926
00070932
00070934
00070935
00070936
00070938
00070939
00070943
00070945
00070949
00070950
00070954
00070957
00070965
00070966
00070967
00070970
00070971
00070976
00070978
00070982
00070983
00070984
00070987
00070990
00070991
00070995
00070998
00071000
00071004
00071006
00071014
00071016
00071019
00071020
00071021
00071024
00071027
00071029
00071033
00071038
00071041
00071042
00071045
00071048
00071056
00071058
00071063
00071065
00071066
00071069
00071070
00071071
00071072
00071073
00071075
00071077
00071080
00071082
00071088
00071089
00071092
00071098
00071103
00071105
00071108
00071110
00071114
00071115
00071119
00071120
00071124
00071125
00071126
00071130
00071131
00071134
00071137
00071141
00071145
00071149
00071153
00071155
00071157
00071159
00071161
00071162
00071163
00071165
00071168
00071176
00071178
00071181
00071185
00071186
00071188
00071189
00071190
00071193
00071196
00071202
00071203
00071204
00071205
00071208
00071210
00071213
00071214
00071218
00071221
00071222
00071224
00071230
00071237
00071238
00071239
00071240
00071241
00071243
00071246
00071247
00071252
00071253
00071258
00071260
00071267
00071268
00071271
00071278
00071288
00071289
00071290
00071292
00071297
00071298
00071300
00071305
00071306
00071311
00071313
00071314
00071315
00071322
00071330
00071331
00071339
00071342
00071344
00071346
00071347
00071348
00071351
00071356
00071357
00071359
00071361
00071363
00071364
00071368
00071369
00071370
00071372
00071373
00071377
00071381
00071383
00071384
00071385
00071387
00071388
00071392
00071394
00071395
00071396
00071397
00071400
00071401
00071404
00071407
00071410
00071411
00071414
00071416
00071418
00071426
00071431
00071432
00071433
00071434
00071435
00071436
00071437
00071438
00071439
00071443
00071446
00071448
00071450
00071451
00071452
00071454
00071465
00071466
00071467
00071468
00071470
00071473
00071474
00071476
00071477
00071478
00071484
00071489
00071491
00071496
00071497
00071498
00071502
00071503
00071515
00071519
00071520
00071521
00071522
00071523
00071526
00071529
00071531
00071533
00071534
00071535
00071536
00071537
00071538
00071542
00071543
00071546
00071548
00071555
00071562
00071563
00071564
00071566
00071569
00071572
00071573
00071576
00071577
00071579
00071582
00071583
00071584
00071586
00071589
00071590
00071591
00071592
00071593
00071594
00071596
00071598
00071599
00071600
00071602
00071604
00071608
00071613
00071622
00071624
00071626
00071629
00071632
00071633
00071642
00071643
00071644
00071650
00071651
00071659
00071661
00071666
00071667
00071669
00071679
00071683
00071684
00071688
00071691
00071698
00071700
00071701
00071702
00071705
00071710
00071712
00071713
00071714
00071719
00071721
00071724
00071735
00071736
00071742
00071744
00071745
00071749
00071752
00071753
00071758
00071762
00071764
00071769
00071773
00071775
00071777
00071778
00071780
00071782
00071783
00071785
00071786
00071792
00071794
00071795
00071796
00071797
00071800
00071803
00071804
00071807
00071808
00071809
00071812
00071819
00071820
00071822
00071824
00071826
00071829
00071830
00071831
00071833
00071836
00071840
00071842
00071843
00071844
00071845
00071846
00071848
00071849
00071851
00071863
00071868
00071871
00071873
00071874
00071875
00071877
00071878
00071879
00071882
00071883
00071893
00071895
00071897
00071898
00071900
00071901
00071904
00071906
00071908
00071909
00071915
00071916
00071917
00071918
00071922
00071929
00071933
00071934
00071935
00071937
00071938
00071942
00071944
00071946
00071948
00071951
00071954
00071956
00071957
00071958
00071962
00071963
00071968
00071969
00071970
00071976
00071977
00071982
00071984
00071986
00071987
00071992
00071995
00071999
00072000
00072001
00072006
00072007
00072010
00072011
00072015
00072018
00072021
00072023
00072024
00072026
00072027
00072028
00072030
00072033
00072036
00072037
00072040
00072041
00072042
00072043
00072045
00072047
00072050
00072052
00072059
00072061
00072062
00072067
00072083
00072088
00072093
00072094
00072100
00072101
00072103
00072105
00072106
00072108
00072111
00072113
00072117
00072119
00072122
00072126
00072129
00072131
00072133
00072138
00072140
00072141
00072142
00072145
00072147
00072150
00072156
00072158
00072159
00072160
00072164
00072167
00072169
00072170
00072172
00072173
00072175
00072176
00072178
00072183
00072185
00072191
00072192
00072201
00072202
00072204
00072205
00072208
00072214
00072216
00072217
00072223
00072224
00072226
00072228
00072229
00072230
00072236
00072241
00072242
00072243
00072245
00072246
00072248
00072249
00072251
00072256
00072259
00072265
00072271
00072275
00072276
00072278
00072280
00072281
00072288
00072289
00072291
00072294
00072295
00072299
00072313
00072316
00072318
00072320
00072325
00072328
00072338
00072340
00072348
00072349
00072352
00072356
00072357
00072360
00072362
00072363
00072366
00072368
00072374
00072375
00072376
00072379
00072382
00072384
00072386
00072390
00072397
00072400
00072402
00072405
00072406
00072407
00072408
00072409
00072410
00072413
00072414
00072415
00072419
00072421
00072423
00072430
00072433
00072435
00072437
00072438
00072439
00072440
00072448
00072449
00072454
00072455
00072460
00072464
00072471
00072475
00072477
00072479
00072483
00072489
00072490
00072495
00072497
00072499
00072502
00072504
00072507
00072515
00072517
00072518
00072520
00072521
00072524
00072526
00072527
00072531
00072533
00072537
00072541
00072543
00072545
00072546
00072551
00072560
00072562
00072567
00072569
00072570
00072571
00072574
00072578
00072579
00072580
00072581
00072584
00072585
00072587
00072588
00072594
00072602
00072604
00072607
00072608
00072609
00072610
00072612
00072613
00072614
00072619
00072623
00072625
00072627
00072630
00072631
00072634
00072641
00072643
00072644
00072648
00072657
00072665
00072670
00072678
00072679
00072681
00072686
00072687
00072688
00072692
00072694
00072695
00072696
00072697
00072699
00072700
00072704
00072710
00072715
00072724
00072729
00072730
00072736
00072738
00072742
00072743
00072744
00072749
00072750
00072751
00072754
00072756
00072764
00072765
00072767
00072768
00072771
00072772
00072774
00072777
00072778
00072780
00072781
00072782
00072783
00072786
00072792
00072798
00072802
00072803
00072804
00072805
00072806
00072811
00072812
00072813
00072817
00072818
00072819
00072822
00072824
00072832
00072834
00072835
00072836
00072837
00072840
00072843
00072846
00072848
00072849
00072852
00072854
00072856
00072857
00072861
00072863
00072864
00072870
00072871
00072883
00072885
00072887
00072888
00072889
00072892
00072893
00072894
00072896
00072897
00072898
00072904
00072905
00072908
00072909
00072910
00072912
00072915
00072917
00072920
00072921
00072926
00072930
00072933
00072936
00072940
00072941
00072944
00072946
00072950
00072955
00072957
00072958
00072966
00072970
00072971
00072973
00072974
00072975
00072980
00072981
00072986
00072989
00072992
00072994
00072995
00072996
00072998
00073001
00073003
00073006
00073007
00073008
00073011
00073014
00073016
00073020
00073021
00073023
00073025
00073029
00073039
00073044
00073048
00073050
00073052
00073058
00073061
00073063
00073064
00073067
00073069
00073073
00073075
00073077
00073078
00073082
00073084
00073087
00073088
00073089
00073091
00073092
00073096
00073098
00073100
00073104
00073109
00073119
00073121
00073123
00073125
00073127
00073130
00073135
00073139
00073141
00073145
00073149
00073150
00073152
00073153
00073160
00073162
00073163
00073166
00073168
00073169
00073173
00073177
00073184
00073185
00073187
00073189
00073190
00073194
00073195
00073196
00073199
00073203
00073206
00073207
00073208
00073209
00073217
00073221
00073226
00073227
00073230
00073232
00073234
00073235
00073236
00073239
00073240
00073244
00073245
00073246
00073249
00073254
00073256
00073258
00073262
00073263
00073265
00073267
00073269
00073272
00073280
00073281
00073282
00073286
00073296
00073297
00073299
00073300
00073303
00073305
00073306
00073314
00073316
00073317
00073320
00073321
00073322
00073325
00073326
00073330
00073335
00073337
00073342
00073348
00073355
00073358
00073359
00073361
00073362
00073363
00073366
00073371
00073372
00073376
00073380
00073381
00073382
00073383
00073384
00073386
00073393
00073394
00073396
00073403
00073409
00073410
00073411
00073412
00073414
00073415
00073418
00073420
00073421
00073424
00073425
00073427
00073429
00073430
00073431
00073434
00073436
00073440
00073442
00073452
00073453
00073456
00073461
00073472
00073473
00073474
00073476
00073483
00073485
00073486
00073489
00073500
00073501
00073504
00073505
00073509
00073510
00073511
00073512
00073515
00073518
00073532
00073533
00073536
00073538
00073544
00073548
00073549
00073550
00073551
00073563
00073564
00073570
00073572
00073574
00073575
00073577
00073578
00073579
00073582
00073583
00073585
00073595
00073596
00073598
00073601
00073602
00073607
00073612
00073616
00073619
00073623
00073624
00073626
00073627
00073628
00073630
00073632
00073633
00073636
00073645
00073647
00073648
00073649
00073650
00073652
00073653
00073657
00073661
00073662
00073665
00073667
00073668
00073671
00073676
00073677
00073678
00073679
00073681
00073687
00073688
00073691
00073698
00073699
00073700
00073704
00073710
00073711
00073716
00073720
00073730
00073735
00073737
00073739
00073740
00073741
00073743
00073744
00073745
00073747
00073748
00073749
00073751
00073753
00073754
00073759
00073760
00073761
00073762
00073763
00073764
00073765
00073767
00073770
00073772
00073782
00073786
00073788
00073791
00073792
00073793
00073796
00073797
00073799
00073802
00073803
00073805
00073808
00073809
00073814
00073815
00073816
00073818
00073821
00073823
00073824
00073829
00073832
00073833
00073834
00073835
00073836
00073837
00073838
00073840
00073843
00073844
00073846
00073849
00073850
00073854
00073857
00073858
00073862
00073863
00073865
00073869
00073872
00073878
00073882
00073883
00073886
00073888
00073894
00073896
00073900
00073902
00073903
00073905
00073906
00073907
00073908
00073912
00073917
00073924
00073925
00073929
00073930
00073931
00073932
00073933
00073935
00073937
00073938
00073941
00073943
00073946
00073951
00073952
00073953
00073954
00073955
00073958
00073959
00073962
00073967
00073968
00073971
00073972
00073974
00073975
00073976
00073978
00073982
00073984
00073990
00073991
00073992
00073995
00073998
00073999
00074004
00074005
00074007
00074009
00074010
00074013
00074014
00074015
00074020
00074021
00074022
00074024
00074025
00074028
00074031
00074033
00074039
00074040
00074043
00074044
00074045
00074057
00074059
00074062
00074064
00074065
00074069
00074071
00074073
00074076
00074077
00074078
00074086
00074087
00074090
00074091
00074095
00074100
00074102
00074104
00074105
00074107
00074109
00074114
00074115
00074116
00074119
00074124
00074125
00074128
00074129
00074130
00074133
00074137
00074141
00074145
00074148
00074149
00074150
00074151
00074153
00074154
00074160
00074161
00074164
00074169
00074170
00074172
00074176
00074188
00074189
00074191
00074192
00074195
00074199
00074201
00074206
00074207
00074210
00074212
00074216
00074219
00074225
00074226
00074227
00074228
00074229
00074230
00074231
00074235
00074237
00074239
00074241
00074243
00074246
00074251
00074252
00074254
00074261
00074264
00074267
00074268
00074270
00074271
00074274
00074275
00074280
00074283
00074288
00074295
00074296
00074297
00074299
00074300
00074302
00074306
00074307
00074309
00074310
00074312
00074314
00074317
00074318
00074320
00074321
00074324
00074325
00074329
00074334
00074337
00074340
00074344
00074345
00074349
00074354
00074355
00074357
00074361
00074369
00074370
00074373
00074379
00074382
00074388
00074390
00074391
00074392
00074397
00074398
00074404
00074405
00074407
00074411
00074418
00074420
00074422
00074427
00074428
00074438
00074439
00074443
00074444
00074446
00074450
00074451
00074455
00074456
00074458
00074462
00074463
00074469
00074471
00074473
00074475
00074477
00074482
00074485
00074494
00074499
00074501
00074504
00074505
00074508
00074511
00074516
00074517
00074520
00074532
00074534
00074535
00074544
00074546
00074548
00074551
00074553
00074554
00074556
00074563
00074565
00074566
00074568
00074570
00074571
00074572
00074573
00074575
00074577
00074582
00074583
00074584
00074594
00074599
00074604
00074605
00074610
00074611
00074614
00074619
00074623
00074624
00074627
00074629
00074630
00074636
00074638
00074639
00074644
00074653
00074657
00074659
00074661
00074664
00074671
00074673
00074675
00074676
00074678
00074681
00074683
00074686
00074687
00074688
00074689
00074690
00074691
00074693
00074699
00074702
00074706
00074709
00074715
00074718
00074723
00074726
00074728
00074729
00074732
00074733
00074737
00074739
00074742
00074748
00074750
00074753
00074758
00074759
00074762
00074764
00074765
00074768
00074769
00074770
00074773
00074774
00074776
00074788
00074790
00074791
00074798
00074799
00074800
00074804
00074806
00074812
00074814
00074821
00074823
00074824
00074826
00074833
00074837
00074838
00074841
00074845
00074849
00074850
00074853
00074862
00074863
00074865
00074866
00074867
00074871
00074873
00074875
00074876
00074878
00074881
00074884
00074885
00074887
00074890
00074891
00074895
00074896
00074898
00074900
00074901
00074905
00074908
00074911
00074912
00074913
00074914
00074916
00074917
00074918
00074919
00074920
00074921
00074923
00074925
00074926
00074927
00074928
00074929
00074937
00074938
00074939
00074941
00074944
00074945
00074947
00074951
00074954
00074959
00074961
00074964
00074973
00074976
00074981
00074986
00074990
00074993
00074995
00074998
00075002
00075003
00075004
00075006
00075007
00075011
00075016
00075018
00075020
00075021
00075026
00075027
00075028
00075029
00075031
00075035
00075036
00075037
00075038
00075039
00075041
00075043
00075045
00075048
00075059
00075060
00075061
00075062
00075069
00075072
00075075
00075077
00075078
00075079
00075080
00075082
00075085
00075087
00075088
00075089
00075091
00075096
00075099
00075102
00075106
00075107
00075111
00075114
00075116
00075118
00075121
00075122
00075130
00075135
00075138
00075140
00075141
00075142
00075145
00075152
00075154
00075156
00075157
00075160
00075161
00075164
00075166
00075169
00075171
00075172
00075176
00075180
00075181
00075182
00075183
00075186
00075197
00075199
00075202
00075203
00075204
00075206
00075207
00075216
00075220
00075222
00075223
00075225
00075226
00075228
00075231
00075234
00075236
00075241
00075242
00075244
00075247
00075248
00075249
00075250
00075251
00075252
00075253
00075254
00075260
00075262
00075264
00075272
00075275
00075276
00075277
00075279
00075285
00075286
00075287
00075289
00075291
00075295
00075296
00075297
00075301
00075304
00075306
00075308
00075309
00075310
00075319
00075320
00075323
00075326
00075338
00075339
00075341
00075346
00075351
00075352
00075356
00075359
00075366
00075370
00075372
00075374
00075376
00075378
00075379
00075380
00075384
00075385
00075387
00075391
00075396
00075399
00075402
00075403
00075406
00075409
00075411
00075416
00075419
00075423
00075424
00075425
00075427
00075430
00075431
00075434
00075442
00075443
00075445
00075446
00075447
00075450
00075459
00075460
00075462
00075464
00075466
00075472
00075474
00075475
00075482
00075484
00075486
00075490
00075495
00075496
00075499
00075502
00075505
00075507
00075508
00075509
00075511
00075513
00075517
00075519
00075520
00075521
00075522
00075523
00075532
00075533
00075535
00075536
00075537
00075538
00075540
00075541
00075544
00075548
00075553
00075554
00075555
00075557
00075566
00075570
00075572
00075574
00075575
00075577
00075582
00075584
00075586
00075590
00075591
00075593
00075596
00075600
00075602
00075610
00075611
00075612
00075617
00075618
00075620
00075622
00075623
00075624
00075625
00075628
00075631
00075632
00075633
00075634
00075638
00075639
00075640
00075646
00075647
00075655
00075657
00075661
00075662
00075663
00075665
00075666
00075668
00075670
00075674
00075676
00075677
00075679
00075680
00075683
00075684
00075686
00075687
00075688
00075694
00075695
00075699
00075701
00075703
00075707
00075711
00075714
00075719
00075724
00075726
00075728
00075729
00075732
00075734
00075737
00075738
00075739
00075740
00075742
00075747
00075748
00075750
00075751
00075752
00075756
00075759
00075762
00075769
00075772
00075773
00075776
00075777
00075779
00075782
00075784
00075785
00075786
00075787
00075789
00075793
00075794
00075795
00075798
00075801
00075803
00075805
00075806
00075808
00075809
00075810
00075811
00075818
00075831
00075834
00075836
00075838
00075839
00075841
00075842
00075843
00075844
00075846
00075850
00075853
00075855
00075859
00075863
00075864
00075868
00075869
00075875
00075876
00075878
00075881
00075882
00075888
00075890
00075897
00075900
00075901
00075902
00075905
00075907
00075908
00075911
00075912
00075915
00075916
00075919
00075920
00075923
00075927
00075929
00075930
00075931
00075945
00075946
00075948
00075951
00075952
00075953
00075954
00075955
00075959
00075960
00075963
00075964
00075967
00075970
00075976
00075980
00075984
00075997
00076002
00076003
00076005
00076007
00076010
00076012
00076013
00076017
00076019
00076020
00076021
00076022
00076028
00076029
00076037
00076039
00076040
00076041
00076044
00076045
00076047
00076049
00076051
00076052
00076055
00076056
00076065
00076071
00076075
00076076
00076080
00076082
00076084
00076085
00076086
00076091
00076095
00076098
00076100
00076101
00076106
00076109
00076110
00076111
00076112
00076114
00076118
00076119
00076122
00076123
00076129
00076136
00076143
00076146
00076147
00076152
00076153
00076156
00076158
00076160
00076165
00076166
00076169
00076170
00076171
00076172
00076173
00076175
00076177
00076180
00076181
00076184
00076186
00076188
00076189
00076190
00076191
00076193
00076197
00076199
00076204
00076206
00076207
00076212
00076219
00076224
00076225
00076226
00076229
00076230
00076231
00076232
00076235
00076236
00076240
00076247
00076249
00076251
00076254
00076256
00076257
00076259
00076262
00076264
00076266
00076269
00076270
00076271
00076273
00076274
00076276
00076280
00076281
00076287
00076288
00076289
00076295
00076296
00076297
00076301
00076302
00076304
00076311
00076312
00076319
00076325
00076327
00076328
00076331
00076333
00076334
00076336
00076337
00076338
00076339
00076347
00076350
00076357
00076360
00076364
00076366
00076369
00076370
00076371
00076372
00076373
00076376
00076377
00076379
00076386
00076392
00076397
00076398
00076404
00076405
00076406
00076407
00076425
00076426
00076427
00076429
00076430
00076440
00076441
00076443
00076449
00076453
00076455
00076456
00076458
00076459
00076461
00076465
00076468
00076470
00076473
00076477
00076478
00076480
00076483
00076484
00076498
00076501
00076502
00076503
00076504
00076505
00076506
00076507
00076508
00076510
00076513
00076514
00076519
00076520
00076524
00076526
00076527
00076528
00076533
00076542
00076543
00076546
00076549
00076552
00076553
00076557
00076558
00076561
00076562
00076564
00076565
00076566
00076567
00076573
00076578
00076580
00076582
00076583
00076587
00076588
00076593
00076594
00076596
00076597
00076599
00076608
00076611
00076615
00076616
00076617
00076623
00076624
00076627
00076630
00076632
00076634
00076635
00076639
00076640
00076641
00076653
00076656
00076658
00076659
00076660
00076663
00076664
00076666
00076667
00076669
00076672
00076680
00076681
00076682
00076684
00076689
00076691
00076692
00076695
00076698
00076699
00076701
00076706
00076707
00076708
00076712
00076714
00076716
00076718
00076719
00076720
00076722
00076724
00076729
00076734
00076740
00076741
00076742
00076743
00076744
00076747
00076757
00076766
00076767
00076781
00076782
00076784
00076785
00076786
00076791
00076792
00076795
00076798
00076801
00076803
00076808
00076822
00076823
00076824
00076828
00076831
00076836
00076837
00076841
00076844
00076845
00076846
00076847
00076851
00076852
00076855
00076856
00076859
00076860
00076861
00076862
00076867
00076875
00076879
00076880
00076884
00076887
00076888
00076889
00076892
00076893
00076900
00076902
00076905
00076906
00076909
00076910
00076911
00076917
00076918
00076919
00076920
00076921
00076926
00076927
00076928
00076932
00076939
00076940
00076942
00076946
00076948
00076952
00076957
00076959
00076960
00076962
00076965
00076968
00076970
00076971
00076972
00076973
00076974
00076977
00076981
00076985
00076986
00076987
00076988
00076990
00076994
00076999
00077001
00077003
00077005
00077007
00077008
00077010
00077015
00077017
00077019
00077020
00077021
00077022
00077023
00077025
00077026
00077029
00077030
00077035
00077041
00077042
00077045
00077050
00077052
00077056
00077057
00077059
00077061
00077062
00077063
00077066
00077067
00077071
00077074
00077077
00077079
00077083
00077085
00077086
00077087
00077088
00077090
00077091
00077092
00077094
00077097
00077101
00077105
00077106
00077107
00077109
00077113
00077114
00077117
00077118
00077119
00077121
00077123
00077124
00077129
00077132
00077136
00077141
00077143
00077144
00077145
00077151
00077152
00077153
00077154
00077155
00077159
00077161
00077165
00077166
00077170
00077172
00077176
00077181
00077182
00077184
00077187
00077191
00077195
00077198
00077208
00077211
00077213
00077214
00077220
00077222
00077224
00077226
00077227
00077228
00077231
00077234
00077235
00077242
00077248
00077250
00077252
00077255
00077259
00077262
00077263
00077270
00077275
00077278
00077279
00077283
00077288
00077289
00077291
00077294
00077297
00077299
00077301
00077304
00077306
00077307
00077308
00077309
00077310
00077312
00077314
00077315
00077321
00077325
00077327
00077328
00077332
00077335
00077336
00077337
00077344
00077347
00077348
00077350
00077351
00077353
00077356
00077357
00077358
00077359
00077361
00077366
00077367
00077368
00077374
00077381
00077385
00077386
00077387
00077392
00077400
00077403
00077407
00077412
00077414
00077415
00077416
00077417
00077419
00077420
00077421
00077424
00077425
00077431
00077433
00077434
00077436
00077438
00077446
00077448
00077449
00077450
00077454
00077455
00077458
00077462
00077464
00077466
00077471
00077472
00077477
00077479
00077480
00077481
00077482
00077485
00077487
00077489
00077491
00077500
00077501
00077502
00077503
00077504
00077517
00077519
00077523
00077526
00077528
00077530
00077531
00077533
00077534
00077538
00077539
00077542
00077545
00077550
00077553
00077554
00077555
00077557
00077558
00077559
00077560
00077561
00077562
00077563
00077571
00077572
00077574
00077575
00077581
00077582
00077585
00077586
00077588
00077590
00077591
00077592
00077593
00077596
00077598
00077601
00077607
00077608
00077610
00077611
00077612
00077613
00077616
00077621
00077623
00077624
00077626
00077627
00077632
00077634
00077635
00077636
00077637
00077641
00077644
00077648
00077652
00077653
00077655
00077656
00077657
00077660
00077662
00077664
00077666
00077668
00077670
00077671
00077678
00077679
00077680
00077683
00077684
00077686
00077687
00077688
00077689
00077690
00077694
00077695
00077697
00077699
00077701
00077705
00077708
00077712
00077714
00077719
00077720
00077721
00077725
00077726
00077727
00077728
00077730
00077731
00077732
00077735
00077739
00077743
00077744
00077746
00077748
00077750
00077752
00077756
00077760
00077762
00077763
00077767
00077768
00077769
00077771
00077773
00077776
00077779
00077782
00077784
00077786
00077789
00077793
00077795
00077798
00077800
00077803
00077804
00077805
00077808
00077811
00077812
00077813
00077818
00077823
00077824
00077827
00077828
00077831
00077833
00077834
00077836
00077842
00077844
00077845
00077847
00077851
00077852
00077853
00077859
00077861
00077866
00077867
00077869
00077871
00077874
00077876
00077877
00077878
00077883
00077892
00077893
00077894
00077895
00077896
00077897
00077901
00077902
00077904
00077906
00077908
00077915
00077917
00077921
00077925
00077928
00077929
00077932
00077939
00077940
00077947
00077949
00077952
00077955
00077956
00077958
00077959
00077962
00077971
00077973
00077974
00077977
00077981
00077983
00077985
00077986
00077992
00077994
00077996
00077997
00077998
00078000
00078002
00078004
00078008
00078010
00078013
00078015
00078017
00078018
00078020
00078022
00078023
00078024
00078025
00078028
00078029
00078030
00078032
00078034
00078038
00078041
00078045
00078049
00078053
00078055
00078056
00078058
00078059
00078061
00078062
00078065
00078066
00078069
00078070
00078074
00078075
00078076
00078081
00078083
00078084
00078085
00078097
00078098
00078101
00078102
00078104
00078105
00078116
00078118
00078119
00078123
00078128
00078131
00078135
00078136
00078137
00078138
00078139
00078141
00078143
00078145
00078146
00078152
00078159
00078160
00078163
00078166
00078167
00078168
00078170
00078171
00078174
00078175
00078179
00078181
00078189
00078194
00078196
00078198
00078200
00078201
00078203
00078204
00078205
00078209
00078213
00078216
00078218
00078223
00078227
00078235
00078237
00078240
00078241
00078243
00078246
00078255
00078256
00078258
00078263
00078265
00078266
00078271
00078273
00078274
00078275
00078278
00078279
00078280
00078282
00078283
00078289
00078292
00078293
00078294
00078297
00078300
00078303
00078304
00078306
00078309
00078310
00078311
00078313
00078314
00078315
00078316
00078318
00078320
00078326
00078334
00078336
00078338
00078344
00078347
00078349
00078350
00078352
00078353
00078354
00078357
00078358
00078360
00078362
00078363
00078365
00078367
00078368
00078378
00078380
00078381
00078384
00078385
00078389
00078394
00078395
00078396
00078397
00078398
00078399
00078402
00078403
00078405
00078407
00078414
00078418
00078423
00078425
00078431
00078439
00078447
00078452
00078453
00078454
00078455
00078458
00078464
00078472
00078474
00078476
00078481
00078485
00078486
00078487
00078489
00078491
00078497
00078500
00078505
00078506
00078507
00078508
00078509
00078513
00078514
00078515
00078521
00078529
00078534
00078535
00078537
00078542
00078543
00078544
00078546
00078550
00078553
00078555
00078556
00078559
00078560
00078571
00078573
00078575
00078576
00078580
00078582
00078584
00078596
00078599
00078603
00078606
00078607
00078613
00078614
00078620
00078621
00078627
00078629
00078632
00078636
00078639
00078640
00078642
00078645
00078647
00078653
00078660
00078663
00078664
00078667
00078673
00078677
00078679
00078680
00078683
00078686
00078687
00078697
00078698
00078706
00078707
00078713
00078716
00078719
00078721
00078726
00078727
00078730
00078731
00078733
00078738
00078739
00078743
00078746
00078750
00078753
00078756
00078758
00078760
00078763
00078766
00078770
00078771
00078772
00078773
00078778
00078779
00078780
00078782
00078786
00078787
00078794
00078795
00078796
00078797
00078798
00078802
00078803
00078810
00078811
00078814
00078818
00078819
00078820
00078822
00078827
00078828
00078829
00078833
00078840
00078842
00078845
00078846
00078847
00078850
00078851
00078853
00078858
00078859
00078862
00078865
00078866
00078867
00078874
00078875
00078880
00078883
00078887
00078889
00078891
00078892
00078893
00078895
00078897
00078904
00078908
00078914
00078916
00078917
00078918
00078919
00078920
00078921
00078924
00078925
00078930
00078932
00078933
00078935
00078937
00078939
00078943
00078946
00078950
00078952
00078953
00078958
00078960
00078961
00078962
00078965
00078966
00078967
00078969
00078972
00078977
00078979
00078980
00078985
00078987
00078988
00078990
00078996
00078998
00078999
00079003
00079004
00079013
00079015
00079017
00079019
00079022
00079025
00079026
00079027
00079029
00079031
00079042
00079044
00079046
00079053
00079055
00079058
00079059
00079062
00079064
00079069
00079078
00079079
00079080
00079086
00079089
00079090
00079091
00079094
00079095
00079097
00079101
00079111
00079112
00079113
00079118
00079119
00079121
00079126
00079134
00079138
00079140
00079146
00079147
00079150
00079156
00079158
00079162
00079164
00079165
00079166
00079167
00079168
00079171
00079172
00079177
00079179
00079184
00079188
00079189
00079190
00079191
00079193
00079205
00079206
00079207
00079211
00079214
00079217
00079225
00079227
00079228
00079229
00079231
00079234
00079237
00079238
00079243
00079245
00079247
00079248
00079250
00079251
00079252
00079256
00079261
00079263
00079264
00079267
00079270
00079271
00079273
00079280
00079282
00079283
00079288
00079290
00079291
00079292
00079293
00079294
00079296
00079298
00079299
00079303
00079306
00079310
00079312
00079315
00079320
00079321
00079325
00079326
00079328
00079330
00079332
00079333
00079336
00079338
00079345
00079347
00079349
00079351
00079355
00079359
00079362
00079369
00079375
00079376
00079377
00079378
00079380
00079384
00079386
00079387
00079388
00079390
00079391
00079399
00079400
00079401
00079402
00079404
00079407
00079408
00079413
00079420
00079422
00079433
00079434
00079438
00079442
00079446
00079448
00079449
00079454
00079455
00079456
00079458
00079460
00079461
00079462
00079465
00079467
00079468
00079473
00079474
00079475
00079477
00079480
00079481
00079483
00079494
00079498
00079499
00079503
00079504
00079505
00079510
00079511
00079520
00079530
00079531
00079537
00079539
00079541
00079543
00079544
00079546
00079548
00079551
00079552
00079559
00079560
00079569
00079576
00079579
00079583
00079585
00079591
00079592
00079594
00079597
00079599
00079603
00079610
00079612
00079613
00079614
00079619
00079621
00079622
00079626
00079627
00079628
00079632
00079634
00079637
00079639
00079640
00079642
00079645
00079647
00079648
00079651
00079652
00079653
00079654
00079657
00079660
00079662
00079663
00079664
00079665
00079667
00079678
00079679
00079680
00079681
00079682
00079683
00079684
00079685
00079687
00079689
00079695
00079698
00079700
00079703
00079707
00079711
00079715
00079716
00079721
00079730
00079732
00079734
00079737
00079742
00079743
00079745
00079748
00079749
00079753
00079757
00079761
00079762
00079766
00079768
00079769
00079770
00079771
00079787
00079789
00079791
00079794
00079796
00079798
00079799
00079802
00079803
00079805
00079807
00079809
00079810
00079813
00079814
00079815
00079818
00079825
00079826
00079829
00079830
00079831
00079832
00079833
00079844
00079846
00079847
00079848
00079849
00079851
00079852
00079855
00079857
00079862
00079863
00079866
00079868
00079874
00079879
00079882
00079885
00079886
00079891
00079892
00079893
00079894
00079899
00079900
00079901
00079902
00079906
00079907
00079908
00079909
00079911
00079912
00079914
00079915
00079916
00079917
00079919
00079924
00079928
00079930
00079932
00079933
00079936
00079938
00079939
00079943
00079946
00079947
00079948
00079952
00079955
00079956
00079958
00079959
00079963
00079965
00079967
00079968
00079970
00079976
00079977
00079979
00079980
00079981
00079984
00079989
00079992
00079994
00079996
00079999
00080002
00080005
00080009
00080013
00080020
00080023
00080025
00080027
00080028
00080031
00080033
00080034
00080035
00080039
00080040
00080042
00080044
00080045
00080046
00080048
00080051
00080052
00080054
00080057
00080059
00080060
00080064
00080066
00080068
00080069
00080071
00080073
00080077
00080078
00080079
00080084
00080088
00080089
00080094
00080097
00080099
00080101
00080105
00080108
00080109
00080113
00080117
00080118
00080119
00080123
00080125
00080126
00080133
00080136
00080138
00080141
00080142
00080145
00080151
00080152
00080157
00080158
00080160
00080162
00080163
00080165
00080173
00080175
00080176
00080178
00080183
00080189
00080191
00080195
00080196
00080202
00080206
00080209
00080213
00080215
00080219
00080221
00080225
00080227
00080229
00080230
00080231
00080233
00080234
00080235
00080236
00080237
00080238
00080240
00080241
00080242
00080244
00080246
00080253
00080254
00080256
00080258
00080260
00080262
00080263
00080268
00080269
00080272
00080273
00080276
00080277
00080279
00080282
00080283
00080286
00080289
00080290
00080292
00080296
00080301
00080302
00080304
00080307
00080313
00080314
00080316
00080318
00080319
00080322
00080323
00080328
00080330
00080331
00080334
00080335
00080337
00080338
00080339
00080341
00080342
00080346
00080348
00080351
00080357
00080358
00080359
00080361
00080362
00080363
00080365
00080366
00080367
00080369
00080374
00080376
00080379
00080380
00080383
00080385
00080390
00080392
00080394
00080398
00080400
00080403
00080406
00080407
00080408
00080409
00080410
00080415
00080416
00080417
00080424
00080427
00080428
00080430
00080432
00080434
00080435
00080447
00080450
00080451
00080453
00080454
00080455
00080457
00080460
00080462
00080472
00080473
00080475
00080483
00080484
00080486
00080487
00080492
00080495
00080504
00080511
00080515
00080518
00080519
00080521
00080525
00080526
00080527
00080528
00080530
00080537
00080538
00080542
00080543
00080548
00080551
00080553
00080554
00080555
00080556
00080562
00080563
00080565
00080566
00080567
00080569
00080571
00080576
00080577
00080578
00080581
00080584
00080587
00080589
00080594
00080595
00080597
00080600
00080601
00080604
00080608
00080615
00080617
00080620
00080627
00080630
00080635
00080637
00080638
00080640
00080641
00080642
00080643
00080646
00080649
00080652
00080654
00080657
00080660
00080661
00080664
00080665
00080666
00080667
00080668
00080670
00080672
00080673
00080674
00080675
00080676
00080679
00080680
00080681
00080682
00080683
00080685
00080688
00080690
00080691
00080692
00080693
00080695
00080697
00080698
00080699
00080700
00080702
00080703
00080706
00080708
00080709
00080710
00080711
00080714
00080715
00080716
00080720
00080721
00080726
00080734
00080736
00080738
00080739
00080745
00080746
00080747
00080748
00080749
00080750
00080752
00080754
00080757
00080759
00080762
00080763
00080765
00080769
00080774
00080775
00080776
00080777
00080779
00080782
00080784
00080794
00080798
00080802
00080804
00080814
00080815
00080816
00080818
00080821
00080823
00080824
00080829
00080831
00080832
00080841
00080843
00080845
00080848
00080849
00080850
00080852
00080854
00080859
00080864
00080867
00080871
00080875
00080877
00080880
00080887
00080889
00080890
00080893
00080894
00080895
00080896
00080897
00080898
00080899
00080903
00080904
00080907
00080908
00080914
00080919
00080920
00080921
00080922
00080923
00080925
00080927
00080928
00080929
00080931
00080934
00080935
00080937
00080943
00080948
00080949
00080951
00080953
00080955
00080958
00080961
00080966
00080972
00080975
00080978
00080980
00080981
00080991
00080994
00080996
00080998
00080999
00081006
00081013
00081014
00081015
00081019
00081020
00081026
00081028
00081029
00081030
00081032
00081038
00081040
00081041
00081042
00081046
00081048
00081049
00081052
00081053
00081055
00081061
00081063
00081066
00081068
00081070
00081073
00081074
00081078
00081079
00081080
00081081
00081085
00081086
00081087
00081088
00081092
00081093
00081099
00081104
00081105
00081108
00081110
00081112
00081115
00081118
00081119
00081123
00081128
00081134
00081141
00081143
00081144
00081146
00081147
00081149
00081150
00081152
00081155
00081160
00081161
00081162
00081163
00081164
00081165
00081166
00081168
00081170
00081171
00081172
00081173
00081175
00081176
00081180
00081181
00081183
00081184
00081189
00081193
00081198
00081202
00081203
00081206
00081217
00081220
00081221
00081222
00081225
00081226
00081230
00081234
00081237
00081239
00081241
00081244
00081246
00081247
00081256
00081258
00081259
00081264
00081265
00081266
00081267
00081273
00081274
00081277
00081278
00081279
00081281
00081284
00081287
00081295
00081296
00081297
00081302
00081304
00081309
00081313
00081322
00081323
00081324
00081325
00081327
00081328
00081329
00081331
00081333
00081334
00081336
00081338
00081339
00081342
00081344
00081352
00081353
00081355
00081358
00081359
00081361
00081362
00081363
00081365
00081367
00081372
00081374
00081375
00081379
00081381
00081384
00081386
00081390
00081396
00081403
00081405
00081407
00081408
00081409
00081413
00081417
00081424
00081426
00081428
00081429
00081442
00081443
00081444
00081447
00081455
00081457
00081458
00081463
00081467
00081469
00081470
00081472
00081474
00081477
00081481
00081482
00081483
00081486
00081487
00081493
00081498
00081502
00081505
00081506
00081508
00081509
00081512
00081518
00081521
00081523
00081524
00081531
00081532
00081533
00081535
00081536
00081538
00081540
00081543
00081544
00081545
00081546
00081549
00081555
00081559
00081560
00081562
00081564
00081566
00081567
00081568
00081572
00081575
00081579
00081581
00081584
00081588
00081589
00081590
00081594
00081595
00081597
00081598
00081602
00081603
00081604
00081605
00081609
00081611
00081612
00081614
00081618
00081623
00081626
00081627
00081628
00081634
00081637
00081639
00081640
00081642
00081644
00081646
00081647
00081649
00081654
00081655
00081656
00081657
00081658
00081660
00081661
00081665
00081669
00081671
00081675
00081678
00081679
00081684
00081685
00081688
00081690
00081696
00081699
00081700
00081701
00081702
00081703
00081713
00081716
00081719
00081720
00081722
00081727
00081729
00081730
00081731
00081732
00081733
00081734
00081736
00081737
00081739
00081744
00081746
00081748
00081750
00081752
00081754
00081756
00081761
00081767
00081771
00081779
00081781
00081787
00081790
00081791
00081793
00081796
00081797
00081802
00081807
00081810
00081811
00081812
00081817
00081824
00081827
00081830
00081832
00081834
00081835
00081837
00081838
00081839
00081843
00081844
00081845
00081847
00081848
00081850
00081858
00081859
00081861
00081866
00081867
00081869
00081872
00081873
00081881
00081883
00081888
00081889
00081891
00081895
00081898
00081900
00081902
00081904
00081905
00081907
00081914
00081915
00081916
00081920
00081921
00081922
00081923
00081924
00081925
00081926
00081930
00081931
00081935
00081938
00081941
00081942
00081944
00081945
00081948
00081951
00081954
00081958
00081960
00081962
00081967
00081969
00081972
00081975
00081976
00081979
00081980
00081990
00081992
00081993
00081995
00081996
00081997
00082000
00082002
00082003
00082009
00082010
00082012
00082013
00082015
00082020
00082021
00082022
00082027
00082035
00082038
00082039
00082043
00082047
00082048
00082052
00082055
00082059
00082060
00082064
00082065
00082066
00082067
00082072
00082074
00082077
00082081
00082085
00082092
00082093
00082095
00082097
00082099
00082101
00082102
00082103
00082107
00082111
00082116
00082119
00082120
00082121
00082122
00082123
00082124
00082128
00082129
00082135
00082137
00082139
00082143
00082145
00082152
00082153
00082154
00082156
00082157
00082159
00082160
00082162
00082163
00082165
00082171
00082173
00082178
00082181
00082182
00082184
00082185
00082188
00082189
00082191
00082198
00082199
00082201
00082202
00082204
00082207
00082208
00082211
00082212
00082216
00082218
00082219
00082220
00082224
00082228
00082235
00082236
00082239
00082241
00082243
00082244
00082245
00082249
00082255
00082259
00082265
00082267
00082268
00082270
00082273
00082274
00082275
00082278
00082285
00082286
00082287
00082288
00082289
00082294
00082297
00082298
00082299
00082300
00082303
00082307
00082313
00082319
00082321
00082322
00082326
00082327
00082335
00082336
00082340
00082344
00082346
00082348
00082351
00082352
00082353
00082356
00082360
00082362
00082363
00082365
00082366
00082367
00082368
00082370
00082371
00082376
00082377
00082379
00082386
00082387
00082390
00082393
00082395
00082400
00082402
00082404
00082407
00082408
00082409
00082410
00082411
00082417
00082422
00082423
00082427
00082429
00082432
00082436
00082438
00082439
00082441
00082444
00082447
00082449
00082451
00082452
00082455
00082456
00082459
00082461
00082462
00082465
00082468
00082470
00082471
00082475
00082477
00082478
00082480
00082484
00082485
00082486
00082488
00082490
00082493
00082496
00082497
00082501
00082502
00082506
00082509
00082510
00082511
00082512
00082513
00082518
00082521
00082524
00082527
00082531
00082533
00082535
00082537
00082538
00082539
00082542
00082543
00082545
00082546
00082553
00082555
00082556
00082559
00082560
00082569
00082571
00082573
00082574
00082575
00082576
00082579
00082581
00082582
00082583
00082584
00082587
00082588
00082589
00082594
00082596
00082597
00082598
00082599
00082600
00082602
00082603
00082608
00082609
00082611
00082613
00082616
00082618
00082622
00082623
00082624
00082625
00082631
00082632
00082638
00082639
00082647
00082648
00082649
00082651
00082652
00082654
00082655
00082657
00082659
00082660
00082663
00082666
00082677
00082681
00082687
00082688
00082693
00082694
00082701
00082702
00082703
00082704
00082714
00082715
00082716
00082717
00082720
00082721
00082726
00082727
00082729
00082731
00082732
00082733
00082737
00082738
00082742
00082743
00082747
00082748
00082752
00082759
00082761
00082766
00082769
00082770
00082773
00082774
00082775
00082776
00082781
00082783
00082784
00082785
00082786
00082787
00082789
00082790
00082791
00082795
00082797
00082800
00082802
00082803
00082805
00082806
00082807
00082808
00082809
00082813
00082819
00082820
00082822
00082826
00082827
00082835
00082836
00082838
00082840
00082844
00082845
00082848
00082850
00082852
00082853
00082857
00082860
00082864
00082868
00082876
00082878
00082879
00082881
00082882
00082885
00082887
00082889
00082892
00082893
00082894
00082896
00082905
00082910
00082911
00082913
00082915
00082916
00082919
00082923
00082929
00082930
00082931
00082933
00082935
00082937
00082938
00082939
00082941
00082945
00082946
00082947
00082950
00082958
00082959
00082961
00082962
00082965
00082966
00082971
00082973
00082974
00082977
00082980
00082984
00082987
00082988
00082989
00082994
00082999
00083004
00083005
00083008
00083012
00083013
00083015
00083016
00083018
00083019
00083020
00083021
00083022
00083028
00083032
00083042
00083046
00083048
00083050
00083052
00083054
00083058
00083060
00083061
00083063
00083064
00083065
00083067
00083069
00083073
00083074
00083079
00083080
00083081
00083082
00083083
00083084
00083085
00083090
00083092
00083093
00083096
00083102
00083105
00083108
00083110
00083112
00083117
00083119
00083120
00083123
00083126
00083127
00083134
00083135
00083136
00083137
00083138
00083141
00083142
00083147
00083148
00083152
00083155
00083156
00083159
00083161
00083164
00083166
00083172
00083173
00083174
00083179
00083181
00083185
00083187
00083188
00083194
00083199
00083200
00083204
00083207
00083209
00083215
00083217
00083221
00083225
00083226
00083228
00083241
00083242
00083245
00083249
00083252
00083258
00083262
00083264
00083265
00083267
00083268
00083274
00083277
00083279
00083289
00083290
00083291
00083292
00083298
00083299
00083301
00083304
00083305
00083306
00083307
00083310
00083314
00083315
00083316
00083317
00083319
00083320
00083322
00083324
00083329
00083333
00083334
00083337
00083338
00083340
00083345
00083348
00083349
00083350
00083352
00083353
00083357
00083363
00083364
00083365
00083366
00083370
00083375
00083376
00083377
00083381
00083382
00083385
00083387
00083389
00083390
00083392
00083396
00083401
00083403
00083404
00083405
00083406
00083407
00083408
00083409
00083419
00083424
00083429
00083431
00083432
00083436
00083440
00083443
00083445
00083448
00083449
00083452
00083453
00083455
00083459
00083463
00083464
00083472
00083475
00083479
00083485
00083486
00083487
00083488
00083489
00083491
00083492
00083498
00083499
00083502
00083503
00083506
00083508
00083510
00083512
00083521
00083522
00083525
00083531
00083532
00083534
00083537
00083538
00083540
00083546
00083548
00083550
00083551
00083554
00083557
00083560
00083563
00083564
00083569
00083571
00083577
00083580
00083583
00083585
00083588
00083593
00083595
00083596
00083597
00083600
00083604
00083605
00083609
00083613
00083616
00083618
00083619
00083621
00083623
00083624
00083628
00083630
00083631
00083633
00083635
00083636
00083638
00083639
00083640
00083642
00083646
00083647
00083648
00083652
00083654
00083655
00083662
00083664
00083667
00083668
00083672
00083674
00083676
00083677
00083679
00083680
00083682
00083686
00083688
00083694
00083695
00083696
00083697
00083698
00083700
00083701
00083706
00083707
00083709
00083710
00083713
00083715
00083716
00083718
00083722
00083725
00083728
00083737
00083740
00083741
00083743
00083748
00083751
00083758
00083763
00083764
00083765
00083769
00083770
00083772
00083773
00083778
00083783
00083784
00083785
00083786
00083787
00083789
00083791
00083792
00083793
00083796
00083797
00083800
00083805
00083810
00083811
00083812
00083816
00083817
00083818
00083819
00083820
00083821
00083822
00083823
00083824
00083828
00083829
00083830
00083834
00083837
00083847
00083854
00083855
00083857
00083858
00083859
00083866
00083868
00083874
00083880
00083881
00083882
00083884
00083885
00083886
00083887
00083890
00083891
00083892
00083898
00083899
00083903
00083906
00083910
00083912
00083915
00083917
00083919
00083925
00083926
00083928
00083936
00083938
00083942
00083945
00083950
00083953
00083954
00083958
00083965
00083969
00083973
00083976
00083977
00083978
00083981
00083986
00083987
00083988
00083989
00083990
00083991
00083995
00083997
00083999
00084003
00084009
00084010
00084015
00084016
00084018
00084020
00084021
00084025
00084029
00084030
00084033
00084036
00084052
00084053
00084054
00084056
00084057
00084058
00084064
00084069
00084072
00084074
00084081
00084083
00084085
00084087
00084088
00084094
00084098
00084099
00084102
00084103
00084104
00084105
00084107
00084108
00084109
00084115
00084116
00084118
00084119
00084122
00084124
00084128
00084133
00084135
00084139
00084140
00084145
00084147
00084152
00084155
00084157
00084162
00084163
00084166
00084168
00084169
00084173
00084177
00084178
00084179
00084181
00084184
00084185
00084188
00084191
00084193
00084194
00084201
00084205
00084208
00084209
00084212
00084215
00084216
00084217
00084219
00084220
00084225
00084226
00084227
00084230
00084231
00084232
00084233
00084234
00084236
00084237
00084238
00084242
00084244
00084250
00084255
00084257
00084259
00084260
00084263
00084270
00084271
00084272
00084273
00084275
00084279
00084280
00084283
00084284
00084288
00084295
00084296
00084297
00084298
00084299
00084302
00084304
00084307
00084309
00084316
00084317
00084319
00084321
00084328
00084331
00084334
00084335
00084341
00084343
00084345
00084346
00084347
00084350
00084355
00084356
00084362
00084363
00084364
00084369
00084371
00084381
00084385
00084386
00084389
00084391
00084393
00084395
00084396
00084399
00084401
00084404
00084405
00084406
00084407
00084408
00084409
00084410
00084411
00084412
00084415
00084419
00084421
00084424
00084428
00084432
00084434
00084435
00084445
00084446
00084448
00084449
00084453
00084454
00084455
00084458
00084460
00084462
00084463
00084465
00084469
00084471
00084472
00084473
00084478
00084480
00084487
00084489
00084493
00084494
00084496
00084498
00084499
00084500
00084504
00084507
00084509
00084510
00084511
00084512
00084514
00084525
00084527
00084530
00084531
00084535
00084538
00084540
00084544
00084549
00084556
00084557
00084558
00084560
00084561
00084562
00084567
00084569
00084570
00084571
00084581
00084582
00084586
00084589
00084590
00084591
00084593
00084595
00084596
00084598
00084605
00084614
00084615
00084619
00084620
00084622
00084623
00084625
00084626
00084629
00084635
00084638
00084641
00084643
00084647
00084653
00084657
00084658
00084660
00084662
00084668
00084669
00084672
00084676
00084678
00084680
00084681
00084689
00084696
00084697
00084698
00084701
00084703
00084709
00084710
00084712
00084713
00084715
00084719
00084723
00084725
00084727
00084731
00084732
00084734
00084736
00084737
00084738
00084744
00084749
00084760
00084765
00084768
00084774
00084779
00084780
00084781
00084782
00084787
00084788
00084790
00084797
00084798
00084799
00084803
00084805
00084807
00084808
00084809
00084813
00084818
00084821
00084822
00084826
00084827
00084829
00084830
00084833
00084836
00084838
00084840
00084842
00084843
00084847
00084848
00084852
00084856
00084857
00084858
00084861
00084868
00084871
00084873
00084874
00084875
00084878
00084881
00084882
00084886
00084891
00084894
00084897
00084898
00084904
00084907
00084908
00084909
00084913
00084914
00084915
00084925
00084926
00084929
00084933
00084937
00084938
00084940
00084942
00084946
00084947
00084949
00084950
00084957
00084960
00084961
00084962
00084966
00084969
00084971
00084975
00084976
00084977
00084978
00084979
00084981
00084983
00084988
00084994
00084995
00085003
00085008
00085015
00085016
00085018
00085020
00085022
00085025
00085026
00085027
00085029
00085034
00085038
00085040
00085042
00085045
00085047
00085048
00085049
00085057
00085059
00085062
00085063
00085064
00085066
00085067
00085072
00085085
00085096
00085097
00085101
00085106
00085107
00085108
00085112
00085117
00085120
00085124
00085126
00085129
00085132
00085133
00085134
00085137
00085138
00085144
00085150
00085152
00085153
00085155
00085164
00085165
00085166
00085169
00085171
00085173
00085175
00085178
00085179
00085182
00085185
00085186
00085187
00085189
00085190
00085193
00085195
00085197
00085203
00085206
00085207
00085209
00085210
00085213
00085214
00085215
00085224
00085226
00085231
00085232
00085235
00085239
00085241
00085243
00085246
00085248
00085253
00085254
00085255
00085258
00085259
00085260
00085261
00085263
00085264
00085267
00085269
00085272
00085274
00085276
00085279
00085285
00085286
00085287
00085288
00085291
00085295
00085298
00085300
00085301
00085303
00085305
00085314
00085315
00085316
00085320
00085321
00085325
00085326
00085327
00085328
00085334
00085335
00085339
00085341
00085342
00085343
00085346
00085347
00085349
00085355
00085359
00085361
00085366
00085373
00085378
00085383
00085384
00085390
00085391
00085393
00085398
00085399
00085403
00085406
00085418
00085422
00085424
00085427
00085435
00085437
00085439
00085440
00085442
00085445
00085446
00085447
00085448
00085454
00085456
00085459
00085461
00085462
00085463
00085465
00085474
00085476
00085477
00085478
00085479
00085481
00085484
00085487
00085488
00085490
00085491
00085494
00085495
00085499
00085500
00085509
00085511
00085513
00085514
00085515
00085520
00085522
00085523
00085525
00085526
00085529
00085539
00085542
00085543
00085546
00085550
00085556
00085557
00085559
00085560
00085563
00085568
00085569
00085572
00085573
00085582
00085585
00085590
00085591
00085593
00085602
00085605
00085611
00085612
00085613
00085623
00085625
00085627
00085628
00085629
00085630
00085631
00085632
00085636
00085637
00085640
00085642
00085646
00085647
00085655
00085656
00085663
00085665
00085667
00085668
00085675
00085678
00085679
00085684
00085692
00085693
00085695
00085696
00085703
00085704
00085707
00085713
00085716
00085720
00085723
00085725
00085726
00085731
00085735
00085739
00085740
00085744
00085745
00085746
00085748
00085753
00085755
00085756
00085757
00085762
00085764
00085768
00085778
00085780
00085781
00085783
00085787
00085791
00085792
00085794
00085796
00085797
00085800
00085802
00085803
00085804
00085805
00085806
00085812
00085816
00085817
00085819
00085823
00085824
00085836
00085838
00085839
00085841
00085845
00085846
00085847
00085849
00085852
00085857
00085859
00085861
00085864
00085865
00085868
00085870
00085875
00085881
00085884
00085885
00085887
00085893
00085898
00085903
00085904
00085906
00085913
00085916
00085917
00085918
00085923
00085926
00085927
00085929
00085933
00085937
00085940
00085946
00085947
00085948
00085954
00085959
00085960
00085964
00085965
00085966
00085967
00085968
00085970
00085971
00085976
00085980
00085981
00085983
00085986
00085987
00085989
00085990
00085991
00085993
00085997
00085998
00086002
00086007
00086008
00086014
00086015
00086016
00086017
00086019
00086020
00086021
00086027
00086030
00086037
00086041
00086043
00086044
00086045
00086046
00086047
00086048
00086049
00086053
00086056
00086058
00086061
00086062
00086063
00086065
00086066
00086070
00086071
00086073
00086078
00086079
00086081
00086082
00086084
00086087
00086090
00086091
00086093
00086094
00086095
00086103
00086105
00086106
00086107
00086109
00086111
00086112
00086115
00086116
00086118
00086121
00086128
00086130
00086145
00086146
00086148
00086151
00086153
00086156
00086161
00086162
00086164
00086165
00086166
00086167
00086168
00086169
00086174
00086177
00086178
00086179
00086180
00086181
00086183
00086185
00086188
00086190
00086194
00086195
00086198
00086200
00086204
00086207
00086208
00086211
00086216
00086218
00086220
00086223
00086225
00086226
00086230
00086231
00086233
00086235
00086236
00086239
00086241
00086243
00086246
00086253
00086255
00086259
00086260
00086264
00086265
00086269
00086272
00086277
00086281
00086283
00086288
00086291
00086292
00086293
00086294
00086296
00086301
00086304
00086310
00086313
00086318
00086320
00086323
00086324
00086325
00086327
00086329
00086333
00086335
00086336
00086337
00086349
00086350
00086351
00086352
00086353
00086358
00086361
00086366
00086368
00086369
00086371
00086374
00086376
00086377
00086378
00086382
00086386
00086390
00086396
00086398
00086399
00086400
00086401
00086402
00086403
00086409
00086414
00086418
00086425
00086427
00086428
00086432
00086436
00086437
00086438
00086439
00086440
00086441
00086445
00086450
00086454
00086457
00086462
00086464
00086465
00086469
00086471
00086472
00086474
00086486
00086489
00086490
00086491
00086493
00086495
00086498
00086504
00086509
00086512
00086516
00086518
00086519
00086520
00086521
00086522
00086523
00086524
00086535
00086537
00086538
00086540
00086541
00086545
00086549
00086554
00086555
00086562
00086565
00086566
00086568
00086569
00086575
00086577
00086579
00086580
00086583
00086588
00086589
00086591
00086594
00086596
00086600
00086602
00086604
00086607
00086608
00086609
00086610
00086611
00086612
00086615
00086617
00086619
00086621
00086623
00086627
00086628
00086629
00086632
00086635
00086636
00086638
00086639
00086640
00086643
00086644
00086645
00086647
00086649
00086650
00086652
00086662
00086663
00086665
00086667
00086674
00086676
00086677
00086678
00086679
00086681
00086683
00086686
00086691
00086694
00086697
00086699
00086703
00086704
00086706
00086708
00086714
00086715
00086719
00086722
00086728
00086730
00086734
00086737
00086739
00086740
00086743
00086744
00086749
00086751
00086752
00086759
00086760
00086764
00086769
00086770
00086772
00086775
00086780
00086782
00086784
00086789
00086791
00086804
00086805
00086807
00086809
00086812
00086819
00086820
00086822
00086827
00086834
00086839
00086840
00086845
00086846
00086848
00086860
00086861
00086864
00086865
00086866
00086871
00086875
00086881
00086885
00086886
00086891
00086893
00086894
00086895
00086897
00086901
00086903
00086908
00086913
00086915
00086918
00086919
00086927
00086928
00086933
00086938
00086941
00086946
00086956
00086957
00086960
00086964
00086966
00086967
00086968
00086970
00086971
00086973
00086974
00086975
00086977
00086979
00086980
00086988
00086994
00086999
00087000
00087001
00087007
00087010
00087012
00087013
00087014
00087028
00087033
00087039
00087040
00087043
00087044
00087047
00087048
00087055
00087057
00087058
00087059
00087061
00087066
00087067
00087068
00087072
00087078
00087090
00087091
00087092
00087094
00087098
00087100
00087104
00087107
00087108
00087117
00087119
00087128
00087132
00087135
00087137
00087140
00087142
00087143
00087144
00087146
00087147
00087152
00087154
00087155
00087160
00087161
00087176
00087184
00087190
00087191
00087193
00087195
00087196
00087197
00087200
00087205
00087206
00087208
00087210
00087211
00087216
00087217
00087222
00087223
00087228
00087230
00087232
00087233
00087237
00087239
00087243
00087245
00087247
00087251
00087253
00087254
00087259
00087260
00087262
00087264
00087266
00087268
00087272
00087274
00087278
00087283
00087289
00087290
00087295
00087299
00087301
00087303
00087304
00087305
00087307
00087309
00087310
00087313
00087315
00087319
00087320
00087323
00087324
00087325
00087326
00087329
00087333
00087334
00087335
00087337
00087340
00087341
00087345
00087349
00087353
00087354
00087355
00087364
00087368
00087372
00087373
00087374
00087376
00087379
00087382
00087383
00087387
00087388
00087391
00087394
00087395
00087397
00087398
00087399
00087400
00087401
00087402
00087403
00087405
00087408
00087410
00087414
00087417
00087418
00087424
00087426
00087427
00087428
00087430
00087432
00087436
00087440
00087445
00087453
00087454
00087459
00087464
00087468
00087473
00087474
00087475
00087478
00087481
00087482
00087485
00087489
00087490
00087493
00087494
00087496
00087501
00087502
00087507
00087508
00087509
00087510
00087511
00087513
00087514
00087517
00087521
00087522
00087523
00087524
00087525
00087527
00087528
00087530
00087531
00087533
00087534
00087537
00087538
00087539
00087543
00087544
00087546
00087547
00087548
00087550
00087555
00087557
00087558
00087562
00087563
00087564
00087568
00087570
00087574
00087576
00087579
00087581
00087586
00087587
00087591
00087596
00087598
00087599
00087602
00087604
00087607
00087610
00087611
00087612
00087615
00087617
00087618
00087619
00087627
00087629
00087632
00087637
00087638
00087639
00087640
00087641
00087645
00087648
00087649
00087652
00087655
00087657
00087658
00087664
00087665
00087666
00087669
00087671
00087672
00087674
00087676
00087677
00087683
00087686
00087687
00087692
00087693
00087694
00087697
00087698
00087700
00087703
00087704
00087710
00087712
00087713
00087714
00087718
00087719
00087721
00087728
00087729
00087731
00087733
00087734
00087735
00087736
00087738
00087743
00087746
00087749
00087750
00087753
00087755
00087756
00087759
00087761
00087769
00087772
00087775
00087776
00087777
00087778
00087779
00087784
00087785
00087788
00087790
00087796
00087804
00087805
00087807
00087808
00087809
00087814
00087816
00087817
00087825
00087829
00087833
00087834
00087837
00087838
00087842
00087843
00087844
00087847
00087852
00087853
00087854
00087855
00087857
00087858
00087859
00087862
00087863
00087866
00087872
00087878
00087883
00087886
00087888
00087898
00087900
00087906
00087907
00087908
00087910
00087912
00087913
00087915
00087917
00087918
00087926
00087928
00087931
00087932
00087934
00087935
00087936
00087941
00087945
00087948
00087950
00087951
00087952
00087953
00087955
00087957
00087960
00087963
00087965
00087966
00087968
00087969
00087970
00087971
00087972
00087976
00087977
00087979
00087980
00087981
00087982
00087983
00087990
00087995
00088007
00088012
00088016
00088022
00088025
00088026
00088030
00088031
00088033
00088037
00088043
00088046
00088048
00088049
00088051
00088053
00088056
00088059
00088060
00088062
00088063
00088064
00088066
00088070
00088072
00088079
00088083
00088084
00088085
00088088
00088089
00088098
00088099
00088107
00088108
00088125
00088127
00088131
00088132
00088138
00088142
00088145
00088149
00088152
00088155
00088156
00088163
00088165
00088169
00088171
00088174
00088176
00088179
00088184
00088189
00088192
00088193
00088196
00088199
00088202
00088203
00088204
00088206
00088213
00088222
00088224
00088225
00088228
00088229
00088230
00088240
00088241
00088243
00088244
00088245
00088249
00088250
00088251
00088255
00088256
00088257
00088258
00088260
00088261
00088263
00088264
00088266
00088271
00088274
00088275
00088276
00088280
00088283
00088284
00088287
00088288
00088290
00088291
00088294
00088295
00088296
00088299
00088300
00088303
00088306
00088307
00088308
00088313
00088316
00088317
00088318
00088319
00088321
00088323
00088325
00088329
00088330
00088331
00088334
00088337
00088338
00088340
00088343
00088345
00088346
00088350
00088351
00088352
00088357
00088359
00088360
00088361
00088362
00088366
00088373
00088374
00088375
00088379
00088380
00088383
00088389
00088400
00088403
00088406
00088407
00088408
00088409
00088411
00088412
00088418
00088421
00088422
00088425
00088426
00088427
00088428
00088429
00088431
00088435
00088437
00088441
00088443
00088444
00088448
00088450
00088453
00088455
00088456
00088459
00088460
00088461
00088464
00088466
00088467
00088468
00088469
00088470
00088471
00088476
00088479
00088480
00088483
00088491
00088492
00088495
00088496
00088500
00088501
00088504
00088505
00088506
00088508
00088511
00088514
00088515
00088516
00088518
00088521
00088525
00088530
00088532
00088534
00088535
00088539
00088540
00088541
00088544
00088548
00088550
00088551
00088555
00088556
00088557
00088561
00088563
00088564
00088566
00088567
00088572
00088575
00088578
00088580
00088583
00088586
00088589
00088592
00088598
00088599
00088610
00088615
00088622
00088623
00088627
00088631
00088632
00088638
00088640
00088647
00088649
00088652
00088657
00088658
00088659
00088662
00088670
00088675
00088676
00088677
00088678
00088679
00088683
00088684
00088687
00088692
00088694
00088697
00088699
00088703
00088707
00088708
00088716
00088718
00088720
00088727
00088728
00088730
00088731
00088733
00088734
00088735
00088738
00088740
00088750
00088752
00088753
00088754
00088755
00088757
00088760
00088763
00088764
00088766
00088770
00088773
00088774
00088775
00088778
00088780
00088785
00088787
00088790
00088792
00088798
00088802
00088803
00088804
00088806
00088808
00088809
00088810
00088811
00088812
00088815
00088817
00088824
00088826
00088828
00088831
00088834
00088838
00088841
00088849
00088851
00088852
00088855
00088856
00088860
00088861
00088867
00088870
00088875
00088876
00088877
00088878
00088879
00088881
00088882
00088883
00088885
00088888
00088889
00088891
00088896
00088897
00088898
00088900
00088901
00088902
00088906
00088908
00088909
00088912
00088914
00088919
00088922
00088924
00088926
00088928
00088931
00088932
00088936
00088937
00088941
00088949
00088952
00088953
00088956
00088957
00088958
00088961
00088962
00088967
00088968
00088969
00088970
00088972
00088983
00088984
00088985
00088987
00088988
00088990
00088991
00088992
00088998
00089001
00089002
00089005
00089008
00089009
00089013
00089015
00089016
00089018
00089019
00089024
00089025
00089029
00089034
00089039
00089040
00089041
00089042
00089043
00089044
00089045
00089047
00089050
00089051
00089054
00089055
00089056
00089058
00089059
00089060
00089064
00089066
00089067
00089070
00089071
00089075
00089078
00089079
00089081
00089082
00089091
00089092
00089094
00089095
00089096
00089097
00089100
00089101
00089107
00089110
00089111
00089121
00089122
00089124
00089130
00089131
00089134
00089136
00089139
00089142
00089144
00089147
00089148
00089149
00089150
00089153
00089154
00089155
00089157
00089162
00089171
00089175
00089176
00089178
00089181
00089182
00089184
00089186
00089187
00089189
00089192
00089194
00089198
00089200
00089202
00089203
00089204
00089207
00089214
00089215
00089220
00089222
00089224
00089225
00089227
00089229
00089233
00089234
00089241
00089242
00089243
00089244
00089245
00089254
00089256
00089257
00089259
00089264
00089267
00089268
00089269
00089271
00089272
00089278
00089280
00089283
00089285
00089287
00089288
00089290
00089293
00089296
00089298
00089299
00089305
00089310
00089311
00089313
00089315
00089319
00089321
00089323
00089324
00089327
00089328
00089329
00089331
00089332
00089336
00089337
00089339
00089344
00089346
00089351
00089357
00089359
00089363
00089367
00089372
00089373
00089375
00089378
00089380
00089382
00089388
00089401
00089404
00089407
00089408
00089410
00089421
00089423
00089426
00089427
00089429
00089430
00089432
00089434
00089437
00089442
00089443
00089444
00089447
00089452
00089454
00089455
00089456
00089457
00089458
00089461
00089463
00089466
00089467
00089473
00089474
00089476
00089483
00089484
00089485
00089486
00089491
00089494
00089515
00089517
00089518
00089522
00089524
00089529
00089534
00089535
00089541
00089542
00089545
00089547
00089551
00089558
00089559
00089561
00089565
00089566
00089568
00089573
00089579
00089580
00089581
00089583
00089585
00089587
00089592
00089598
00089600
00089606
00089607
00089609
00089610
00089611
00089614
00089619
00089620
00089622
00089623
00089624
00089625
00089626
00089633
00089636
00089640
00089644
00089645
00089646
00089648
00089649
00089650
00089654
00089658
00089659
00089664
00089665
00089667
00089668
00089670
00089680
00089681
00089682
00089686
00089687
00089695
00089698
00089700
00089706
00089708
00089709
00089710
00089713
00089716
00089720
00089721
00089722
00089723
00089728
00089729
00089732
00089733
00089734
00089736
00089740
00089742
00089745
00089752
00089753
00089754
00089755
00089759
00089760
00089762
00089763
00089765
00089767
00089770
00089771
00089772
00089777
00089779
00089785
00089788
00089791
00089792
00089794
00089796
00089797
00089798
00089801
00089803
00089804
00089807
00089808
00089810
00089814
00089817
00089820
00089822
00089823
00089826
00089830
00089839
00089840
00089844
00089846
00089847
00089849
00089852
00089853
00089859
00089865
00089875
00089883
00089888
00089889
00089894
00089895
00089896
00089907
00089910
00089916
00089918
00089919
00089920
00089922
00089923
00089926
00089929
00089930
00089941
00089942
00089945
00089946
00089947
00089949
00089954
00089955
00089957
00089964
00089966
00089971
00089975
00089978
00089986
00089992
00089997
00089999
00090000
00090001
00090002
00090003
00090006
00090008
00090009
00090011
00090013
00090014
00090015
00090017
00090019
00090020
00090021
00090022
00090023
00090029
00090031
00090032
00090034
00090035
00090041
00090043
00090045
00090047
00090048
00090051
00090055
00090058
00090064
00090065
00090069
00090070
00090071
00090073
00090075
00090078
00090079
00090083
00090084
00090087
00090090
00090092
00090100
00090102
00090103
00090104
00090106
00090107
00090114
00090116
00090117
00090120
00090122
00090125
00090127
00090128
00090129
00090131
00090133
00090135
00090139
00090148
00090151
00090157
00090158
00090159
00090160
00090166
00090173
00090175
00090177
00090178
00090181
00090182
00090183
00090184
00090185
00090186
00090188
00090189
00090190
00090191
00090193
00090195
00090198
00090200
00090201
00090209
00090214
00090217
00090218
00090219
00090220
00090221
00090223
00090225
00090227
00090228
00090232
00090242
00090243
00090246
00090248
00090251
00090252
00090256
00090260
00090262
00090263
00090267
00090270
00090276
00090277
00090278
00090282
00090286
00090287
00090289
00090290
00090295
00090300
00090301
00090302
00090304
00090305
00090306
00090307
00090309
00090311
00090313
00090314
00090317
00090318
00090320
00090321
00090322
00090325
00090327
00090328
00090331
00090332
00090334
00090336
00090338
00090345
00090352
00090355
00090356
00090357
00090361
00090363
00090364
00090373
00090375
00090377
00090379
00090380
00090381
00090386
00090387
00090388
00090390
00090391
00090392
00090401
00090403
00090404
00090407
00090409
00090413
00090415
00090419
00090421
00090423
00090425
00090426
00090428
00090432
00090434
00090435
00090438
00090442
00090446
00090450
00090451
00090454
00090458
00090460
00090461
00090467
00090469
00090470
00090471
00090472
00090477
00090481
00090482
00090484
00090486
00090487
00090494
00090495
00090496
00090499
00090502
00090503
00090504
00090509
00090511
00090519
00090520
00090521
00090529
00090532
00090535
00090536
00090537
00090538
00090541
00090545
00090546
00090550
00090555
00090556
00090559
00090560
00090563
00090565
00090568
00090573
00090576
00090581
00090582
00090584
00090588
00090593
00090597
00090598
00090603
00090605
00090607
00090613
00090616
00090619
00090621
00090622
00090623
00090624
00090625
00090627
00090628
00090630
00090631
00090636
00090639
00090640
00090646
00090655
00090657
00090660
00090666
00090669
00090670
00090671
00090675
00090678
00090680
00090682
00090683
00090684
00090687
00090688
00090690
00090691
00090693
00090700
00090702
00090703
00090704
00090705
00090708
00090709
00090711
00090713
00090714
00090716
00090721
00090724
00090726
00090728
00090730
00090736
00090737
00090743
00090746
00090748
00090749
00090751
00090753
00090754
00090755
00090756
00090757
00090760
00090761
00090763
00090764
00090765
00090767
00090769
00090770
00090771
00090772
00090773
00090779
00090785
00090787
00090790
00090796
00090797
00090798
00090800
00090801
00090802
00090806
00090808
00090809
00090811
00090813
00090814
00090817
00090820
00090822
00090833
00090835
00090836
00090838
00090839
00090843
00090844
00090845
00090846
00090848
00090849
00090851
00090854
00090859
00090863
00090867
00090874
00090875
00090876
00090878
00090881
00090882
00090884
00090886
00090887
00090889
00090890
00090892
00090893
00090894
00090896
00090898
00090903
00090904
00090905
00090906
00090908
00090917
00090919
00090935
00090938
00090941
00090949
00090953
00090958
00090959
00090960
00090963
00090965
00090966
00090968
00090973
00090975
00090979
00090982
00090983
00090984
00090986
00090989
00090990
00090995
00090996
00090997
00090998
00090999
00091001
00091003
00091009
00091010
00091012
00091013
00091021
00091023
00091024
00091025
00091026
00091027
00091030
00091033
00091037
00091040
00091042
00091043
00091044
00091051
00091052
00091058
00091059
00091061
00091063
00091064
00091065
00091066
00091068
00091069
00091081
00091082
00091083
00091089
00091090
00091092
00091095
00091097
00091098
00091100
00091102
00091103
00091107
00091109
00091110
00091111
00091115
00091116
00091117
00091119
00091122
00091124
00091135
00091137
00091139
00091142
00091143
00091146
00091149
00091152
00091155
00091156
00091160
00091161
00091162
00091167
00091168
00091169
00091171
00091172
00091177
00091178
00091179
00091181
00091182
00091183
00091184
00091185
00091193
00091194
00091201
00091202
00091203
00091204
00091206
00091208
00091213
00091219
00091223
00091224
00091226
00091227
00091230
00091232
00091241
00091244
00091246
00091249
00091257
00091258
00091261
00091262
00091265
00091267
00091269
00091272
00091273
00091274
00091275
00091277
00091280
00091282
00091283
00091284
00091285
00091286
00091290
00091291
00091293
00091294
00091300
00091304
00091309
00091315
00091318
00091319
00091323
00091324
00091329
00091330
00091331
00091332
00091336
00091339
00091340
00091342
00091343
00091344
00091346
00091348
00091351
00091356
00091358
00091360
00091365
00091369
00091374
00091375
00091378
00091383
00091384
00091388
00091390
00091393
00091397
00091401
00091408
00091410
00091413
00091415
00091416
00091417
00091418
00091423
00091426
00091429
00091433
00091434
00091436
00091438
00091440
00091444
00091445
00091447
00091448
00091449
00091450
00091452
00091456
00091458
00091462
00091463
00091468
00091471
00091479
00091486
00091487
00091488
00091492
00091494
00091495
00091497
00091503
00091504
00091505
00091506
00091508
00091510
00091511
00091513
00091516
00091517
00091518
00091519
00091528
00091531
00091532
00091534
00091535
00091542
00091543
00091552
00091557
00091559
00091560
00091567
00091568
00091570
00091571
00091572
00091573
00091575
00091579
00091581
00091582
00091583
00091585
00091586
00091588
00091591
00091592
00091594
00091595
00091597
00091602
00091603
00091609
00091614
00091621
00091623
00091626
00091633
00091634
00091635
00091638
00091640
00091641
00091643
00091646
00091647
00091650
00091652
00091655
00091656
00091657
00091660
00091662
00091663
00091664
00091667
00091669
00091670
00091675
00091676
00091681
00091682
00091685
00091686
00091692
00091694
00091695
00091697
00091700
00091704
00091707
00091709
00091713
00091715
00091716
00091717
00091719
00091720
00091725
00091729
00091731
00091732
00091735
00091736
00091741
00091743
00091745
00091748
00091751
00091755
00091761
00091764
00091765
00091768
00091772
00091774
00091779
00091780
00091782
00091784
00091785
00091786
00091790
00091791
00091792
00091799
00091801
00091803
00091805
00091810
00091818
00091820
00091822
00091824
00091825
00091826
00091827
00091831
00091839
00091840
00091842
00091845
00091848
00091850
00091863
00091864
00091866
00091870
00091871
00091872
00091873
00091875
00091877
00091881
00091883
00091884
00091887
00091890
00091895
00091898
00091904
00091905
00091908
00091909
00091910
00091913
00091915
00091916
00091930
00091931
00091933
00091935
00091941
00091943
00091944
00091952
00091958
00091959
00091966
00091971
00091972
00091973
00091975
00091978
00091980
00091981
00091982
00091985
00091991
00091995
00091998
00092001
00092010
00092013
00092014
00092016
00092020
00092022
00092023
00092025
00092029
00092031
00092034
00092035
00092037
00092040
00092042
00092045
00092047
00092048
00092050
00092052
00092053
00092054
00092059
00092062
00092063
00092068
00092070
00092072
00092073
00092074
00092089
00092090
00092093
00092095
00092096
00092099
00092101
00092105
00092106
00092109
00092113
00092118
00092119
00092128
00092136
00092139
00092142
00092143
00092144
00092145
00092147
00092153
00092156
00092161
00092164
00092168
00092170
00092172
00092173
00092174
00092176
00092178
00092179
00092180
00092181
00092183
00092185
00092190
00092193
00092195
00092196
00092197
00092201
00092204
00092205
00092207
00092212
00092216
00092217
00092229
00092231
00092233
00092234
00092235
00092239
00092246
00092250
00092257
00092258
00092260
00092263
00092266
00092268
00092270
00092271
00092274
00092282
00092283
00092284
00092287
00092290
00092292
00092294
00092296
00092297
00092301
00092303
00092305
00092308
00092313
00092314
00092316
00092318
00092321
00092322
00092326
00092331
00092336
00092337
00092338
00092340
00092348
00092352
00092355
00092357
00092358
00092363
00092373
00092376
00092378
00092383
00092385
00092387
00092388
00092389
00092390
00092391
00092395
00092396
00092397
00092398
00092403
00092404
00092405
00092406
00092407
00092408
00092412
00092414
00092421
00092423
00092428
00092429
00092430
00092438
00092440
00092442
00092445
00092446
00092448
00092450
00092451
00092453
00092458
00092459
00092460
00092462
00092463
00092464
00092465
00092466
00092469
00092471
00092472
00092476
00092478
00092480
00092481
00092482
00092484
00092488
00092490
00092493
00092496
00092498
00092499
00092501
00092502
00092504
00092506
00092511
00092513
00092518
00092520
00092525
00092526
00092527
00092529
00092530
00092531
00092533
00092534
00092536
00092537
00092538
00092539
00092544
00092545
00092547
00092551
00092553
00092557
00092558
00092561
00092565
00092569
00092570
00092572
00092573
00092577
00092578
00092586
00092590
00092591
00092596
00092600
00092602
00092603
00092609
00092611
00092614
00092615
00092617
00092618
00092620
00092622
00092625
00092630
00092631
00092634
00092636
00092638
00092639
00092641
00092642
00092643
00092648
00092649
00092651
00092654
00092657
00092658
00092663
00092664
00092667
00092670
00092671
00092672
00092673
00092674
00092675
00092676
00092682
00092683
00092684
00092685
00092687
00092691
00092692
00092700
00092702
00092707
00092710
00092711
00092712
00092713
00092714
00092716
00092717
00092718
00092719
00092720
00092724
00092731
00092732
00092735
00092736
00092737
00092741
00092742
00092747
00092750
00092756
00092757
00092758
00092761
00092762
00092763
00092765
00092768
00092769
00092770
00092771
00092774
00092776
00092779
00092781
00092786
00092788
00092790
00092794
00092802
00092803
00092805
00092808
00092809
00092812
00092824
00092826
00092829
00092831
00092832
00092834
00092837
00092839
00092840
00092843
00092846
00092849
00092856
00092858
00092859
00092865
00092870
00092871
00092876
00092877
00092880
00092883
00092884
00092885
00092886
00092887
00092890
00092895
00092897
00092903
00092906
00092907
00092911
00092914
00092915
00092916
00092917
00092919
00092922
00092926
00092927
00092931
00092942
00092950
00092955
00092957
00092962
00092964
00092967
00092968
00092969
00092970
00092971
00092974
00092976
00092977
00092986
00092989
00092996
00093005
00093006
00093008
00093009
00093011
00093013
00093014
00093017
00093018
00093020
00093024
00093032
00093034
00093035
00093038
00093040
00093042
00093045
00093049
00093052
00093057
00093058
00093062
00093067
00093068
00093070
00093072
00093073
00093075
00093079
00093080
00093082
00093083
00093084
00093090
00093096
00093098
00093099
00093100
00093105
00093108
00093110
00093111
00093113
00093117
00093130
00093132
00093136
00093139
00093140
00093153
00093157
00093159
00093160
00093164
00093173
00093175
00093177
00093179
00093183
00093185
00093186
00093191
00093192
00093194
00093195
00093197
00093198
00093199
00093200
00093201
00093203
00093204
00093206
00093210
00093211
00093214
00093222
00093225
00093227
00093233
00093234
00093235
00093237
00093239
00093240
00093242
00093243
00093246
00093254
00093255
00093256
00093260
00093262
00093263
00093266
00093267
00093276
00093280
00093284
00093285
00093288
00093292
00093294
00093299
00093302
00093303
00093304
00093305
00093307
00093313
00093314
00093315
00093317
00093318
00093320
00093321
00093327
00093329
00093334
00093336
00093338
00093342
00093343
00093344
00093349
00093351
00093356
00093357
00093362
00093367
00093370
00093372
00093374
00093375
00093377
00093378
00093379
00093381
00093383
00093385
00093388
00093390
00093391
00093392
00093393
00093398
00093399
00093400
00093401
00093402
00093403
00093404
00093413
00093417
00093418
00093420
00093424
00093425
00093426
00093432
00093433
00093435
00093439
00093442
00093443
00093444
00093446
00093456
00093457
00093458
00093460
00093461
00093465
00093466
00093467
00093469
00093471
00093479
00093490
00093491
00093504
00093508
00093509
00093511
00093514
00093516
00093526
00093529
00093530
00093533
00093535
00093536
00093537
00093541
00093542
00093544
00093549
00093552
00093553
00093555
00093563
00093564
00093567
00093570
00093571
00093572
00093574
00093575
00093578
00093579
00093580
00093583
00093584
00093585
00093588
00093591
00093592
00093593
00093599
00093600
00093601
00093603
00093607
00093608
00093610
00093611
00093619
00093621
00093625
00093626
00093628
00093631
00093632
00093634
00093639
00093641
00093644
00093645
00093648
00093649
00093657
00093658
00093667
00093675
00093676
00093677
00093678
00093684
00093685
00093687
00093688
00093694
00093699
00093707
00093720
00093722
00093724
00093727
00093729
00093740
00093744
00093746
00093753
00093755
00093757
00093759
00093764
00093767
00093769
00093770
00093771
00093773
00093779
00093781
00093782
00093783
00093784
00093789
00093793
00093794
00093797
00093799
00093801
00093804
00093809
00093810
00093814
00093815
00093820
00093824
00093827
00093828
00093835
00093836
00093838
00093841
00093844
00093847
00093848
00093851
00093854
00093860
00093863
00093869
00093873
00093877
00093878
00093880
00093888
00093890
00093891
00093895
00093902
00093904
00093906
00093907
00093910
00093914
00093915
00093917
00093919
00093921
00093922
00093924
00093925
00093926
00093927
00093930
00093931
00093932
00093933
00093934
00093935
00093937
00093939
00093940
00093941
00093943
00093949
00093950
00093953
00093956
00093958
00093960
00093963
00093964
00093967
00093969
00093971
00093974
00093982
00093987
00093988
00093989
00093993
00093995
00094000
00094003
00094006
00094009
00094014
00094016
00094017
00094019
00094020
00094021
00094024
00094026
00094031
00094033
00094042
00094043
00094044
00094056
00094058
00094060
00094061
00094063
00094065
00094066
00094067
00094068
00094069
00094073
00094075
00094079
00094081
00094085
00094087
00094088
00094093
00094094
00094095
00094099
00094100
00094101
00094106
00094108
00094109
00094110
00094113
00094114
00094115
00094116
00094120
00094121
00094123
00094125
00094126
00094127
00094128
00094129
00094130
00094134
00094138
00094139
00094141
00094144
00094146
00094148
00094149
00094151
00094154
00094155
00094156
00094157
00094159
00094163
00094168
00094177
00094188
00094189
00094191
00094192
00094197
00094198
00094199
00094202
00094204
00094205
00094212
00094215
00094216
00094217
00094218
00094224
00094225
00094227
00094231
00094236
00094239
00094240
00094241
00094244
00094245
00094246
00094247
00094251
00094252
00094254
00094255
00094258
00094261
00094263
00094267
00094272
00094273
00094275
00094277
00094278
00094287
00094288
00094293
00094296
00094297
00094300
00094301
00094302
00094304
00094306
00094307
00094311
00094323
00094335
00094338
00094340
00094342
00094344
00094348
00094350
00094355
00094356
00094362
00094364
00094371
00094372
00094374
00094376
00094377
00094379
00094381
00094384
00094387
00094389
00094391
00094395
00094396
00094399
00094400
00094403
00094404
00094407
00094408
00094409
00094411
00094417
00094425
00094426
00094427
00094428
00094429
00094432
00094433
00094436
00094437
00094439
00094440
00094442
00094443
00094447
00094448
00094449
00094451
00094457
00094458
00094460
00094463
00094466
00094469
00094470
00094471
00094475
00094476
00094477
00094478
00094479
00094480
00094481
00094484
00094485
00094489
00094490
00094495
00094498
00094499
00094502
00094503
00094504
00094506
00094510
00094511
00094513
00094516
00094520
00094524
00094533
00094535
00094539
00094541
00094542
00094543
00094545
00094546
00094547
00094550
00094551
00094552
00094556
00094557
00094560
00094563
00094565
00094566
00094567
00094570
00094572
00094575
00094579
00094580
00094582
00094583
00094587
00094589
00094590
00094592
00094593
00094595
00094596
00094597
00094598
00094601
00094603
00094607
00094612
00094613
00094614
00094618
00094622
00094623
00094625
00094627
00094628
00094629
00094630
00094631
00094637
00094638
00094645
00094647
00094650
00094651
00094652
00094655
00094658
00094659
00094661
00094667
00094670
00094681
00094683
00094685
00094686
00094687
00094688
00094701
00094706
00094708
00094710
00094711
00094712
00094716
00094718
00094719
00094722
00094723
00094737
00094738
00094739
00094743
00094745
00094746
00094747
00094750
00094751
00094752
00094753
00094758
00094760
00094762
00094763
00094765
00094768
00094769
00094771
00094778
00094783
00094788
00094790
00094791
00094792
00094794
00094796
00094799
00094800
00094802
00094804
00094807
00094815
00094816
00094820
00094821
00094822
00094823
00094824
00094825
00094827
00094832
00094834
00094835
00094837
00094838
00094843
00094845
00094846
00094850
00094852
00094855
00094857
00094858
00094859
00094860
00094861
00094863
00094864
00094867
00094870
00094871
00094872
00094873
00094875
00094879
00094881
00094883
00094884
00094886
00094887
00094888
00094890
00094891
00094893
00094895
00094896
00094897
00094898
00094899
00094900
00094902
00094904
00094908
00094909
00094913
00094915
00094916
00094918
00094919
00094924
00094925
00094926
00094929
00094934
00094936
00094937
00094939
00094940
00094943
00094945
00094946
00094948
00094952
00094954
00094957
00094958
00094960
00094961
00094962
00094969
00094970
00094973
00094979
00094983
00094985
00094987
00094990
00094994
00095002
00095003
00095004
00095005
00095009
00095010
00095013
00095020
00095021
00095026
00095029
00095031
00095035
00095042
00095048
00095049
00095050
00095056
00095060
00095062
00095071
00095075
00095076
00095077
00095080
00095083
00095085
00095086
00095087
00095088
00095089
00095095
00095097
00095100
00095101
00095102
00095107
00095109
00095110
00095112
00095114
00095115
00095116
00095118
00095121
00095122
00095127
00095131
00095132
00095135
00095136
00095138
00095152
00095155
00095158
00095160
00095161
00095163
00095167
00095170
00095171
00095181
00095185
00095188
00095190
00095191
00095198
00095202
00095204
00095207
00095211
00095212
00095214
00095216
00095218
00095219
00095222
00095223
00095228
00095230
00095237
00095240
00095247
00095249
00095258
00095260
00095263
00095266
00095268
00095269
00095270
00095271
00095274
00095275
00095278
00095279
00095280
00095282
00095286
00095290
00095292
00095296
00095297
00095298
00095302
00095303
00095304
00095305
00095309
00095310
00095315
00095317
00095318
00095323
00095324
00095327
00095329
00095336
00095337
00095341
00095343
00095348
00095350
00095351
00095353
00095354
00095355
00095356
00095358
00095362
00095367
00095370
00095374
00095375
00095376
00095381
00095383
00095386
00095391
00095394
00095396
00095397
00095402
00095410
00095412
00095414
00095416
00095417
00095421
00095422
00095423
00095424
00095425
00095429
00095435
00095436
00095438
00095439
00095442
00095443
00095445
00095447
00095449
00095450
00095456
00095458
00095459
00095467
00095469
00095472
00095478
00095480
00095483
00095484
00095489
00095490
00095491
00095497
00095498
00095500
00095504
00095508
00095509
00095510
00095511
00095513
00095520
00095523
00095527
00095528
00095529
00095531
00095532
00095533
00095535
00095536
00095539
00095541
00095542
00095550
00095552
00095553
00095555
00095556
00095557
00095559
00095561
00095567
00095574
00095576
00095577
00095579
00095581
00095583
00095584
00095586
00095587
00095592
00095596
00095597
00095601
00095603
00095605
00095606
00095609
00095610
00095611
00095615
00095616
00095618
00095621
00095630
00095637
00095638
00095641
00095644
00095645
00095647
00095651
00095652
00095660
00095670
00095671
00095673
00095675
00095680
00095684
00095689
00095695
00095698
00095706
00095712
00095715
00095716
00095718
00095720
00095721
00095722
00095723
00095724
00095725
00095729
00095731
00095732
00095735
00095737
00095741
00095742
00095743
00095749
00095752
00095753
00095754
00095756
00095757
00095759
00095760
00095764
00095765
00095767
00095768
00095770
00095773
00095775
00095777
00095779
00095780
00095782
00095783
00095784
00095785
00095786
00095789
00095790
00095797
00095800
00095803
00095807
00095808
00095809
00095811
00095812
00095813
00095816
00095818
00095820
00095821
00095823
00095829
00095830
00095831
00095836
00095844
00095847
00095849
00095852
00095853
00095855
00095858
00095860
00095861
00095866
00095868
00095869
00095870
00095872
00095873
00095874
00095876
00095882
00095887
00095888
00095889
00095890
00095891
00095896
00095900
00095905
00095906
00095907
00095909
00095911
00095917
00095918
00095928
00095929
00095930
00095932
00095934
00095938
00095939
00095943
00095949
00095951
00095954
00095955
00095959
00095960
00095962
00095967
00095968
00095969
00095970
00095973
00095974
00095975
00095976
00095978
00095979
00095980
00095982
00095983
00095985
00095986
00095988
00095990
00095993
00095995
00096005
00096006
00096007
00096009
00096010
00096012
00096013
00096014
00096015
00096018
00096021
00096024
00096025
00096026
00096027
00096030
00096035
00096037
00096038
00096041
00096042
00096046
00096047
00096048
00096052
00096055
00096059
00096060
00096061
00096063
00096065
00096066
00096072
00096073
00096075
00096078
00096087
00096090
00096091
00096092
00096093
00096095
00096097
00096098
00096101
00096104
00096106
00096109
00096112
00096114
00096115
00096116
00096117
00096121
00096122
00096127
00096133
00096136
00096139
00096140
00096141
00096143
00096146
00096147
00096148
00096149
00096150
00096151
00096154
00096157
00096159
00096164
00096166
00096167
00096169
00096171
00096172
00096177
00096180
00096181
00096184
00096189
00096190
00096192
00096198
00096203
00096204
00096206
00096207
00096208
00096209
00096211
00096214
00096217
00096221
00096223
00096228
00096231
00096233
00096234
00096235
00096238
00096240
00096242
00096245
00096252
00096253
00096254
00096256
00096258
00096259
00096265
00096268
00096271
00096276
00096277
00096278
00096281
00096282
00096283
00096284
00096289
00096290
00096293
00096297
00096298
00096299
00096302
00096303
00096307
00096309
00096311
00096312
00096319
00096320
00096321
00096325
00096327
00096330
00096332
00096334
00096337
00096341
00096346
00096347
00096349
00096351
00096353
00096355
00096358
00096366
00096369
00096370
00096371
00096374
00096375
00096376
00096377
00096379
00096380
00096386
00096392
00096393
00096395
00096396
00096401
00096404
00096408
00096409
00096410
00096412
00096414
00096415
00096417
00096421
00096423
00096424
00096431
00096434
00096437
00096438
00096439
00096446
00096448
00096454
00096455
00096457
00096458
00096459
00096460
00096465
00096469
00096474
00096475
00096478
00096481
00096483
00096484
00096486
00096502
00096504
00096507
00096508
00096518
00096519
00096520
00096522
00096523
00096524
00096525
00096527
00096532
00096537
00096542
00096545
00096546
00096547
00096550
00096554
00096555
00096558
00096562
00096563
00096567
00096569
00096571
00096572
00096575
00096580
00096583
00096585
00096586
00096590
00096592
00096594
00096600
00096601
00096604
00096605
00096606
00096610
00096615
00096617
00096623
00096626
00096629
00096635
00096637
00096645
00096647
00096649
00096650
00096652
00096656
00096657
00096658
00096662
00096665
00096668
00096678
00096679
00096680
00096684
00096686
00096691
00096692
00096695
00096696
00096698
00096700
00096701
00096703
00096706
00096707
00096708
00096716
00096722
00096723
00096724
00096729
00096732
00096734
00096735
00096736
00096737
00096739
00096740
00096743
00096747
00096748
00096749
00096751
00096753
00096755
00096756
00096758
00096759
00096765
00096771
00096774
00096776
00096778
00096780
00096781
00096785
00096787
00096793
00096794
00096798
00096799
00096802
00096807
00096811
00096813
00096814
00096817
00096818
00096819
00096820
00096821
00096824
00096825
00096829
00096830
00096832
00096835
00096837
00096839
00096850
00096853
00096854
00096857
00096861
00096862
00096867
00096869
00096870
00096872
00096873
00096875
00096878
00096880
00096882
00096884
00096889
00096890
00096891
00096900
00096903
00096904
00096905
00096906
00096921
00096924
00096927
00096929
00096933
00096935
00096939
00096943
00096944
00096949
00096951
00096952
00096953
00096954
00096955
00096959
00096961
00096963
00096965
00096968
00096969
00096970
00096975
00096976
00096977
00096982
00096983
00096984
00096985
00096987
00096989
00096993
00096995
00097007
00097009
00097011
00097012
00097016
00097017
00097024
00097027
00097029
00097030
00097031
00097038
00097039
00097040
00097041
00097045
00097048
00097049
00097051
00097052
00097053
00097055
00097067
00097070
00097074
00097076
00097077
00097078
00097079
00097082
00097084
00097085
00097087
00097088
00097089
00097099
00097100
00097102
00097104
00097105
00097107
00097110
00097111
00097116
00097117
00097121
00097123
00097125
00097127
00097128
00097130
00097132
00097133
00097134
00097135
00097136
00097137
00097139
00097143
00097144
00097145
00097148
00097149
00097153
00097155
00097159
00097160
00097161
00097162
00097166
00097171
00097172
00097173
00097176
00097181
00097182
00097183
00097189
00097190
00097191
00097192
00097194
00097197
00097198
00097206
00097215
00097217
00097221
00097224
00097229
00097233
00097235
00097250
00097251
00097254
00097256
00097261
00097263
00097265
00097269
00097271
00097272
00097273
00097275
00097276
00097279
00097280
00097288
00097289
00097294
00097298
00097300
00097306
00097307
00097309
00097312
00097313
00097317
00097318
00097320
00097321
00097322
00097323
00097325
00097326
00097328
00097329
00097331
00097332
00097336
00097337
00097340
00097342
00097347
00097352
00097355
00097358
00097361
00097363
00097365
00097366
00097370
00097371
00097372
00097373
00097382
00097384
00097388
00097393
00097394
00097397
00097399
00097400
00097403
00097404
00097410
00097416
00097419
00097420
00097422
00097424
00097426
00097428
00097429
00097430
00097431
00097432
00097435
00097437
00097438
00097440
00097442
00097443
00097444
00097445
00097446
00097447
00097448
00097449
00097457
00097462
00097463
00097465
00097469
00097471
00097472
00097474
00097479
00097480
00097482
00097483
00097488
00097489
00097490
00097491
00097493
00097494
00097495
00097496
00097498
00097501
00097502
00097503
00097504
00097509
00097514
00097515
00097517
00097518
00097520
00097525
00097528
00097529
00097533
00097542
00097543
00097545
00097546
00097550
00097553
00097554
00097556
00097557
00097558
00097560
00097561
00097564
00097568
00097569
00097571
00097572
00097580
00097587
00097588
00097594
00097599
00097610
00097612
00097614
00097618
00097619
00097620
00097625
00097634
00097636
00097640
00097641
00097646
00097648
00097649
00097650
00097651
00097654
00097659
00097660
00097661
00097662
00097665
00097669
00097672
00097677
00097678
00097679
00097681
00097684
00097685
00097687
00097692
00097694
00097699
00097700
00097701
00097704
00097709
00097711
00097715
00097716
00097719
00097720
00097725
00097726
00097727
00097729
00097732
00097736
00097739
00097740
00097745
00097747
00097748
00097752
00097753
00097755
00097757
00097758
00097761
00097762
00097764
00097769
00097770
00097776
00097781
00097783
00097784
00097788
00097789
00097791
00097792
00097793
00097795
00097796
00097797
00097800
00097802
00097804
00097805
00097808
00097810
00097813
00097817
00097820
00097821
00097826
00097827
00097829
00097830
00097838
00097844
00097845
00097847
00097848
00097851
00097852
00097854
00097856
00097863
00097869
00097871
00097876
00097879
00097885
00097886
00097889
00097890
00097891
00097895
00097897
00097906
00097908
00097912
00097914
00097916
00097917
00097924
00097925
00097926
00097929
00097932
00097933
00097936
00097940
00097941
00097946
00097953
00097954
00097955
00097957
00097960
00097961
00097962
00097965
00097967
00097969
00097971
00097974
00097976
00097979
00097980
00097981
00097985
00097988
00097989
00097992
00097995
00097998
00098000
00098001
00098002
00098005
00098007
00098011
00098013
00098014
00098015
00098016
00098018
00098019
00098022
00098024
00098032
00098034
00098036
00098038
00098039
00098040
00098041
00098043
00098044
00098046
00098048
00098050
00098053
00098054
00098055
00098056
00098057
00098062
00098065
00098069
00098071
00098072
00098075
00098077
00098081
00098083
00098091
00098093
00098094
00098095
00098097
00098100
00098114
00098116
00098119
00098121
00098122
00098125
00098126
00098128
00098130
00098132
00098136
00098137
00098139
00098144
00098145
00098147
00098151
00098163
00098164
00098166
00098167
00098168
00098178
00098179
00098184
00098187
00098189
00098190
00098191
00098195
00098196
00098199
00098200
00098201
00098203
00098210
00098214
00098218
00098219
00098225
00098227
00098229
00098231
00098232
00098240
00098241
00098243
00098246
00098250
00098252
00098253
00098254
00098255
00098257
00098265
00098268
00098270
00098271
00098275
00098279
00098281
00098282
00098284
00098285
00098286
00098293
00098295
00098299
00098300
00098303
00098305
00098306
00098308
00098310
00098315
00098318
00098322
00098323
00098329
00098330
00098331
00098334
00098337
00098342
00098344
00098345
00098349
00098358
00098360
00098365
00098367
00098372
00098374
00098377
00098378
00098379
00098382
00098386
00098387
00098388
00098394
00098396
00098401
00098403
00098404
00098405
00098411
00098412
00098417
00098424
00098425
00098426
00098428
00098429
00098434
00098436
00098441
00098442
00098443
00098446
00098447
00098452
00098454
00098458
00098459
00098461
00098462
00098464
00098465
00098466
00098468
00098477
00098481
00098482
00098485
00098486
00098488
00098490
00098492
00098495
00098496
00098497
00098500
00098502
00098503
00098509
00098511
00098513
00098515
00098517
00098520
00098521
00098522
00098523
00098529
00098531
00098535
00098537
00098539
00098541
00098550
00098554
00098556
00098557
00098559
00098562
00098566
00098571
00098573
00098579
00098586
00098588
00098592
00098593
00098596
00098597
00098601
00098604
00098606
00098607
00098608
00098611
00098615
00098616
00098622
00098626
00098627
00098628
00098634
00098637
00098638
00098640
00098642
00098644
00098649
00098650
00098653
00098654
00098660
00098661
00098663
00098664
00098667
00098669
00098670
00098671
00098673
00098677
00098678
00098679
00098686
00098695
00098696
00098697
00098698
00098704
00098705
00098709
00098710
00098711
00098712
00098716
00098717
00098726
00098733
00098734
00098735
00098740
00098742
00098743
00098746
00098749
00098752
00098754
00098758
00098760
00098764
00098767
00098769
00098775
00098777
00098778
00098781
00098783
00098784
00098785
00098788
00098792
00098795
00098799
00098801
00098807
00098809
00098812
00098813
00098815
00098817
00098822
00098823
00098825
00098826
00098828
00098829
00098831
00098833
00098837
00098839
00098841
00098851
00098853
00098859
00098864
00098865
00098866
00098867
00098868
00098870
00098872
00098874
00098875
00098878
00098880
00098888
00098890
00098894
00098897
00098898
00098899
00098905
00098909
00098911
00098913
00098914
00098921
00098925
00098928
00098931
00098932
00098933
00098934
00098936
00098940
00098945
00098947
00098949
00098950
00098951
00098953
00098954
00098955
00098958
00098960
00098962
00098970
00098973
00098975
00098978
00098980
00098984
00098992
00098993
00098995
00098997
00098998
00099001
00099003
00099005
00099006
00099007
00099014
00099015
00099017
00099018
00099025
00099032
00099033
00099035
00099039
00099045
00099049
00099053
00099054
00099055
00099056
00099061
00099062
00099063
00099064
00099065
00099066
00099077
00099078
00099081
00099082
00099083
00099085
00099087
00099090
00099092
00099093
00099107
00099112
00099114
00099120
00099121
00099131
00099139
00099142
00099146
00099151
00099156
00099157
00099161
00099165
00099167
00099169
00099174
00099176
00099179
00099180
00099181
00099182
00099183
00099185
00099187
00099188
00099189
00099191
00099192
00099193
00099194
00099195
00099197
00099198
00099199
00099205
00099210
00099212
00099216
00099217
00099218
00099222
00099225
00099226
00099237
00099239
00099240
00099243
00099244
00099245
00099249
00099250
00099257
00099258
00099259
00099261
00099263
00099266
00099268
00099269
00099272
00099276
00099278
00099279
00099283
00099285
00099286
00099288
00099291
00099297
00099298
00099300
00099301
00099302
00099311
00099318
00099321
00099322
00099323
00099326
00099327
00099330
00099334
00099335
00099338
00099340
00099341
00099346
00099351
00099356
00099358
00099359
00099361
00099362
00099363
00099365
00099372
00099373
00099376
00099377
00099378
00099379
00099384
00099385
00099386
00099387
00099388
00099392
00099394
00099397
00099401
00099402
00099403
00099404
00099405
00099406
00099407
00099408
00099410
00099413
00099414
00099415
00099416
00099418
00099420
00099425
00099426
00099429
00099432
00099435
00099439
00099440
00099441
00099443
00099444
00099446
00099449
00099452
00099454
00099455
00099456
00099462
00099463
00099464
00099469
00099473
00099474
00099475
00099476
00099477
00099478
00099480
00099481
00099482
00099484
00099486
00099491
00099492
00099494
00099498
00099499
00099504
00099508
00099509
00099511
00099512
00099513
00099519
00099522
00099523
00099524
00099525
00099526
00099527
00099531
00099534
00099535
00099536
00099537
00099546
00099549
00099551
00099554
00099557
00099558
00099561
00099563
00099566
00099567
00099568
00099571
00099573
00099575
00099579
00099581
00099583
00099586
00099591
00099593
00099594
00099595
00099602
00099615
00099622
00099624
00099627
00099628
00099629
00099631
00099640
00099641
00099651
00099659
00099660
00099661
00099668
00099669
00099671
00099672
00099674
00099675
00099678
00099686
00099687
00099691
00099694
00099701
00099702
00099705
00099706
00099707
00099708
00099709
00099712
00099719
00099731
00099735
00099738
00099740
00099742
00099744
00099745
00099746
00099749
00099751
00099752
00099766
00099767
00099768
00099769
00099771
00099772
00099776
00099779
00099781
00099782
00099783
00099786
00099787
00099790
00099795
00099798
00099799
00099800
00099805
00099807
00099808
00099809
00099812
00099817
00099819
00099820
00099821
00099822
00099823
00099825
00099827
00099829
00099833
00099835
00099836
00099837
00099839
00099841
00099843
00099845
00099846
00099848
00099849
00099854
00099859
00099862
00099865
00099869
00099876
00099881
00099888
00099891
00099893
00099895
00099898
00099902
00099906
00099908
00099910
00099911
00099912
00099913
00099914
00099917
00099918
00099919
00099920
00099921
00099924
00099926
00099937
00099938
00099944
00099947
00099950
00099951
00099956
00099963
00099964
00099969
00099973
00099975
00099976
00099978
00099980
00099985
00099987
00099989
00099998
