face_index,ground_truth_id,ground_truth_label,A_pred,A_confidence,A_pStock,A_pThread,A_pText,B_pred,B_confidence,B_pStock,B_pThread,B_pText,C_pred,C_confidence,C_pStock,C_pThread,C_pText,D_pred,D_confidence,D_pStock,D_pThread,D_pText,FrozenLast_pred,FrozenLast_confidence,FrozenLast_pStock,FrozenLast_pThread,FrozenLast_pText,FrozenBestV3_pred,FrozenBestV3_confidence,FrozenBestV3_pStock,FrozenBestV3_pThread,FrozenBestV3_pText,Scratch70K_pred,Scratch70K_confidence,Scratch70K_pStock,Scratch70K_pThread,Scratch70K_pText
0,2,Text,Text,0.99874783,0.00123832,0.00001387,0.99874783,Text,0.99817121,0.00174911,0.00007969,0.99817121,Text,0.99935538,0.00064329,0.00000132,0.99935538,Text,0.99740404,0.00258395,0.00001195,0.99740404,Text,0.99960750,0.00039059,0.00000188,0.99960750,Text,0.99917334,0.00082223,0.00000434,0.99917334,Text,0.99997246,0.00002729,0.00000020,0.99997246
1,2,Text,Text,0.99874097,0.00122933,0.00002973,0.99874097,Text,0.99992466,0.00007470,0.00000059,0.99992466,Text,0.99968362,0.00031618,0.00000023,0.99968362,Text,0.99857116,0.00140005,0.00002878,0.99857116,Text,0.99966919,0.00032758,0.00000326,0.99966919,Text,0.99955374,0.00044110,0.00000509,0.99955374,Text,0.99986112,0.00013880,0.00000005,0.99986112
2,2,Text,Text,0.99941993,0.00054812,0.00003200,0.99941993,Text,0.99035102,0.00942697,0.00022199,0.99035102,Text,0.99642098,0.00357722,0.00000182,0.99642098,Text,0.99665785,0.00330615,0.00003601,0.99665785,Text,0.99976474,0.00023181,0.00000345,0.99976474,Text,0.99960512,0.00038786,0.00000708,0.99960512,Text,0.99956840,0.00042808,0.00000351,0.99956840
3,2,Text,Text,0.99874747,0.00123864,0.00001388,0.99874747,Text,0.99978453,0.00019437,0.00002108,0.99978453,Text,0.99924433,0.00075323,0.00000243,0.99924433,Text,0.99748212,0.00250644,0.00001144,0.99748212,Text,0.99964666,0.00035193,0.00000139,0.99964666,Text,0.99937797,0.00061913,0.00000290,0.99937797,Text,0.99997270,0.00002711,0.00000020,0.99997270
4,2,Text,Text,0.99923360,0.00074592,0.00002050,0.99923360,Text,0.99972826,0.00025628,0.00001544,0.99972826,Text,0.99973875,0.00026081,0.00000041,0.99973875,Text,0.99503988,0.00493735,0.00002278,0.99503988,Text,0.99969018,0.00030488,0.00000502,0.99969018,Text,0.99956793,0.00042447,0.00000760,0.99956793,Text,0.99991918,0.00008023,0.00000063,0.99991918
5,2,Text,Text,0.99939978,0.00051962,0.00008061,0.99939978,Text,0.99963379,0.00028923,0.00007696,0.99963379,Text,0.99929678,0.00070028,0.00000296,0.99929678,Text,0.99893290,0.00100080,0.00006633,0.99893290,Text,0.99975449,0.00023116,0.00001439,0.99975449,Text,0.99965298,0.00032527,0.00002178,0.99965298,Text,0.99998569,0.00001410,0.00000015,0.99998569
6,2,Text,Text,0.99916399,0.00081652,0.00001948,0.99916399,Text,0.99987090,0.00011090,0.00001824,0.99987090,Text,0.99991322,0.00008657,0.00000016,0.99991322,Text,0.99822754,0.00174914,0.00002329,0.99822754,Text,0.99985683,0.00014001,0.00000318,0.99985683,Text,0.99976403,0.00022967,0.00000628,0.99976403,Text,0.99998820,0.00001163,0.00000021,0.99998820
7,2,Text,Text,0.99924880,0.00064143,0.00010977,0.99924880,Text,0.99959010,0.00033336,0.00007654,0.99959010,Text,0.99958879,0.00040922,0.00000197,0.99958879,Text,0.99875915,0.00115490,0.00008599,0.99875915,Text,0.99974853,0.00023459,0.00001686,0.99974853,Text,0.99960238,0.00037253,0.00002507,0.99960238,Text,0.99999344,0.00000648,0.00000011,0.99999344
8,2,Text,Text,0.99928951,0.00060901,0.00010148,0.99928951,Text,0.99962127,0.00030981,0.00006888,0.99962127,Text,0.99952686,0.00047143,0.00000176,0.99952686,Text,0.99875998,0.00115408,0.00008594,0.99875998,Text,0.99974853,0.00023459,0.00001686,0.99974853,Text,0.99960250,0.00037246,0.00002507,0.99960250,Text,0.99999249,0.00000734,0.00000019,0.99999249
9,2,Text,Text,0.99916744,0.00081305,0.00001954,0.99916744,Text,0.99936754,0.00057535,0.00005717,0.99936754,Text,0.99989617,0.00010366,0.00000016,0.99989617,Text,0.99823439,0.00172012,0.00004544,0.99823439,Text,0.99980050,0.00019383,0.00000568,0.99980050,Text,0.99969852,0.00029144,0.00001011,0.99969852,Text,0.99999011,0.00000979,0.00000014,0.99999011
10,2,Text,Text,0.99937207,0.00054712,0.00008085,0.99937207,Text,0.99932325,0.00062023,0.00005658,0.99932325,Text,0.99900562,0.00099311,0.00000134,0.99900562,Text,0.99894291,0.00099163,0.00006546,0.99894291,Text,0.99975449,0.00023116,0.00001439,0.99975449,Text,0.99962878,0.00034914,0.00002207,0.99962878,Text,0.99998152,0.00001818,0.00000032,0.99998152
11,2,Text,Text,0.99852979,0.00145700,0.00001314,0.99852979,Text,0.99703997,0.00292666,0.00003339,0.99703997,Text,0.99973232,0.00026756,0.00000008,0.99973232,Text,0.99522877,0.00474861,0.00002268,0.99522877,Text,0.99952066,0.00047724,0.00000208,0.99952066,Text,0.99930906,0.00068711,0.00000385,0.99930906,Text,0.99994707,0.00005250,0.00000043,0.99994707
12,2,Text,Text,0.99749374,0.00248331,0.00002301,0.99749374,Stock,0.81634891,0.81634891,0.03697543,0.14667565,Text,0.90390015,0.09584272,0.00025712,0.90390015,Text,0.99124312,0.00875138,0.00000555,0.99124312,Text,0.99667066,0.00332259,0.00000677,0.99667066,Text,0.99524575,0.00474584,0.00000836,0.99524575,Text,0.99974746,0.00025167,0.00000085,0.99974746
13,2,Text,Text,0.97309744,0.02677236,0.00013013,0.97309744,Stock,0.97319847,0.97319847,0.00013458,0.02666689,Text,0.93734640,0.06263674,0.00001690,0.93734640,Text,0.86022812,0.13949797,0.00027398,0.86022812,Text,0.99470007,0.00529245,0.00000750,0.99470007,Text,0.99070299,0.00928506,0.00001202,0.99070299,Text,0.99577808,0.00422117,0.00000072,0.99577808
14,2,Text,Text,0.99760866,0.00234492,0.00004636,0.99760866,Stock,0.82785416,0.82785416,0.03703242,0.13511346,Text,0.81977993,0.18001005,0.00021006,0.81977993,Text,0.97989845,0.02005686,0.00004466,0.97989845,Text,0.99737597,0.00261068,0.00001335,0.99737597,Text,0.99718410,0.00280325,0.00001261,0.99718410,Text,0.99829787,0.00169476,0.00000734,0.99829787
15,2,Text,Text,0.99740356,0.00257950,0.00001696,0.99740356,Stock,0.64495265,0.64495265,0.10913032,0.24591693,Text,0.90593332,0.09371926,0.00034747,0.90593332,Text,0.99022663,0.00976766,0.00000574,0.99022663,Text,0.99677026,0.00322354,0.00000625,0.99677026,Text,0.99540353,0.00458846,0.00000795,0.99540353,Text,0.99985945,0.00014008,0.00000050,0.99985945
16,2,Text,Text,0.99733377,0.00262973,0.00003649,0.99733377,Text,0.48972812,0.46928740,0.04098453,0.48972812,Text,0.94580430,0.05415553,0.00004016,0.94580430,Text,0.98310983,0.01687060,0.00001958,0.98310983,Text,0.99711239,0.00287285,0.00001470,0.99711239,Text,0.99668533,0.00330155,0.00001312,0.99668533,Text,0.99816906,0.00182193,0.00000898,0.99816906
17,2,Text,Text,0.99674052,0.00324828,0.00001116,0.99674052,Stock,0.55147725,0.55147725,0.02560884,0.42291394,Text,0.94098061,0.05889343,0.00012598,0.94098061,Text,0.99038613,0.00960771,0.00000614,0.99038613,Text,0.99703443,0.00295814,0.00000743,0.99703443,Text,0.99591416,0.00407823,0.00000756,0.99591416,Text,0.99979073,0.00020852,0.00000072,0.99979073
18,2,Text,Text,0.99715221,0.00282110,0.00002671,0.99715221,Stock,0.92996985,0.92996985,0.00365495,0.06637518,Text,0.91454411,0.08539500,0.00006094,0.91454411,Text,0.99069172,0.00930209,0.00000615,0.99069172,Text,0.99723428,0.00275589,0.00000980,0.99723428,Text,0.99552250,0.00446726,0.00001026,0.99552250,Text,0.99883682,0.00115938,0.00000377,0.99883682
19,0,Stock,Stock,0.90152317,0.90152317,0.00009415,0.09838276,Stock,0.99960428,0.99960428,0.00000139,0.00039436,Stock,0.99989319,0.99989319,0.00000029,0.00010660,Stock,0.99623495,0.99623495,0.00024575,0.00351938,Stock,0.99949729,0.99949729,0.00007454,0.00042809,Stock,0.99954587,0.99954587,0.00006852,0.00038560,Stock,0.99999714,0.99999714,0.00000002,0.00000288
20,2,Text,Text,0.99835014,0.00150089,0.00014894,0.99835014,Text,0.99982554,0.00013511,0.00003942,0.99982554,Text,0.99985373,0.00014589,0.00000038,0.99985373,Text,0.99939454,0.00055028,0.00005519,0.99939454,Text,0.99970442,0.00027994,0.00001561,0.99970442,Text,0.99959880,0.00037877,0.00002249,0.99959880,Text,0.99999630,0.00000361,0.00000003,0.99999630
21,2,Text,Text,0.99832302,0.00152724,0.00014972,0.99832302,Text,0.99982280,0.00013718,0.00004006,0.99982280,Text,0.99985850,0.00014108,0.00000036,0.99985850,Text,0.99939454,0.00055028,0.00005519,0.99939454,Text,0.99970442,0.00027994,0.00001561,0.99970442,Text,0.99959832,0.00037916,0.00002254,0.99959832,Text,0.99999642,0.00000360,0.00000003,0.99999642
22,2,Text,Text,0.99889272,0.00099293,0.00011431,0.99889272,Text,0.99975413,0.00021844,0.00002743,0.99975413,Text,0.99995661,0.00004338,0.00000004,0.99995661,Text,0.99942732,0.00053803,0.00003467,0.99942732,Text,0.99962914,0.00036002,0.00001084,0.99962914,Text,0.99949098,0.00049083,0.00001815,0.99949098,Text,0.99999070,0.00000923,0.00000011,0.99999070
23,2,Text,Text,0.99895144,0.00102872,0.00001980,0.99895144,Text,0.99995792,0.00004163,0.00000043,0.99995792,Text,0.99970847,0.00029133,0.00000018,0.99970847,Text,0.99939728,0.00058985,0.00001291,0.99939728,Text,0.99970597,0.00029171,0.00000223,0.99970597,Text,0.99959272,0.00040374,0.00000360,0.99959272,Text,0.99998057,0.00001940,0.00000001,0.99998057
24,2,Text,Text,0.99937683,0.00054398,0.00007923,0.99937683,Text,0.99957091,0.00039317,0.00003597,0.99957091,Text,0.99932826,0.00067132,0.00000050,0.99932826,Text,0.99926168,0.00068330,0.00005500,0.99926168,Text,0.99975425,0.00023134,0.00001440,0.99975425,Text,0.99959892,0.00037867,0.00002247,0.99959892,Text,0.99999630,0.00000371,0.00000002,0.99999630
25,2,Text,Text,0.99934286,0.00059346,0.00006365,0.99934286,Text,0.99970347,0.00026811,0.00002836,0.99970347,Text,0.99978334,0.00021610,0.00000055,0.99978334,Text,0.99898332,0.00099358,0.00002310,0.99898332,Text,0.99981874,0.00017535,0.00000598,0.99981874,Text,0.99958712,0.00039970,0.00001322,0.99958712,Text,0.99999058,0.00000933,0.00000012,0.99999058
26,2,Text,Text,0.99937683,0.00054393,0.00007924,0.99937683,Text,0.99956173,0.00040006,0.00003817,0.99956173,Text,0.99936491,0.00063456,0.00000052,0.99936491,Text,0.99927574,0.00066929,0.00005496,0.99927574,Text,0.99975425,0.00023133,0.00001440,0.99975425,Text,0.99959892,0.00037866,0.00002248,0.99959892,Text,0.99999416,0.00000577,0.00000002,0.99999416
27,2,Text,Text,0.99934238,0.00059833,0.00005929,0.99934238,Text,0.99936956,0.00058539,0.00004508,0.99936956,Text,0.99978858,0.00021098,0.00000047,0.99978858,Text,0.99894863,0.00102005,0.00003140,0.99894863,Text,0.99975950,0.00023085,0.00000966,0.99975950,Text,0.99960226,0.00037274,0.00002507,0.99960226,Text,0.99998975,0.00001009,0.00000014,0.99998975
28,2,Text,Text,0.99937695,0.00054384,0.00007926,0.99937695,Text,0.99972516,0.00025263,0.00002223,0.99972516,Text,0.99921036,0.00078877,0.00000080,0.99921036,Text,0.99927741,0.00066751,0.00005504,0.99927741,Text,0.99974805,0.00023734,0.00001461,0.99974805,Text,0.99959892,0.00037867,0.00002247,0.99959892,Text,0.99999630,0.00000372,0.00000002,0.99999630
29,2,Text,Text,0.99933928,0.00059899,0.00006168,0.99933928,Text,0.99960893,0.00037155,0.00001958,0.99960893,Text,0.99974412,0.00025521,0.00000064,0.99974412,Text,0.99887127,0.00109647,0.00003228,0.99887127,Text,0.99972481,0.00026428,0.00001091,0.99972481,Text,0.99960226,0.00037274,0.00002507,0.99960226,Text,0.99999070,0.00000924,0.00000011,0.99999070
30,2,Text,Text,0.99937683,0.00054398,0.00007923,0.99937683,Text,0.99972516,0.00025257,0.00002222,0.99972516,Text,0.99922287,0.00077622,0.00000090,0.99922287,Text,0.99927479,0.00067015,0.00005506,0.99927479,Text,0.99975187,0.00023361,0.00001448,0.99975187,Text,0.99959892,0.00037867,0.00002247,0.99959892,Text,0.99999607,0.00000393,0.00000002,0.99999607
31,2,Text,Text,0.99933821,0.00060411,0.00005768,0.99933821,Text,0.99936944,0.00058546,0.00004509,0.99936944,Text,0.99977785,0.00022156,0.00000054,0.99977785,Text,0.99894911,0.00101955,0.00003140,0.99894911,Text,0.99970919,0.00027346,0.00001727,0.99970919,Text,0.99960226,0.00037274,0.00002507,0.99960226,Text,0.99998975,0.00001009,0.00000014,0.99998975
32,2,Text,Text,0.99900502,0.00096633,0.00002863,0.99900502,Text,0.99629116,0.00327693,0.00043194,0.99629116,Text,0.99977714,0.00022207,0.00000076,0.99977714,Text,0.99729806,0.00267464,0.00002727,0.99729806,Text,0.99983251,0.00016275,0.00000466,0.99983251,Text,0.99956423,0.00042634,0.00000945,0.99956423,Text,0.99998975,0.00001010,0.00000014,0.99998975
33,2,Text,Text,0.99655116,0.00342463,0.00002425,0.99655116,Text,0.99516428,0.00480809,0.00002762,0.99516428,Text,0.99895883,0.00104081,0.00000032,0.99895883,Text,0.97800171,0.02196983,0.00002850,0.97800171,Text,0.99751532,0.00248022,0.00000452,0.99751532,Text,0.99711120,0.00288280,0.00000597,0.99711120,Text,0.99996781,0.00003221,0.00000001,0.99996781
34,2,Text,Text,0.99910128,0.00077987,0.00011885,0.99910128,Text,0.99745053,0.00221986,0.00032953,0.99745053,Text,0.99797803,0.00201652,0.00000551,0.99797803,Text,0.99761331,0.00230784,0.00007888,0.99761331,Text,0.99974054,0.00025183,0.00000763,0.99974054,Text,0.99954551,0.00042940,0.00002508,0.99954551,Text,0.99999416,0.00000579,0.00000006,0.99999416
35,2,Text,Text,0.99902034,0.00095220,0.00002750,0.99902034,Text,0.99528652,0.00423647,0.00047699,0.99528652,Text,0.99959165,0.00040707,0.00000134,0.99959165,Text,0.99735045,0.00262747,0.00002207,0.99735045,Text,0.99978417,0.00021115,0.00000467,0.99978417,Text,0.99957639,0.00041401,0.00000960,0.99957639,Text,0.99998975,0.00001016,0.00000013,0.99998975
36,2,Text,Text,0.99927956,0.00060362,0.00011680,0.99927956,Text,0.99719256,0.00251995,0.00028750,0.99719256,Text,0.99676043,0.00322892,0.00001063,0.99676043,Text,0.99802679,0.00186856,0.00010457,0.99802679,Text,0.99975449,0.00023114,0.00001439,0.99975449,Text,0.99965286,0.00032538,0.00002178,0.99965286,Text,0.99999523,0.00000471,0.00000007,0.99999523
37,2,Text,Text,0.99901867,0.00095592,0.00002536,0.99901867,Text,0.99629337,0.00327489,0.00043171,0.99629337,Text,0.99982005,0.00017926,0.00000066,0.99982005,Text,0.99721670,0.00275632,0.00002692,0.99721670,Text,0.99984026,0.00015617,0.00000354,0.99984026,Text,0.99956769,0.00042286,0.00000948,0.99956769,Text,0.99998975,0.00001014,0.00000014,0.99998975
38,2,Text,Text,0.99928004,0.00060311,0.00011684,0.99928004,Text,0.99825090,0.00155718,0.00019192,0.99825090,Text,0.99958068,0.00041631,0.00000302,0.99958068,Text,0.99802715,0.00186828,0.00010457,0.99802715,Text,0.99975449,0.00023112,0.00001435,0.99975449,Text,0.99965286,0.00032535,0.00002179,0.99965286,Text,0.99999630,0.00000364,0.00000003,0.99999630
39,2,Text,Text,0.99925071,0.00063245,0.00011681,0.99925071,Text,0.99853778,0.00128418,0.00017803,0.99853778,Text,0.99924362,0.00075027,0.00000612,0.99924362,Text,0.99797338,0.00195006,0.00007661,0.99797338,Text,0.99983370,0.00016166,0.00000467,0.99983370,Text,0.99958068,0.00039705,0.00002227,0.99958068,Text,0.99999642,0.00000358,0.00000003,0.99999642
40,2,Text,Text,0.99939299,0.00052685,0.00008011,0.99939299,Text,0.99989438,0.00008283,0.00002278,0.99989438,Text,0.99877089,0.00122531,0.00000376,0.99877089,Text,0.99853861,0.00136326,0.00009808,0.99853861,Text,0.99980646,0.00017481,0.00001876,0.99980646,Text,0.99964070,0.00033489,0.00002439,0.99964070,Text,0.99999499,0.00000493,0.00000008,0.99999499
41,2,Text,Text,0.99893135,0.00104543,0.00002326,0.99893135,Text,0.99996006,0.00003928,0.00000071,0.99996006,Text,0.99883896,0.00116068,0.00000037,0.99883896,Text,0.99677187,0.00320924,0.00001890,0.99677187,Text,0.99963796,0.00035945,0.00000254,0.99963796,Text,0.99953818,0.00045795,0.00000390,0.99953818,Text,0.99992061,0.00007928,0.00000008,0.99992061
42,2,Text,Text,0.99930227,0.00067416,0.00002352,0.99930227,Text,0.99952173,0.00044681,0.00003146,0.99952173,Text,0.99927646,0.00072324,0.00000025,0.99927646,Text,0.99402690,0.00595122,0.00002187,0.99402690,Text,0.99975628,0.00024051,0.00000326,0.99975628,Text,0.99957293,0.00042243,0.00000466,0.99957293,Text,0.99983132,0.00016691,0.00000176,0.99983132
43,2,Text,Text,0.99902463,0.00096087,0.00001454,0.99902463,Text,0.99982917,0.00015579,0.00001500,0.99982917,Text,0.99966931,0.00032917,0.00000154,0.99966931,Text,0.99757165,0.00241829,0.00001001,0.99757165,Text,0.99950898,0.00048894,0.00000213,0.99950898,Text,0.99878711,0.00120797,0.00000499,0.99878711,Text,0.99998629,0.00001363,0.00000013,0.99998629
44,2,Text,Text,0.99929237,0.00066279,0.00004477,0.99929237,Text,0.99979573,0.00018190,0.00002239,0.99979573,Text,0.99892777,0.00106849,0.00000370,0.99892777,Text,0.99318451,0.00675112,0.00006437,0.99318451,Text,0.99975842,0.00023810,0.00000344,0.99975842,Text,0.99965549,0.00033867,0.00000581,0.99965549,Text,0.99994600,0.00005352,0.00000046,0.99994600
45,2,Text,Text,0.99942446,0.00049270,0.00008285,0.99942446,Text,0.99996173,0.00003157,0.00000665,0.99996173,Text,0.99962270,0.00037610,0.00000116,0.99962270,Text,0.99875200,0.00116584,0.00008213,0.99875200,Text,0.99983394,0.00015354,0.00001252,0.99983394,Text,0.99959892,0.00037866,0.00002247,0.99959892,Text,0.99999571,0.00000429,0.00000002,0.99999571
46,2,Text,Text,0.99939251,0.00052749,0.00007999,0.99939251,Text,0.99996328,0.00003008,0.00000669,0.99996328,Text,0.99921906,0.00077890,0.00000204,0.99921906,Text,0.99875939,0.00115461,0.00008597,0.99875939,Text,0.99980646,0.00017474,0.00001876,0.99980646,Text,0.99960226,0.00037273,0.00002507,0.99960226,Text,0.99999571,0.00000430,0.00000002,0.99999571
47,2,Text,Text,0.99938059,0.00053716,0.00008224,0.99938059,Text,0.99996781,0.00002624,0.00000596,0.99996781,Text,0.99917370,0.00082339,0.00000282,0.99917370,Text,0.99855059,0.00135204,0.00009737,0.99855059,Text,0.99980599,0.00017525,0.00001874,0.99980599,Text,0.99960226,0.00037274,0.00002507,0.99960226,Text,0.99999535,0.00000465,0.00000003,0.99999535
48,2,Text,Text,0.99929559,0.00060422,0.00010022,0.99929559,Text,0.99997365,0.00002085,0.00000548,0.99997365,Text,0.99953854,0.00045909,0.00000234,0.99953854,Text,0.99853873,0.00136318,0.00009807,0.99853873,Text,0.99980479,0.00017661,0.00001866,0.99980479,Text,0.99961132,0.00036381,0.00002489,0.99961132,Text,0.99999440,0.00000559,0.00000005,0.99999440
49,2,Text,Text,0.99930549,0.00065988,0.00003458,0.99930549,Text,0.99978763,0.00019543,0.00001698,0.99978763,Text,0.99982244,0.00017739,0.00000018,0.99982244,Text,0.99450135,0.00546021,0.00003843,0.99450135,Text,0.99975842,0.00023811,0.00000344,0.99975842,Text,0.99957424,0.00041786,0.00000792,0.99957424,Text,0.99990761,0.00009166,0.00000068,0.99990761
50,2,Text,Text,0.99903512,0.00095044,0.00001449,0.99903512,Text,0.99985468,0.00013029,0.00001505,0.99985468,Text,0.99975985,0.00023929,0.00000086,0.99975985,Text,0.99768591,0.00230379,0.00001029,0.99768591,Text,0.99952102,0.00047695,0.00000205,0.99952102,Text,0.99903917,0.00095562,0.00000522,0.99903917,Text,0.99998462,0.00001527,0.00000016,0.99998462
51,2,Text,Text,0.99931109,0.00064416,0.00004476,0.99931109,Text,0.99957579,0.00038218,0.00004198,0.99957579,Text,0.99770242,0.00228851,0.00000908,0.99770242,Text,0.99399215,0.00593996,0.00006791,0.99399215,Text,0.99975842,0.00023810,0.00000344,0.99975842,Text,0.99964571,0.00034829,0.00000604,0.99964571,Text,0.99997032,0.00002934,0.00000031,0.99997032
52,2,Text,Text,0.99937540,0.00054102,0.00008359,0.99937540,Text,0.99974781,0.00016511,0.00008708,0.99974781,Text,0.99856681,0.00141222,0.00002103,0.99856681,Text,0.99864668,0.00126367,0.00008972,0.99864668,Text,0.99980646,0.00017476,0.00001876,0.99980646,Text,0.99965298,0.00032274,0.00002425,0.99965298,Text,0.99999094,0.00000880,0.00000021,0.99999094
53,2,Text,Text,0.99939167,0.00052821,0.00008016,0.99939167,Text,0.99986398,0.00009991,0.00003605,0.99986398,Text,0.99903929,0.00095241,0.00000837,0.99903929,Text,0.99875998,0.00115409,0.00008594,0.99875998,Text,0.99980646,0.00017489,0.00001866,0.99980646,Text,0.99960226,0.00037274,0.00002507,0.99960226,Text,0.99999166,0.00000814,0.00000018,0.99999166
54,2,Text,Text,0.99695754,0.00300929,0.00003320,0.99695754,Text,0.99996507,0.00003439,0.00000052,0.99996507,Text,0.99954361,0.00045621,0.00000017,0.99954361,Text,0.99025679,0.00971391,0.00002923,0.99025679,Text,0.99963248,0.00036412,0.00000343,0.99963248,Text,0.99910587,0.00088462,0.00000949,0.99910587,Text,0.99991357,0.00008638,0.00000002,0.99991357
55,2,Text,Text,0.99877590,0.00114708,0.00007703,0.99877590,Text,0.99944502,0.00047528,0.00007963,0.99944502,Text,0.99744898,0.00254805,0.00000298,0.99744898,Text,0.98302037,0.01683854,0.00014106,0.98302037,Text,0.99951255,0.00047844,0.00000903,0.99951255,Text,0.99849296,0.00149525,0.00001183,0.99849296,Text,0.99946171,0.00053523,0.00000305,0.99946171
56,2,Text,Text,0.99857116,0.00140135,0.00002742,0.99857116,Text,0.99986768,0.00011651,0.00001577,0.99986768,Text,0.99989223,0.00010754,0.00000024,0.99989223,Text,0.99553925,0.00442911,0.00003166,0.99553925,Text,0.99961001,0.00038600,0.00000404,0.99961001,Text,0.99909961,0.00089210,0.00000826,0.99909961,Text,0.99998820,0.00001159,0.00000021,0.99998820
57,2,Text,Text,0.99921513,0.00067148,0.00011335,0.99921513,Text,0.99976641,0.00020333,0.00003027,0.99976641,Text,0.99930763,0.00069015,0.00000218,0.99930763,Text,0.99802691,0.00186846,0.00010458,0.99802691,Text,0.99975449,0.00023117,0.00001439,0.99975449,Text,0.99959892,0.00037866,0.00002247,0.99959892,Text,0.99999523,0.00000472,0.00000004,0.99999523
58,2,Text,Text,0.99867368,0.00130369,0.00002269,0.99867368,Text,0.99921799,0.00072978,0.00005222,0.99921799,Text,0.99989617,0.00010367,0.00000016,0.99989617,Text,0.99540234,0.00456571,0.00003197,0.99540234,Text,0.99958938,0.00040797,0.00000271,0.99958938,Text,0.99942291,0.00057191,0.00000524,0.99942291,Text,0.99998808,0.00001166,0.00000021,0.99998808
59,2,Text,Text,0.99834788,0.00163505,0.00001704,0.99834788,Text,0.99932241,0.00065034,0.00002722,0.99932241,Text,0.99805379,0.00194486,0.00000142,0.99805379,Text,0.99207264,0.00791887,0.00000848,0.99207264,Text,0.99880564,0.00118962,0.00000471,0.99880564,Text,0.99791318,0.00207680,0.00000998,0.99791318,Text,0.99942100,0.00057644,0.00000255,0.99942100
60,2,Text,Text,0.99857581,0.00140449,0.00001974,0.99857581,Text,0.99949551,0.00045093,0.00005349,0.99949551,Text,0.99991345,0.00008637,0.00000016,0.99991345,Text,0.99609143,0.00388072,0.00002786,0.99609143,Text,0.99959475,0.00040239,0.00000283,0.99959475,Text,0.99938297,0.00061206,0.00000498,0.99938297,Text,0.99998975,0.00001003,0.00000024,0.99998975
61,2,Text,Text,0.99921513,0.00067148,0.00011335,0.99921513,Text,0.99972945,0.00022186,0.00004865,0.99972945,Text,0.99935573,0.00064281,0.00000140,0.99935573,Text,0.99802691,0.00186844,0.00010458,0.99802691,Text,0.99975413,0.00023148,0.00001440,0.99975413,Text,0.99959892,0.00037867,0.00002247,0.99959892,Text,0.99999607,0.00000395,0.00000004,0.99999607
62,2,Text,Text,0.99857163,0.00140091,0.00002739,0.99857163,Text,0.99990594,0.00008173,0.00001235,0.99990594,Text,0.99991333,0.00008647,0.00000016,0.99991333,Text,0.99608994,0.00388062,0.00002946,0.99608994,Text,0.99962378,0.00037109,0.00000507,0.99962378,Text,0.99943274,0.00056056,0.00000672,0.99943274,Text,0.99998820,0.00001160,0.00000021,0.99998820
63,2,Text,Text,0.99943060,0.00048973,0.00007963,0.99943060,Text,0.99968565,0.00026965,0.00004473,0.99968565,Text,0.99929821,0.00070023,0.00000159,0.99929821,Text,0.99890208,0.00104635,0.00005150,0.99890208,Text,0.99981934,0.00017209,0.00000861,0.99981934,Text,0.99960333,0.00037431,0.00002243,0.99960333,Text,0.99999464,0.00000530,0.00000003,0.99999464
64,2,Text,Text,0.99902868,0.00094405,0.00002728,0.99902868,Text,0.99997485,0.00002477,0.00000041,0.99997485,Text,0.99951530,0.00048441,0.00000031,0.99951530,Text,0.99784303,0.00213023,0.00002670,0.99784303,Text,0.99970549,0.00029125,0.00000325,0.99970549,Text,0.99959272,0.00040374,0.00000360,0.99959272,Text,0.99995780,0.00004217,0.00000002,0.99995780
65,2,Text,Text,0.99923503,0.00074715,0.00001780,0.99923503,Text,0.99950814,0.00045041,0.00004150,0.99950814,Text,0.99985838,0.00014150,0.00000015,0.99985838,Text,0.99856347,0.00141899,0.00001754,0.99856347,Text,0.99982929,0.00016600,0.00000472,0.99982929,Text,0.99966073,0.00032969,0.00000958,0.99966073,Text,0.99998999,0.00000989,0.00000010,0.99998999
66,2,Text,Text,0.99943596,0.00048346,0.00008054,0.99943596,Text,0.99984980,0.00013273,0.00001749,0.99984980,Text,0.99975818,0.00024121,0.00000064,0.99975818,Text,0.99917358,0.00078161,0.00004476,0.99917358,Text,0.99981934,0.00017207,0.00000861,0.99981934,Text,0.99964976,0.00032846,0.00002181,0.99964976,Text,0.99999642,0.00000357,0.00000003,0.99999642
67,2,Text,Text,0.99943334,0.00048695,0.00007966,0.99943334,Text,0.99983180,0.00015390,0.00001430,0.99983180,Text,0.99980348,0.00019560,0.00000094,0.99980348,Text,0.99919647,0.00076095,0.00004263,0.99919647,Text,0.99981934,0.00017211,0.00000861,0.99981934,Text,0.99965298,0.00032527,0.00002178,0.99965298,Text,0.99999642,0.00000357,0.00000003,0.99999642
68,2,Text,Text,0.99938285,0.00059496,0.00002222,0.99938285,Text,0.99976116,0.00021085,0.00002800,0.99976116,Text,0.99990916,0.00009062,0.00000021,0.99990916,Text,0.99894947,0.00101913,0.00003141,0.99894947,Text,0.99983370,0.00016166,0.00000467,0.99983370,Text,0.99969852,0.00029143,0.00001011,0.99969852,Text,0.99999118,0.00000866,0.00000013,0.99999118
69,2,Text,Text,0.99944156,0.00047509,0.00008335,0.99944156,Text,0.99985325,0.00012862,0.00001808,0.99985325,Text,0.99977952,0.00021957,0.00000086,0.99977952,Text,0.99919862,0.00075901,0.00004244,0.99919862,Text,0.99981910,0.00017232,0.00000863,0.99981910,Text,0.99965298,0.00032528,0.00002178,0.99965298,Text,0.99999642,0.00000357,0.00000003,0.99999642
70,2,Text,Text,0.99943334,0.00048698,0.00007965,0.99943334,Text,0.99983799,0.00014396,0.00001804,0.99983799,Text,0.99979335,0.00020597,0.00000071,0.99979335,Text,0.99906617,0.00087899,0.00005483,0.99906617,Text,0.99981934,0.00017206,0.00000861,0.99981934,Text,0.99965155,0.00032667,0.00002179,0.99965155,Text,0.99999642,0.00000357,0.00000003,0.99999642
71,2,Text,Text,0.99927872,0.00070009,0.00002122,0.99927872,Text,0.99974960,0.00022166,0.00002876,0.99974960,Text,0.99991345,0.00008638,0.00000016,0.99991345,Text,0.99894947,0.00101919,0.00003141,0.99894947,Text,0.99980015,0.00019415,0.00000569,0.99980015,Text,0.99969852,0.00029144,0.00001011,0.99969852,Text,0.99999070,0.00000914,0.00000015,0.99999070
72,2,Text,Text,0.99943084,0.00048948,0.00007963,0.99943084,Text,0.99962997,0.00030252,0.00006746,0.99962997,Text,0.99964738,0.00035189,0.00000077,0.99964738,Text,0.99891877,0.00103089,0.00005035,0.99891877,Text,0.99981934,0.00017203,0.00000861,0.99981934,Text,0.99961495,0.00036282,0.00002224,0.99961495,Text,0.99999416,0.00000576,0.00000006,0.99999416
73,2,Text,Text,0.99935395,0.00062357,0.00002252,0.99935395,Text,0.99979502,0.00017715,0.00002787,0.99979502,Text,0.99991333,0.00008649,0.00000016,0.99991333,Text,0.99894947,0.00101913,0.00003141,0.99894947,Text,0.99984145,0.00015446,0.00000411,0.99984145,Text,0.99971277,0.00027755,0.00000969,0.99971277,Text,0.99998903,0.00001078,0.00000018,0.99998903
74,2,Text,Text,0.99943858,0.00047958,0.00008180,0.99943858,Text,0.99987090,0.00010985,0.00001921,0.99987090,Text,0.99982411,0.00017511,0.00000078,0.99982411,Text,0.99918729,0.00076725,0.00004548,0.99918729,Text,0.99981934,0.00017209,0.00000861,0.99981934,Text,0.99965298,0.00032527,0.00002178,0.99965298,Text,0.99999642,0.00000357,0.00000003,0.99999642
75,2,Text,Text,0.99943334,0.00048695,0.00007965,0.99943334,Text,0.99986553,0.00011537,0.00001903,0.99986553,Text,0.99981886,0.00018023,0.00000092,0.99981886,Text,0.99919695,0.00076050,0.00004258,0.99919695,Text,0.99981934,0.00017206,0.00000861,0.99981934,Text,0.99965286,0.00032533,0.00002178,0.99965286,Text,0.99999642,0.00000357,0.00000003,0.99999642
76,2,Text,Text,0.99920636,0.00077436,0.00001929,0.99920636,Text,0.99970740,0.00025907,0.00003355,0.99970740,Text,0.99986804,0.00013176,0.00000015,0.99986804,Text,0.99895215,0.00102806,0.00001979,0.99895215,Text,0.99984074,0.00015512,0.00000416,0.99984074,Text,0.99975413,0.00023758,0.00000823,0.99975413,Text,0.99998868,0.00001117,0.00000017,0.99998868
77,2,Text,Text,0.99831933,0.00166833,0.00001236,0.99831933,Text,0.98190618,0.01287461,0.00521926,0.98190618,Text,0.99259275,0.00739817,0.00000909,0.99259275,Text,0.98788667,0.01210431,0.00000897,0.98788667,Text,0.99721032,0.00278178,0.00000786,0.99721032,Text,0.99676263,0.00322681,0.00001051,0.99676263,Text,0.99998808,0.00001167,0.00000020,0.99998808
78,2,Text,Text,0.96511471,0.03474861,0.00013670,0.96511471,Text,0.90065974,0.09916393,0.00017627,0.90065974,Text,0.99476755,0.00523034,0.00000214,0.99476755,Text,0.88449425,0.11528657,0.00021922,0.88449425,Text,0.97466350,0.02532299,0.00001354,0.97466350,Text,0.95317107,0.04679299,0.00003598,0.95317107,Text,0.99989140,0.00010852,0.00000001,0.99989140
79,2,Text,Text,0.99928051,0.00060283,0.00011666,0.99928051,Text,0.97452962,0.01510537,0.01036502,0.97452962,Text,0.98559988,0.01435654,0.00004362,0.98559988,Text,0.99754852,0.00237785,0.00007362,0.99754852,Text,0.99983287,0.00016241,0.00000470,0.99983287,Text,0.99959892,0.00037867,0.00002247,0.99959892,Text,0.99999404,0.00000588,0.00000004,0.99999404
80,2,Text,Text,0.99762017,0.00235339,0.00002637,0.99762017,Text,0.96734983,0.01582654,0.01682367,0.96734983,Text,0.99371934,0.00627587,0.00000481,0.99371934,Text,0.98855585,0.01143598,0.00000814,0.98855585,Text,0.99759883,0.00239365,0.00000755,0.99759883,Text,0.99611533,0.00387211,0.00001255,0.99611533,Text,0.99998808,0.00001173,0.00000019,0.99998808
81,2,Text,Text,0.99745959,0.00249638,0.00004410,0.99745959,Text,0.96230280,0.03651199,0.00118527,0.96230280,Text,0.98958349,0.01041326,0.00000327,0.98958349,Text,0.98652309,0.01346732,0.00000955,0.98652309,Text,0.99710900,0.00287626,0.00001474,0.99710900,Text,0.99629164,0.00369526,0.00001310,0.99629164,Text,0.99921679,0.00077894,0.00000428,0.99921679
82,2,Text,Text,0.99753165,0.00244594,0.00002234,0.99753165,Text,0.93229610,0.06512859,0.00257538,0.93229610,Text,0.99350727,0.00648721,0.00000555,0.99350727,Text,0.98629159,0.01369908,0.00000941,0.98629159,Text,0.99559683,0.00439618,0.00000697,0.99559683,Text,0.99511164,0.00488009,0.00000822,0.99511164,Text,0.99996054,0.00003923,0.00000018,0.99996054
83,2,Text,Text,0.99710733,0.00282896,0.00006378,0.99710733,Text,0.93695104,0.05880857,0.00424041,0.93695104,Text,0.98674482,0.01324960,0.00000556,0.98674482,Text,0.96374851,0.03621854,0.00003298,0.96374851,Text,0.99597013,0.00401823,0.00001161,0.99597013,Text,0.99500704,0.00498075,0.00001218,0.99500704,Text,0.99940944,0.00058409,0.00000650,0.99940944
84,2,Text,Text,0.99882072,0.00109013,0.00008916,0.99882072,Text,0.99994004,0.00005607,0.00000390,0.99994004,Text,0.99990129,0.00009862,0.00000004,0.99990129,Text,0.99848133,0.00149516,0.00002347,0.99848133,Text,0.99978298,0.00020916,0.00000782,0.99978298,Text,0.99951482,0.00046934,0.00001589,0.99951482,Text,0.99995792,0.00004155,0.00000053,0.99995792
85,0,Stock,Stock,0.99908948,0.99908948,0.00000060,0.00090991,Stock,0.99989057,0.99989057,0.00000002,0.00010948,Stock,0.99997008,0.99997008,0.00000000,0.00002996,Stock,0.99960989,0.99960989,0.00002984,0.00036031,Stock,0.99969769,0.99969769,0.00002784,0.00027445,Stock,0.99973410,0.99973410,0.00001618,0.00024968,Stock,0.99999928,0.99999928,0.00000001,0.00000073
86,2,Text,Text,0.99908650,0.00082267,0.00009082,0.99908650,Text,0.99987185,0.00011193,0.00001617,0.99987185,Text,0.99994886,0.00005105,0.00000002,0.99994886,Text,0.99936348,0.00060507,0.00003146,0.99936348,Text,0.99979883,0.00019542,0.00000575,0.99979883,Text,0.99969780,0.00029188,0.00001031,0.99969780,Text,0.99997687,0.00002279,0.00000039,0.99997687
87,2,Text,Text,0.99916828,0.00067648,0.00015524,0.99916828,Text,0.99994111,0.00005243,0.00000644,0.99994111,Text,0.99993169,0.00006824,0.00000010,0.99993169,Text,0.99939454,0.00055028,0.00005519,0.99939454,Text,0.99981934,0.00017211,0.00000861,0.99981934,Text,0.99959975,0.00037776,0.00002247,0.99959975,Text,0.99999130,0.00000862,0.00000012,0.99999130
88,2,Text,Text,0.99919528,0.00077706,0.00002765,0.99919528,Text,0.99995232,0.00004700,0.00000073,0.99995232,Text,0.99870276,0.00129688,0.00000032,0.99870276,Text,0.99939811,0.00058900,0.00001291,0.99939811,Text,0.99970549,0.00029123,0.00000325,0.99970549,Text,0.99959272,0.00040373,0.00000361,0.99959272,Text,0.99923933,0.00076065,0.00000009,0.99923933
89,2,Text,Text,0.99920183,0.00072969,0.00006847,0.99920183,Text,0.99978358,0.00019270,0.00002374,0.99978358,Text,0.99971408,0.00028472,0.00000117,0.99971408,Text,0.99867308,0.00128388,0.00004306,0.99867308,Text,0.99970466,0.00027960,0.00001572,0.99970466,Text,0.99960166,0.00037446,0.00002393,0.99960166,Text,0.99998641,0.00001346,0.00000012,0.99998641
90,2,Text,Text,0.99937695,0.00054382,0.00007926,0.99937695,Text,0.99987698,0.00011329,0.00000975,0.99987698,Text,0.99930608,0.00069345,0.00000049,0.99930608,Text,0.99928004,0.00066495,0.00005506,0.99928004,Text,0.99970788,0.00027589,0.00001625,0.99970788,Text,0.99960190,0.00037357,0.00002455,0.99960190,Text,0.99998784,0.00001214,0.00000002,0.99998784
91,2,Text,Text,0.99920112,0.00073059,0.00006833,0.99920112,Text,0.99970019,0.00027559,0.00002426,0.99970019,Text,0.99973851,0.00026109,0.00000040,0.99973851,Text,0.99897039,0.00100267,0.00002700,0.99897039,Text,0.99970824,0.00027397,0.00001775,0.99970824,Text,0.99960226,0.00037274,0.00002507,0.99960226,Text,0.99998677,0.00001305,0.00000014,0.99998677
92,2,Text,Text,0.99902654,0.00095558,0.00001793,0.99902654,Text,0.99925393,0.00071394,0.00003212,0.99925393,Text,0.99935740,0.00064249,0.00000011,0.99935740,Text,0.99806291,0.00192884,0.00000824,0.99806291,Text,0.99940133,0.00059288,0.00000579,0.99940133,Text,0.99926108,0.00071650,0.00002236,0.99926108,Text,0.99936801,0.00062941,0.00000256,0.99936801
93,2,Text,Text,0.99919313,0.00075118,0.00005570,0.99919313,Text,0.99935812,0.00060038,0.00004147,0.99935812,Text,0.99869591,0.00130257,0.00000149,0.99869591,Text,0.99895751,0.00101556,0.00002696,0.99895751,Text,0.99970442,0.00027994,0.00001561,0.99970442,Text,0.99959892,0.00037867,0.00002247,0.99959892,Text,0.99962080,0.00037694,0.00000220,0.99962080
94,2,Text,Text,0.99902344,0.00095859,0.00001793,0.99902344,Text,0.99922681,0.00074024,0.00003294,0.99922681,Text,0.99929881,0.00070109,0.00000014,0.99929881,Text,0.99806601,0.00192574,0.00000831,0.99806601,Text,0.99941838,0.00057529,0.00000636,0.99941838,Text,0.99931622,0.00066402,0.00001982,0.99931622,Text,0.99910432,0.00089235,0.00000332,0.99910432
95,2,Text,Text,0.99920064,0.00073256,0.00006684,0.99920064,Text,0.99889129,0.00103075,0.00007800,0.99889129,Text,0.99886996,0.00112830,0.00000166,0.99886996,Text,0.99897015,0.00100283,0.00002700,0.99897015,Text,0.99970442,0.00027994,0.00001561,0.99970442,Text,0.99959892,0.00037867,0.00002247,0.99959892,Text,0.99953914,0.00045787,0.00000302,0.99953914
96,2,Text,Text,0.99910307,0.00087803,0.00001893,0.99910307,Text,0.99835098,0.00159128,0.00005771,0.99835098,Text,0.99862754,0.00137161,0.00000084,0.99862754,Text,0.99766219,0.00231105,0.00002677,0.99766219,Text,0.99962497,0.00035942,0.00001558,0.99962497,Text,0.99936026,0.00062187,0.00001783,0.99936026,Text,0.99881482,0.00118090,0.00000430,0.99881482
97,2,Text,Text,0.99919766,0.00074151,0.00006082,0.99919766,Text,0.99976271,0.00022036,0.00001690,0.99976271,Text,0.99871719,0.00128158,0.00000119,0.99871719,Text,0.99865025,0.00132387,0.00002588,0.99865025,Text,0.99970442,0.00027994,0.00001561,0.99970442,Text,0.99945694,0.00052430,0.00001877,0.99945694,Text,0.99984694,0.00015221,0.00000078,0.99984694
98,2,Text,Text,0.99918050,0.00077025,0.00004927,0.99918050,Text,0.99925166,0.00070478,0.00004353,0.99925166,Text,0.99825674,0.00174237,0.00000085,0.99825674,Text,0.99814284,0.00183751,0.00001961,0.99814284,Text,0.99945158,0.00053757,0.00001088,0.99945158,Text,0.99930930,0.00067629,0.00001440,0.99930930,Text,0.99892694,0.00106906,0.00000396,0.99892694
99,0,Stock,Text,0.74926805,0.24869442,0.00203751,0.74926805,Stock,0.99781263,0.99781263,0.00060863,0.00157870,Stock,0.99999607,0.99999607,0.00000266,0.00000126,Stock,0.95674747,0.95674747,0.00178034,0.04147217,Stock,0.99979824,0.99979824,0.00000905,0.00019270,Stock,0.99971169,0.99971169,0.00001510,0.00027313,Stock,0.99965608,0.99965608,0.00018523,0.00015876
100,0,Stock,Text,0.67720157,0.32074660,0.00205182,0.67720157,Stock,0.99506819,0.99506819,0.00035800,0.00457378,Stock,0.99988008,0.99988008,0.00002634,0.00009359,Stock,0.78440535,0.78440535,0.00125489,0.21433975,Stock,0.99415851,0.99415851,0.00093979,0.00490172,Stock,0.99221146,0.99221146,0.00122871,0.00655982,Stock,0.99999857,0.99999857,0.00000028,0.00000118
101,0,Stock,Stock,0.97719258,0.97719258,0.00013913,0.02266829,Stock,0.99982196,0.99982196,0.00015813,0.00001996,Stock,0.99999988,0.99999988,0.00000009,0.00000000,Stock,0.99966383,0.99966383,0.00000188,0.00033423,Stock,0.99997759,0.99997759,0.00000000,0.00002237,Stock,0.99998772,0.99998772,0.00000000,0.00001224,Stock,0.99985600,0.99985600,0.00010706,0.00003696
102,0,Stock,Text,0.71102571,0.28703010,0.00194419,0.71102571,Stock,0.98691529,0.98691529,0.00055869,0.01252600,Stock,0.99987459,0.99987459,0.00004042,0.00008499,Stock,0.98109871,0.98109871,0.00067882,0.01822244,Stock,0.99996352,0.99996352,0.00000068,0.00003578,Stock,0.99996960,0.99996960,0.00000063,0.00002984,Stock,0.99963653,0.99963653,0.00010265,0.00026083
103,0,Stock,Text,0.57507581,0.42284828,0.00207596,0.57507581,Stock,0.99683160,0.99683160,0.00046558,0.00270287,Stock,0.99999857,0.99999857,0.00000117,0.00000023,Stock,0.97502500,0.97502500,0.00147078,0.02350424,Stock,0.99981064,0.99981064,0.00001021,0.00017918,Stock,0.99975294,0.99975294,0.00000843,0.00023860,Stock,0.99970907,0.99970907,0.00013973,0.00015117
104,0,Stock,Text,0.61290604,0.38491634,0.00217765,0.61290604,Stock,0.99745935,0.99745935,0.00031680,0.00222391,Stock,0.99995780,0.99995780,0.00001620,0.00002599,Stock,0.96572745,0.96572745,0.00244143,0.03183110,Stock,0.99942929,0.99942929,0.00005100,0.00051971,Stock,0.99888235,0.99888235,0.00015200,0.00096561,Stock,0.99953020,0.99953020,0.00030077,0.00016913
105,2,Text,Text,0.58579981,0.41320154,0.00099866,0.58579981,Stock,0.93297762,0.93297762,0.00220705,0.06481536,Stock,0.99954575,0.99954575,0.00007778,0.00037640,Stock,0.50324577,0.50324577,0.00114916,0.49560508,Stock,0.89246178,0.89246178,0.00172244,0.10581577,Stock,0.86227530,0.86227530,0.00222725,0.13549744,Stock,0.99993467,0.99993467,0.00003602,0.00002933
106,0,Stock,Stock,0.99975795,0.99975795,0.00000039,0.00024174,Stock,0.99955124,0.99955124,0.00020038,0.00024831,Stock,1.00000000,1.00000000,0.00000000,0.00000000,Stock,0.99920231,0.99920231,0.00001434,0.00078347,Stock,0.99990880,0.99990880,0.00000397,0.00008727,Stock,0.99995875,0.99995875,0.00000053,0.00004081,Stock,0.99999809,0.99999809,0.00000007,0.00000175
107,0,Stock,Text,0.80192089,0.19706389,0.00101520,0.80192089,Stock,0.99974734,0.99974734,0.00015443,0.00009818,Stock,0.99999905,0.99999905,0.00000088,0.00000007,Stock,0.99981779,0.99981779,0.00000080,0.00018146,Stock,0.99997127,0.99997127,0.00000051,0.00002823,Stock,0.99996531,0.99996531,0.00000006,0.00003457,Stock,0.99996316,0.99996316,0.00001993,0.00001698
108,0,Stock,Stock,0.81356126,0.81356126,0.17160474,0.01483405,Thread,0.68735576,0.30617401,0.68735576,0.00647026,Stock,0.51906413,0.51906413,0.47960889,0.00132699,Stock,0.98408210,0.98408210,0.01394923,0.00196873,Stock,0.97840357,0.97840357,0.02065352,0.00094283,Stock,0.98670691,0.98670691,0.01226560,0.00102749,Stock,0.98517126,0.98517126,0.01421695,0.00061179
109,0,Stock,Stock,0.69458383,0.69458383,0.29537025,0.01004586,Thread,0.87759668,0.11783990,0.87759668,0.00456340,Thread,0.71562821,0.28322673,0.71562821,0.00114514,Stock,0.97985017,0.97985017,0.01869714,0.00145275,Stock,0.96964675,0.96964675,0.02927856,0.00107465,Stock,0.97626537,0.97626537,0.02273450,0.00100018,Stock,0.97311211,0.97311211,0.02602307,0.00086484
110,0,Stock,Stock,0.57269204,0.57269204,0.41667157,0.01063644,Thread,0.99475831,0.00488596,0.99475831,0.00035575,Thread,0.88596010,0.11317435,0.88596010,0.00086551,Stock,0.97904676,0.97904676,0.02004988,0.00090334,Stock,0.95003259,0.95003259,0.04865841,0.00130903,Stock,0.96514237,0.96514237,0.03367377,0.00118394,Thread,0.95448673,0.04513477,0.95448673,0.00037850
111,0,Stock,Stock,0.50567889,0.50567889,0.47842866,0.01589237,Thread,0.98460025,0.01420111,0.98460025,0.00119857,Thread,0.84898096,0.14996293,0.84898096,0.00105608,Stock,0.97419667,0.97419667,0.02448007,0.00132322,Stock,0.97723877,0.97723877,0.02131193,0.00144927,Stock,0.98165268,0.98165268,0.01675662,0.00159071,Thread,0.92696512,0.07247002,0.92696512,0.00056489
112,0,Stock,Stock,0.67630714,0.67630714,0.30424529,0.01944762,Thread,0.61872554,0.36787379,0.61872554,0.01340059,Stock,0.60794175,0.60794175,0.39013278,0.00192549,Stock,0.98826605,0.98826605,0.01023170,0.00150215,Stock,0.99041849,0.99041849,0.00885772,0.00072376,Stock,0.99012005,0.99012005,0.00898301,0.00089690,Thread,0.76222688,0.23669696,0.76222688,0.00107610
113,1,Thread,Thread,0.73983192,0.24860701,0.73983192,0.01156115,Thread,0.99893516,0.00103120,0.99893516,0.00003358,Thread,0.98456848,0.01511841,0.98456848,0.00031319,Stock,0.87950200,0.87950200,0.11820796,0.00229009,Stock,0.78966999,0.78966999,0.20796534,0.00236467,Stock,0.88308668,0.88308668,0.11489734,0.00201597,Thread,0.99854988,0.00142197,0.99854988,0.00002815
114,1,Thread,Thread,0.66843581,0.31800947,0.66843581,0.01355474,Thread,0.99932599,0.00065862,0.99932599,0.00001540,Thread,0.98129785,0.01834844,0.98129785,0.00035379,Stock,0.93487072,0.93487072,0.06343327,0.00169600,Stock,0.87061638,0.87061638,0.12738332,0.00200032,Stock,0.91024059,0.91024059,0.08823595,0.00152348,Thread,0.98665953,0.01317935,0.98665953,0.00016110
115,1,Thread,Thread,0.64436233,0.34333530,0.64436233,0.01230237,Thread,0.99900299,0.00096946,0.99900299,0.00002745,Thread,0.98663193,0.01314658,0.98663193,0.00022146,Stock,0.90244246,0.90244246,0.09495043,0.00260710,Stock,0.88039380,0.88039380,0.11785915,0.00174701,Stock,0.89800167,0.89800167,0.10029116,0.00170716,Thread,0.99927682,0.00071173,0.99927682,0.00001147
116,1,Thread,Thread,0.72858530,0.25911653,0.72858530,0.01229809,Thread,0.99893349,0.00103283,0.99893349,0.00003368,Thread,0.98175883,0.01788717,0.98175883,0.00035408,Stock,0.90651846,0.90651846,0.09227702,0.00120446,Stock,0.83183140,0.83183140,0.16582602,0.00234261,Stock,0.89078861,0.89078861,0.10728658,0.00192478,Thread,0.99706918,0.00287998,0.99706918,0.00005091
117,1,Thread,Thread,0.66789293,0.31814814,0.66789293,0.01395891,Thread,0.99932575,0.00065891,0.99932575,0.00001541,Thread,0.98128164,0.01836465,0.98128164,0.00035364,Stock,0.94385451,0.94385451,0.05433064,0.00181490,Stock,0.87507635,0.87507635,0.12300875,0.00191487,Stock,0.91151762,0.91151762,0.08697399,0.00150845,Thread,0.98912001,0.01072865,0.98912001,0.00015138
118,1,Thread,Thread,0.67980641,0.30769211,0.67980641,0.01250147,Thread,0.99671364,0.00309964,0.99671364,0.00018681,Thread,0.98134184,0.01830525,0.98134184,0.00035298,Stock,0.93558705,0.93558705,0.06283867,0.00157420,Stock,0.88825178,0.88825178,0.10999302,0.00175517,Stock,0.93230259,0.93230259,0.06638183,0.00131560,Thread,0.98222500,0.01755408,0.98222500,0.00022095
119,1,Thread,Thread,0.72858530,0.25911641,0.72858530,0.01229818,Thread,0.99893516,0.00103126,0.99893516,0.00003358,Thread,0.98456371,0.01512263,0.98456371,0.00031363,Stock,0.90428454,0.90428454,0.09446574,0.00124970,Stock,0.84469944,0.84469944,0.15298976,0.00231082,Stock,0.89184856,0.89184856,0.10623968,0.00191174,Thread,0.99839056,0.00157831,0.99839056,0.00003119
120,1,Thread,Thread,0.67640716,0.30951717,0.67640716,0.01407568,Thread,0.99932611,0.00065860,0.99932611,0.00001540,Thread,0.98531359,0.01443269,0.98531359,0.00025376,Stock,0.94368070,0.94368070,0.05450202,0.00181720,Stock,0.88899231,0.88899231,0.10897174,0.00203590,Stock,0.92177856,0.92177856,0.07674697,0.00147447,Thread,0.99447364,0.00541469,0.99447364,0.00011168
121,1,Thread,Thread,0.68037707,0.30731812,0.68037707,0.01230479,Thread,0.99732190,0.00254716,0.99732190,0.00013096,Thread,0.98158950,0.01806396,0.98158950,0.00034652,Stock,0.93561560,0.93561560,0.06281820,0.00156619,Stock,0.89363432,0.89363432,0.10464583,0.00171984,Stock,0.93343514,0.93343514,0.06526406,0.00130075,Thread,0.98253834,0.01724455,0.98253834,0.00021701
122,1,Thread,Thread,0.72858238,0.25911796,0.72858238,0.01229971,Thread,0.99893516,0.00103122,0.99893516,0.00003358,Thread,0.97799975,0.02157455,0.97799975,0.00042560,Stock,0.87457502,0.87457502,0.12405328,0.00137176,Stock,0.82341677,0.82341677,0.17394891,0.00263429,Stock,0.87165624,0.87165624,0.12598552,0.00235821,Thread,0.99878842,0.00118254,0.99878842,0.00002900
123,1,Thread,Thread,0.66865093,0.31522858,0.66865093,0.01612051,Thread,0.99932599,0.00065861,0.99932599,0.00001540,Thread,0.98296344,0.01672905,0.98296344,0.00030753,Stock,0.92563105,0.92563105,0.07291224,0.00145681,Stock,0.86359602,0.86359602,0.13402919,0.00237480,Stock,0.89670998,0.89670998,0.10135546,0.00193462,Thread,0.99430484,0.00557867,0.99430484,0.00011649
124,1,Thread,Thread,0.67758405,0.31019419,0.67758405,0.01222173,Thread,0.99906689,0.00090448,0.99906689,0.00002875,Thread,0.98482054,0.01492391,0.98482054,0.00025555,Stock,0.92354161,0.92354161,0.07508022,0.00137821,Stock,0.89333284,0.89333284,0.10508543,0.00158176,Stock,0.93633497,0.93633497,0.06238962,0.00127542,Thread,0.98671454,0.01312497,0.98671454,0.00016045
125,1,Thread,Thread,0.72858900,0.25911316,0.72858900,0.01229781,Thread,0.99893075,0.00103540,0.99893075,0.00003385,Thread,0.98149890,0.01814194,0.98149890,0.00035920,Stock,0.92206287,0.92206287,0.07697250,0.00096467,Stock,0.85471994,0.85471994,0.14290825,0.00237186,Stock,0.89235944,0.89235944,0.10573368,0.00190696,Thread,0.99638498,0.00355648,0.99638498,0.00005856
126,1,Thread,Thread,0.67042822,0.31344131,0.67042822,0.01613048,Thread,0.99932587,0.00065875,0.99932587,0.00001540,Thread,0.98128158,0.01836659,0.98128158,0.00035189,Stock,0.94168025,0.94168025,0.05645307,0.00186672,Stock,0.87921023,0.87921023,0.11893228,0.00185749,Stock,0.91252643,0.91252643,0.08596090,0.00151268,Thread,0.98875499,0.01109208,0.98875499,0.00015304
127,1,Thread,Thread,0.68041652,0.30737132,0.68041652,0.01221225,Thread,0.99664932,0.00315632,0.99664932,0.00019442,Thread,0.98131508,0.01833149,0.98131508,0.00035343,Stock,0.93655503,0.93655503,0.06192648,0.00151852,Stock,0.89428139,0.89428139,0.10398298,0.00173569,Stock,0.93506593,0.93506593,0.06365082,0.00128337,Thread,0.98239660,0.01738448,0.98239660,0.00021892
128,1,Thread,Thread,0.72861499,0.25909001,0.72861499,0.01229497,Thread,0.99892932,0.00103668,0.99892932,0.00003393,Thread,0.98118156,0.01845291,0.98118156,0.00036547,Stock,0.92327523,0.92327523,0.07576786,0.00095689,Stock,0.85829735,0.85829735,0.13932306,0.00237959,Stock,0.89299440,0.89299440,0.10510149,0.00190415,Thread,0.99628842,0.00365225,0.99628842,0.00005943
129,1,Thread,Thread,0.67647505,0.30776709,0.67647505,0.01575785,Thread,0.99932587,0.00065874,0.99932587,0.00001540,Thread,0.98128164,0.01836720,0.98128164,0.00035113,Stock,0.94004828,0.94004828,0.05806375,0.00188807,Stock,0.88138175,0.88138175,0.11676712,0.00185114,Stock,0.91440660,0.91440660,0.08409446,0.00149898,Thread,0.98877662,0.01107036,0.98877662,0.00015296
130,1,Thread,Thread,0.68026906,0.30761033,0.68026906,0.01212063,Thread,0.99665844,0.00314789,0.99665844,0.00019368,Thread,0.98130947,0.01833716,0.98130947,0.00035338,Stock,0.93633026,0.93633026,0.06217372,0.00149609,Stock,0.89262474,0.89262474,0.10561707,0.00175815,Stock,0.93533689,0.93533689,0.06338171,0.00128142,Thread,0.98260480,0.01717868,0.98260480,0.00021663
131,1,Thread,Thread,0.72861236,0.25909081,0.72861236,0.01229679,Thread,0.99893290,0.00103335,0.99893290,0.00003372,Thread,0.98176461,0.01788164,0.98176461,0.00035380,Stock,0.92019773,0.92019773,0.07884377,0.00095854,Stock,0.85577846,0.85577846,0.14178398,0.00243758,Stock,0.89316118,0.89316118,0.10492978,0.00190910,Thread,0.99740630,0.00255095,0.99740630,0.00004272
132,1,Thread,Thread,0.71142465,0.27421784,0.71142465,0.01435746,Thread,0.99932611,0.00065860,0.99932611,0.00001540,Thread,0.98166257,0.01799150,0.98166257,0.00034588,Stock,0.93783116,0.93783116,0.06040397,0.00176486,Stock,0.87631303,0.87631303,0.12146470,0.00222224,Stock,0.91168958,0.91168958,0.08654878,0.00176157,Thread,0.99420387,0.00567687,0.99420387,0.00011922
133,1,Thread,Thread,0.68004334,0.30796948,0.68004334,0.01198719,Thread,0.99708074,0.00276499,0.99708074,0.00015430,Thread,0.98134345,0.01830469,0.98134345,0.00035185,Stock,0.93491095,0.93491095,0.06363035,0.00145878,Stock,0.89122659,0.89122659,0.10699921,0.00177417,Stock,0.93490595,0.93490595,0.06380904,0.00128497,Thread,0.98322785,0.01656191,0.98322785,0.00021033
134,1,Thread,Thread,0.72890317,0.25881633,0.72890317,0.01228041,Thread,0.99893516,0.00103127,0.99893516,0.00003358,Thread,0.98456627,0.01512048,0.98456627,0.00031328,Stock,0.88534421,0.88534421,0.11338339,0.00127238,Stock,0.84747583,0.84747583,0.14999638,0.00252784,Stock,0.89163649,0.89163649,0.10643130,0.00193212,Thread,0.99845147,0.00152015,0.99845147,0.00002838
135,1,Thread,Thread,0.72823054,0.25666836,0.72823054,0.01510107,Thread,0.99932611,0.00065860,0.99932611,0.00001540,Thread,0.98786455,0.01192101,0.98786455,0.00021447,Stock,0.93770701,0.93770701,0.06057391,0.00171904,Stock,0.90226066,0.90226066,0.09599139,0.00174789,Stock,0.92014897,0.92014897,0.07830789,0.00154307,Thread,0.99575222,0.00417225,0.99575222,0.00007548
136,1,Thread,Thread,0.68994057,0.29775614,0.68994057,0.01230333,Thread,0.99901462,0.00095349,0.99901462,0.00003188,Thread,0.98509753,0.01464216,0.98509753,0.00026034,Stock,0.91984254,0.91984254,0.07884607,0.00131137,Stock,0.88319254,0.88319254,0.11497921,0.00182831,Stock,0.93047458,0.93047458,0.06814335,0.00138213,Thread,0.98658854,0.01324886,0.98658854,0.00016262
137,1,Thread,Thread,0.73439604,0.25326371,0.73439604,0.01234028,Thread,0.99893516,0.00103121,0.99893516,0.00003358,Thread,0.98456800,0.01511877,0.98456800,0.00031323,Stock,0.87581182,0.87581182,0.12282917,0.00135905,Stock,0.84707999,0.84707999,0.15050033,0.00241969,Stock,0.89141697,0.89141697,0.10665993,0.00192313,Thread,0.99847120,0.00150084,0.99847120,0.00002796
138,1,Thread,Thread,0.73476940,0.24976625,0.73476940,0.01546434,Thread,0.99932611,0.00065860,0.99932611,0.00001540,Thread,0.98814166,0.01164547,0.98814166,0.00021289,Stock,0.93410736,0.93410736,0.06429265,0.00160000,Stock,0.90251017,0.90251017,0.09575353,0.00173634,Stock,0.92039245,0.92039245,0.07808843,0.00151905,Thread,0.99573427,0.00418964,0.99573427,0.00007608
139,1,Thread,Thread,0.70758903,0.28119990,0.70758903,0.01121114,Thread,0.99901485,0.00095322,0.99901485,0.00003187,Thread,0.98812127,0.01166572,0.98812127,0.00021301,Stock,0.94098234,0.94098234,0.05780245,0.00121514,Stock,0.91075122,0.91075122,0.08782719,0.00142161,Stock,0.93651986,0.93651986,0.06220577,0.00127436,Thread,0.99359071,0.00628480,0.99359071,0.00012447
140,1,Thread,Thread,0.75584418,0.23131804,0.75584418,0.01283780,Thread,0.99893540,0.00103098,0.99893540,0.00003356,Thread,0.98451632,0.01516973,0.98451632,0.00031395,Stock,0.86317283,0.86317283,0.13528088,0.00154624,Stock,0.80811137,0.80811137,0.18920818,0.00268049,Stock,0.86488181,0.86488181,0.13264607,0.00247220,Thread,0.99913520,0.00084981,0.99913520,0.00001500
141,1,Thread,Thread,0.73221743,0.25247523,0.73221743,0.01530741,Thread,0.99932611,0.00065860,0.99932611,0.00001540,Thread,0.98810738,0.01167951,0.98810738,0.00021309,Stock,0.87143815,0.87143815,0.12674284,0.00181895,Stock,0.87279546,0.87279546,0.12491468,0.00228985,Stock,0.90126717,0.90126717,0.09694156,0.00179131,Thread,0.99850404,0.00146333,0.99850404,0.00003261
142,1,Thread,Thread,0.70889580,0.27990720,0.70889580,0.01119697,Thread,0.99901521,0.00095299,0.99901521,0.00003186,Thread,0.98785108,0.01193441,0.98785108,0.00021455,Stock,0.92299378,0.92299378,0.07572503,0.00128122,Stock,0.90832043,0.90832043,0.09024675,0.00143278,Stock,0.93650597,0.93650597,0.06221958,0.00127450,Thread,0.99102753,0.00883091,0.99102753,0.00014157
143,1,Thread,Thread,0.75472146,0.23333704,0.75472146,0.01194154,Thread,0.99893516,0.00103121,0.99893516,0.00003358,Thread,0.98456800,0.01511890,0.98456800,0.00031320,Stock,0.87334466,0.87334466,0.12526990,0.00138550,Stock,0.82782441,0.82782441,0.16983759,0.00233803,Stock,0.88920593,0.88920593,0.10884471,0.00194940,Thread,0.99845934,0.00151285,0.99845934,0.00002787
144,1,Thread,Thread,0.74224782,0.24161196,0.74224782,0.01614022,Thread,0.99932611,0.00065860,0.99932611,0.00001540,Thread,0.98810738,0.01167956,0.98810738,0.00021309,Stock,0.91967535,0.91967535,0.07887643,0.00144828,Stock,0.89807224,0.89807224,0.10014340,0.00178435,Stock,0.91710740,0.91710740,0.08136780,0.00152475,Thread,0.99573272,0.00419125,0.99573272,0.00007609
145,1,Thread,Thread,0.70827407,0.28037888,0.70827407,0.01134709,Thread,0.99901485,0.00095325,0.99901485,0.00003187,Thread,0.98805064,0.01173591,0.98805064,0.00021341,Stock,0.92323172,0.92323172,0.07548422,0.00128400,Stock,0.90823573,0.90823573,0.09033339,0.00143092,Stock,0.93649518,0.93649518,0.06223022,0.00127456,Thread,0.99395424,0.00592411,0.99395424,0.00012170
146,1,Thread,Thread,0.76007050,0.22806785,0.76007050,0.01186158,Thread,0.99893516,0.00103121,0.99893516,0.00003358,Thread,0.98455900,0.01512768,0.98455900,0.00031333,Stock,0.87276709,0.87276709,0.12583873,0.00139414,Stock,0.80266416,0.80266416,0.19487588,0.00245997,Stock,0.88760722,0.88760722,0.11042643,0.00196640,Thread,0.99845719,0.00151493,0.99845719,0.00002781
147,1,Thread,Thread,0.75182879,0.23101307,0.75182879,0.01715819,Thread,0.99932611,0.00065860,0.99932611,0.00001540,Thread,0.98805594,0.01173055,0.98805594,0.00021338,Stock,0.91008770,0.91008770,0.08839492,0.00151734,Stock,0.87571502,0.87571502,0.12211722,0.00216774,Stock,0.90954232,0.90954232,0.08891129,0.00154632,Thread,0.99573803,0.00418617,0.99573803,0.00007590
148,1,Thread,Thread,0.70491803,0.28337738,0.70491803,0.01170463,Thread,0.99901485,0.00095325,0.99901485,0.00003187,Thread,0.98798382,0.01180243,0.98798382,0.00021379,Stock,0.91844761,0.91844761,0.08023898,0.00131337,Stock,0.90656662,0.90656662,0.09198904,0.00144425,Stock,0.93639320,0.93639320,0.06233167,0.00127512,Thread,0.99403894,0.00584005,0.99403894,0.00012104
149,1,Thread,Thread,0.76176345,0.22663720,0.76176345,0.01159939,Thread,0.99893516,0.00103121,0.99893516,0.00003358,Thread,0.98316807,0.01649863,0.98316807,0.00033332,Stock,0.87175035,0.87175035,0.12683140,0.00141821,Stock,0.79751176,0.79751176,0.20003663,0.00245167,Stock,0.88287568,0.88287568,0.11510249,0.00202182,Thread,0.99845874,0.00151357,0.99845874,0.00002770
150,1,Thread,Thread,0.75448084,0.22802922,0.75448084,0.01748994,Thread,0.99932611,0.00065860,0.99932611,0.00001540,Thread,0.98795426,0.01183178,0.98795426,0.00021396,Stock,0.90303373,0.90303373,0.09533530,0.00163101,Stock,0.86827332,0.86827332,0.12948123,0.00224544,Stock,0.90800679,0.90800679,0.09043286,0.00156037,Thread,0.99574786,0.00417656,0.99574786,0.00007557
151,1,Thread,Thread,0.70010829,0.28788486,0.70010829,0.01200680,Thread,0.99901485,0.00095326,0.99901485,0.00003187,Thread,0.98785549,0.01192989,0.98785549,0.00021452,Stock,0.91648167,0.91648167,0.08219677,0.00132156,Stock,0.89966327,0.89966327,0.09882809,0.00150869,Stock,0.93538404,0.93538404,0.06333551,0.00128049,Thread,0.99410713,0.00577231,0.99410713,0.00012051
152,1,Thread,Thread,0.76142693,0.22749366,0.76142693,0.01107938,Thread,0.99893516,0.00103121,0.99893516,0.00003358,Thread,0.98181033,0.01783702,0.98181033,0.00035264,Stock,0.87068540,0.87068540,0.12777871,0.00153594,Stock,0.79058611,0.79058611,0.20703433,0.00237961,Stock,0.86866957,0.86866957,0.12911761,0.00221287,Thread,0.99846846,0.00150410,0.99846846,0.00002741
153,1,Thread,Thread,0.75452942,0.22793815,0.75452942,0.01753249,Thread,0.99932611,0.00065860,0.99932611,0.00001540,Thread,0.98777455,0.01201056,0.98777455,0.00021493,Stock,0.90025496,0.90025496,0.09805689,0.00168817,Stock,0.86748278,0.86748278,0.13035019,0.00216703,Stock,0.90795618,0.90795618,0.09048538,0.00155850,Thread,0.99577111,0.00415410,0.99577111,0.00007482
154,1,Thread,Thread,0.69515681,0.29254022,0.69515681,0.01230301,Thread,0.99901485,0.00095326,0.99901485,0.00003187,Thread,0.98765820,0.01212636,0.98765820,0.00021548,Stock,0.91406834,0.91406834,0.08460854,0.00132316,Stock,0.89330190,0.89330190,0.10514788,0.00155013,Stock,0.93198138,0.93198138,0.06670035,0.00131825,Thread,0.99414730,0.00573256,0.99414730,0.00012019
155,1,Thread,Thread,0.76024896,0.22907059,0.76024896,0.01068053,Thread,0.99893516,0.00103121,0.99893516,0.00003358,Thread,0.98180133,0.01784588,0.98180133,0.00035277,Stock,0.87383163,0.87383163,0.12431591,0.00185241,Stock,0.78960121,0.78960121,0.20803267,0.00236609,Stock,0.84234738,0.84234738,0.15517317,0.00247943,Thread,0.99849725,0.00147611,0.99849725,0.00002667
156,1,Thread,Thread,0.75145221,0.23113699,0.75145221,0.01741078,Thread,0.99932611,0.00065860,0.99932611,0.00001540,Thread,0.98750532,0.01227838,0.98750532,0.00021620,Stock,0.89955771,0.89955771,0.09873897,0.00170333,Stock,0.86835527,0.86835527,0.12955587,0.00208883,Stock,0.90796393,0.90796393,0.09047938,0.00155664,Thread,0.99580020,0.00412583,0.99580020,0.00007391
157,1,Thread,Thread,0.68225455,0.30492032,0.68225455,0.01282511,Thread,0.99901485,0.00095326,0.99901485,0.00003187,Thread,0.98740214,0.01238108,0.98740214,0.00021679,Stock,0.91110951,0.91110951,0.08754399,0.00134646,Stock,0.88607627,0.88607627,0.11230478,0.00161901,Stock,0.92933893,0.92933893,0.06930907,0.00135200,Thread,0.99416381,0.00571610,0.99416381,0.00012006
158,1,Thread,Thread,0.76009864,0.22933258,0.76009864,0.01056885,Thread,0.99893516,0.00103121,0.99893516,0.00003358,Thread,0.98180091,0.01784630,0.98180091,0.00035278,Stock,0.87441242,0.87441242,0.12327453,0.00231308,Stock,0.78946435,0.78946435,0.20816959,0.00236603,Stock,0.82542861,0.82542861,0.17205794,0.00251349,Thread,0.99857581,0.00139958,0.99857581,0.00002469
159,1,Thread,Thread,0.74030119,0.24267545,0.74030119,0.01702337,Thread,0.99932611,0.00065860,0.99932611,0.00001540,Thread,0.98714268,0.01263900,0.98714268,0.00021834,Stock,0.89932495,0.89932495,0.09896639,0.00170867,Stock,0.86911577,0.86911577,0.12884124,0.00204300,Stock,0.90797710,0.90797710,0.09046727,0.00155564,Thread,0.99583328,0.00409381,0.99583328,0.00007294
160,1,Thread,Thread,0.67439622,0.31275648,0.67439622,0.01284733,Thread,0.99901485,0.00095327,0.99901485,0.00003187,Thread,0.98708308,0.01269817,0.98708308,0.00021873,Stock,0.90715045,0.90715045,0.09145374,0.00139580,Stock,0.87783438,0.87783438,0.12042120,0.00174449,Stock,0.92867970,0.92867970,0.06996055,0.00135967,Thread,0.99416983,0.00571019,0.99416983,0.00012001
161,1,Thread,Thread,0.76025003,0.22919275,0.76025003,0.01055719,Thread,0.99893516,0.00103122,0.99893516,0.00003358,Thread,0.98179942,0.01784785,0.98179942,0.00035281,Stock,0.87427104,0.87427104,0.12312583,0.00260311,Stock,0.78931838,0.78931838,0.20832402,0.00235764,Stock,0.81914991,0.81914991,0.17837794,0.00247213,Thread,0.99876165,0.00121817,0.99876165,0.00002021
162,1,Thread,Thread,0.73030806,0.25311390,0.73030806,0.01657817,Thread,0.99932611,0.00065860,0.99932611,0.00001540,Thread,0.98686385,0.01291610,0.98686385,0.00022013,Stock,0.89924598,0.89924598,0.09904334,0.00171070,Stock,0.86931646,0.86931646,0.12865476,0.00202873,Stock,0.90802723,0.90802723,0.09041801,0.00155473,Thread,0.99586749,0.00406051,0.99586749,0.00007206
163,1,Thread,Thread,0.67100364,0.31612179,0.67100364,0.01287457,Thread,0.99901485,0.00095327,0.99901485,0.00003187,Thread,0.98683947,0.01294015,0.98683947,0.00022029,Stock,0.90315896,0.90315896,0.09536152,0.00147950,Stock,0.87663484,0.87663484,0.12160224,0.00176293,Stock,0.92849296,0.92849296,0.07014595,0.00136114,Thread,0.99417228,0.00570777,0.99417228,0.00011999
164,1,Thread,Thread,0.76050872,0.22891536,0.76050872,0.01057588,Thread,0.99893516,0.00103122,0.99893516,0.00003358,Thread,0.98179263,0.01785437,0.98179263,0.00035294,Stock,0.87387860,0.87387860,0.12339622,0.00272519,Stock,0.78895181,0.78895181,0.20873021,0.00231802,Stock,0.81507361,0.81507361,0.18245161,0.00247476,Thread,0.99898857,0.00099641,0.99898857,0.00001504
165,1,Thread,Thread,0.72813249,0.25540999,0.72813249,0.01645759,Thread,0.99932611,0.00065860,0.99932611,0.00001540,Thread,0.98672056,0.01305850,0.98672056,0.00022096,Stock,0.89924985,0.89924985,0.09903923,0.00171089,Stock,0.86933661,0.86933661,0.12863985,0.00202359,Stock,0.90811110,0.90811110,0.09033543,0.00155351,Thread,0.99589866,0.00402999,0.99589866,0.00007136
166,1,Thread,Thread,0.66988313,0.31723499,0.66988313,0.01288188,Thread,0.99901485,0.00095327,0.99901485,0.00003187,Thread,0.98672032,0.01305873,0.98672032,0.00022096,Stock,0.90200394,0.90200394,0.09646756,0.00152852,Stock,0.87644231,0.87644231,0.12179181,0.00176590,Stock,0.92839676,0.92839676,0.07024162,0.00136165,Thread,0.99417323,0.00570688,0.99417323,0.00011998
167,1,Thread,Thread,0.76092428,0.22848715,0.76092428,0.01058857,Thread,0.99893516,0.00103122,0.99893516,0.00003358,Thread,0.98176318,0.01788320,0.98176318,0.00035353,Stock,0.87344682,0.87344682,0.12376407,0.00278907,Stock,0.78843838,0.78843838,0.20930229,0.00225936,Stock,0.81462955,0.81462955,0.18290147,0.00246900,Thread,0.99917370,0.00081528,0.99917370,0.00001096
168,1,Thread,Thread,0.72689581,0.25678349,0.72689581,0.01632066,Thread,0.99932611,0.00065860,0.99932611,0.00001540,Thread,0.98666102,0.01311774,0.98666102,0.00022129,Stock,0.89927751,0.89927751,0.09901212,0.00171045,Stock,0.86937529,0.86937529,0.12860620,0.00201853,Stock,0.90825731,0.90825731,0.09019148,0.00155127,Thread,0.99593461,0.00399471,0.99593461,0.00007066
169,1,Thread,Thread,0.66959280,0.31752580,0.66959280,0.01288143,Thread,0.99901485,0.00095327,0.99901485,0.00003187,Thread,0.98666614,0.01311265,0.98666614,0.00022127,Stock,0.90181875,0.90181875,0.09662385,0.00155746,Stock,0.87638885,0.87638885,0.12184451,0.00176660,Stock,0.92839515,0.92839515,0.07024311,0.00136169,Thread,0.99417371,0.00570635,0.99417371,0.00011997
170,1,Thread,Thread,0.76111549,0.22828794,0.76111549,0.01059649,Thread,0.99893516,0.00103123,0.99893516,0.00003358,Thread,0.98161536,0.01802814,0.98161536,0.00035650,Stock,0.87366307,0.87366307,0.12355144,0.00278551,Stock,0.78819966,0.78819966,0.20957296,0.00222730,Stock,0.82117695,0.82117695,0.17641112,0.00241200,Thread,0.99924904,0.00074147,0.99924904,0.00000946
171,1,Thread,Thread,0.72340018,0.26100761,0.72340018,0.01559216,Thread,0.99932611,0.00065860,0.99932611,0.00001540,Thread,0.98664004,0.01313857,0.98664004,0.00022141,Stock,0.89938992,0.89938992,0.09890247,0.00170767,Stock,0.86943030,0.86943030,0.12855388,0.00201582,Stock,0.90860319,0.90860319,0.08985107,0.00154575,Thread,0.99596196,0.00396792,0.99596196,0.00007019
172,1,Thread,Thread,0.66946226,0.31765980,0.66946226,0.01287795,Thread,0.99901485,0.00095327,0.99901485,0.00003187,Thread,0.98664361,0.01313496,0.98664361,0.00022139,Stock,0.90197623,0.90197623,0.09644508,0.00157867,Stock,0.87635309,0.87635309,0.12188007,0.00176676,Stock,0.92834324,0.92834324,0.07029490,0.00136190,Thread,0.99417418,0.00570589,0.99417418,0.00011996
173,1,Thread,Thread,0.76016790,0.22925867,0.76016790,0.01057346,Thread,0.99893516,0.00103123,0.99893516,0.00003358,Thread,0.98084545,0.01878285,0.98084545,0.00037170,Stock,0.87447083,0.87447083,0.12279917,0.00273001,Stock,0.78832543,0.78832543,0.20945589,0.00221870,Stock,0.84879923,0.84879923,0.14902070,0.00218012,Thread,0.99927741,0.00071370,0.99927741,0.00000894
174,1,Thread,Thread,0.71752596,0.26929662,0.71752596,0.01317745,Thread,0.99932611,0.00065860,0.99932611,0.00001540,Thread,0.98663414,0.01314443,0.98663414,0.00022144,Stock,0.89980280,0.89980280,0.09850045,0.00169674,Stock,0.86947960,0.86947960,0.12850207,0.00201825,Stock,0.90951878,0.90951878,0.08894904,0.00153219,Thread,0.99601561,0.00391507,0.99601561,0.00006935
175,1,Thread,Thread,0.66880274,0.31835136,0.66880274,0.01284594,Thread,0.99901485,0.00095327,0.99901485,0.00003187,Thread,0.98663527,0.01314320,0.98663527,0.00022144,Stock,0.90353715,0.90353715,0.09490142,0.00156133,Stock,0.87631816,0.87631816,0.12191519,0.00176671,Stock,0.92842174,0.92842174,0.07021662,0.00136166,Thread,0.99417490,0.00570524,0.99417490,0.00011994
176,1,Thread,Thread,0.74417055,0.24553829,0.74417055,0.01029124,Thread,0.99893516,0.00103124,0.99893516,0.00003358,Thread,0.97873652,0.02085101,0.97873652,0.00041241,Stock,0.87552488,0.87552488,0.12181776,0.00265737,Stock,0.78920245,0.78920245,0.20859063,0.00220698,Stock,0.87205058,0.87205058,0.12591547,0.00203388,Thread,0.99928635,0.00070489,0.99928635,0.00000879
177,1,Thread,Thread,0.71240360,0.27538463,0.71240360,0.01221173,Thread,0.99932611,0.00065860,0.99932611,0.00001540,Thread,0.98663318,0.01314536,0.98663318,0.00022144,Stock,0.90104884,0.90104884,0.09728608,0.00166509,Stock,0.86966360,0.86966360,0.12831807,0.00201824,Stock,0.91134667,0.91134667,0.08714642,0.00150691,Thread,0.99613923,0.00379330,0.99613923,0.00006750
178,1,Thread,Thread,0.66282779,0.32462418,0.66282779,0.01254801,Thread,0.99901485,0.00095327,0.99901485,0.00003187,Thread,0.98663259,0.01314593,0.98663259,0.00022145,Stock,0.90570492,0.90570492,0.09277546,0.00151969,Stock,0.87629342,0.87629342,0.12194018,0.00176640,Stock,0.92852145,0.92852145,0.07011724,0.00136133,Thread,0.99417579,0.00570430,0.99417579,0.00011992
179,1,Thread,Thread,0.73734248,0.25243697,0.73734248,0.01022060,Thread,0.99893516,0.00103126,0.99893516,0.00003358,Thread,0.97791141,0.02166147,0.97791141,0.00042712,Stock,0.87705874,0.87705874,0.12040563,0.00253565,Stock,0.79514438,0.79514438,0.20266038,0.00219519,Stock,0.88175547,0.88175547,0.11628255,0.00196197,Thread,0.99928927,0.00070191,0.99928927,0.00000876
180,1,Thread,Thread,0.70854783,0.27951300,0.70854783,0.01193922,Thread,0.99932611,0.00065860,0.99932611,0.00001540,Thread,0.98663503,0.01314356,0.98663503,0.00022141,Stock,0.90666962,0.90666962,0.09179321,0.00153720,Stock,0.87101638,0.87101638,0.12698980,0.00199385,Stock,0.91369128,0.91369128,0.08483284,0.00147585,Thread,0.99656940,0.00336919,0.99656940,0.00006147
181,1,Thread,Thread,0.64826912,0.33984777,0.64826912,0.01188314,Thread,0.99901485,0.00095327,0.99901485,0.00003187,Thread,0.98663205,0.01314654,0.98663205,0.00022145,Stock,0.91002512,0.91002512,0.08854576,0.00142920,Stock,0.87648827,0.87648827,0.12174784,0.00176387,Stock,0.92869568,0.92869568,0.06994363,0.00136071,Thread,0.99417722,0.00570279,0.99417722,0.00011988
182,1,Thread,Thread,0.73703432,0.25273705,0.73703432,0.01022861,Thread,0.99893516,0.00103129,0.99893516,0.00003358,Thread,0.97777212,0.02179860,0.97777212,0.00042932,Stock,0.87866187,0.87866187,0.11893091,0.00240725,Stock,0.83502412,0.83502412,0.16301909,0.00195683,Stock,0.89566761,0.89566761,0.10258193,0.00175038,Thread,0.99929047,0.00070063,0.99929047,0.00000877
183,1,Thread,Thread,0.70674056,0.28144351,0.70674056,0.01181595,Thread,0.99932611,0.00065860,0.99932611,0.00001540,Thread,0.98664027,0.01313832,0.98664027,0.00022133,Stock,0.92621028,0.92621028,0.07252744,0.00126221,Stock,0.88569885,0.88569885,0.11254340,0.00175781,Stock,0.91582209,0.91582209,0.08272560,0.00145236,Thread,0.99763739,0.00231665,0.99763739,0.00004586
184,1,Thread,Thread,0.64355844,0.34492221,0.64355844,0.01151935,Thread,0.99901485,0.00095327,0.99901485,0.00003187,Thread,0.98663038,0.01314817,0.98663038,0.00022148,Stock,0.91773731,0.91773731,0.08093698,0.00132576,Stock,0.87853682,0.87853682,0.11972975,0.00173339,Stock,0.92893356,0.92893356,0.06970663,0.00135982,Thread,0.99418008,0.00570014,0.99418008,0.00011982
185,1,Thread,Thread,0.73670518,0.25306353,0.73670518,0.01023128,Thread,0.99893504,0.00103135,0.99893504,0.00003359,Thread,0.97749662,0.02206939,0.97749662,0.00043405,Stock,0.87983316,0.87983316,0.11790795,0.00225890,Stock,0.87442172,0.87442172,0.12379299,0.00178534,Stock,0.89894253,0.89894253,0.09937254,0.00168495,Thread,0.99929154,0.00069962,0.99929154,0.00000880
186,1,Thread,Thread,0.70681363,0.28143352,0.70681363,0.01175286,Thread,0.99932611,0.00065860,0.99932611,0.00001540,Thread,0.98665178,0.01312706,0.98665178,0.00022115,Stock,0.94022560,0.94022560,0.05865154,0.00112286,Stock,0.90347219,0.90347219,0.09501432,0.00151355,Stock,0.91827142,0.91827142,0.08029854,0.00143009,Thread,0.99840456,0.00156124,0.99840456,0.00003419
187,1,Thread,Thread,0.64286584,0.34566176,0.64286584,0.01147242,Thread,0.99901474,0.00095327,0.99901474,0.00003187,Thread,0.98653179,0.01324493,0.98653179,0.00022331,Stock,0.93194205,0.93194205,0.06688979,0.00116813,Stock,0.88975722,0.88975722,0.10867245,0.00157029,Stock,0.92913252,0.92913252,0.06950870,0.00135878,Thread,0.99418688,0.00569341,0.99418688,0.00011964
188,1,Thread,Thread,0.72315651,0.26717812,0.72315651,0.00966542,Thread,0.99893492,0.00103150,0.99893492,0.00003360,Thread,0.97568786,0.02384302,0.97568786,0.00046911,Stock,0.88526785,0.88526785,0.11293862,0.00179353,Stock,0.89317077,0.89317077,0.10525232,0.00157685,Stock,0.90028566,0.90028566,0.09806336,0.00165090,Thread,0.99929297,0.00069818,0.99929297,0.00000884
189,1,Thread,Thread,0.70739836,0.28088963,0.70739836,0.01171193,Thread,0.99932611,0.00065860,0.99932611,0.00001540,Thread,0.98673069,0.01304930,0.98673069,0.00021998,Stock,0.94300961,0.94300961,0.05584286,0.00114753,Stock,0.91124707,0.91124707,0.08729168,0.00146128,Stock,0.92946917,0.92946917,0.06919907,0.00133167,Thread,0.99845111,0.00151543,0.99845111,0.00003341
190,1,Thread,Thread,0.64277327,0.34576192,0.64277327,0.01146480,Thread,0.99901474,0.00095328,0.99901474,0.00003187,Thread,0.98439687,0.01533926,0.98439687,0.00026381,Stock,0.93982846,0.93982846,0.05908190,0.00108963,Stock,0.89739281,0.89739281,0.10112455,0.00148257,Stock,0.92947853,0.92947853,0.06916694,0.00135460,Thread,0.99419963,0.00568099,0.99419963,0.00011931
191,1,Thread,Thread,0.59514159,0.39509836,0.59514159,0.00976004,Thread,0.99844104,0.00150032,0.99844104,0.00005868,Thread,0.95166844,0.04774828,0.95166844,0.00058318,Stock,0.94026929,0.94026929,0.05845029,0.00128037,Stock,0.92157441,0.92157441,0.07711093,0.00131469,Stock,0.94864148,0.94864148,0.05002483,0.00133360,Thread,0.99631858,0.00360798,0.99631858,0.00007335
192,0,Stock,Stock,0.65235031,0.65235031,0.33506659,0.01258308,Thread,0.99517620,0.00454195,0.99517620,0.00028182,Thread,0.77947247,0.21978897,0.77947247,0.00073854,Stock,0.97278589,0.97278589,0.02565871,0.00155540,Stock,0.98097759,0.98097759,0.01822340,0.00079902,Stock,0.98411685,0.98411685,0.01508255,0.00080057,Thread,0.95768183,0.04193250,0.95768183,0.00038559
193,1,Thread,Thread,0.63569117,0.35305086,0.63569117,0.01125801,Thread,0.99901462,0.00095350,0.99901462,0.00003188,Thread,0.98185468,0.01784432,0.98185468,0.00030106,Stock,0.94307756,0.94307756,0.05578458,0.00113786,Stock,0.91623420,0.91623420,0.08235687,0.00140889,Stock,0.94662082,0.94662082,0.05206777,0.00131133,Thread,0.99520713,0.00469793,0.99520713,0.00009496
194,1,Thread,Thread,0.56573826,0.42220116,0.56573826,0.01206056,Thread,0.99932611,0.00065860,0.99932611,0.00001540,Thread,0.97141212,0.02814733,0.97141212,0.00044049,Stock,0.97672337,0.97672337,0.02136552,0.00191111,Stock,0.94089407,0.94089407,0.05780985,0.00129603,Stock,0.95168585,0.95168585,0.04691651,0.00139775,Thread,0.99964941,0.00034613,0.99964941,0.00000438
195,1,Thread,Thread,0.64417696,0.34146410,0.64417696,0.01435886,Thread,0.99932611,0.00065860,0.99932611,0.00001540,Thread,0.94534206,0.05392388,0.94534206,0.00073407,Stock,0.96799928,0.96799928,0.02976884,0.00223180,Stock,0.93444926,0.93444926,0.06405069,0.00150000,Stock,0.96041262,0.96041262,0.03835308,0.00123427,Thread,0.99708694,0.00287614,0.99708694,0.00003698
196,1,Thread,Thread,0.55510974,0.43254575,0.55510974,0.01234446,Thread,0.99932611,0.00065860,0.99932611,0.00001540,Thread,0.96794730,0.03152104,0.96794730,0.00053159,Stock,0.97204351,0.97204351,0.02588410,0.00207248,Stock,0.92942715,0.92942715,0.06900946,0.00156338,Stock,0.95756614,0.95756614,0.04115422,0.00127964,Thread,0.99774665,0.00222839,0.99774665,0.00002496
197,1,Thread,Thread,0.56798124,0.41999137,0.56798124,0.01202729,Thread,0.99932623,0.00065842,0.99932623,0.00001539,Thread,0.97141033,0.02814925,0.97141033,0.00044043,Stock,0.97054100,0.97054100,0.02758442,0.00187461,Stock,0.92488033,0.92488033,0.07365313,0.00146660,Stock,0.95013726,0.95013726,0.04829978,0.00156297,Thread,0.99991083,0.00008819,0.99991083,0.00000096
198,1,Thread,Thread,0.64409065,0.34155113,0.64409065,0.01435823,Thread,0.99932611,0.00065860,0.99932611,0.00001540,Thread,0.94184387,0.05743812,0.94184387,0.00071795,Stock,0.96831918,0.96831918,0.02948009,0.00220069,Stock,0.93257600,0.93257600,0.06588839,0.00153566,Stock,0.95992720,0.95992720,0.03883534,0.00123749,Thread,0.99689072,0.00306881,0.99689072,0.00004048
199,1,Thread,Thread,0.51029223,0.47752634,0.51029223,0.01218149,Thread,0.99932611,0.00065860,0.99932611,0.00001540,Thread,0.96292335,0.03651503,0.96292335,0.00056153,Stock,0.96501619,0.96501619,0.03310187,0.00188191,Stock,0.91054994,0.91054994,0.08786579,0.00158422,Stock,0.94984907,0.94984907,0.04868837,0.00146257,Thread,0.99861038,0.00137381,0.99861038,0.00001580
200,1,Thread,Thread,0.56573904,0.42220044,0.56573904,0.01206049,Thread,0.99932611,0.00065860,0.99932611,0.00001540,Thread,0.97141415,0.02814533,0.97141415,0.00044054,Stock,0.97826809,0.97826809,0.01982952,0.00190236,Stock,0.94528890,0.94528890,0.05340062,0.00131041,Stock,0.95279109,0.95279109,0.04581004,0.00139885,Thread,0.99972862,0.00026806,0.99972862,0.00000334
201,1,Thread,Thread,0.64396495,0.34167546,0.64396495,0.01435963,Thread,0.99932611,0.00065860,0.99932611,0.00001540,Thread,0.94944119,0.04985037,0.94944119,0.00070842,Stock,0.96867365,0.96867365,0.02914311,0.00218333,Stock,0.93895960,0.93895960,0.05962414,0.00141628,Stock,0.96220994,0.96220994,0.03658129,0.00120877,Thread,0.99692118,0.00303893,0.99692118,0.00003994
202,1,Thread,Thread,0.56109965,0.42653874,0.56109965,0.01236159,Thread,0.99932611,0.00065860,0.99932611,0.00001540,Thread,0.96956033,0.02993980,0.96956033,0.00049992,Stock,0.97192478,0.97192478,0.02600189,0.00207338,Stock,0.93170202,0.93170202,0.06673693,0.00156107,Stock,0.96015257,0.96015257,0.03861084,0.00123663,Thread,0.99750805,0.00246320,0.99750805,0.00002876
203,1,Thread,Thread,0.56988102,0.41811994,0.56988102,0.01199901,Thread,0.99932623,0.00065844,0.99932623,0.00001539,Thread,0.97141033,0.02814925,0.97141033,0.00044043,Stock,0.96952462,0.96952462,0.02857758,0.00189779,Stock,0.92754155,0.92754155,0.07097611,0.00148228,Stock,0.95013165,0.95013165,0.04829980,0.00156844,Thread,0.99992394,0.00007525,0.99992394,0.00000081
204,1,Thread,Thread,0.64299047,0.34263700,0.64299047,0.01437256,Thread,0.99932611,0.00065860,0.99932611,0.00001540,Thread,0.94331998,0.05594900,0.94331998,0.00073108,Stock,0.96907449,0.96907449,0.02877428,0.00215130,Stock,0.93708175,0.93708175,0.06146347,0.00145474,Stock,0.96126169,0.96126169,0.03751703,0.00122118,Thread,0.99676943,0.00318793,0.99676943,0.00004266
205,1,Thread,Thread,0.52862012,0.45909062,0.52862012,0.01228923,Thread,0.99932611,0.00065860,0.99932611,0.00001540,Thread,0.96409446,0.03536341,0.96409446,0.00054209,Stock,0.96448928,0.96448928,0.03368066,0.00183012,Stock,0.91067600,0.91067600,0.08774001,0.00158399,Stock,0.94986618,0.94986618,0.04867170,0.00146218,Thread,0.99861109,0.00137318,0.99861109,0.00001571
206,1,Thread,Thread,0.56587827,0.42206326,0.56587827,0.01205847,Thread,0.99932611,0.00065860,0.99932611,0.00001540,Thread,0.97142595,0.02813321,0.97142595,0.00044089,Stock,0.97865993,0.97865993,0.01944233,0.00189778,Stock,0.94573492,0.94573492,0.05295121,0.00131389,Stock,0.95421445,0.95421445,0.04438230,0.00140326,Thread,0.99988115,0.00011739,0.99988115,0.00000138
207,1,Thread,Thread,0.64208663,0.34352860,0.64208663,0.01438477,Thread,0.99932611,0.00065860,0.99932611,0.00001540,Thread,0.95245552,0.04686147,0.95245552,0.00068301,Stock,0.96947688,0.96947688,0.02838700,0.00213604,Stock,0.93961704,0.93961704,0.05897387,0.00140915,Stock,0.96278310,0.96278310,0.03601419,0.00120266,Thread,0.99698740,0.00297387,0.99698740,0.00003877
208,1,Thread,Thread,0.56648064,0.42111832,0.56648064,0.01240104,Thread,0.99932611,0.00065860,0.99932611,0.00001540,Thread,0.97322875,0.02632080,0.97322875,0.00045045,Stock,0.97173721,0.97173721,0.02618994,0.00207288,Stock,0.93443239,0.93443239,0.06404786,0.00151979,Stock,0.96173459,0.96173459,0.03703866,0.00122671,Thread,0.99777919,0.00219623,0.99777919,0.00002458
209,1,Thread,Thread,0.56596631,0.42197654,0.56596631,0.01205718,Thread,0.99932611,0.00065860,0.99932611,0.00001540,Thread,0.97144532,0.02811329,0.97144532,0.00044145,Stock,0.97876304,0.97876304,0.01934181,0.00189519,Stock,0.94557881,0.94557881,0.05310404,0.00131711,Stock,0.95455331,0.95455331,0.04404132,0.00140537,Thread,0.99990547,0.00009344,0.99990547,0.00000108
210,1,Thread,Thread,0.64032739,0.34526852,0.64032739,0.01440400,Thread,0.99932611,0.00065860,0.99932611,0.00001540,Thread,0.95330375,0.04601723,0.95330375,0.00067900,Stock,0.96990407,0.96990407,0.02797824,0.00211777,Stock,0.93976855,0.93976855,0.05882047,0.00141106,Stock,0.96290886,0.96290886,0.03588842,0.00120270,Thread,0.99707818,0.00288472,0.99707818,0.00003714
211,1,Thread,Thread,0.56891882,0.41865131,0.56891882,0.01242985,Thread,0.99932611,0.00065860,0.99932611,0.00001540,Thread,0.97360015,0.02595413,0.97360015,0.00044562,Stock,0.97167081,0.97167081,0.02625798,0.00207119,Stock,0.93643624,0.93643624,0.06208185,0.00148195,Stock,0.96239418,0.96239418,0.03637794,0.00122788,Thread,0.99795204,0.00202588,0.99795204,0.00002212
212,1,Thread,Thread,0.56617731,0.42176855,0.56617731,0.01205407,Thread,0.99932611,0.00065860,0.99932611,0.00001540,Thread,0.97148657,0.02807083,0.97148657,0.00044264,Stock,0.97880095,0.97880095,0.01930573,0.00189334,Stock,0.94526565,0.94526565,0.05341270,0.00132171,Stock,0.95470142,0.95470142,0.04389235,0.00140624,Thread,0.99991333,0.00008565,0.99991333,0.00000100
213,1,Thread,Thread,0.63788337,0.34768447,0.63788337,0.01443211,Thread,0.99932611,0.00065860,0.99932611,0.00001540,Thread,0.95497018,0.04435422,0.95497018,0.00067566,Stock,0.97030926,0.97030926,0.02759175,0.00209896,Stock,0.93982011,0.93982011,0.05876407,0.00141574,Stock,0.96295047,0.96295047,0.03584671,0.00120276,Thread,0.99721706,0.00274832,0.99721706,0.00003464
214,1,Thread,Thread,0.57250172,0.41500145,0.57250172,0.01249678,Thread,0.99932611,0.00065860,0.99932611,0.00001540,Thread,0.97370082,0.02585480,0.97370082,0.00044438,Stock,0.97163707,0.97163707,0.02629513,0.00206783,Stock,0.93789965,0.93789965,0.06064295,0.00145740,Stock,0.96298349,0.96298349,0.03578458,0.00123188,Thread,0.99806470,0.00191467,0.99806470,0.00002057
215,1,Thread,Thread,0.56658852,0.42136356,0.56658852,0.01204800,Thread,0.99932611,0.00065860,0.99932611,0.00001540,Thread,0.97156996,0.02798480,0.97156996,0.00044520,Stock,0.97879958,0.97879958,0.01930812,0.00189234,Stock,0.94476724,0.94476724,0.05390466,0.00132804,Stock,0.95447892,0.95447892,0.04411574,0.00140527,Thread,0.99991536,0.00008358,0.99991536,0.00000102
216,1,Thread,Thread,0.63574445,0.34980428,0.63574445,0.01445123,Thread,0.99932611,0.00065860,0.99932611,0.00001540,Thread,0.95737362,0.04195815,0.95737362,0.00066821,Stock,0.97072035,0.97072035,0.02719822,0.00208140,Stock,0.93989593,0.93989593,0.05868158,0.00142247,Stock,0.96295166,0.96295166,0.03584524,0.00120318,Thread,0.99739683,0.00257166,0.99739683,0.00003148
217,1,Thread,Thread,0.58051521,0.40686378,0.58051521,0.01262109,Thread,0.99932611,0.00065860,0.99932611,0.00001540,Thread,0.97372764,0.02582830,0.97372764,0.00044407,Stock,0.97173125,0.97173125,0.02620863,0.00206006,Stock,0.93886334,0.93886334,0.05968931,0.00144740,Stock,0.96341038,0.96341038,0.03535142,0.00123818,Thread,0.99814606,0.00183442,0.99814606,0.00001949
218,1,Thread,Thread,0.56798720,0.41998538,0.56798720,0.01202743,Thread,0.99932611,0.00065860,0.99932611,0.00001540,Thread,0.97172302,0.02782673,0.97172302,0.00045029,Stock,0.97861713,0.97861713,0.01948850,0.00189448,Stock,0.94378722,0.94378722,0.05487366,0.00133921,Stock,0.95345014,0.95345014,0.04514500,0.00140482,Thread,0.99991584,0.00008307,0.99991584,0.00000107
219,1,Thread,Thread,0.63598412,0.34958979,0.63598412,0.01442607,Thread,0.99932611,0.00065860,0.99932611,0.00001540,Thread,0.95827311,0.04106302,0.95827311,0.00066381,Stock,0.97110975,0.97110975,0.02682290,0.00206732,Stock,0.93992269,0.93992269,0.05864603,0.00143125,Stock,0.96282434,0.96282434,0.03597108,0.00120459,Thread,0.99759966,0.00237230,0.99759966,0.00002810
220,1,Thread,Thread,0.59664732,0.39046264,0.59664732,0.01289000,Thread,0.99932611,0.00065860,0.99932611,0.00001540,Thread,0.97373509,0.02582088,0.97373509,0.00044399,Stock,0.97185969,0.97185969,0.02608817,0.00205215,Stock,0.93910766,0.93910766,0.05944082,0.00145160,Stock,0.96329403,0.96329403,0.03546335,0.00124257,Thread,0.99818403,0.00179686,0.99818403,0.00001900
221,1,Thread,Thread,0.57376999,0.41428846,0.57376999,0.01194149,Thread,0.99932611,0.00065860,0.99932611,0.00001540,Thread,0.97196937,0.02757213,0.97196937,0.00045849,Stock,0.97779441,0.97779441,0.02030581,0.00189977,Stock,0.94082505,0.94082505,0.05782867,0.00134634,Stock,0.95251799,0.95251799,0.04607069,0.00141136,Thread,0.99991846,0.00008041,0.99991846,0.00000112
222,1,Thread,Thread,0.63793021,0.34770381,0.63793021,0.01436604,Thread,0.99932611,0.00065860,0.99932611,0.00001540,Thread,0.95841271,0.04092422,0.95841271,0.00066304,Stock,0.97148794,0.97148794,0.02645510,0.00205689,Stock,0.93993038,0.93993038,0.05863063,0.00143892,Stock,0.96242875,0.96242875,0.03635951,0.00121179,Thread,0.99779546,0.00217959,0.99779546,0.00002498
223,1,Thread,Thread,0.61552262,0.37118503,0.61552262,0.01329234,Thread,0.99932611,0.00065860,0.99932611,0.00001540,Thread,0.97373790,0.02581809,0.97373790,0.00044397,Stock,0.97189236,0.97189236,0.02605822,0.00204941,Stock,0.93884224,0.93884224,0.05969483,0.00146287,Stock,0.96253806,0.96253806,0.03621729,0.00124461,Thread,0.99820483,0.00177651,0.99820483,0.00001874
224,1,Thread,Thread,0.58844155,0.39982781,0.58844155,0.01173059,Thread,0.99932611,0.00065860,0.99932611,0.00001540,Thread,0.97226733,0.02726556,0.97226733,0.00046706,Stock,0.97541714,0.97541714,0.02268186,0.00190109,Stock,0.93384486,0.93384486,0.06482405,0.00133106,Stock,0.95143282,0.95143282,0.04713541,0.00143181,Thread,0.99992514,0.00007373,0.99992514,0.00000112
225,1,Thread,Thread,0.63990772,0.34581065,0.63990772,0.01428165,Thread,0.99932611,0.00065860,0.99932611,0.00001540,Thread,0.95843494,0.04090231,0.95843494,0.00066282,Stock,0.97190589,0.97190589,0.02604827,0.00204591,Stock,0.93983698,0.93983698,0.05871473,0.00144834,Stock,0.96140712,0.96140712,0.03736653,0.00122630,Thread,0.99793720,0.00203999,0.99793720,0.00002279
226,1,Thread,Thread,0.63038051,0.35585478,0.63038051,0.01376463,Thread,0.99932611,0.00065860,0.99932611,0.00001540,Thread,0.97374016,0.02581578,0.97374016,0.00044396,Stock,0.97172999,0.97172999,0.02621423,0.00205577,Stock,0.93811578,0.93811578,0.06040418,0.00147999,Stock,0.96137047,0.96137047,0.03738415,0.00124543,Thread,0.99822050,0.00176089,0.99822050,0.00001854
227,1,Thread,Thread,0.61617559,0.37212586,0.61617559,0.01169848,Thread,0.99932611,0.00065860,0.99932611,0.00001540,Thread,0.97265935,0.02687359,0.97265935,0.00046709,Stock,0.97180462,0.97180462,0.02629114,0.00190415,Stock,0.93079835,0.93079835,0.06787034,0.00133135,Stock,0.95030916,0.95030916,0.04823719,0.00145367,Thread,0.99993384,0.00006512,0.99993384,0.00000108
228,1,Thread,Thread,0.64133185,0.34443352,0.64133185,0.01423457,Thread,0.99932611,0.00065860,0.99932611,0.00001540,Thread,0.95844263,0.04089472,0.95844263,0.00066267,Stock,0.97229993,0.97229993,0.02566624,0.00203385,Stock,0.93915915,0.93915915,0.05937698,0.00146388,Stock,0.96021748,0.96021748,0.03855811,0.00122429,Thread,0.99803668,0.00194209,0.99803668,0.00002128
229,1,Thread,Thread,0.63685679,0.34915504,0.63685679,0.01398818,Thread,0.99932611,0.00065860,0.99932611,0.00001540,Thread,0.97374356,0.02581250,0.97374356,0.00044394,Stock,0.97113550,0.97113550,0.02678411,0.00208052,Stock,0.93657297,0.93657297,0.06192338,0.00150356,Stock,0.96029580,0.96029580,0.03845904,0.00124514,Thread,0.99823076,0.00175078,0.99823076,0.00001840
230,1,Thread,Thread,0.64503211,0.34333795,0.64503211,0.01162993,Thread,0.99932611,0.00065860,0.99932611,0.00001540,Thread,0.97376913,0.02578710,0.97376913,0.00044380,Stock,0.96771818,0.96771818,0.03030175,0.00198009,Stock,0.93040234,0.93040234,0.06826286,0.00133478,Stock,0.94838572,0.94838572,0.05013397,0.00148033,Thread,0.99993849,0.00006046,0.99993849,0.00000106
231,1,Thread,Thread,0.64158952,0.34419703,0.64158952,0.01421344,Thread,0.99932611,0.00065860,0.99932611,0.00001540,Thread,0.95845026,0.04088723,0.95845026,0.00066251,Stock,0.97252953,0.97252953,0.02544136,0.00202905,Stock,0.93493092,0.93493092,0.06356046,0.00150862,Stock,0.95935118,0.95935118,0.03942177,0.00122706,Thread,0.99808723,0.00189226,0.99808723,0.00002052
232,1,Thread,Thread,0.64029318,0.34555489,0.64029318,0.01415202,Thread,0.99932611,0.00065860,0.99932611,0.00001540,Thread,0.97374421,0.02581191,0.97374421,0.00044393,Stock,0.97009283,0.97009283,0.02778850,0.00211876,Stock,0.93146509,0.93146509,0.06698582,0.00154916,Stock,0.95911241,0.95911241,0.03962996,0.00125770,Thread,0.99823785,0.00174376,0.99823785,0.00001830
233,1,Thread,Thread,0.63805401,0.35021356,0.63805401,0.01173244,Thread,0.99932611,0.00065857,0.99932611,0.00001540,Thread,0.97148347,0.02807636,0.97148347,0.00044017,Stock,0.96244919,0.96244919,0.03554547,0.00200532,Stock,0.89117408,0.89117408,0.10692291,0.00190306,Stock,0.94480991,0.94480991,0.05363865,0.00155144,Thread,0.99997509,0.00002463,0.99997509,0.00000027
234,1,Thread,Thread,0.60983115,0.37767583,0.60983115,0.01249309,Thread,0.99932611,0.00065860,0.99932611,0.00001540,Thread,0.96280354,0.03665078,0.96280354,0.00054562,Stock,0.96519655,0.96519655,0.03305108,0.00175235,Stock,0.91056663,0.91056663,0.08784972,0.00158359,Stock,0.94992024,0.94992024,0.04861942,0.00146031,Thread,0.99983490,0.00016301,0.99983490,0.00000201
235,1,Thread,Thread,0.64084136,0.34498835,0.64084136,0.01417038,Thread,0.99932611,0.00065860,0.99932611,0.00001540,Thread,0.97374630,0.02580996,0.97374630,0.00044372,Stock,0.96895009,0.96895009,0.02888714,0.00216272,Stock,0.91551137,0.91551137,0.08290685,0.00158178,Stock,0.95416027,0.95416027,0.04448250,0.00135725,Thread,0.99799132,0.00198720,0.99799132,0.00002152
236,1,Thread,Thread,0.63521248,0.35347286,0.63521248,0.01131466,Thread,0.99932611,0.00065860,0.99932611,0.00001540,Thread,0.97496378,0.02462003,0.97496378,0.00041624,Stock,0.96393293,0.96393293,0.03403049,0.00203656,Stock,0.91436446,0.91436446,0.08404226,0.00159325,Stock,0.94657004,0.94657004,0.05186563,0.00156435,Thread,0.99994230,0.00005660,0.99994230,0.00000104
237,1,Thread,Thread,0.64203560,0.34372920,0.64203560,0.01423520,Thread,0.99932611,0.00065860,0.99932611,0.00001540,Thread,0.95878112,0.04056205,0.95878112,0.00065681,Stock,0.97243237,0.97243237,0.02552086,0.00204669,Stock,0.91601592,0.91601592,0.08253465,0.00144954,Stock,0.95190459,0.95190459,0.04668372,0.00141167,Thread,0.99812168,0.00185827,0.99812168,0.00002003
238,1,Thread,Thread,0.64321804,0.34247452,0.64321804,0.01430743,Thread,0.99932611,0.00065860,0.99932611,0.00001540,Thread,0.97376597,0.02579024,0.97376597,0.00044383,Stock,0.96824628,0.96824628,0.02954908,0.00220462,Stock,0.91102904,0.91102904,0.08738789,0.00158305,Stock,0.95103317,0.95103317,0.04753264,0.00143412,Thread,0.99824381,0.00173796,0.99824381,0.00001822
239,1,Thread,Thread,0.64300519,0.34523284,0.64300519,0.01176187,Thread,0.99932611,0.00065857,0.99932611,0.00001540,Thread,0.97384167,0.02575266,0.97384167,0.00040557,Stock,0.95450228,0.95450228,0.04324554,0.00225215,Stock,0.87047797,0.87047797,0.12728210,0.00224000,Stock,0.93675697,0.93675697,0.06169505,0.00154799,Thread,0.99997425,0.00002549,0.99997425,0.00000029
240,1,Thread,Thread,0.61374921,0.37360471,0.61374921,0.01264616,Thread,0.99932611,0.00065860,0.99932611,0.00001540,Thread,0.96322036,0.03623030,0.96322036,0.00054932,Stock,0.96470356,0.96470356,0.03340132,0.00189507,Stock,0.91121107,0.91121107,0.08722975,0.00155922,Stock,0.95044464,0.95044464,0.04812159,0.00143378,Thread,0.99989176,0.00010687,0.99989176,0.00000130
241,1,Thread,Thread,0.64337730,0.34230757,0.64337730,0.01431512,Thread,0.99932611,0.00065860,0.99932611,0.00001540,Thread,0.97376060,0.02579590,0.97376060,0.00044343,Stock,0.96769094,0.96769094,0.03007758,0.00223147,Stock,0.91055387,0.91055387,0.08786194,0.00158411,Stock,0.95012015,0.95012015,0.04842486,0.00145497,Thread,0.99814892,0.00183170,0.99814892,0.00001944
242,1,Thread,Thread,0.67735273,0.30952311,0.67735273,0.01312419,Thread,0.99932599,0.00065866,0.99932599,0.00001540,Thread,0.97497863,0.02460537,0.97497863,0.00041595,Stock,0.95231950,0.95231950,0.04532684,0.00235367,Stock,0.87126631,0.87126631,0.12650484,0.00222880,Stock,0.94173223,0.94173223,0.05672716,0.00154061,Thread,0.99994493,0.00005403,0.99994493,0.00000101
243,1,Thread,Thread,0.64250791,0.34322739,0.64250791,0.01426471,Thread,0.99932599,0.00065861,0.99932599,0.00001540,Thread,0.96404791,0.03538551,0.96404791,0.00056656,Stock,0.97221541,0.97221541,0.02572189,0.00206272,Stock,0.91783690,0.91783690,0.08075879,0.00140430,Stock,0.95116395,0.95116395,0.04742698,0.00140905,Thread,0.99813843,0.00184165,0.99813843,0.00001982
244,1,Thread,Thread,0.64399785,0.34165382,0.64399785,0.01434829,Thread,0.99932611,0.00065860,0.99932611,0.00001540,Thread,0.97391123,0.02564555,0.97391123,0.00044332,Stock,0.96747971,0.96747971,0.03026409,0.00225628,Stock,0.91053194,0.91053194,0.08788387,0.00158415,Stock,0.94996327,0.94996327,0.04857769,0.00145907,Thread,0.99824584,0.00173602,0.99824584,0.00001819
245,1,Thread,Thread,0.69927901,0.28717422,0.69927901,0.01354684,Thread,0.99932611,0.00065855,0.99932611,0.00001540,Thread,0.97486252,0.02472839,0.97486252,0.00040905,Stock,0.95042449,0.95042449,0.04722465,0.00235083,Stock,0.83801174,0.83801174,0.15929680,0.00269142,Stock,0.88657147,0.88657147,0.11126446,0.00216406,Thread,0.99995160,0.00004756,0.99995160,0.00000089
246,1,Thread,Thread,0.64101028,0.34482074,0.64101028,0.01416895,Thread,0.99932611,0.00065860,0.99932611,0.00001540,Thread,0.95938253,0.03997470,0.95938253,0.00064278,Stock,0.97121960,0.97121960,0.02668653,0.00209387,Stock,0.91785318,0.91785318,0.08074313,0.00140375,Stock,0.94984668,0.94984668,0.04872514,0.00142815,Thread,0.99781311,0.00216213,0.99781311,0.00002471
247,1,Thread,Thread,0.64188910,0.34388930,0.64188910,0.01422162,Thread,0.99932611,0.00065860,0.99932611,0.00001540,Thread,0.97975576,0.01990457,0.97975576,0.00033963,Stock,0.94385165,0.94385165,0.05330827,0.00284014,Stock,0.90888798,0.90888798,0.08948183,0.00163022,Stock,0.94680768,0.94680768,0.05167918,0.00151313,Thread,0.99952364,0.00046974,0.99952364,0.00000672
248,1,Thread,Thread,0.69923890,0.28721517,0.69923890,0.01354596,Thread,0.99931777,0.00066654,0.99931777,0.00001573,Thread,0.97496265,0.02461969,0.97496265,0.00041758,Stock,0.95042771,0.95042771,0.04718481,0.00238745,Stock,0.86688834,0.86688834,0.13083473,0.00227690,Stock,0.92737645,0.92737645,0.07106877,0.00155484,Thread,0.99994195,0.00005702,0.99994195,0.00000108
249,1,Thread,Thread,0.64122117,0.34459737,0.64122117,0.01418148,Thread,0.99932587,0.00065883,0.99932587,0.00001541,Thread,0.96468914,0.03475513,0.96468914,0.00055562,Stock,0.97018236,0.97018236,0.02769410,0.00212355,Stock,0.91800094,0.91800094,0.08059778,0.00140128,Stock,0.94873559,0.94873559,0.04982990,0.00143457,Thread,0.99812084,0.00185896,0.99812084,0.00002020
250,1,Thread,Thread,0.64434880,0.34130266,0.64434880,0.01434856,Thread,0.99932599,0.00065861,0.99932599,0.00001540,Thread,0.97047901,0.02899298,0.97047901,0.00052804,Stock,0.96225852,0.96225852,0.03550031,0.00224125,Stock,0.90174466,0.90174466,0.09658272,0.00167266,Stock,0.94681901,0.94681901,0.05166679,0.00151428,Thread,0.99677998,0.00317753,0.99677998,0.00004256
251,1,Thread,Thread,0.70426488,0.28210568,0.70426488,0.01362952,Thread,0.99914420,0.00083260,0.99914420,0.00002319,Thread,0.97478080,0.02478689,0.97478080,0.00043226,Stock,0.94794661,0.94794661,0.04963042,0.00242297,Stock,0.83653539,0.83653539,0.16087313,0.00259153,Stock,0.92149627,0.92149627,0.07681612,0.00168769,Thread,0.99993443,0.00006440,0.99993443,0.00000122
252,1,Thread,Thread,0.64473510,0.34092030,0.64473510,0.01434465,Thread,0.99907577,0.00089963,0.99907577,0.00002451,Thread,0.95263320,0.04668482,0.95263320,0.00068191,Stock,0.96461660,0.96461660,0.03327879,0.00210459,Stock,0.91052079,0.91052079,0.08789497,0.00158427,Stock,0.94434679,0.94434679,0.05407586,0.00157744,Thread,0.99669218,0.00326372,0.99669218,0.00004406
253,1,Thread,Thread,0.64442688,0.34122524,0.64442688,0.01434783,Thread,0.99932599,0.00065863,0.99932599,0.00001540,Thread,0.97089350,0.02858040,0.97089350,0.00052616,Stock,0.96028322,0.96028322,0.03742077,0.00229597,Stock,0.89675093,0.89675093,0.10150129,0.00174779,Stock,0.94486117,0.94486117,0.05357502,0.00156388,Thread,0.99694258,0.00301787,0.99694258,0.00003958
254,1,Thread,Thread,0.70484346,0.28151748,0.70484346,0.01363903,Thread,0.99908650,0.00088771,0.99908650,0.00002590,Thread,0.97473347,0.02483049,0.97473347,0.00043608,Stock,0.94662231,0.94662231,0.05094421,0.00243357,Stock,0.82018882,0.82018882,0.17704558,0.00276560,Stock,0.91532117,0.91532117,0.08288261,0.00179626,Thread,0.99993730,0.00006148,0.99993730,0.00000116
255,1,Thread,Thread,0.64522606,0.34044284,0.64522606,0.01433112,Thread,0.99903166,0.00094202,0.99903166,0.00002628,Thread,0.95399868,0.04532382,0.95399868,0.00067750,Stock,0.95956475,0.95956475,0.03815728,0.00227797,Stock,0.91051733,0.91051733,0.08789843,0.00158429,Stock,0.94347525,0.94347525,0.05493057,0.00159418,Thread,0.99669230,0.00326366,0.99669230,0.00004406
256,1,Thread,Thread,0.64481401,0.34084669,0.64481401,0.01433932,Thread,0.99932599,0.00065866,0.99932599,0.00001540,Thread,0.97136748,0.02810833,0.97136748,0.00052425,Stock,0.95475680,0.95475680,0.04274651,0.00249671,Stock,0.89519250,0.89519250,0.10300539,0.00180214,Stock,0.94441092,0.94441092,0.05401323,0.00157579,Thread,0.99703693,0.00292518,0.99703693,0.00003787
257,1,Thread,Thread,0.70489377,0.28146622,0.70489377,0.01364008,Thread,0.99894553,0.00102154,0.99894553,0.00003302,Thread,0.97466385,0.02489703,0.97466385,0.00043915,Stock,0.94580984,0.94580984,0.05174809,0.00244203,Stock,0.81445396,0.81445396,0.18289173,0.00265423,Stock,0.89367813,0.89367813,0.10427418,0.00204767,Thread,0.99992895,0.00006976,0.99992895,0.00000129
258,1,Thread,Thread,0.64547551,0.34020022,0.64547551,0.01432433,Thread,0.99901438,0.00095854,0.99901438,0.00002699,Thread,0.95641285,0.04291499,0.95641285,0.00067227,Stock,0.95669460,0.95669460,0.04092350,0.00238191,Stock,0.91050905,0.91050905,0.08790673,0.00158432,Stock,0.94010264,0.94010264,0.05824265,0.00165468,Thread,0.99669182,0.00326405,0.99669182,0.00004407
259,1,Thread,Thread,0.67873114,0.30762890,0.67873114,0.01363999,Thread,0.99903250,0.00094154,0.99903250,0.00002593,Thread,0.97074687,0.02870586,0.97074687,0.00054730,Stock,0.95065540,0.95065540,0.04667623,0.00266834,Stock,0.88777685,0.88777685,0.11013595,0.00208715,Stock,0.93425161,0.93425161,0.06403147,0.00171685,Thread,0.99541450,0.00451719,0.99541450,0.00006832
260,1,Thread,Thread,0.70489711,0.28146201,0.70489711,0.01364088,Thread,0.99893552,0.00103091,0.99893552,0.00003356,Thread,0.97465342,0.02490695,0.97465342,0.00043961,Stock,0.94570464,0.94570464,0.05182686,0.00246851,Stock,0.82308370,0.82308370,0.17434096,0.00257529,Stock,0.88484973,0.88484973,0.11299826,0.00215209,Thread,0.99990368,0.00009469,0.99990368,0.00000172
261,1,Thread,Thread,0.67899555,0.30743471,0.67899555,0.01356966,Thread,0.99865758,0.00130164,0.99865758,0.00004073,Thread,0.94447523,0.05478242,0.94447523,0.00074235,Stock,0.95723516,0.95723516,0.04038936,0.00237548,Stock,0.90062678,0.90062678,0.09776309,0.00161011,Stock,0.93746001,0.93746001,0.06095515,0.00158477,Thread,0.99668735,0.00326841,0.99668735,0.00004417
262,1,Thread,Thread,0.67926681,0.30698434,0.67926681,0.01374886,Thread,0.99899536,0.00097721,0.99899536,0.00002735,Thread,0.97151607,0.02795821,0.97151607,0.00052571,Stock,0.95046228,0.95046228,0.04677587,0.00276193,Stock,0.88489085,0.88489085,0.11299525,0.00211383,Stock,0.93136013,0.93136013,0.06691312,0.00172670,Thread,0.99544501,0.00448707,0.99544501,0.00006782
263,1,Thread,Thread,0.70491028,0.28144458,0.70491028,0.01364518,Thread,0.99893528,0.00103108,0.99893528,0.00003357,Thread,0.97465271,0.02490761,0.97465271,0.00043965,Stock,0.94575846,0.94575846,0.05168656,0.00255498,Stock,0.82536304,0.82536304,0.17206764,0.00256929,Stock,0.88421232,0.88421232,0.11362021,0.00216746,Thread,0.99990702,0.00009132,0.99990702,0.00000164
264,1,Thread,Thread,0.67906255,0.30736130,0.67906255,0.01357621,Thread,0.99853456,0.00141899,0.99853456,0.00004642,Thread,0.94701064,0.05225720,0.94701064,0.00073214,Stock,0.95676547,0.95676547,0.04075420,0.00248025,Stock,0.90031081,0.90031081,0.09807637,0.00161291,Stock,0.93656570,0.93656570,0.06182871,0.00160558,Thread,0.99668628,0.00326950,0.99668628,0.00004420
265,1,Thread,Thread,0.68093085,0.30494788,0.68093085,0.01412119,Thread,0.99894553,0.00102496,0.99894553,0.00002954,Thread,0.97160304,0.02787339,0.97160304,0.00052349,Stock,0.95030165,0.95030165,0.04665003,0.00304842,Stock,0.88476014,0.88476014,0.11312226,0.00211770,Stock,0.93252254,0.93252254,0.06576159,0.00171581,Thread,0.99547607,0.00445671,0.99547607,0.00006733
266,1,Thread,Thread,0.70496237,0.28137508,0.70496237,0.01366256,Thread,0.99894923,0.00101796,0.99894923,0.00003281,Thread,0.97477007,0.02479772,0.97477007,0.00043225,Stock,0.94487739,0.94487739,0.05270965,0.00241290,Stock,0.80421495,0.80421495,0.19299938,0.00278559,Stock,0.85906565,0.85906565,0.13837370,0.00256059,Thread,0.99994421,0.00005479,0.99994421,0.00000099
267,1,Thread,Thread,0.68266344,0.30361214,0.68266344,0.01372439,Thread,0.99801302,0.00192243,0.99801302,0.00006449,Thread,0.95067769,0.04868913,0.95067769,0.00063320,Stock,0.95064056,0.95064056,0.04695498,0.00240458,Stock,0.85328943,0.85328943,0.14447574,0.00223475,Stock,0.88349217,0.88349217,0.11424374,0.00226403,Thread,0.99869955,0.00127283,0.99869955,0.00002763
268,1,Thread,Thread,0.68240190,0.30304208,0.68240190,0.01455603,Thread,0.99908745,0.00088877,0.99908745,0.00002379,Thread,0.96855885,0.03084660,0.96855885,0.00059450,Stock,0.95010984,0.95010984,0.04666594,0.00322428,Stock,0.88077050,0.88077050,0.11708453,0.00214493,Stock,0.93330592,0.93330592,0.06494235,0.00175171,Thread,0.99540025,0.00453118,0.99540025,0.00006855
269,1,Thread,Thread,0.55745304,0.42372239,0.55745304,0.01882457,Thread,0.99202418,0.00738113,0.99202418,0.00059478,Thread,0.92919821,0.07023679,0.92919821,0.00056499,Stock,0.97816032,0.97816032,0.01929388,0.00254590,Stock,0.94536078,0.94536078,0.05295610,0.00168310,Stock,0.95489031,0.95489031,0.04353657,0.00157321,Thread,0.99546212,0.00443850,0.99546212,0.00009934
270,1,Thread,Thread,0.64226288,0.34335035,0.64226288,0.01438679,Thread,0.99148929,0.00781664,0.99148929,0.00069407,Thread,0.91801852,0.08123631,0.91801852,0.00074513,Stock,0.96298540,0.96298540,0.03418646,0.00282811,Stock,0.93110746,0.93110746,0.06715844,0.00173415,Stock,0.94733125,0.94733125,0.05108974,0.00157895,Thread,0.99532026,0.00459557,0.99532026,0.00008411
271,0,Stock,Stock,0.64151031,0.64151031,0.33732945,0.02116029,Thread,0.58398241,0.40801117,0.58398241,0.00800633,Stock,0.57249987,0.57249987,0.42598721,0.00151283,Stock,0.98771602,0.98771602,0.00946939,0.00281463,Stock,0.99211383,0.99211383,0.00685798,0.00102824,Stock,0.99224901,0.99224901,0.00671378,0.00103728,Thread,0.81978434,0.17933881,0.81978434,0.00087693
272,0,Stock,Stock,0.56173736,0.56173736,0.41827914,0.01998349,Thread,0.91688967,0.07934956,0.91688967,0.00376074,Thread,0.51586652,0.48250362,0.51586652,0.00162980,Stock,0.98366356,0.98366356,0.01326053,0.00307591,Stock,0.97664171,0.97664171,0.02217126,0.00118708,Stock,0.98117930,0.98117930,0.01763156,0.00118919,Thread,0.93372762,0.06585730,0.93372762,0.00041506
273,1,Thread,Thread,0.60253507,0.37853813,0.60253507,0.01892683,Thread,0.99569392,0.00398849,0.99569392,0.00031751,Thread,0.74062234,0.25845942,0.74062234,0.00091823,Stock,0.96721464,0.96721464,0.03008019,0.00270524,Stock,0.93602014,0.93602014,0.06213047,0.00184933,Stock,0.96322775,0.96322775,0.03540790,0.00136437,Thread,0.97648174,0.02326395,0.97648174,0.00025436
274,0,Stock,Stock,0.51641256,0.51641256,0.46650639,0.01708107,Thread,0.96436912,0.03327946,0.96436912,0.00235147,Thread,0.57759213,0.42095882,0.57759213,0.00144907,Stock,0.96124607,0.96124607,0.03436822,0.00438568,Stock,0.95529729,0.95529729,0.04313999,0.00156272,Stock,0.96965694,0.96965694,0.02914410,0.00119893,Thread,0.94968301,0.04999428,0.94968301,0.00032263
275,0,Stock,Stock,0.57369179,0.57369179,0.41749421,0.00881399,Thread,0.99850094,0.00143935,0.99850094,0.00005973,Thread,0.96196365,0.03747124,0.96196365,0.00056510,Stock,0.97687644,0.97687644,0.02179345,0.00133014,Stock,0.84280938,0.84280938,0.15520146,0.00198923,Stock,0.90975696,0.90975696,0.08871633,0.00152666,Thread,0.99997842,0.00002095,0.99997842,0.00000061
276,0,Stock,Stock,0.52940089,0.52940089,0.45963752,0.01096164,Thread,0.99867791,0.00128416,0.99867791,0.00003790,Thread,0.93640852,0.06271880,0.93640852,0.00087270,Stock,0.97716409,0.97716409,0.02150515,0.00133077,Stock,0.89934325,0.89934325,0.09909612,0.00156068,Stock,0.93147802,0.93147802,0.06731513,0.00120682,Thread,0.99994695,0.00005227,0.99994695,0.00000079
277,0,Stock,Stock,0.51582074,0.51582074,0.47338733,0.01079195,Thread,0.99840778,0.00154447,0.99840778,0.00004778,Thread,0.93551368,0.06361286,0.93551368,0.00087341,Stock,0.97208571,0.97208571,0.02676954,0.00114468,Stock,0.84787500,0.84787500,0.15030511,0.00181993,Stock,0.90756041,0.90756041,0.09088295,0.00155667,Thread,0.99997401,0.00002573,0.99997401,0.00000019
278,0,Stock,Stock,0.57215625,0.57215625,0.41909477,0.00874890,Thread,0.99849904,0.00144108,0.99849904,0.00005987,Thread,0.95891744,0.04042684,0.95891744,0.00065571,Stock,0.97767639,0.97767639,0.02096837,0.00135521,Stock,0.87213403,0.87213403,0.12600790,0.00185813,Stock,0.91557789,0.91557789,0.08297531,0.00144680,Thread,0.99998009,0.00001942,0.99998009,0.00000053
279,0,Stock,Stock,0.54725468,0.54725468,0.44187298,0.01087231,Thread,0.99860233,0.00135719,0.99860233,0.00004048,Thread,0.93678576,0.06234226,0.93678576,0.00087210,Stock,0.97872549,0.97872549,0.01987916,0.00139540,Stock,0.90874857,0.90874857,0.08981718,0.00143429,Stock,0.93261534,0.93261534,0.06618606,0.00119856,Thread,0.99994683,0.00005228,0.99994683,0.00000079
280,0,Stock,Stock,0.56441194,0.56441194,0.42545819,0.01012986,Thread,0.99706799,0.00280770,0.99706799,0.00012431,Thread,0.93551463,0.06361195,0.93551463,0.00087341,Stock,0.97614872,0.97614872,0.02255583,0.00129550,Stock,0.89337802,0.89337802,0.10509841,0.00152357,Stock,0.93096232,0.93096232,0.06782765,0.00120996,Thread,0.99996638,0.00003342,0.99996638,0.00000025
281,0,Stock,Stock,0.57311970,0.57311970,0.41813216,0.00874820,Thread,0.99849880,0.00144139,0.99849880,0.00005989,Thread,0.95902950,0.04031645,0.95902950,0.00065401,Stock,0.97839546,0.97839546,0.02022314,0.00138145,Stock,0.89323950,0.89323950,0.10504016,0.00172028,Stock,0.91812110,0.91812110,0.08046638,0.00141255,Thread,0.99998033,0.00001914,0.99998033,0.00000051
282,0,Stock,Stock,0.55663520,0.55663520,0.43268818,0.01067671,Thread,0.99854136,0.00141597,0.99854136,0.00004271,Thread,0.93696254,0.06216570,0.93696254,0.00087181,Stock,0.97937804,0.97937804,0.01919567,0.00142618,Stock,0.91144651,0.91144651,0.08715217,0.00140130,Stock,0.93267649,0.93267649,0.06612544,0.00119810,Thread,0.99994695,0.00005222,0.99994695,0.00000079
283,0,Stock,Stock,0.57839382,0.57839382,0.41200405,0.00960218,Thread,0.99663430,0.00320947,0.99663430,0.00015621,Thread,0.93551421,0.06361232,0.93551421,0.00087342,Stock,0.97679591,0.97679591,0.02189111,0.00131301,Stock,0.90049607,0.90049607,0.09798674,0.00151713,Stock,0.93248791,0.93248791,0.06631252,0.00119951,Thread,0.99996674,0.00003301,0.99996674,0.00000024
284,0,Stock,Stock,0.57324392,0.57324392,0.41800749,0.00874863,Thread,0.99850035,0.00143991,0.99850035,0.00005979,Thread,0.96554714,0.03389887,0.96554714,0.00055404,Stock,0.97946519,0.97946519,0.01910160,0.00143323,Stock,0.90104669,0.90104669,0.09734912,0.00160406,Stock,0.92657751,0.92657751,0.07213426,0.00128825,Thread,0.99998021,0.00001926,0.99998021,0.00000052
285,0,Stock,Stock,0.56342530,0.56342530,0.42650533,0.01006946,Thread,0.99940026,0.00058744,0.99940026,0.00001221,Thread,0.95468718,0.04459059,0.95468718,0.00072224,Stock,0.97975200,0.97975200,0.01880980,0.00143817,Stock,0.89542150,0.89542150,0.10292188,0.00165654,Stock,0.93268871,0.93268871,0.06611322,0.00119798,Thread,0.99994779,0.00005137,0.99994779,0.00000079
286,0,Stock,Stock,0.58282793,0.58282793,0.40777099,0.00940108,Thread,0.99761343,0.00229492,0.99761343,0.00009170,Thread,0.93553644,0.06359039,0.93553644,0.00087324,Stock,0.97768676,0.97768676,0.02096613,0.00134706,Stock,0.90439391,0.90439391,0.09412128,0.00148482,Stock,0.93266082,0.93266082,0.06614101,0.00119822,Thread,0.99996746,0.00003226,0.99996746,0.00000024
287,0,Stock,Stock,0.57397318,0.57397318,0.41727379,0.00875309,Thread,0.99849975,0.00144033,0.99849975,0.00005982,Thread,0.96498823,0.03445188,0.96498823,0.00055993,Stock,0.97967440,0.97967440,0.01888115,0.00144445,Stock,0.90807247,0.90807247,0.09042748,0.00150008,Stock,0.93425620,0.93425620,0.06453411,0.00120971,Thread,0.99998069,0.00001883,0.99998069,0.00000050
288,0,Stock,Stock,0.56351775,0.56351775,0.42627975,0.01020249,Thread,0.99857450,0.00138444,0.99857450,0.00004111,Thread,0.94167334,0.05746099,0.94167334,0.00086556,Stock,0.97977442,0.97977442,0.01877837,0.00144729,Stock,0.91213262,0.91213262,0.08647615,0.00139131,Stock,0.93268937,0.93268937,0.06611265,0.00119800,Thread,0.99994695,0.00005220,0.99994695,0.00000079
289,0,Stock,Stock,0.59104341,0.59104341,0.39982548,0.00913113,Thread,0.99874145,0.00120678,0.99874145,0.00005179,Thread,0.94461775,0.05453737,0.94461775,0.00084493,Stock,0.97925860,0.97925860,0.01936005,0.00138140,Stock,0.89392489,0.89392489,0.10439928,0.00167582,Stock,0.93269080,0.93269080,0.06611132,0.00119788,Thread,0.99996984,0.00002990,0.99996984,0.00000021
290,0,Stock,Stock,0.57716167,0.57716167,0.41404533,0.00879296,Thread,0.99851698,0.00142434,0.99851698,0.00005873,Thread,0.97143370,0.02808557,0.97143370,0.00048075,Stock,0.97983950,0.97983950,0.01870818,0.00145224,Stock,0.90826988,0.90826988,0.09023260,0.00149750,Stock,0.93606049,0.93606049,0.06274644,0.00119309,Thread,0.99998093,0.00001863,0.99998093,0.00000049
291,0,Stock,Stock,0.59837925,0.59837925,0.39264941,0.00897133,Thread,0.99941671,0.00057150,0.99941671,0.00001179,Thread,0.97204316,0.02749899,0.97204316,0.00045783,Stock,0.97975206,0.97975206,0.01885067,0.00139718,Stock,0.92178982,0.92178982,0.07696185,0.00124830,Stock,0.93297464,0.93297464,0.06582964,0.00119569,Thread,0.99995708,0.00004217,0.99995708,0.00000074
292,0,Stock,Stock,0.58794504,0.58794504,0.40289697,0.00915804,Thread,0.99751854,0.00236862,0.99751854,0.00011290,Thread,0.93622583,0.06290659,0.93622583,0.00086751,Stock,0.97909296,0.97909296,0.01949810,0.00140885,Stock,0.91177922,0.91177922,0.08682346,0.00139726,Stock,0.93268925,0.93268925,0.06611269,0.00119800,Thread,0.99997044,0.00002933,0.99997044,0.00000021
293,0,Stock,Stock,0.57886487,0.57886487,0.41231969,0.00881543,Thread,0.99901783,0.00095278,0.99901783,0.00002937,Thread,0.97251588,0.02702335,0.97251588,0.00046070,Stock,0.97984934,0.97984934,0.01869792,0.00145269,Stock,0.90859205,0.90859205,0.08991513,0.00149272,Stock,0.93734795,0.93734795,0.06147021,0.00118187,Thread,0.99998116,0.00001840,0.99998116,0.00000048
294,0,Stock,Stock,0.59412551,0.59412551,0.39683560,0.00903892,Thread,0.99941790,0.00057038,0.99941790,0.00001175,Thread,0.97570020,0.02391330,0.97570020,0.00038648,Stock,0.97977072,0.97977072,0.01882155,0.00140778,Stock,0.92204809,0.92204809,0.07670525,0.00124666,Stock,0.93313068,0.93313068,0.06567483,0.00119447,Thread,0.99996042,0.00003898,0.99996042,0.00000058
295,0,Stock,Stock,0.63391316,0.63391316,0.35758495,0.00850184,Thread,0.99918026,0.00079261,0.99918026,0.00002717,Thread,0.97164392,0.02787443,0.97164392,0.00048157,Stock,0.97955567,0.97955567,0.01913275,0.00131162,Stock,0.92189842,0.92189842,0.07685391,0.00124764,Stock,0.93273777,0.93273777,0.06606492,0.00119725,Thread,0.99997151,0.00002830,0.99997151,0.00000020
296,0,Stock,Stock,0.59310693,0.59310693,0.39795142,0.00894173,Thread,0.99901545,0.00095505,0.99901545,0.00002949,Thread,0.97032446,0.02918558,0.97032446,0.00048994,Stock,0.97793305,0.97793305,0.02070434,0.00136259,Stock,0.89332628,0.89332628,0.10495598,0.00171777,Stock,0.91434073,0.91434073,0.08419406,0.00146525,Thread,0.99998510,0.00001455,0.99998510,0.00000030
297,0,Stock,Stock,0.50179386,0.50179386,0.48708028,0.01112588,Thread,0.99933177,0.00065302,0.99933177,0.00001514,Thread,0.94837916,0.05083045,0.94837916,0.00079032,Stock,0.97729754,0.97729754,0.02136660,0.00133587,Stock,0.85646188,0.85646188,0.14155786,0.00198026,Stock,0.91572005,0.91572005,0.08284054,0.00143944,Thread,0.99997818,0.00002160,0.99997818,0.00000024
298,0,Stock,Stock,0.62909508,0.62909508,0.36243644,0.00846850,Thread,0.99917394,0.00079867,0.99917394,0.00002738,Thread,0.96163231,0.03777421,0.96163231,0.00059351,Stock,0.97948682,0.97948682,0.01921085,0.00130234,Stock,0.92156178,0.92156178,0.07718830,0.00124994,Stock,0.93270075,0.93270075,0.06610138,0.00119782,Thread,0.99997413,0.00002569,0.99997413,0.00000018
299,0,Stock,Stock,0.70572215,0.70572215,0.28699630,0.00728160,Thread,0.99934000,0.00064529,0.99934000,0.00001461,Thread,0.97000074,0.02946778,0.97000074,0.00053148,Stock,0.97980589,0.97980589,0.01873485,0.00145936,Stock,0.94660497,0.94660497,0.05224536,0.00114971,Stock,0.96211106,0.96211106,0.03682802,0.00106096,Thread,0.99996996,0.00002933,0.99996996,0.00000072
300,0,Stock,Stock,0.61647993,0.61647993,0.37340993,0.01011013,Thread,0.99941790,0.00057035,0.99941790,0.00001175,Thread,0.98526406,0.01450371,0.98526406,0.00023216,Stock,0.97984946,0.97984946,0.01869803,0.00145255,Stock,0.93312615,0.93312615,0.06568578,0.00118816,Stock,0.95107383,0.95107383,0.04767982,0.00124641,Thread,0.99983430,0.00016132,0.99983430,0.00000424
301,0,Stock,Stock,0.57395065,0.57395065,0.41652814,0.00952124,Thread,0.99941742,0.00057081,0.99941742,0.00001177,Thread,0.98663020,0.01314839,0.98663020,0.00022148,Stock,0.97851938,0.97851938,0.02009444,0.00138615,Stock,0.90531528,0.90531528,0.09335503,0.00132968,Stock,0.93290466,0.93290466,0.06589711,0.00119815,Thread,0.99981087,0.00018610,0.99981087,0.00000309
302,0,Stock,Stock,0.70301914,0.70301914,0.28967690,0.00730399,Thread,0.99879837,0.00116095,0.99879837,0.00004055,Thread,0.96991843,0.02954889,0.96991843,0.00053268,Stock,0.97984397,0.97984397,0.01870167,0.00145440,Stock,0.94304383,0.94304383,0.05578846,0.00116774,Stock,0.96101582,0.96101582,0.03792267,0.00106151,Thread,0.99997437,0.00002496,0.99997437,0.00000067
303,0,Stock,Stock,0.61695164,0.61695164,0.37297735,0.01007105,Thread,0.99941778,0.00057049,0.99941778,0.00001175,Thread,0.98484510,0.01491965,0.98484510,0.00023530,Stock,0.97984958,0.97984958,0.01869773,0.00145256,Stock,0.93091178,0.93091178,0.06786929,0.00121890,Stock,0.95682770,0.95682770,0.04197365,0.00119870,Thread,0.99976033,0.00023510,0.99976033,0.00000449
304,0,Stock,Stock,0.67541146,0.67541146,0.31502396,0.00956468,Thread,0.99941790,0.00057029,0.99941790,0.00001175,Thread,0.98663086,0.01314769,0.98663086,0.00022146,Stock,0.97984672,0.97984672,0.01870201,0.00145122,Stock,0.93313348,0.93313348,0.06567842,0.00118808,Stock,0.95129222,0.95129222,0.04746646,0.00124134,Thread,0.99980289,0.00019328,0.99980289,0.00000376
305,0,Stock,Stock,0.70344496,0.70344496,0.28925890,0.00729616,Thread,0.99926001,0.00072220,0.99926001,0.00001781,Thread,0.97734559,0.02219872,0.97734559,0.00045561,Stock,0.97985005,0.97985005,0.01869719,0.00145274,Stock,0.92186135,0.92186135,0.07689684,0.00124186,Stock,0.93775326,0.93775326,0.06106792,0.00117876,Thread,0.99997807,0.00002132,0.99997807,0.00000063
306,0,Stock,Stock,0.61540419,0.61540419,0.37450013,0.01009568,Thread,0.99941778,0.00057039,0.99941778,0.00001175,Thread,0.98485339,0.01491127,0.98485339,0.00023524,Stock,0.97984928,0.97984928,0.01869839,0.00145233,Stock,0.93162638,0.93162638,0.06717033,0.00120335,Stock,0.93902564,0.93902564,0.05975278,0.00122156,Thread,0.99976593,0.00022989,0.99976593,0.00000417
307,0,Stock,Stock,0.68957657,0.68957657,0.30165642,0.00876698,Thread,0.99941790,0.00057035,0.99941790,0.00001175,Thread,0.98662359,0.01315490,0.98662359,0.00022157,Stock,0.97866404,0.97866404,0.02003546,0.00130053,Stock,0.92149371,0.92149371,0.07725589,0.00125042,Stock,0.93347442,0.93347442,0.06533899,0.00118657,Thread,0.99994695,0.00005226,0.99994695,0.00000078
308,0,Stock,Stock,0.69742924,0.69742924,0.29510924,0.00746152,Thread,0.99888569,0.00107844,0.99888569,0.00003589,Thread,0.97125602,0.02823414,0.97125602,0.00050985,Stock,0.97984993,0.97984993,0.01869737,0.00145278,Stock,0.94070798,0.94070798,0.05819876,0.00109324,Stock,0.95337808,0.95337808,0.04553353,0.00108829,Thread,0.99997556,0.00002370,0.99997556,0.00000066
309,0,Stock,Stock,0.58987397,0.58987397,0.40069342,0.00943266,Thread,0.99941742,0.00057075,0.99941742,0.00001176,Thread,0.98484647,0.01491829,0.98484647,0.00023529,Stock,0.97984833,0.97984833,0.01869977,0.00145187,Stock,0.93249321,0.93249321,0.06630993,0.00119689,Stock,0.94975257,0.94975257,0.04904256,0.00120492,Thread,0.99979407,0.00020185,0.99979407,0.00000403
310,0,Stock,Stock,0.62445569,0.62445569,0.36558333,0.00996094,Thread,0.99941790,0.00057034,0.99941790,0.00001175,Thread,0.98588711,0.01387777,0.98588711,0.00023500,Stock,0.97984809,0.97984809,0.01870012,0.00145177,Stock,0.93190104,0.93190104,0.06689332,0.00120562,Stock,0.95943028,0.95943028,0.03944457,0.00112506,Thread,0.99979407,0.00020197,0.99979407,0.00000398
311,0,Stock,Stock,0.69520700,0.69520700,0.29725611,0.00753693,Thread,0.99894804,0.00101934,0.99894804,0.00003262,Thread,0.97270638,0.02680563,0.97270638,0.00048805,Stock,0.97985005,0.97985005,0.01869722,0.00145275,Stock,0.93434829,0.93434829,0.06451695,0.00113481,Stock,0.94393313,0.94393313,0.05499280,0.00107405,Thread,0.99997163,0.00002762,0.99997163,0.00000070
312,0,Stock,Stock,0.57843679,0.57843679,0.41247582,0.00908746,Thread,0.99941409,0.00057399,0.99941409,0.00001189,Thread,0.98512357,0.01464325,0.98512357,0.00023322,Stock,0.97984523,0.97984523,0.01870405,0.00145079,Stock,0.92177206,0.92177206,0.07692887,0.00129904,Stock,0.93541032,0.93541032,0.06335317,0.00123650,Thread,0.99980265,0.00019326,0.99980265,0.00000402
313,0,Stock,Stock,0.61710548,0.61710548,0.37290835,0.00998622,Thread,0.99941790,0.00057031,0.99941790,0.00001175,Thread,0.98632950,0.01344362,0.98632950,0.00022695,Stock,0.97984642,0.97984642,0.01870280,0.00145088,Stock,0.93192697,0.93192697,0.06686901,0.00120408,Stock,0.94937509,0.94937509,0.04945644,0.00116848,Thread,0.99979407,0.00020207,0.99979407,0.00000398
314,0,Stock,Stock,0.69053626,0.69053626,0.30180237,0.00766137,Thread,0.99868387,0.00126883,0.99868387,0.00004728,Thread,0.96706098,0.03238844,0.96706098,0.00055061,Stock,0.97985005,0.97985005,0.01869718,0.00145274,Stock,0.92621809,0.92621809,0.07259857,0.00118335,Stock,0.93701267,0.93701267,0.06184770,0.00113960,Thread,0.99996305,0.00003607,0.99996305,0.00000079
315,0,Stock,Stock,0.55231518,0.55231518,0.43779352,0.00989123,Thread,0.99941790,0.00057030,0.99941790,0.00001175,Thread,0.98245758,0.01725230,0.98245758,0.00029010,Stock,0.97984058,0.97984058,0.01870999,0.00144944,Stock,0.90965784,0.90965784,0.08892674,0.00141544,Stock,0.93001884,0.93001884,0.06867559,0.00130556,Thread,0.99977046,0.00022528,0.99977046,0.00000426
316,0,Stock,Stock,0.57961786,0.57961786,0.41130567,0.00907652,Thread,0.99941790,0.00057029,0.99941790,0.00001175,Thread,0.98394817,0.01577926,0.98394817,0.00027257,Stock,0.97982454,0.97982454,0.01872783,0.00144773,Stock,0.92400581,0.92400581,0.07478707,0.00120711,Stock,0.93509769,0.93509769,0.06366972,0.00123251,Thread,0.99979454,0.00020160,0.99979454,0.00000396
317,0,Stock,Stock,0.66871864,0.66871864,0.32306305,0.00821831,Thread,0.99866843,0.00128335,0.99866843,0.00004818,Thread,0.96622556,0.03321245,0.96622556,0.00056200,Stock,0.97984993,0.97984993,0.01869729,0.00145273,Stock,0.92427152,0.92427152,0.07453392,0.00119455,Stock,0.93460917,0.93460917,0.06423462,0.00115621,Thread,0.99996066,0.00003854,0.99996066,0.00000084
318,0,Stock,Stock,0.57865745,0.57865745,0.41223046,0.00911215,Thread,0.99941790,0.00057029,0.99941790,0.00001175,Thread,0.98283941,0.01688160,0.98283941,0.00027898,Stock,0.97984236,0.97984236,0.01870858,0.00144897,Stock,0.92280549,0.92280549,0.07585958,0.00133498,Stock,0.93685257,0.93685257,0.06190475,0.00124271,Thread,0.99975795,0.00023762,0.99975795,0.00000440
319,0,Stock,Stock,0.57888889,0.57888889,0.41196924,0.00914179,Thread,0.99941790,0.00057030,0.99941790,0.00001175,Thread,0.98497194,0.01476573,0.98497194,0.00026235,Stock,0.97970951,0.97970951,0.01884914,0.00144136,Stock,0.92055619,0.92055619,0.07825934,0.00118439,Stock,0.92955351,0.92955351,0.06912597,0.00132055,Thread,0.99979395,0.00020212,0.99979395,0.00000398
320,0,Stock,Stock,0.63696373,0.63696373,0.35449898,0.00853728,Thread,0.99867541,0.00127685,0.99867541,0.00004777,Thread,0.96629947,0.03313761,0.96629947,0.00056295,Stock,0.97984993,0.97984993,0.01869738,0.00145273,Stock,0.92419803,0.92419803,0.07460703,0.00119491,Stock,0.93461770,0.93461770,0.06422626,0.00115602,Thread,0.99995947,0.00003964,0.99995947,0.00000084
321,0,Stock,Stock,0.54216337,0.54216337,0.44747862,0.01035801,Thread,0.99941790,0.00057031,0.99941790,0.00001175,Thread,0.98133034,0.01836567,0.98133034,0.00030404,Stock,0.97980106,0.97980106,0.01876935,0.00142952,Stock,0.90845615,0.90845615,0.09012242,0.00142144,Stock,0.93015546,0.93015546,0.06859223,0.00125235,Thread,0.99978989,0.00020612,0.99978989,0.00000403
322,0,Stock,Stock,0.57939762,0.57939762,0.41152602,0.00907636,Thread,0.99941790,0.00057029,0.99941790,0.00001175,Thread,0.98447478,0.01525159,0.98447478,0.00027373,Stock,0.97984320,0.97984320,0.01870735,0.00144940,Stock,0.92592555,0.92592555,0.07277353,0.00130089,Stock,0.94070387,0.94070387,0.05802362,0.00127256,Thread,0.99979120,0.00020472,0.99979120,0.00000401
323,0,Stock,Stock,0.57912123,0.57912123,0.41199884,0.00887989,Thread,0.99867046,0.00128152,0.99867046,0.00004806,Thread,0.96962297,0.02986751,0.96962297,0.00050950,Stock,0.97984958,0.97984958,0.01869768,0.00145271,Stock,0.91721326,0.91721326,0.08155368,0.00123298,Stock,0.93451577,0.93451577,0.06432691,0.00115731,Thread,0.99996006,0.00003905,0.99996006,0.00000083
324,0,Stock,Stock,0.54705828,0.54705828,0.44288546,0.01005628,Thread,0.99941790,0.00057029,0.99941790,0.00001175,Thread,0.98169589,0.01800852,0.98169589,0.00029561,Stock,0.97973746,0.97973746,0.01886832,0.00139431,Stock,0.90962863,0.90962863,0.08896859,0.00140269,Stock,0.93237609,0.93237609,0.06642476,0.00119920,Thread,0.99979264,0.00020336,0.99979264,0.00000400
325,0,Stock,Stock,0.57844520,0.57844520,0.41241562,0.00913922,Thread,0.99941790,0.00057029,0.99941790,0.00001175,Thread,0.98503023,0.01470847,0.98503023,0.00026130,Stock,0.97974807,0.97974807,0.01881845,0.00143348,Stock,0.91929591,0.91929591,0.07951224,0.00119186,Stock,0.92919767,0.92919767,0.06948475,0.00131758,Thread,0.99979383,0.00020224,0.99979383,0.00000398
326,0,Stock,Stock,0.55295980,0.55295980,0.43727130,0.00976891,Thread,0.99872273,0.00123225,0.99872273,0.00004504,Thread,0.97308010,0.02645277,0.97308010,0.00046717,Stock,0.97984743,0.97984743,0.01870001,0.00145259,Stock,0.89312690,0.89312690,0.10541493,0.00145805,Stock,0.93454558,0.93454558,0.06429773,0.00115677,Thread,0.99996400,0.00003523,0.99996400,0.00000077
327,0,Stock,Stock,0.51321900,0.51321900,0.47631162,0.01046931,Thread,0.99941790,0.00057030,0.99941790,0.00001175,Thread,0.98483986,0.01492473,0.98483986,0.00023534,Stock,0.97908598,0.97908598,0.01958004,0.00133394,Stock,0.90967566,0.90967566,0.08889637,0.00142795,Stock,0.93339008,0.93339008,0.06542280,0.00118712,Thread,0.99982327,0.00017276,0.99982327,0.00000388
328,0,Stock,Stock,0.57933462,0.57933462,0.41158602,0.00907929,Thread,0.99941790,0.00057029,0.99941790,0.00001175,Thread,0.98481029,0.01492316,0.98481029,0.00026657,Stock,0.97977370,0.97977370,0.01880228,0.00142402,Stock,0.91398698,0.91398698,0.08466905,0.00134401,Stock,0.93359149,0.93359149,0.06514480,0.00126378,Thread,0.99979192,0.00020403,0.99979192,0.00000400
329,0,Stock,Stock,0.55000180,0.55000180,0.44010878,0.00988937,Thread,0.99890673,0.00105851,0.99890673,0.00003483,Thread,0.97424299,0.02529215,0.97424299,0.00046486,Stock,0.97984731,0.97984731,0.01870012,0.00145258,Stock,0.88994288,0.88994288,0.10856301,0.00149403,Stock,0.93458742,0.93458742,0.06425678,0.00115580,Thread,0.99996579,0.00003355,0.99996579,0.00000075
330,0,Stock,Stock,0.50280255,0.50280255,0.48664737,0.01055008,Thread,0.99941790,0.00057030,0.99941790,0.00001175,Thread,0.98484331,0.01492143,0.98484331,0.00023532,Stock,0.97851801,0.97851801,0.02019681,0.00128517,Stock,0.90726119,0.90726119,0.09127773,0.00146100,Stock,0.93345839,0.93345839,0.06535468,0.00118688,Thread,0.99982661,0.00016966,0.99982661,0.00000382
331,0,Stock,Stock,0.57814854,0.57814854,0.41271600,0.00913547,Thread,0.99941790,0.00057031,0.99941790,0.00001175,Thread,0.98278588,0.01691976,0.98278588,0.00029436,Stock,0.97824222,0.97824222,0.02049099,0.00126681,Stock,0.91335791,0.91335791,0.08527141,0.00137074,Stock,0.93274856,0.93274856,0.06605715,0.00119433,Thread,0.99979407,0.00020202,0.99979407,0.00000398
332,0,Stock,Stock,0.55519772,0.55519772,0.43515596,0.00964636,Thread,0.99915624,0.00082153,0.99915624,0.00002230,Thread,0.97417384,0.02535735,0.97417384,0.00046883,Stock,0.97984993,0.97984993,0.01869737,0.00145273,Stock,0.88991791,0.88991791,0.10859101,0.00149120,Stock,0.93453777,0.93453777,0.06430533,0.00115698,Thread,0.99996221,0.00003695,0.99996221,0.00000078
333,0,Stock,Stock,0.54388624,0.54388624,0.44587287,0.01024095,Thread,0.99933261,0.00065220,0.99933261,0.00001512,Thread,0.98641056,0.01336637,0.98641056,0.00022312,Stock,0.97954696,0.97954696,0.01911685,0.00133624,Stock,0.91608572,0.91608572,0.08258781,0.00132640,Stock,0.93312097,0.93312097,0.06569063,0.00118844,Thread,0.99981099,0.00018511,0.99981099,0.00000395
334,0,Stock,Stock,0.57909817,0.57909817,0.41181022,0.00909163,Thread,0.99941790,0.00057030,0.99941790,0.00001175,Thread,0.98393536,0.01579208,0.98393536,0.00027261,Stock,0.97801697,0.97801697,0.02074308,0.00123991,Stock,0.91727787,0.91727787,0.08140922,0.00131295,Stock,0.93314171,0.93314171,0.06567002,0.00118826,Thread,0.99979407,0.00020204,0.99979407,0.00000398
335,0,Stock,Stock,0.55923754,0.55923754,0.43106860,0.00969380,Thread,0.99914730,0.00082998,0.99914730,0.00002272,Thread,0.97451156,0.02501535,0.97451156,0.00047312,Stock,0.97985005,0.97985005,0.01869720,0.00145274,Stock,0.90155339,0.90155339,0.09710218,0.00134449,Stock,0.93442565,0.93442565,0.06441583,0.00115856,Thread,0.99996030,0.00003884,0.99996030,0.00000080
336,0,Stock,Stock,0.54688472,0.54688472,0.44313306,0.00998219,Thread,0.99933064,0.00065416,0.99933064,0.00001520,Thread,0.98648989,0.01328759,0.98648989,0.00022254,Stock,0.97943866,0.97943866,0.01925593,0.00130550,Stock,0.91727459,0.91727459,0.08141190,0.00131353,Stock,0.93355179,0.93355179,0.06526195,0.00118620,Thread,0.99981195,0.00018417,0.99981195,0.00000394
337,0,Stock,Stock,0.58052433,0.58052433,0.41044012,0.00903551,Thread,0.99941778,0.00057048,0.99941778,0.00001175,Thread,0.98663145,0.01314710,0.98663145,0.00022146,Stock,0.97918886,0.97918886,0.01950211,0.00130910,Stock,0.92233074,0.92233074,0.07643761,0.00123164,Stock,0.93399292,0.93399292,0.06481743,0.00118965,Thread,0.99979419,0.00020189,0.99979419,0.00000397
338,0,Stock,Stock,0.55061007,0.55061007,0.43939903,0.00999089,Thread,0.99912733,0.00084901,0.99912733,0.00002366,Thread,0.97424001,0.02529068,0.97424001,0.00046930,Stock,0.97984982,0.97984982,0.01869748,0.00145276,Stock,0.90765828,0.90765828,0.09103803,0.00130360,Stock,0.93437964,0.93437964,0.06446120,0.00115924,Thread,0.99996209,0.00003709,0.99996209,0.00000078
339,0,Stock,Stock,0.54274446,0.54274446,0.44682029,0.01043525,Thread,0.99941790,0.00057030,0.99941790,0.00001175,Thread,0.98493212,0.01483319,0.98493212,0.00023465,Stock,0.97817880,0.97817880,0.02058692,0.00123428,Stock,0.92045438,0.92045438,0.07827869,0.00126693,Stock,0.93353671,0.93353671,0.06527642,0.00118685,Thread,0.99992120,0.00007715,0.99992120,0.00000170
340,0,Stock,Stock,0.58222061,0.58222061,0.40879703,0.00898238,Thread,0.99941778,0.00057048,0.99941778,0.00001176,Thread,0.98663145,0.01314710,0.98663145,0.00022146,Stock,0.97904372,0.97904372,0.01967411,0.00128224,Stock,0.92191166,0.92191166,0.07684407,0.00124425,Stock,0.94557554,0.94557554,0.05330791,0.00111661,Thread,0.99979407,0.00020206,0.99979407,0.00000398
341,0,Stock,Stock,0.57157695,0.57157695,0.41966468,0.00875837,Thread,0.99941528,0.00057294,0.99941528,0.00001184,Thread,0.97738546,0.02219549,0.97738546,0.00041911,Stock,0.97984844,0.97984844,0.01869906,0.00145252,Stock,0.92440099,0.92440099,0.07440461,0.00119438,Stock,0.93468595,0.93468595,0.06415858,0.00115543,Thread,0.99996412,0.00003521,0.99996412,0.00000077
342,0,Stock,Stock,0.54719311,0.54719311,0.44218495,0.01062195,Thread,0.99941540,0.00057277,0.99941540,0.00001185,Thread,0.98929590,0.01049360,0.98929590,0.00021051,Stock,0.97008610,0.97008610,0.02867084,0.00124300,Stock,0.92262846,0.92262846,0.07598695,0.00138458,Stock,0.94206476,0.94206476,0.05676924,0.00116601,Thread,0.99995792,0.00004127,0.99995792,0.00000081
343,0,Stock,Stock,0.57948333,0.57948333,0.41143957,0.00907709,Thread,0.99941790,0.00057032,0.99941790,0.00001175,Thread,0.98663133,0.01314718,0.98663133,0.00022146,Stock,0.97694832,0.97694832,0.02184793,0.00120378,Stock,0.92160660,0.92160660,0.07714394,0.00124947,Stock,0.94182706,0.94182706,0.05702540,0.00114753,Thread,0.99979430,0.00020183,0.99979430,0.00000398
344,0,Stock,Stock,0.56796986,0.56796986,0.42366800,0.00836209,Thread,0.99941790,0.00057038,0.99941790,0.00001175,Thread,0.98027396,0.01929469,0.98027396,0.00043131,Stock,0.97946906,0.97946906,0.01922687,0.00130410,Stock,0.91302073,0.91302073,0.08554579,0.00143348,Stock,0.93600577,0.93600577,0.06277840,0.00121590,Thread,0.99997807,0.00002130,0.99997807,0.00000063
345,0,Stock,Stock,0.58424389,0.58424389,0.40685007,0.00890604,Thread,0.99932814,0.00065652,0.99932814,0.00001531,Thread,0.98122555,0.01847348,0.98122555,0.00030094,Stock,0.97782224,0.97782224,0.02086229,0.00131543,Stock,0.93144172,0.93144172,0.06737151,0.00118680,Stock,0.93872392,0.93872392,0.06013206,0.00114403,Thread,0.99997199,0.00002774,0.99997199,0.00000023
346,0,Stock,Stock,0.57798302,0.57798302,0.41294464,0.00907235,Thread,0.99941790,0.00057029,0.99941790,0.00001175,Thread,0.98937315,0.01041689,0.98937315,0.00020996,Stock,0.96881884,0.96881884,0.02998867,0.00119242,Stock,0.92883348,0.92883348,0.06986547,0.00130108,Stock,0.94208324,0.94208324,0.05675104,0.00116572,Thread,0.99997151,0.00002831,0.99997151,0.00000023
347,0,Stock,Stock,0.56728029,0.56728029,0.42438450,0.00833520,Thread,0.99902117,0.00094961,0.99902117,0.00002920,Thread,0.97531295,0.02424138,0.97531295,0.00044560,Stock,0.97679180,0.97679180,0.02200460,0.00120355,Stock,0.89056289,0.89056289,0.10770173,0.00173537,Stock,0.92605960,0.92605960,0.07255483,0.00138556,Thread,0.99997962,0.00001975,0.99997962,0.00000055
348,0,Stock,Stock,0.55985761,0.55985761,0.43007809,0.01006431,Thread,0.99941766,0.00057058,0.99941766,0.00001176,Thread,0.98016971,0.01951672,0.98016971,0.00031364,Stock,0.97554207,0.97554207,0.02318919,0.00126874,Stock,0.93041319,0.93041319,0.06836910,0.00121778,Stock,0.93775547,0.93775547,0.06109338,0.00115125,Thread,0.99997318,0.00002658,0.99997318,0.00000020
349,0,Stock,Stock,0.57923055,0.57923055,0.41178232,0.00898709,Thread,0.99918300,0.00078994,0.99918300,0.00002708,Thread,0.98105031,0.01865160,0.98105031,0.00029810,Stock,0.97301006,0.97301006,0.02576638,0.00122350,Stock,0.92863470,0.92863470,0.07009318,0.00127209,Stock,0.94599003,0.94599003,0.05289882,0.00111118,Thread,0.99997437,0.00002546,0.99997437,0.00000018
350,0,Stock,Stock,0.56790847,0.56790847,0.42373070,0.00836087,Thread,0.99902177,0.00094905,0.99902177,0.00002916,Thread,0.97463870,0.02492150,0.97463870,0.00043978,Stock,0.97678715,0.97678715,0.02199694,0.00121585,Stock,0.87598777,0.87598777,0.12217323,0.00183889,Stock,0.91884625,0.91884625,0.07971562,0.00143809,Thread,0.99998140,0.00001813,0.99998140,0.00000046
351,0,Stock,Stock,0.55967742,0.55967742,0.43005106,0.01027158,Thread,0.99932611,0.00065855,0.99932611,0.00001540,Thread,0.96573156,0.03369409,0.96573156,0.00057438,Stock,0.97728354,0.97728354,0.02142986,0.00128669,Stock,0.89899081,0.89899081,0.09935642,0.00165273,Stock,0.92344576,0.92344576,0.07514002,0.00141421,Thread,0.99997807,0.00002175,0.99997807,0.00000024
352,0,Stock,Stock,0.57986712,0.57986712,0.41111234,0.00902051,Thread,0.99918288,0.00079004,0.99918288,0.00002709,Thread,0.98071152,0.01898806,0.98071152,0.00030049,Stock,0.97281748,0.97281748,0.02596022,0.00122230,Stock,0.92850435,0.92850435,0.07022247,0.00127313,Stock,0.94555956,0.94555956,0.05330858,0.00113188,Thread,0.99997461,0.00002529,0.99997461,0.00000017
353,0,Stock,Stock,0.78260291,0.78260291,0.21091798,0.00647906,Thread,0.99620557,0.00355153,0.99620557,0.00024284,Thread,0.62240112,0.37606597,0.62240112,0.00153290,Stock,0.98046941,0.98046941,0.01770852,0.00182209,Stock,0.96437520,0.96437520,0.03442806,0.00119677,Stock,0.97607148,0.97607148,0.02279356,0.00113493,Thread,0.88831753,0.11060703,0.88831753,0.00107549
354,0,Stock,Stock,0.71614701,0.71614701,0.27424750,0.00960549,Thread,0.99436533,0.00529894,0.99436533,0.00033570,Stock,0.61508489,0.61508489,0.38270715,0.00220795,Stock,0.98055512,0.98055512,0.01695641,0.00248849,Stock,0.94308501,0.94308501,0.05551723,0.00139777,Stock,0.96978992,0.96978992,0.02897619,0.00123383,Thread,0.92889547,0.07037187,0.92889547,0.00073263
355,0,Stock,Stock,0.83021915,0.83021915,0.16384917,0.00593169,Thread,0.98955894,0.00969505,0.98955894,0.00074598,Thread,0.68043929,0.31801662,0.68043929,0.00154409,Stock,0.97866255,0.97866255,0.01943774,0.00189970,Stock,0.96803302,0.96803302,0.03092860,0.00103837,Stock,0.97899163,0.97899163,0.02007627,0.00093214,Stock,0.52927053,0.52927053,0.46931303,0.00141637
356,0,Stock,Stock,0.84713817,0.84713817,0.14644417,0.00641762,Thread,0.99502605,0.00457681,0.99502605,0.00039712,Thread,0.91558838,0.08367495,0.91558838,0.00073667,Stock,0.97985017,0.97985017,0.01869712,0.00145275,Stock,0.93520153,0.93520153,0.06364717,0.00115125,Stock,0.95518112,0.95518112,0.04367942,0.00113941,Thread,0.99996245,0.00003691,0.99996245,0.00000055
357,0,Stock,Stock,0.62408131,0.62408131,0.36324769,0.01267104,Thread,0.99270308,0.00678857,0.99270308,0.00050839,Thread,0.91948634,0.07966485,0.91948634,0.00084880,Stock,0.97993326,0.97993326,0.01864136,0.00142543,Stock,0.92161888,0.92161888,0.07713171,0.00124934,Stock,0.93995577,0.93995577,0.05890938,0.00113486,Thread,0.99993050,0.00006814,0.99993050,0.00000126
358,0,Stock,Stock,0.93479186,0.93479186,0.05826788,0.00694021,Thread,0.62561411,0.36707333,0.62561411,0.00731260,Stock,0.63900280,0.63900280,0.35900468,0.00199246,Stock,0.98792726,0.98792726,0.01036957,0.00170322,Stock,0.98530966,0.98530966,0.01386035,0.00083000,Stock,0.98801988,0.98801988,0.01116795,0.00081217,Thread,0.92169660,0.07782254,0.92169660,0.00048078
359,0,Stock,Stock,0.80185324,0.80185324,0.19062497,0.00752179,Thread,0.99225414,0.00720525,0.99225414,0.00054061,Thread,0.55183935,0.44655758,0.55183935,0.00160302,Stock,0.97966570,0.97966570,0.01889037,0.00144398,Stock,0.92808008,0.92808008,0.07058205,0.00133783,Stock,0.95222563,0.95222563,0.04654428,0.00123005,Thread,0.64597666,0.35256523,0.64597666,0.00145812
360,0,Stock,Stock,0.79984194,0.79984194,0.18410106,0.01605701,Thread,0.95717120,0.04044107,0.95717120,0.00238774,Stock,0.51490951,0.51490951,0.48304853,0.00204194,Stock,0.98309672,0.98309672,0.01550137,0.00140185,Stock,0.97765428,0.97765428,0.02128772,0.00105796,Stock,0.98432332,0.98432332,0.01484327,0.00083348,Thread,0.55384493,0.44461459,0.55384493,0.00154046
361,0,Stock,Stock,0.75480890,0.75480890,0.23588066,0.00931046,Thread,0.99196821,0.00728852,0.99196821,0.00074320,Stock,0.54774946,0.54774946,0.45057002,0.00168045,Stock,0.98360401,0.98360401,0.01480139,0.00159452,Stock,0.93915886,0.93915886,0.05956256,0.00127868,Stock,0.95516354,0.95516354,0.04352456,0.00131191,Stock,0.63109809,0.63109809,0.36755955,0.00134241
362,1,Thread,Thread,0.49750111,0.49044111,0.49750111,0.01205778,Thread,0.99932611,0.00065860,0.99932611,0.00001540,Thread,0.96326083,0.03619000,0.96326083,0.00054913,Stock,0.96527827,0.96527827,0.03292834,0.00179336,Stock,0.91201109,0.91201109,0.08640625,0.00158265,Stock,0.94989455,0.94989455,0.04864347,0.00146198,Thread,0.99774700,0.00223212,0.99774700,0.00002076
363,1,Thread,Thread,0.52094150,0.46760425,0.52094150,0.01145432,Thread,0.99932611,0.00065860,0.99932611,0.00001540,Thread,0.96348101,0.03607954,0.96348101,0.00043942,Stock,0.97881168,0.97881168,0.01928824,0.00190007,Stock,0.94267070,0.94267070,0.05594700,0.00138232,Stock,0.95530862,0.95530862,0.04322463,0.00146682,Thread,0.99611580,0.00380684,0.99611580,0.00007728
364,1,Thread,Thread,0.49494320,0.49068353,0.49494320,0.01437330,Thread,0.99847585,0.00145764,0.99847585,0.00006656,Thread,0.83036298,0.16857938,0.83036298,0.00105770,Stock,0.97859359,0.97859359,0.01880299,0.00260346,Stock,0.95317531,0.95317531,0.04537252,0.00145210,Stock,0.96929574,0.96929574,0.02935222,0.00135200,Thread,0.83557707,0.16364966,0.83557707,0.00077327
365,0,Stock,Stock,0.99355596,0.99355596,0.00021344,0.00623058,Stock,0.99984479,0.99984479,0.00012997,0.00002527,Stock,1.00000000,1.00000000,0.00000000,0.00000000,Stock,0.99293655,0.99293655,0.00023108,0.00683245,Stock,0.99760336,0.99760336,0.00013080,0.00226587,Stock,0.99775678,0.99775678,0.00013462,0.00210863,Stock,0.99999809,0.99999809,0.00000177,0.00000010
366,0,Stock,Thread,0.53856546,0.44442397,0.53856546,0.01701049,Thread,0.79514849,0.19336826,0.79514849,0.01148335,Stock,0.97005916,0.97005916,0.02953963,0.00040119,Stock,0.97757226,0.97757226,0.01807514,0.00435263,Stock,0.97034991,0.97034991,0.02850805,0.00114206,Stock,0.97625500,0.97625500,0.02260954,0.00113536,Stock,0.97182184,0.97182184,0.02740545,0.00077267
367,0,Stock,Thread,0.67575794,0.30441746,0.67575794,0.01982458,Thread,0.90647191,0.08831555,0.90647191,0.00521248,Stock,0.99459487,0.99459487,0.00515378,0.00025140,Stock,0.94640911,0.94640911,0.04904594,0.00454498,Stock,0.86398745,0.86398745,0.13419303,0.00181949,Stock,0.93727452,0.93727452,0.06121403,0.00151138,Stock,0.92384642,0.92384642,0.07460640,0.00154711
368,0,Stock,Thread,0.62023276,0.36131266,0.62023276,0.01845463,Thread,0.84837002,0.14614101,0.84837002,0.00548900,Stock,0.99877912,0.99877912,0.00104886,0.00017203,Stock,0.95716667,0.95716667,0.03856397,0.00426932,Stock,0.95014352,0.95014352,0.04851324,0.00134322,Stock,0.96105951,0.96105951,0.03754110,0.00139929,Stock,0.83203155,0.83203155,0.16601247,0.00195592
369,0,Stock,Stock,0.67711061,0.67711061,0.30134603,0.02154332,Stock,0.65805256,0.65805256,0.33002362,0.01192382,Stock,0.99141628,0.99141628,0.00834558,0.00023813,Stock,0.98978770,0.98978770,0.00780639,0.00240594,Stock,0.98484367,0.98484367,0.01423258,0.00092367,Stock,0.99095565,0.99095565,0.00817129,0.00087316,Stock,0.92397934,0.92397934,0.07456291,0.00145783
370,0,Stock,Stock,0.49307889,0.49307889,0.49156031,0.01536081,Thread,0.71616566,0.27472430,0.71616566,0.00911003,Stock,0.99983919,0.99983919,0.00007671,0.00008409,Stock,0.97979844,0.97979844,0.01810809,0.00209348,Stock,0.96976882,0.96976882,0.02912686,0.00110421,Stock,0.97548407,0.97548407,0.02349835,0.00101766,Stock,0.94643873,0.94643873,0.05243877,0.00112252
371,0,Stock,Thread,0.66404915,0.31882331,0.66404915,0.01712757,Stock,0.53923750,0.53923750,0.44590089,0.01486160,Stock,0.99919659,0.99919659,0.00064123,0.00016221,Stock,0.95907521,0.95907521,0.03563001,0.00529476,Stock,0.96722877,0.96722877,0.03149584,0.00127531,Stock,0.97927707,0.97927707,0.01968818,0.00103477,Stock,0.91398370,0.91398370,0.08458499,0.00143134
372,0,Stock,Thread,0.58873838,0.39849889,0.58873838,0.01276283,Stock,0.68129730,0.68129730,0.30246276,0.01623992,Stock,0.99977213,0.99977213,0.00013537,0.00009243,Stock,0.97993809,0.97993809,0.01600466,0.00405728,Stock,0.97673893,0.97673893,0.02218091,0.00108022,Stock,0.97958964,0.97958964,0.01930641,0.00110403,Stock,0.98135006,0.98135006,0.01800926,0.00064059
373,0,Stock,Stock,0.68450820,0.68450820,0.30430272,0.01118903,Stock,0.50521016,0.50521016,0.47817883,0.01661100,Stock,0.95209098,0.95209098,0.04759172,0.00031734,Stock,0.98105729,0.98105729,0.01428192,0.00466074,Stock,0.97541887,0.97541887,0.02350059,0.00108057,Stock,0.97890079,0.97890079,0.01993835,0.00116086,Stock,0.96325749,0.96325749,0.03582892,0.00091358
374,0,Stock,Stock,0.56758529,0.56758529,0.42147982,0.01093492,Thread,0.90343696,0.09100838,0.90343696,0.00555465,Stock,0.99967098,0.99967098,0.00023806,0.00009095,Stock,0.97569025,0.97569025,0.02269417,0.00161553,Stock,0.83283782,0.83283782,0.16551659,0.00164562,Stock,0.87471759,0.87471759,0.12378877,0.00149362,Stock,0.97541702,0.97541702,0.02374048,0.00084248
375,0,Stock,Stock,0.70006931,0.70006931,0.28647199,0.01345866,Thread,0.93190539,0.06351356,0.93190539,0.00458093,Stock,0.86127090,0.86127090,0.13808072,0.00064836,Stock,0.98199940,0.98199940,0.01524293,0.00275768,Stock,0.96849322,0.96849322,0.03035599,0.00115076,Stock,0.96946543,0.96946543,0.02934554,0.00118902,Stock,0.95944917,0.95944917,0.03961110,0.00093972
376,0,Stock,Stock,0.84921968,0.84921968,0.13097939,0.01980092,Stock,0.96194702,0.96194702,0.03500396,0.00304907,Stock,0.99926037,0.99926037,0.00039535,0.00034427,Stock,0.98953313,0.98953313,0.00539323,0.00507361,Stock,0.99727064,0.99727064,0.00174529,0.00098397,Stock,0.99688137,0.99688137,0.00204119,0.00107754,Stock,0.99855477,0.99855477,0.00129186,0.00015332
377,0,Stock,Stock,0.56780940,0.56780940,0.42124450,0.01094606,Thread,0.87243950,0.12193725,0.87243950,0.00562319,Stock,0.99981552,0.99981552,0.00008543,0.00009902,Stock,0.97517610,0.97517610,0.02341025,0.00141377,Stock,0.83667058,0.83667058,0.16164954,0.00167993,Stock,0.90408587,0.90408587,0.09468553,0.00122858,Stock,0.93196195,0.93196195,0.06659766,0.00144038
378,0,Stock,Stock,0.66144425,0.66144425,0.32325059,0.01530513,Thread,0.74515063,0.24275310,0.74515063,0.01209620,Stock,0.99248064,0.99248064,0.00725482,0.00026459,Stock,0.96811301,0.96811301,0.02901060,0.00287642,Stock,0.96264511,0.96264511,0.03613179,0.00122311,Stock,0.96683139,0.96683139,0.03198529,0.00118333,Stock,0.97309709,0.97309709,0.02608233,0.00082065
379,0,Stock,Stock,0.74462819,0.74462819,0.09790184,0.15746999,Thread,0.68832558,0.30004832,0.68832558,0.01162613,Stock,0.99937373,0.99937373,0.00041052,0.00021571,Stock,0.98990434,0.98990434,0.00569962,0.00439612,Stock,0.99403316,0.99403316,0.00491518,0.00105162,Stock,0.99541605,0.99541605,0.00335470,0.00122922,Stock,0.99861765,0.99861765,0.00118947,0.00019283
380,0,Stock,Stock,0.99966216,0.99966216,0.00000282,0.00033504,Stock,0.99978703,0.99978703,0.00007085,0.00014213,Stock,1.00000000,1.00000000,0.00000001,0.00000001,Stock,0.99967539,0.99967539,0.00000490,0.00031969,Stock,0.99983382,0.99983382,0.00000081,0.00016528,Stock,0.99973398,0.99973398,0.00000082,0.00026516,Stock,0.99997544,0.99997544,0.00001975,0.00000477
381,0,Stock,Stock,0.99965954,0.99965954,0.00000279,0.00033775,Stock,0.99978703,0.99978703,0.00007085,0.00014213,Stock,1.00000000,1.00000000,0.00000001,0.00000001,Stock,0.99967539,0.99967539,0.00000490,0.00031969,Stock,0.99979442,0.99979442,0.00000151,0.00020401,Stock,0.99973196,0.99973196,0.00000082,0.00026717,Stock,0.99997544,0.99997544,0.00001976,0.00000477
382,0,Stock,Stock,0.99964762,0.99964762,0.00000272,0.00034968,Stock,0.99978703,0.99978703,0.00007085,0.00014213,Stock,1.00000000,1.00000000,0.00000001,0.00000001,Stock,0.99967539,0.99967539,0.00000490,0.00031969,Stock,0.99978155,0.99978155,0.00000164,0.00021678,Stock,0.99973124,0.99973124,0.00000082,0.00026792,Stock,0.99997544,0.99997544,0.00001976,0.00000477
383,0,Stock,Stock,0.99964392,0.99964392,0.00000271,0.00035334,Stock,0.99978703,0.99978703,0.00007085,0.00014213,Stock,1.00000000,1.00000000,0.00000001,0.00000001,Stock,0.99967539,0.99967539,0.00000490,0.00031969,Stock,0.99976414,0.99976414,0.00000164,0.00023420,Stock,0.99973100,0.99973100,0.00000082,0.00026809,Stock,0.99997544,0.99997544,0.00001977,0.00000477
384,0,Stock,Stock,0.99964321,0.99964321,0.00000275,0.00035402,Stock,0.99978703,0.99978703,0.00007085,0.00014213,Stock,1.00000000,1.00000000,0.00000001,0.00000000,Stock,0.99967539,0.99967539,0.00000490,0.00031969,Stock,0.99972564,0.99972564,0.00000152,0.00027277,Stock,0.99973100,0.99973100,0.00000082,0.00026814,Stock,0.99997544,0.99997544,0.00001977,0.00000477
385,0,Stock,Stock,0.99964035,0.99964035,0.00000301,0.00035663,Stock,0.99978703,0.99978703,0.00007085,0.00014213,Stock,1.00000000,1.00000000,0.00000000,0.00000000,Stock,0.99967539,0.99967539,0.00000490,0.00031969,Stock,0.99968088,0.99968088,0.00000142,0.00031776,Stock,0.99973100,0.99973100,0.00000082,0.00026816,Stock,0.99997544,0.99997544,0.00001977,0.00000477
386,0,Stock,Stock,0.99963200,0.99963200,0.00000402,0.00036394,Stock,0.99978703,0.99978703,0.00007085,0.00014213,Stock,1.00000000,1.00000000,0.00000000,0.00000000,Stock,0.99967539,0.99967539,0.00000490,0.00031969,Stock,0.99965608,0.99965608,0.00000142,0.00034249,Stock,0.99973100,0.99973100,0.00000082,0.00026817,Stock,0.99997544,0.99997544,0.00001978,0.00000477
387,0,Stock,Stock,0.99962223,0.99962223,0.00000493,0.00037281,Stock,0.99978703,0.99978703,0.00007085,0.00014213,Stock,1.00000000,1.00000000,0.00000000,0.00000000,Stock,0.99967539,0.99967539,0.00000490,0.00031969,Stock,0.99963820,0.99963820,0.00000165,0.00036014,Stock,0.99973100,0.99973100,0.00000082,0.00026817,Stock,0.99997544,0.99997544,0.00001978,0.00000477
388,0,Stock,Stock,0.99961746,0.99961746,0.00000518,0.00037741,Stock,0.99978703,0.99978703,0.00007085,0.00014213,Stock,1.00000000,1.00000000,0.00000000,0.00000000,Stock,0.99967539,0.99967539,0.00000490,0.00031969,Stock,0.99961627,0.99961627,0.00000203,0.00038170,Stock,0.99973100,0.99973100,0.00000082,0.00026817,Stock,0.99997544,0.99997544,0.00001979,0.00000476
389,0,Stock,Stock,0.99952316,0.99952316,0.00000636,0.00047059,Stock,0.99978703,0.99978703,0.00007085,0.00014213,Stock,1.00000000,1.00000000,0.00000000,0.00000000,Stock,0.99967539,0.99967539,0.00000490,0.00031969,Stock,0.99959999,0.99959999,0.00000208,0.00039806,Stock,0.99973100,0.99973100,0.00000082,0.00026817,Stock,0.99997544,0.99997544,0.00001980,0.00000476
390,0,Stock,Stock,0.99932444,0.99932444,0.00000891,0.00066659,Stock,0.99978703,0.99978703,0.00007085,0.00014213,Stock,1.00000000,1.00000000,0.00000000,0.00000000,Stock,0.99967539,0.99967539,0.00000490,0.00031969,Stock,0.99959010,0.99959010,0.00000205,0.00040790,Stock,0.99973100,0.99973100,0.00000082,0.00026817,Stock,0.99997544,0.99997544,0.00001982,0.00000475
391,0,Stock,Stock,0.99927551,0.99927551,0.00000982,0.00071476,Stock,0.99978703,0.99978703,0.00007085,0.00014213,Stock,1.00000000,1.00000000,0.00000000,0.00000000,Stock,0.99967539,0.99967539,0.00000490,0.00031969,Stock,0.99958462,0.99958462,0.00000202,0.00041340,Stock,0.99973100,0.99973100,0.00000082,0.00026817,Stock,0.99997544,0.99997544,0.00001984,0.00000474
392,0,Stock,Stock,0.99911660,0.99911660,0.00001276,0.00087070,Stock,0.99978703,0.99978703,0.00007085,0.00014213,Stock,1.00000000,1.00000000,0.00000000,0.00000000,Stock,0.99967539,0.99967539,0.00000490,0.00031969,Stock,0.99958211,0.99958211,0.00000201,0.00041587,Stock,0.99973100,0.99973100,0.00000082,0.00026817,Stock,0.99997532,0.99997532,0.00001986,0.00000472
393,0,Stock,Stock,0.99907070,0.99907070,0.00001391,0.00091536,Stock,0.99978703,0.99978703,0.00007085,0.00014213,Stock,1.00000000,1.00000000,0.00000000,0.00000000,Stock,0.99967539,0.99967539,0.00000490,0.00031969,Stock,0.99958128,0.99958128,0.00000200,0.00041675,Stock,0.99973100,0.99973100,0.00000082,0.00026817,Stock,0.99997544,0.99997544,0.00001990,0.00000470
394,0,Stock,Stock,0.99905938,0.99905938,0.00001464,0.00092593,Stock,0.99978703,0.99978703,0.00007085,0.00014213,Stock,1.00000000,1.00000000,0.00000000,0.00000000,Stock,0.99967527,0.99967527,0.00000491,0.00031985,Stock,0.99958092,0.99958092,0.00000200,0.00041702,Stock,0.99973100,0.99973100,0.00000082,0.00026817,Stock,0.99997544,0.99997544,0.00001997,0.00000466
395,0,Stock,Stock,0.99900848,0.99900848,0.00001655,0.00097505,Stock,0.99978703,0.99978703,0.00007085,0.00014213,Stock,1.00000000,1.00000000,0.00000000,0.00000000,Stock,0.99967086,0.99967086,0.00000499,0.00032411,Stock,0.99958092,0.99958092,0.00000200,0.00041709,Stock,0.99973100,0.99973100,0.00000082,0.00026817,Stock,0.99997532,0.99997532,0.00002006,0.00000461
396,0,Stock,Stock,0.99891567,0.99891567,0.00001972,0.00106456,Stock,0.99978703,0.99978703,0.00007085,0.00014213,Stock,1.00000000,1.00000000,0.00000000,0.00000000,Stock,0.99962080,0.99962080,0.00000614,0.00037295,Stock,0.99958092,0.99958092,0.00000200,0.00041711,Stock,0.99973100,0.99973100,0.00000082,0.00026817,Stock,0.99997532,0.99997532,0.00002014,0.00000456
397,0,Stock,Stock,0.99884439,0.99884439,0.00002299,0.00113264,Stock,0.99978703,0.99978703,0.00007085,0.00014213,Stock,1.00000000,1.00000000,0.00000000,0.00000000,Stock,0.99957472,0.99957472,0.00000743,0.00041794,Stock,0.99958092,0.99958092,0.00000200,0.00041711,Stock,0.99973100,0.99973100,0.00000082,0.00026817,Stock,0.99997520,0.99997520,0.00002040,0.00000442
398,0,Stock,Stock,0.99835277,0.99835277,0.00003918,0.00160815,Stock,0.99978703,0.99978703,0.00007085,0.00014213,Stock,1.00000000,1.00000000,0.00000000,0.00000000,Stock,0.99956781,0.99956781,0.00000763,0.00042453,Stock,0.99958092,0.99958092,0.00000200,0.00041711,Stock,0.99973100,0.99973100,0.00000082,0.00026817,Stock,0.99997520,0.99997520,0.00002053,0.00000425
399,0,Stock,Stock,0.99957973,0.99957973,0.00000576,0.00041450,Stock,0.99969494,0.99969494,0.00007858,0.00022660,Stock,0.99999976,0.99999976,0.00000019,0.00000005,Stock,0.99960166,0.99960166,0.00000664,0.00039168,Stock,0.99966562,0.99966562,0.00000192,0.00033245,Stock,0.99961215,0.99961215,0.00000215,0.00038571,Stock,0.99997747,0.99997747,0.00002002,0.00000253
400,0,Stock,Stock,0.99756706,0.99756706,0.00005360,0.00237928,Stock,0.99938893,0.99938893,0.00012747,0.00048360,Stock,0.99999726,0.99999726,0.00000181,0.00000096,Stock,0.99941027,0.99941027,0.00001122,0.00057859,Stock,0.99952686,0.99952686,0.00000245,0.00047065,Stock,0.99927360,0.99927360,0.00001151,0.00071482,Stock,0.99996269,0.99996269,0.00003191,0.00000532
401,0,Stock,Stock,0.99756706,0.99756706,0.00005361,0.00237929,Stock,0.99939001,0.99939001,0.00012672,0.00048321,Stock,0.99999726,0.99999726,0.00000181,0.00000096,Stock,0.99941015,0.99941015,0.00001121,0.00057867,Stock,0.99952674,0.99952674,0.00000265,0.00047071,Stock,0.99927336,0.99927336,0.00001156,0.00071509,Stock,0.99996269,0.99996269,0.00003190,0.00000536
402,0,Stock,Stock,0.99756706,0.99756706,0.00005361,0.00237931,Stock,0.99939299,0.99939299,0.00012597,0.00048112,Stock,0.99999726,0.99999726,0.00000181,0.00000096,Stock,0.99941003,0.99941003,0.00001121,0.00057874,Stock,0.99952662,0.99952662,0.00000270,0.00047070,Stock,0.99927324,0.99927324,0.00001157,0.00071515,Stock,0.99996138,0.99996138,0.00003330,0.00000538
403,0,Stock,Stock,0.99586785,0.99586785,0.00012211,0.00401003,Stock,0.99978679,0.99978679,0.00007078,0.00014242,Stock,1.00000000,1.00000000,0.00000001,0.00000000,Stock,0.99932933,0.99932933,0.00000996,0.00066067,Stock,0.99942422,0.99942422,0.00000343,0.00057229,Stock,0.99927372,0.99927372,0.00001157,0.00071476,Stock,0.99997783,0.99997783,0.00001967,0.00000248
404,0,Stock,Stock,0.99756694,0.99756694,0.00005361,0.00237941,Stock,0.99939001,0.99939001,0.00012633,0.00048369,Stock,0.99999726,0.99999726,0.00000181,0.00000096,Stock,0.99940979,0.99940979,0.00001120,0.00057899,Stock,0.99952722,0.99952722,0.00000342,0.00046932,Stock,0.99927324,0.99927324,0.00001158,0.00071521,Stock,0.99996173,0.99996173,0.00003274,0.00000546
405,0,Stock,Stock,0.99756706,0.99756706,0.00005361,0.00237937,Stock,0.99938881,0.99938881,0.00012663,0.00048453,Stock,0.99999726,0.99999726,0.00000181,0.00000096,Stock,0.99940991,0.99940991,0.00001121,0.00057889,Stock,0.99952698,0.99952698,0.00000349,0.00046953,Stock,0.99927324,0.99927324,0.00001158,0.00071522,Stock,0.99996090,0.99996090,0.00003345,0.00000555
406,0,Stock,Stock,0.99767369,0.99767369,0.00003455,0.00229180,Stock,0.99979120,0.99979120,0.00008452,0.00012427,Stock,1.00000000,1.00000000,0.00000000,0.00000000,Stock,0.99976546,0.99976546,0.00000382,0.00023068,Stock,0.99957401,0.99957401,0.00000141,0.00042462,Stock,0.99968231,0.99968231,0.00000081,0.00031683,Stock,0.99999988,0.99999988,0.00000011,0.00000000
407,0,Stock,Stock,0.99639183,0.99639183,0.00010742,0.00350078,Stock,0.99980408,0.99980408,0.00006637,0.00012956,Stock,1.00000000,1.00000000,0.00000000,0.00000000,Stock,0.99950230,0.99950230,0.00000887,0.00048892,Stock,0.99952590,0.99952590,0.00000235,0.00047170,Stock,0.99929643,0.99929643,0.00000425,0.00069926,Stock,0.99999130,0.99999130,0.00000813,0.00000061
408,0,Stock,Stock,0.99635762,0.99635762,0.00010853,0.00353382,Stock,0.99983907,0.99983907,0.00005762,0.00010329,Stock,1.00000000,1.00000000,0.00000000,0.00000000,Stock,0.99950230,0.99950230,0.00000887,0.00048892,Stock,0.99952531,0.99952531,0.00000235,0.00047236,Stock,0.99929643,0.99929643,0.00000425,0.00069927,Stock,0.99999201,0.99999201,0.00000745,0.00000058
409,0,Stock,Stock,0.99635530,0.99635530,0.00010861,0.00353621,Stock,0.99984956,0.99984956,0.00005548,0.00009483,Stock,1.00000000,1.00000000,0.00000000,0.00000000,Stock,0.99950230,0.99950230,0.00000887,0.00048892,Stock,0.99952507,0.99952507,0.00000235,0.00047261,Stock,0.99929643,0.99929643,0.00000425,0.00069928,Stock,0.99999142,0.99999142,0.00000793,0.00000060
410,0,Stock,Stock,0.99632806,0.99632806,0.00011011,0.00356178,Stock,0.99984980,0.99984980,0.00005547,0.00009477,Stock,1.00000000,1.00000000,0.00000000,0.00000000,Stock,0.99950230,0.99950230,0.00000887,0.00048892,Stock,0.99952495,0.99952495,0.00000235,0.00047268,Stock,0.99929643,0.99929643,0.00000425,0.00069928,Stock,0.99999201,0.99999201,0.00000738,0.00000057
411,0,Stock,Stock,0.99632746,0.99632746,0.00010987,0.00356264,Stock,0.99984980,0.99984980,0.00005546,0.00009475,Stock,1.00000000,1.00000000,0.00000000,0.00000000,Stock,0.99950230,0.99950230,0.00000887,0.00048892,Stock,0.99952495,0.99952495,0.00000235,0.00047272,Stock,0.99929643,0.99929643,0.00000425,0.00069928,Stock,0.99999166,0.99999166,0.00000777,0.00000059
412,0,Stock,Stock,0.99628770,0.99628770,0.00011273,0.00359953,Stock,0.99984980,0.99984980,0.00005546,0.00009475,Stock,1.00000000,1.00000000,0.00000000,0.00000000,Stock,0.99950230,0.99950230,0.00000887,0.00048892,Stock,0.99952483,0.99952483,0.00000235,0.00047285,Stock,0.99929643,0.99929643,0.00000425,0.00069928,Stock,0.99999237,0.99999237,0.00000707,0.00000056
413,0,Stock,Stock,0.99623740,0.99623740,0.00011531,0.00364728,Stock,0.99984980,0.99984980,0.00005546,0.00009475,Stock,1.00000000,1.00000000,0.00000000,0.00000000,Stock,0.99950230,0.99950230,0.00000887,0.00048892,Stock,0.99952459,0.99952459,0.00000234,0.00047302,Stock,0.99929643,0.99929643,0.00000425,0.00069928,Stock,0.99999249,0.99999249,0.00000695,0.00000056
414,0,Stock,Stock,0.99615854,0.99615854,0.00011835,0.00372307,Stock,0.99984980,0.99984980,0.00005546,0.00009475,Stock,1.00000000,1.00000000,0.00000000,0.00000000,Stock,0.99950230,0.99950230,0.00000887,0.00048892,Stock,0.99952435,0.99952435,0.00000234,0.00047326,Stock,0.99929643,0.99929643,0.00000425,0.00069928,Stock,0.99999249,0.99999249,0.00000686,0.00000055
415,0,Stock,Stock,0.99625850,0.99625850,0.00011491,0.00362650,Stock,0.99984980,0.99984980,0.00005546,0.00009475,Stock,1.00000000,1.00000000,0.00000000,0.00000000,Stock,0.99950230,0.99950230,0.00000887,0.00048892,Stock,0.99952424,0.99952424,0.00000234,0.00047334,Stock,0.99929643,0.99929643,0.00000425,0.00069928,Stock,0.99999261,0.99999261,0.00000679,0.00000055
416,0,Stock,Stock,0.99631506,0.99631506,0.00011173,0.00357317,Stock,0.99984980,0.99984980,0.00005546,0.00009475,Stock,1.00000000,1.00000000,0.00000000,0.00000000,Stock,0.99950230,0.99950230,0.00000887,0.00048891,Stock,0.99952447,0.99952447,0.00000234,0.00047317,Stock,0.99929643,0.99929643,0.00000425,0.00069928,Stock,0.99999273,0.99999273,0.00000673,0.00000054
417,0,Stock,Stock,0.99634296,0.99634296,0.00010973,0.00354726,Stock,0.99984980,0.99984980,0.00005546,0.00009475,Stock,1.00000000,1.00000000,0.00000000,0.00000000,Stock,0.99950230,0.99950230,0.00000887,0.00048890,Stock,0.99952471,0.99952471,0.00000235,0.00047295,Stock,0.99929643,0.99929643,0.00000425,0.00069928,Stock,0.99999273,0.99999273,0.00000670,0.00000054
418,0,Stock,Stock,0.99635494,0.99635494,0.00010878,0.00353629,Stock,0.99984980,0.99984980,0.00005546,0.00009475,Stock,1.00000000,1.00000000,0.00000000,0.00000000,Stock,0.99950230,0.99950230,0.00000887,0.00048890,Stock,0.99952483,0.99952483,0.00000235,0.00047278,Stock,0.99929643,0.99929643,0.00000425,0.00069928,Stock,0.99999273,0.99999273,0.00000667,0.00000054
419,0,Stock,Stock,0.99637008,0.99637008,0.00010809,0.00352185,Stock,0.99984980,0.99984980,0.00005546,0.00009475,Stock,1.00000000,1.00000000,0.00000000,0.00000000,Stock,0.99950230,0.99950230,0.00000887,0.00048890,Stock,0.99952495,0.99952495,0.00000235,0.00047267,Stock,0.99929643,0.99929643,0.00000425,0.00069928,Stock,0.99999273,0.99999273,0.00000665,0.00000054
420,0,Stock,Stock,0.99665028,0.99665028,0.00010043,0.00324939,Stock,0.99984980,0.99984980,0.00005546,0.00009475,Stock,1.00000000,1.00000000,0.00000000,0.00000000,Stock,0.99950230,0.99950230,0.00000887,0.00048891,Stock,0.99952507,0.99952507,0.00000235,0.00047261,Stock,0.99929643,0.99929643,0.00000425,0.00069928,Stock,0.99999261,0.99999261,0.00000676,0.00000055
421,0,Stock,Stock,0.99686253,0.99686253,0.00009511,0.00304246,Stock,0.99984980,0.99984980,0.00005546,0.00009475,Stock,1.00000000,1.00000000,0.00000000,0.00000000,Stock,0.99950230,0.99950230,0.00000887,0.00048891,Stock,0.99952519,0.99952519,0.00000235,0.00047243,Stock,0.99929643,0.99929643,0.00000425,0.00069927,Stock,0.99999273,0.99999273,0.00000665,0.00000054
422,0,Stock,Stock,0.99687433,0.99687433,0.00009482,0.00303085,Stock,0.99984980,0.99984980,0.00005546,0.00009475,Stock,1.00000000,1.00000000,0.00000000,0.00000000,Stock,0.99950230,0.99950230,0.00000887,0.00048892,Stock,0.99952674,0.99952674,0.00000235,0.00047084,Stock,0.99929643,0.99929643,0.00000425,0.00069921,Stock,0.99999273,0.99999273,0.00000671,0.00000054
423,0,Stock,Stock,0.99687445,0.99687445,0.00009481,0.00303072,Stock,0.99984992,0.99984992,0.00005539,0.00009460,Stock,1.00000000,1.00000000,0.00000000,0.00000000,Stock,0.99950230,0.99950230,0.00000887,0.00048892,Stock,0.99953568,0.99953568,0.00000237,0.00046191,Stock,0.99929690,0.99929690,0.00000425,0.00069883,Stock,0.99999273,0.99999273,0.00000662,0.00000054
424,0,Stock,Stock,0.99687445,0.99687445,0.00009481,0.00303071,Stock,0.99989021,0.99989021,0.00004340,0.00006639,Stock,1.00000000,1.00000000,0.00000000,0.00000000,Stock,0.99950230,0.99950230,0.00000887,0.00048892,Stock,0.99956197,0.99956197,0.00000241,0.00043568,Stock,0.99929810,0.99929810,0.00000425,0.00069757,Stock,0.99999285,0.99999285,0.00000660,0.00000054
425,0,Stock,Stock,0.99687445,0.99687445,0.00009481,0.00303070,Stock,0.99990952,0.99990952,0.00003703,0.00005345,Stock,1.00000000,1.00000000,0.00000000,0.00000000,Stock,0.99950230,0.99950230,0.00000887,0.00048890,Stock,0.99960703,0.99960703,0.00000246,0.00039050,Stock,0.99930131,0.99930131,0.00000425,0.00069440,Stock,0.99999261,0.99999261,0.00000677,0.00000055
426,0,Stock,Stock,0.99687445,0.99687445,0.00009481,0.00303070,Stock,0.99980026,0.99980026,0.00005511,0.00014473,Stock,1.00000000,1.00000000,0.00000004,0.00000001,Stock,0.99950612,0.99950612,0.00000895,0.00048496,Stock,0.99925953,0.99925953,0.00003162,0.00070890,Stock,0.99915969,0.99915969,0.00004412,0.00079621,Stock,0.99999297,0.99999297,0.00000652,0.00000054
427,0,Stock,Stock,0.99687445,0.99687445,0.00009481,0.00303070,Stock,0.99980158,0.99980158,0.00005480,0.00014358,Stock,1.00000000,1.00000000,0.00000003,0.00000000,Stock,0.99950516,0.99950516,0.00000898,0.00048591,Stock,0.99934405,0.99934405,0.00003941,0.00061647,Stock,0.99923801,0.99923801,0.00004179,0.00072023,Stock,0.99999297,0.99999297,0.00000652,0.00000054
428,0,Stock,Stock,0.99687445,0.99687445,0.00009481,0.00303070,Stock,0.99984312,0.99984312,0.00004648,0.00011041,Stock,1.00000000,1.00000000,0.00000001,0.00000000,Stock,0.99950492,0.99950492,0.00000898,0.00048612,Stock,0.99938333,0.99938333,0.00004449,0.00057222,Stock,0.99930739,0.99930739,0.00004014,0.00065241,Stock,0.99999297,0.99999297,0.00000652,0.00000054
429,0,Stock,Stock,0.99654049,0.99654049,0.00011392,0.00334558,Stock,0.99986410,0.99986410,0.00004959,0.00008630,Stock,0.99998891,0.99998891,0.00000763,0.00000342,Stock,0.99863738,0.99863738,0.00005136,0.00131130,Stock,0.99935454,0.99935454,0.00010666,0.00053880,Stock,0.99918133,0.99918133,0.00015308,0.00066558,Stock,0.99999285,0.99999285,0.00000651,0.00000057
430,0,Stock,Stock,0.99654120,0.99654120,0.00011386,0.00334500,Stock,0.99986136,0.99986136,0.00004976,0.00008881,Stock,0.99998891,0.99998891,0.00000762,0.00000341,Stock,0.99862158,0.99862158,0.00005093,0.00132743,Stock,0.99935395,0.99935395,0.00010657,0.00053940,Stock,0.99918097,0.99918097,0.00015358,0.00066546,Stock,0.99999285,0.99999285,0.00000651,0.00000057
431,0,Stock,Stock,0.99654049,0.99654049,0.00011378,0.00334564,Stock,0.99985147,0.99985147,0.00005003,0.00009842,Stock,0.99998903,0.99998903,0.00000761,0.00000340,Stock,0.99859029,0.99859029,0.00005007,0.00135956,Stock,0.99934977,0.99934977,0.00010421,0.00054602,Stock,0.99918371,0.99918371,0.00014740,0.00066877,Stock,0.99999285,0.99999285,0.00000652,0.00000055
432,0,Stock,Stock,0.99653876,0.99653876,0.00011375,0.00334748,Stock,0.99987173,0.99987173,0.00004716,0.00008106,Stock,0.99998891,0.99998891,0.00000763,0.00000342,Stock,0.99850297,0.99850297,0.00004852,0.00144844,Stock,0.99935395,0.99935395,0.00009795,0.00054808,Stock,0.99920839,0.99920839,0.00013411,0.00065746,Stock,0.99999285,0.99999285,0.00000652,0.00000054
433,0,Stock,Stock,0.99964142,0.99964142,0.00000542,0.00035320,Stock,0.99980325,0.99980325,0.00006688,0.00012992,Stock,0.99998140,0.99998140,0.00001069,0.00000788,Stock,0.99967539,0.99967539,0.00000490,0.00031969,Stock,0.99967909,0.99967909,0.00000357,0.00031732,Stock,0.99972421,0.99972421,0.00000371,0.00027203,Stock,0.99999404,0.99999404,0.00000533,0.00000055
434,0,Stock,Stock,0.99964213,0.99964213,0.00000541,0.00035250,Stock,0.99981195,0.99981195,0.00006501,0.00012311,Stock,0.99998116,0.99998116,0.00001084,0.00000802,Stock,0.99967539,0.99967539,0.00000490,0.00031969,Stock,0.99966395,0.99966395,0.00000377,0.00033230,Stock,0.99972421,0.99972421,0.00000371,0.00027205,Stock,0.99999392,0.99999392,0.00000551,0.00000056
435,0,Stock,Stock,0.99993503,0.99993503,0.00000006,0.00006493,Stock,0.99981588,0.99981588,0.00003092,0.00015325,Stock,1.00000000,1.00000000,0.00000000,0.00000000,Stock,0.99996614,0.99996614,0.00000000,0.00003383,Stock,0.99995947,0.99995947,0.00000003,0.00004053,Stock,0.99995077,0.99995077,0.00000003,0.00004928,Stock,0.99999988,0.99999988,0.00000008,0.00000000
436,0,Stock,Stock,0.99991786,0.99991786,0.00000016,0.00008199,Stock,0.99981362,0.99981362,0.00006653,0.00011994,Stock,0.99998808,0.99998808,0.00000712,0.00000473,Stock,0.99986112,0.99986112,0.00000054,0.00013834,Stock,0.99991238,0.99991238,0.00000041,0.00008723,Stock,0.99992990,0.99992990,0.00000042,0.00006966,Stock,0.99999988,0.99999988,0.00000008,0.00000000
437,0,Stock,Stock,0.99907243,0.99907243,0.00001270,0.00091483,Stock,0.99970573,0.99970573,0.00009752,0.00019673,Stock,0.99999607,0.99999607,0.00000282,0.00000106,Stock,0.99968100,0.99968100,0.00000668,0.00031230,Stock,0.99968398,0.99968398,0.00000360,0.00031244,Stock,0.99967122,0.99967122,0.00000251,0.00032625,Stock,0.99999988,0.99999988,0.00000014,0.00000000
438,0,Stock,Stock,0.99900049,0.99900049,0.00001369,0.00098578,Stock,0.99970573,0.99970573,0.00009751,0.00019671,Stock,0.99999595,0.99999595,0.00000291,0.00000114,Stock,0.99968588,0.99968588,0.00000661,0.00030761,Stock,0.99967575,0.99967575,0.00000359,0.00032071,Stock,0.99967110,0.99967110,0.00000251,0.00032646,Stock,0.99999988,0.99999988,0.00000014,0.00000000
439,0,Stock,Stock,0.99968863,0.99968863,0.00000049,0.00031095,Stock,0.99950504,0.99950504,0.00017061,0.00032434,Stock,0.99999499,0.99999499,0.00000383,0.00000119,Stock,0.99982649,0.99982649,0.00000188,0.00017158,Stock,0.99987245,0.99987245,0.00000043,0.00012707,Stock,0.99988961,0.99988961,0.00000047,0.00010990,Stock,0.99999988,0.99999988,0.00000009,0.00000000
440,0,Stock,Stock,0.99968493,0.99968493,0.00000049,0.00031460,Stock,0.99950099,0.99950099,0.00017242,0.00032655,Stock,0.99999559,0.99999559,0.00000345,0.00000098,Stock,0.99982965,0.99982965,0.00000226,0.00016804,Stock,0.99987221,0.99987221,0.00000043,0.00012726,Stock,0.99988961,0.99988961,0.00000047,0.00010990,Stock,0.99999988,0.99999988,0.00000010,0.00000000
441,0,Stock,Stock,0.99941504,0.99941504,0.00000451,0.00058048,Stock,0.99971730,0.99971730,0.00011747,0.00016522,Stock,0.99998128,0.99998128,0.00001145,0.00000727,Stock,0.99976236,0.99976236,0.00000523,0.00023237,Stock,0.99987972,0.99987972,0.00000044,0.00011978,Stock,0.99973112,0.99973112,0.00000264,0.00026627,Stock,0.99999762,0.99999762,0.00000237,0.00000003
442,0,Stock,Stock,0.99798179,0.99798179,0.00003681,0.00198141,Stock,0.99981266,0.99981266,0.00005907,0.00012830,Stock,0.99999988,0.99999988,0.00000012,0.00000001,Stock,0.99966049,0.99966049,0.00001651,0.00032291,Stock,0.99962354,0.99962354,0.00000289,0.00037352,Stock,0.99962127,0.99962127,0.00000499,0.00037365,Stock,0.99999976,0.99999976,0.00000019,0.00000000
443,0,Stock,Stock,0.99807477,0.99807477,0.00002716,0.00189803,Stock,0.99972636,0.99972636,0.00014221,0.00013141,Stock,0.99998093,0.99998093,0.00001162,0.00000748,Stock,0.99972719,0.99972719,0.00000485,0.00026794,Stock,0.99952507,0.99952507,0.00000193,0.00047299,Stock,0.99968278,0.99968278,0.00000219,0.00031510,Stock,0.99999750,0.99999750,0.00000250,0.00000004
444,0,Stock,Stock,0.99722373,0.99722373,0.00006484,0.00271149,Stock,0.99981219,0.99981219,0.00005894,0.00012890,Stock,0.99999988,0.99999988,0.00000015,0.00000001,Stock,0.99964607,0.99964607,0.00001627,0.00033758,Stock,0.99961948,0.99961948,0.00000298,0.00037748,Stock,0.99957496,0.99957496,0.00000680,0.00041824,Stock,0.99999988,0.99999988,0.00000018,0.00000000
445,0,Stock,Stock,0.99867672,0.99867672,0.00001919,0.00130413,Stock,0.99987924,0.99987924,0.00003897,0.00008172,Stock,1.00000000,1.00000000,0.00000002,0.00000000,Stock,0.99961424,0.99961424,0.00001017,0.00037561,Stock,0.99936146,0.99936146,0.00001914,0.00061939,Stock,0.99964511,0.99964511,0.00000329,0.00035148,Stock,0.99999988,0.99999988,0.00000010,0.00000000
446,0,Stock,Stock,0.99815041,0.99815041,0.00002423,0.00182532,Stock,0.99973899,0.99973899,0.00013072,0.00013032,Stock,0.99999249,0.99999249,0.00000634,0.00000120,Stock,0.99972612,0.99972612,0.00000383,0.00027001,Stock,0.99965692,0.99965692,0.00000413,0.00033897,Stock,0.99966991,0.99966991,0.00000275,0.00032731,Stock,0.99999976,0.99999976,0.00000019,0.00000000
447,0,Stock,Stock,0.99813312,0.99813312,0.00002450,0.00184243,Stock,0.99974102,0.99974102,0.00013034,0.00012857,Stock,0.99999225,0.99999225,0.00000650,0.00000124,Stock,0.99972612,0.99972612,0.00000383,0.00027001,Stock,0.99960357,0.99960357,0.00000546,0.00039102,Stock,0.99966800,0.99966800,0.00000280,0.00032922,Stock,0.99999988,0.99999988,0.00000014,0.00000000
448,0,Stock,Stock,0.99805236,0.99805236,0.00002569,0.00192201,Stock,0.99974316,0.99974316,0.00012996,0.00012694,Stock,0.99999177,0.99999177,0.00000688,0.00000135,Stock,0.99972612,0.99972612,0.00000383,0.00027001,Stock,0.99958819,0.99958819,0.00000585,0.00040593,Stock,0.99966609,0.99966609,0.00000287,0.00033109,Stock,0.99999988,0.99999988,0.00000012,0.00000000
449,0,Stock,Stock,0.99907768,0.99907768,0.00001157,0.00091078,Stock,0.99988139,0.99988139,0.00004933,0.00006922,Stock,1.00000000,1.00000000,0.00000003,0.00000000,Stock,0.99969709,0.99969709,0.00000647,0.00029648,Stock,0.99947375,0.99947375,0.00000252,0.00052381,Stock,0.99955362,0.99955362,0.00000194,0.00044443,Stock,0.99999988,0.99999988,0.00000008,0.00000000
450,0,Stock,Stock,0.99745268,0.99745268,0.00001753,0.00252981,Stock,0.99982208,0.99982208,0.00006322,0.00011478,Stock,0.99999940,0.99999940,0.00000053,0.00000011,Stock,0.99884987,0.99884987,0.00003388,0.00111624,Stock,0.99935800,0.99935800,0.00001648,0.00062555,Stock,0.99918550,0.99918550,0.00003193,0.00078253,Stock,0.99999309,0.99999309,0.00000581,0.00000107
451,0,Stock,Stock,0.99964607,0.99964607,0.00000534,0.00034853,Stock,0.99979872,0.99979872,0.00006627,0.00013501,Stock,0.99997628,0.99997628,0.00001293,0.00001082,Stock,0.99967539,0.99967539,0.00000490,0.00031969,Stock,0.99965739,0.99965739,0.00000270,0.00033986,Stock,0.99956399,0.99956399,0.00000244,0.00043359,Stock,0.99999619,0.99999619,0.00000374,0.00000012
452,0,Stock,Stock,0.99964333,0.99964333,0.00000539,0.00035130,Stock,0.99979776,0.99979776,0.00006646,0.00013571,Stock,0.99997628,0.99997628,0.00001293,0.00001082,Stock,0.99967539,0.99967539,0.00000490,0.00031969,Stock,0.99959451,0.99959451,0.00000250,0.00040297,Stock,0.99956363,0.99956363,0.00000244,0.00043391,Stock,0.99999619,0.99999619,0.00000364,0.00000011
453,0,Stock,Stock,0.99806148,0.99806148,0.00004668,0.00189182,Stock,0.99940312,0.99940312,0.00011655,0.00048034,Stock,0.99994230,0.99994230,0.00002510,0.00003257,Stock,0.99927336,0.99927336,0.00001926,0.00070739,Stock,0.99966538,0.99966538,0.00002660,0.00030805,Stock,0.99943560,0.99943560,0.00004590,0.00051851,Stock,0.99999189,0.99999189,0.00000742,0.00000076
454,0,Stock,Stock,0.99916494,0.99916494,0.00001938,0.00081561,Stock,0.99967039,0.99967039,0.00009906,0.00023062,Stock,0.99994373,0.99994373,0.00002454,0.00003173,Stock,0.99961543,0.99961543,0.00000600,0.00037855,Stock,0.99950981,0.99950981,0.00001828,0.00047195,Stock,0.99963975,0.99963975,0.00001823,0.00034200,Stock,0.99999261,0.99999261,0.00000683,0.00000062
455,0,Stock,Stock,0.99808121,0.99808121,0.00004709,0.00187165,Stock,0.99940288,0.99940288,0.00011690,0.00048028,Stock,0.99994230,0.99994230,0.00002510,0.00003257,Stock,0.99926692,0.99926692,0.00002151,0.00071153,Stock,0.99966395,0.99966395,0.00002706,0.00030901,Stock,0.99943560,0.99943560,0.00004590,0.00051851,Stock,0.99999189,0.99999189,0.00000736,0.00000075
456,0,Stock,Stock,0.99808526,0.99808526,0.00004724,0.00186758,Stock,0.99940205,0.99940205,0.00011788,0.00048009,Stock,0.99994230,0.99994230,0.00002510,0.00003257,Stock,0.99926502,0.99926502,0.00002228,0.00071272,Stock,0.99966359,0.99966359,0.00002717,0.00030927,Stock,0.99943560,0.99943560,0.00004590,0.00051851,Stock,0.99999189,0.99999189,0.00000735,0.00000075
457,0,Stock,Stock,0.99808586,0.99808586,0.00004727,0.00186693,Stock,0.99940038,0.99940038,0.00011984,0.00047972,Stock,0.99994230,0.99994230,0.00002510,0.00003257,Stock,0.99926513,0.99926513,0.00002213,0.00071276,Stock,0.99966466,0.99966466,0.00002675,0.00030864,Stock,0.99943560,0.99943560,0.00004590,0.00051851,Stock,0.99999189,0.99999189,0.00000737,0.00000075
458,0,Stock,Stock,0.99807608,0.99807608,0.00004696,0.00187693,Stock,0.99938858,0.99938858,0.00013424,0.00047719,Stock,0.99994230,0.99994230,0.00002510,0.00003257,Stock,0.99927503,0.99927503,0.00001933,0.00070566,Stock,0.99966133,0.99966133,0.00002538,0.00031329,Stock,0.99943560,0.99943560,0.00004590,0.00051851,Stock,0.99999189,0.99999189,0.00000744,0.00000077
459,0,Stock,Stock,0.99471503,0.99471503,0.00040511,0.00487993,Stock,0.99943036,0.99943036,0.00015768,0.00041197,Stock,0.99996114,0.99996114,0.00001151,0.00002731,Stock,0.99442601,0.99442601,0.00059652,0.00497746,Stock,0.99874395,0.99874395,0.00042311,0.00083296,Stock,0.99888569,0.99888569,0.00029232,0.00082195,Stock,0.99998522,0.99998522,0.00001071,0.00000403
460,0,Stock,Stock,0.95758921,0.95758921,0.02788997,0.01452081,Stock,0.99849701,0.99849701,0.00057235,0.00093066,Stock,0.99957114,0.99957114,0.00024847,0.00018041,Stock,0.99538088,0.99538088,0.00210063,0.00251848,Stock,0.99984276,0.99984276,0.00008330,0.00007393,Stock,0.99992454,0.99992454,0.00003690,0.00003855,Stock,0.99914312,0.99914312,0.00074605,0.00011080
461,0,Stock,Stock,0.97410482,0.97410482,0.01810135,0.00779373,Stock,0.99911124,0.99911124,0.00017385,0.00071491,Stock,0.99983215,0.99983215,0.00006947,0.00009836,Stock,0.99506527,0.99506527,0.00126010,0.00367463,Stock,0.99894744,0.99894744,0.00039739,0.00065524,Stock,0.99858439,0.99858439,0.00052076,0.00089485,Stock,0.99992609,0.99992609,0.00005104,0.00002283
462,0,Stock,Stock,0.80542934,0.80542934,0.14743042,0.04714017,Thread,0.94522148,0.05022154,0.94522148,0.00455692,Stock,0.55754894,0.55754894,0.44078356,0.00166740,Stock,0.98270756,0.98270756,0.01369273,0.00359978,Stock,0.99279720,0.99279720,0.00620292,0.00099997,Stock,0.99484324,0.99484324,0.00364766,0.00150906,Thread,0.79207939,0.20652020,0.79207939,0.00140040
463,0,Stock,Stock,0.99494815,0.99494815,0.00021792,0.00483391,Stock,0.99895394,0.99895394,0.00030824,0.00073785,Stock,0.99987090,0.99987090,0.00004482,0.00008422,Stock,0.99523491,0.99523491,0.00082539,0.00393973,Stock,0.99881542,0.99881542,0.00012016,0.00106452,Stock,0.99884415,0.99884415,0.00016772,0.00098804,Stock,0.99975532,0.99975532,0.00019574,0.00004902
464,0,Stock,Stock,0.91990989,0.91990989,0.06977030,0.01031972,Stock,0.99764061,0.99764061,0.00135748,0.00100194,Stock,0.99971265,0.99971265,0.00013775,0.00014954,Stock,0.99189138,0.99189138,0.00401820,0.00409031,Stock,0.99794322,0.99794322,0.00113435,0.00092247,Stock,0.99794918,0.99794918,0.00115601,0.00089480,Stock,0.99874169,0.99874169,0.00115565,0.00010271
465,0,Stock,Stock,0.83433187,0.83433187,0.14333126,0.02233685,Thread,0.98136318,0.01635575,0.98136318,0.00228102,Thread,0.59022903,0.40836191,0.59022903,0.00140905,Stock,0.98441005,0.98441005,0.01243065,0.00315935,Stock,0.98298174,0.98298174,0.01551863,0.00149968,Stock,0.99043417,0.99043417,0.00828216,0.00128367,Thread,0.82076836,0.17853338,0.82076836,0.00069831
466,0,Stock,Stock,0.96834910,0.96834910,0.01473829,0.01691252,Stock,0.99881494,0.99881494,0.00037240,0.00081263,Stock,0.99980670,0.99980670,0.00006435,0.00012897,Stock,0.99238867,0.99238867,0.00248522,0.00512609,Stock,0.99990463,0.99990463,0.00005876,0.00003662,Stock,0.99977762,0.99977762,0.00008160,0.00014080,Stock,0.99973077,0.99973077,0.00023443,0.00003479
467,0,Stock,Stock,0.95299298,0.95299298,0.03457786,0.01242913,Stock,0.99917245,0.99917245,0.00022325,0.00060435,Stock,0.99990249,0.99990249,0.00003989,0.00005754,Stock,0.99123096,0.99123096,0.00209728,0.00667180,Stock,0.99778253,0.99778253,0.00030817,0.00190934,Stock,0.99801517,0.99801517,0.00028926,0.00169557,Stock,0.99997079,0.99997079,0.00002527,0.00000394
468,0,Stock,Stock,0.82547808,0.82547808,0.15233880,0.02218317,Thread,0.98413128,0.01404148,0.98413128,0.00182718,Thread,0.74232084,0.25663966,0.74232084,0.00103951,Stock,0.98799676,0.98799676,0.00904611,0.00295716,Stock,0.99453777,0.99453777,0.00376950,0.00169281,Stock,0.99509346,0.99509346,0.00329157,0.00161495,Stock,0.53944725,0.53944725,0.45913342,0.00141931
469,0,Stock,Stock,0.86374354,0.86374354,0.12241882,0.01383767,Thread,0.75436187,0.22822392,0.75436187,0.01741417,Thread,0.62161392,0.37711754,0.62161392,0.00126853,Stock,0.98533440,0.98533440,0.01050042,0.00416519,Stock,0.99506700,0.99506700,0.00426239,0.00067058,Stock,0.99593449,0.99593449,0.00332613,0.00073924,Thread,0.60377300,0.39436564,0.60377300,0.00186139
470,0,Stock,Stock,0.98012996,0.98012996,0.00928257,0.01058749,Stock,0.99836951,0.99836951,0.00054858,0.00108194,Stock,0.99983561,0.99983561,0.00006446,0.00009992,Stock,0.99411964,0.99411964,0.00194112,0.00393927,Stock,0.99889416,0.99889416,0.00036083,0.00074508,Stock,0.99885154,0.99885154,0.00039757,0.00075089,Stock,0.99933547,0.99933547,0.00055559,0.00010886
471,0,Stock,Stock,0.96419740,0.96419740,0.01556022,0.02024248,Stock,0.99869812,0.99869812,0.00023894,0.00106290,Stock,0.99991298,0.99991298,0.00003006,0.00005698,Stock,0.99846435,0.99846435,0.00013998,0.00139573,Stock,0.99988174,0.99988174,0.00002562,0.00009263,Stock,0.99983656,0.99983656,0.00005193,0.00011149,Stock,0.99984205,0.99984205,0.00011484,0.00004315
472,0,Stock,Stock,0.98566520,0.98566520,0.00035954,0.01397529,Stock,0.99897504,0.99897504,0.00044090,0.00058408,Stock,0.99996662,0.99996662,0.00001133,0.00002211,Stock,0.99624193,0.99624193,0.00023881,0.00351926,Stock,0.99926144,0.99926144,0.00002067,0.00071786,Stock,0.99921668,0.99921668,0.00001988,0.00076343,Stock,0.99995315,0.99995315,0.00003722,0.00000961
473,0,Stock,Stock,0.80682725,0.80682725,0.14276762,0.05040511,Thread,0.98212081,0.01566016,0.98212081,0.00221906,Thread,0.79679465,0.20229211,0.79679465,0.00091321,Stock,0.98441088,0.98441088,0.01200549,0.00358365,Stock,0.99056399,0.99056399,0.00814474,0.00129124,Stock,0.99480283,0.99480283,0.00355680,0.00164038,Thread,0.82333797,0.17593230,0.82333797,0.00072975
474,0,Stock,Stock,0.82687181,0.82687181,0.10429821,0.06882999,Thread,0.89070708,0.10025965,0.89070708,0.00903334,Thread,0.59450281,0.40420577,0.59450281,0.00129140,Stock,0.96345729,0.96345729,0.02470363,0.01183905,Stock,0.98452246,0.98452246,0.01195244,0.00352499,Stock,0.98457527,0.98457527,0.01178456,0.00364018,Thread,0.75249535,0.24580619,0.75249535,0.00169842
475,0,Stock,Stock,0.99660730,0.99660730,0.00014493,0.00324782,Stock,0.99838781,0.99838781,0.00034294,0.00126928,Stock,0.99993145,0.99993145,0.00002178,0.00004673,Stock,0.99453485,0.99453485,0.00042917,0.00503601,Stock,0.99806160,0.99806160,0.00015239,0.00178600,Stock,0.99870431,0.99870431,0.00020216,0.00109348,Stock,0.99892515,0.99892515,0.00078538,0.00028943
476,0,Stock,Stock,0.97392231,0.97392231,0.01926146,0.00681630,Stock,0.99746192,0.99746192,0.00088014,0.00165797,Stock,0.99973434,0.99973434,0.00011988,0.00014577,Stock,0.99228680,0.99228680,0.00387867,0.00383447,Stock,0.99892539,0.99892539,0.00035030,0.00072425,Stock,0.99922144,0.99922144,0.00022019,0.00055834,Stock,0.99907124,0.99907124,0.00081116,0.00011755
477,0,Stock,Stock,0.86175537,0.86175537,0.00034112,0.13790347,Stock,0.98722202,0.98722202,0.00089676,0.01188126,Stock,0.99981004,0.99981004,0.00003810,0.00015179,Stock,0.96226108,0.96226108,0.00074893,0.03698994,Stock,0.99566299,0.99566299,0.00081738,0.00351954,Stock,0.99320704,0.99320704,0.00124106,0.00555184,Stock,0.99962723,0.99962723,0.00026660,0.00010620
478,0,Stock,Stock,0.50530577,0.50530577,0.00141615,0.49327806,Stock,0.98617715,0.98617715,0.00113605,0.01268690,Stock,0.99997044,0.99997044,0.00001033,0.00001922,Stock,0.75070035,0.75070035,0.00148214,0.24781746,Stock,0.95998091,0.95998091,0.00215260,0.03786645,Stock,0.95389748,0.95389748,0.00169132,0.04441108,Stock,0.99987423,0.99987423,0.00007853,0.00004715
479,0,Stock,Stock,0.60785836,0.60785836,0.00123749,0.39090413,Stock,0.98569310,0.98569310,0.00059789,0.01370909,Stock,0.99981016,0.99981016,0.00003810,0.00015178,Stock,0.80125540,0.80125540,0.00084705,0.19789755,Stock,0.97637647,0.97637647,0.00153131,0.02209220,Stock,0.92851734,0.92851734,0.00136170,0.07012101,Stock,0.99961495,0.99961495,0.00027660,0.00010845
480,0,Stock,Stock,0.98888761,0.98888761,0.00103731,0.01007517,Stock,0.99917334,0.99917334,0.00022282,0.00060380,Stock,0.99993217,0.99993217,0.00002376,0.00004411,Stock,0.99194896,0.99194896,0.00080086,0.00725014,Stock,0.99812609,0.99812609,0.00018888,0.00168503,Stock,0.99828124,0.99828124,0.00021046,0.00150826,Stock,0.99855965,0.99855965,0.00106454,0.00037576
481,0,Stock,Stock,0.99654442,0.99654442,0.00030296,0.00315263,Stock,0.99973696,0.99973696,0.00010076,0.00016238,Stock,0.99999952,0.99999952,0.00000044,0.00000003,Stock,0.99908328,0.99908328,0.00008979,0.00082686,Stock,0.99934572,0.99934572,0.00002919,0.00062503,Stock,0.99941862,0.99941862,0.00002924,0.00055216,Stock,0.99999988,0.99999988,0.00000018,0.00000002
482,0,Stock,Stock,0.99908888,0.99908888,0.00001249,0.00089859,Stock,0.99951756,0.99951756,0.00021340,0.00026907,Stock,1.00000000,1.00000000,0.00000000,0.00000000,Stock,0.99969864,0.99969864,0.00000642,0.00029497,Stock,0.99966860,0.99966860,0.00000347,0.00032791,Stock,0.99964285,0.99964285,0.00000429,0.00035285,Stock,0.99999988,0.99999988,0.00000009,0.00000000
483,0,Stock,Stock,0.99747723,0.99747723,0.00006172,0.00246108,Stock,0.99961925,0.99961925,0.00011499,0.00026573,Stock,1.00000000,1.00000000,0.00000000,0.00000000,Stock,0.99957401,0.99957401,0.00001213,0.00041387,Stock,0.99948299,0.99948299,0.00000505,0.00051194,Stock,0.99942195,0.99942195,0.00001732,0.00056078,Stock,0.99999988,0.99999988,0.00000009,0.00000000
484,0,Stock,Stock,0.99744558,0.99744558,0.00006215,0.00249229,Stock,0.99962044,0.99962044,0.00011281,0.00026671,Stock,1.00000000,1.00000000,0.00000000,0.00000000,Stock,0.99957401,0.99957401,0.00001213,0.00041387,Stock,0.99947816,0.99947816,0.00000500,0.00051689,Stock,0.99942410,0.99942410,0.00001720,0.00055879,Stock,0.99999988,0.99999988,0.00000009,0.00000000
485,0,Stock,Stock,0.99742031,0.99742031,0.00006269,0.00251702,Stock,0.99961925,0.99961925,0.00011387,0.00026683,Stock,1.00000000,1.00000000,0.00000000,0.00000000,Stock,0.99957401,0.99957401,0.00001213,0.00041386,Stock,0.99950981,0.99950981,0.00000512,0.00048502,Stock,0.99944824,0.99944824,0.00001579,0.00053593,Stock,0.99999988,0.99999988,0.00000009,0.00000000
486,0,Stock,Stock,0.99893826,0.99893826,0.00001572,0.00104601,Stock,0.99918312,0.99918312,0.00030212,0.00051483,Stock,1.00000000,1.00000000,0.00000000,0.00000000,Stock,0.99957401,0.99957401,0.00001213,0.00041386,Stock,0.99956089,0.99956089,0.00000563,0.00043345,Stock,0.99952877,0.99952877,0.00000893,0.00046229,Stock,0.99999976,0.99999976,0.00000021,0.00000000
487,0,Stock,Stock,0.99565268,0.99565268,0.00009696,0.00425028,Stock,0.99911755,0.99911755,0.00034571,0.00053674,Stock,1.00000000,1.00000000,0.00000004,0.00000001,Stock,0.99966121,0.99966121,0.00001802,0.00032080,Stock,0.99882478,0.99882478,0.00005439,0.00112083,Stock,0.99901986,0.99901986,0.00004725,0.00093280,Stock,0.99999988,0.99999988,0.00000010,0.00000000
488,0,Stock,Stock,0.99617851,0.99617851,0.00011207,0.00370942,Stock,0.99968183,0.99968183,0.00008537,0.00023287,Stock,0.99999988,0.99999988,0.00000007,0.00000004,Stock,0.99966145,0.99966145,0.00001802,0.00032060,Stock,0.99875677,0.99875677,0.00008166,0.00116158,Stock,0.99874192,0.99874192,0.00010891,0.00114922,Stock,1.00000000,1.00000000,0.00000004,0.00000000
489,0,Stock,Stock,0.99569845,0.99569845,0.00009656,0.00420508,Stock,0.99897385,0.99897385,0.00041103,0.00061510,Stock,1.00000000,1.00000000,0.00000002,0.00000001,Stock,0.99966121,0.99966121,0.00001802,0.00032078,Stock,0.99882871,0.99882871,0.00005442,0.00111693,Stock,0.99901879,0.99901879,0.00004665,0.00093446,Stock,0.99999988,0.99999988,0.00000011,0.00000000
490,0,Stock,Stock,0.99805319,0.99805319,0.00005521,0.00189167,Stock,0.99967384,0.99967384,0.00009019,0.00023598,Stock,1.00000000,1.00000000,0.00000001,0.00000000,Stock,0.99974090,0.99974090,0.00001835,0.00024079,Stock,0.99966121,0.99966121,0.00000567,0.00033304,Stock,0.99957341,0.99957341,0.00000879,0.00041782,Stock,1.00000000,1.00000000,0.00000005,0.00000000
491,0,Stock,Stock,0.99905175,0.99905175,0.00001673,0.00093161,Stock,0.99972051,0.99972051,0.00006302,0.00021642,Stock,1.00000000,1.00000000,0.00000000,0.00000000,Stock,0.99982232,0.99982232,0.00000799,0.00016978,Stock,0.99968255,0.99968255,0.00000377,0.00031370,Stock,0.99970764,0.99970764,0.00000411,0.00028834,Stock,0.99999988,0.99999988,0.00000009,0.00000000
492,0,Stock,Stock,0.99905294,0.99905294,0.00001669,0.00093044,Stock,0.99972409,0.99972409,0.00006230,0.00021361,Stock,1.00000000,1.00000000,0.00000000,0.00000000,Stock,0.99982053,0.99982053,0.00000810,0.00017137,Stock,0.99968255,0.99968255,0.00000377,0.00031372,Stock,0.99970645,0.99970645,0.00000420,0.00028931,Stock,0.99999988,0.99999988,0.00000009,0.00000000
493,0,Stock,Stock,0.99922168,0.99922168,0.00001621,0.00076212,Stock,0.99971813,0.99971813,0.00008414,0.00019769,Stock,1.00000000,1.00000000,0.00000000,0.00000000,Stock,0.99973887,0.99973887,0.00001837,0.00024282,Stock,0.99932742,0.99932742,0.00002416,0.00064839,Stock,0.99909925,0.99909925,0.00003225,0.00086846,Stock,0.99999988,0.99999988,0.00000006,0.00000000
494,0,Stock,Stock,0.99925679,0.99925679,0.00001642,0.00072673,Stock,0.99971861,0.99971861,0.00008400,0.00019732,Stock,1.00000000,1.00000000,0.00000000,0.00000000,Stock,0.99974006,0.99974006,0.00001838,0.00024161,Stock,0.99932611,0.99932611,0.00002410,0.00064989,Stock,0.99916923,0.99916923,0.00002681,0.00080400,Stock,0.99999988,0.99999988,0.00000006,0.00000000
495,0,Stock,Stock,0.99966633,0.99966633,0.00000480,0.00032894,Stock,0.99979728,0.99979728,0.00008211,0.00012056,Stock,1.00000000,1.00000000,0.00000000,0.00000000,Stock,0.99982005,0.99982005,0.00000671,0.00017329,Stock,0.99989331,0.99989331,0.00000023,0.00010638,Stock,0.99970931,0.99970931,0.00000388,0.00028678,Stock,0.99999988,0.99999988,0.00000009,0.00000000
496,0,Stock,Stock,0.99972123,0.99972123,0.00000129,0.00027740,Stock,0.99988186,0.99988186,0.00008227,0.00003587,Stock,1.00000000,1.00000000,0.00000000,0.00000000,Stock,0.99983776,0.99983776,0.00000325,0.00015897,Stock,0.99987674,0.99987674,0.00000042,0.00012292,Stock,0.99979752,0.99979752,0.00000224,0.00020026,Stock,0.99999988,0.99999988,0.00000009,0.00000000
497,0,Stock,Stock,0.62586969,0.62586969,0.08171552,0.29241481,Stock,0.58348507,0.58348507,0.40353149,0.01298340,Stock,0.99975246,0.99975246,0.00011946,0.00012814,Stock,0.99156815,0.99156815,0.00461515,0.00381673,Stock,0.99384850,0.99384850,0.00514960,0.00100191,Stock,0.99559975,0.99559975,0.00338439,0.00101584,Stock,0.99775606,0.99775606,0.00189697,0.00034692
498,0,Stock,Text,0.84183532,0.15775689,0.00040781,0.84183532,Stock,0.99975938,0.99975938,0.00012508,0.00011561,Stock,0.99999928,0.99999928,0.00000077,0.00000002,Stock,0.99932098,0.99932098,0.00000441,0.00067457,Stock,0.99997127,0.99997127,0.00000051,0.00002822,Stock,0.99997115,0.99997115,0.00000002,0.00002884,Stock,0.99996316,0.99996316,0.00001993,0.00001698
499,0,Stock,Stock,0.99988067,0.99988067,0.00000113,0.00011830,Stock,0.99392772,0.99392772,0.00017396,0.00589835,Stock,1.00000000,1.00000000,0.00000000,0.00000000,Stock,0.99971968,0.99971968,0.00000065,0.00027970,Stock,0.99988401,0.99988401,0.00000480,0.00011126,Stock,0.99990058,0.99990058,0.00000378,0.00009560,Stock,0.99991488,0.99991488,0.00001236,0.00007267
500,0,Stock,Text,0.90690166,0.09289489,0.00020346,0.90690166,Stock,0.96485585,0.96485585,0.00232615,0.03281801,Stock,0.99974257,0.99974257,0.00002429,0.00023310,Text,0.57323635,0.42561835,0.00114529,0.57323635,Stock,0.90791255,0.90791255,0.00222830,0.08985922,Stock,0.87450337,0.87450337,0.00185788,0.12363872,Stock,0.99997830,0.99997830,0.00000650,0.00001516
501,0,Stock,Stock,0.99928063,0.99928063,0.00000097,0.00071844,Stock,0.99977773,0.99977773,0.00008056,0.00014166,Stock,0.99999964,0.99999964,0.00000042,0.00000001,Stock,0.99989820,0.99989820,0.00000013,0.00010163,Stock,0.99999499,0.99999499,0.00000000,0.00000500,Stock,0.99999380,0.99999380,0.00000000,0.00000616,Stock,0.99988496,0.99988496,0.00007716,0.00003794
